Judul,Anggaran Pendapatan dan Belanja Daerah,,
Daerah,Kabupaten Kulon Progo,,
Tahun,2016,,
Kode Organisasi,1.19.01,,
Nama Organisasi,Satuan Polisi Pamong Praja,,
Kolom,4,,
No. Rekening,Uraian,Jumlah,Keterangan
1.19 . 1.19.02 . 00 . 00 . 5,BELANJA,3754628454.00,
1.19 . 1.19.02 . 00 . 00 . 5 . 1,BELANJA TIDAK LANGSUNG,2734912729.00,
1.19 . 1.19.02 . 00 . 00 . 5 . 1 . 1,Belanja Pegawai,2734912729.00,
1.19 . 1.19.02 . 01 . 26 . 5 . 2,BELANJA LANGSUNG,1019715725.00,
1.19 . 1.19.02 . 01,Program Pelayanan Administrasi Perkantoran,204918750.00,
1.19 . 1.19.02 . 01 . 26,Penyediaan Jasa dan Peralatan Perkantoran,144554300.00,
1.19 . 1.19.02 . 01 . 26 . 5 . 2 . 1,Belanja Pegawai,133146000.00,
1.19 . 1.19.02 . 01 . 26 . 5 . 2 . 2,Belanja Barang dan Jasa,11408300.00,
1.19 . 1.19.02 . 01 . 27,Penyediaan Jasa  keuangan,18148450.00,
1.19 . 1.19.02 . 01 . 27 . 5 . 2 . 1,Belanja Pegawai,18000000.00,
1.19 . 1.19.02 . 01 . 27 . 5 . 2 . 2,Belanja Barang dan Jasa,148450.00,
1.19 . 1.19.02 . 01 . 28,"Penyediaan Rapat-Rapat, Konsultasi dan Koordinasi",42216000.00,
1.19 . 1.19.02 . 01 . 28 . 5 . 2 . 2,Belanja Barang dan Jasa,42216000.00,
1.19 . 1.19.02 . 11,Program Peningkatan Sarana dan Prasarana Perkantoran,222843900.00,
1.19 . 1.19.02 . 11 . 01,Pengadaan Sarana dan Prasarana Perkantoran,90339500.00,
1.19 . 1.19.02 . 11 . 01 . 5 . 2 . 3,Belanja Modal,90339500.00,
1.19 . 1.19.02 . 11 . 02,Pemeliharaan Sarana dan Prasarana Perkantoran,132504400.00,
1.19 . 1.19.02 . 11 . 02 . 5 . 2 . 2,Belanja Barang dan Jasa,132504400.00,
1.19 . 1.19.02 . 12,"Program Perencanaan, Pengendalian dan Evaluasi Kinerja",11183675.00,
1.19 . 1.19.02 . 12 . 01,Penyusunan Perencanaan Kinerja SKPD,4153300.00,
1.19 . 1.19.02 . 12 . 01 . 5 . 2 . 1,Belanja Pegawai,1476000.00,
1.19 . 1.19.02 . 12 . 01 . 5 . 2 . 2,Belanja Barang dan Jasa,2677300.00,
1.19 . 1.19.02 . 12 . 02,Penyusunan Laporan Keuangan,2756300.00,
1.19 . 1.19.02 . 12 . 02 . 5 . 2 . 1,Belanja Pegawai,1128000.00,
1.19 . 1.19.02 . 12 . 02 . 5 . 2 . 2,Belanja Barang dan Jasa,1628300.00,
1.19 . 1.19.02 . 12 . 03,"Pengendalian, Evaluasi dan Pelaporan Kinerja",4274075.00,
1.19 . 1.19.02 . 12 . 03 . 5 . 2 . 1,Belanja Pegawai,2092500.00,
1.19 . 1.19.02 . 12 . 03 . 5 . 2 . 2,Belanja Barang dan Jasa,2181575.00,
1.19 . 1.19.02 . 13,Program Peningkatan Kapasitas Sumber Daya Manusia SKPD,7500000.00,
1.19 . 1.19.02 . 13 . 03,Pendidikan dan Pelatihan Non Formal,7500000.00,
1.19 . 1.19.02 . 13 . 03 . 5 . 2 . 2,Belanja Barang dan Jasa,7500000.00,
1.19 . 1.19.02 . 15,Program Peningkatan Keamanan dan Kenyamanan Lingkungan,573269400.00,
1.19 . 1.19.02 . 15 . 18,Penyiapan Tenaga Pengendali Ketertiban dan Ketentraman,165172875.00,
1.19 . 1.19.02 . 15 . 18 . 5 . 2 . 1,Belanja Pegawai,102120000.00,
1.19 . 1.19.02 . 15 . 18 . 5 . 2 . 2,Belanja Barang dan Jasa,63052875.00,
1.19 . 1.19.02 . 15 . 19,Peningkatan Rasa Solidaritas Masyarakat,7847375.00,
1.19 . 1.19.02 . 15 . 19 . 5 . 2 . 2,Belanja Barang dan Jasa,7847375.00,
1.19 . 1.19.02 . 15 . 20,Pengendalian Ketertiban Umum dan Ketentraman Masyarakat,247697000.00,
1.19 . 1.19.02 . 15 . 20 . 5 . 2 . 1,Belanja Pegawai,126775000.00,
1.19 . 1.19.02 . 15 . 20 . 5 . 2 . 2,Belanja Barang dan Jasa,120922000.00,
1.19 . 1.19.02 . 15 . 21,Penyuluhan Bahaya Penyelahgunaan Miras dan Narkoba,15861000.00,
1.19 . 1.19.02 . 15 . 21 . 5 . 2 . 1,Belanja Pegawai,615000.00,
1.19 . 1.19.02 . 15 . 21 . 5 . 2 . 2,Belanja Barang dan Jasa,15246000.00,
1.19 . 1.19.02 . 15 . 22,Penegakan Ketentuan Perundangan,136691150.00,
1.19 . 1.19.02 . 15 . 22 . 5 . 2 . 1,Belanja Pegawai,60140000.00,
1.19 . 1.19.02 . 15 . 22 . 5 . 2 . 2,Belanja Barang dan Jasa,76551150.00,
,SURPLUS / (DEFISIT),-3754628454.00,
