Judul,Penjabaran APBD,,;;;
Daerah,Kabupaten Kulon Progo,,;;;
Tahun,2015,,;;;
Kode Organisasi,1.02.01,,;;;
Nama Organisasi,Dinas Kesehatan,,;;;
Kolom,4,,;;;
,,,;;;
No. Rekening,Uraian,Jumlah,Keterangan;;;
1.02 . 1.02.01 . 00 . 00 . 4 ,PENDAPATAN ,29265310493.38,;;;
1.02 . 1.02.01 . 00 . 00 . 4 . 1 ,PENDAPATAN ASLI DAERAH ,29265310493.38,;;;
1.02 . 1.02.01 . 00 . 00 . 4 . 1 . 2 ,Hasil Retribusi Daerah ,2017617650,;;;
1.02 . 1.02.01 . 00 . 00 . 4 . 1 . 2 . 01 ,Retribusi Jasa Umum ,2017617650,;;;
"1.02 . 1.02.01 . 00 . 00 . 4 . 1 . 2 . 01 . 05 ,Retribusi Pelayanan Kesehatan Rumah Sakit Umum Daerah ,1968547650,""Peraturan Daerah Kabupaten Kulon Progo Nomor 14 Tahun 2013 tentang Penyelenggaraan Rumah Sakit Umum Daerah Nyi Ageng Serang  Lembaran Daerah Kabupaten Kulon Progo Tahun 2013 Nomor 14""";;;
"1.02 . 1.02.01 . 00 . 00 . 4 . 1 . 2 . 01 . 06 ,Retribusi Pelayanan Kesehatan Tempat Pelayanan Kesehatan Lainnya yang Sejenis yang Dimiliki dan/atau Dikelola oleh Pemda ,49070000,""Peraturan Daerah Kabupaten Kulon Progo Nomor 4 Tahun 2012 tentang Retribusi Pelayanan Kesehatan pada UPT Dinas Kesehatan Kabupaten Kulon Progo  Lembaran Daerah Kabupaten Kulon Progo Tahun 2012 Nomor 4""";;;
1.02 . 1.02.01 . 00 . 00 . 4 . 1 . 4 ,Lain-lain Pendapatan Asli Daerah yang Sah ,27247692843.38,;;;
1.02 . 1.02.01 . 00 . 00 . 4 . 1 . 4 . 16 ,Pendapatan BLUD ,27247692843.38,;;;
"1.02 . 1.02.01 . 00 . 00 . 4 . 1 . 4 . 16 . 05 ,Pendapatan Jasa Layanan Kesehatan UPTD Puskesmas ,27247692843.38,""Peraturan Bupati Kulon Progo Nomor 84 Tahun 2013 tentang Tarif Pelayanan Pada Badan Layanan Umum Daerah UPTD Puskesmas Kabupaten Kulon Progo  Berita Daerah Kabupaten Kulon Progo Tahun 2013 Nomor 84""";;;
1.02 . 1.02.01 . 00 . 00 . 5 ,BELANJA ,99683799460,;;;
1.02 . 1.02.01 . 00 . 00 . 5 . 1 ,BELANJA TIDAK LANGSUNG ,41332826739,;;;
1.02 . 1.02.01 . 00 . 00 ,Non Kegiatan ,41332826739,Sumber Dana : ;;;
1.02 . 1.02.01 . 00 . 00 . 5 . 1 . 1 ,Belanja Pegawai ,41332826739,;;;
1.02 . 1.02.01 . 00 . 00 . 5 . 1 . 1 . 01 ,Belanja Gaji dan Tunjangan ,41201906739,;;;
1.02 . 1.02.01 . 00 . 00 . 5 . 1 . 1 . 01 . 01 ,Gaji Pokok PNS/Uang Representasi ,32008628338,;;;
1.02 . 1.02.01 . 00 . 00 . 5 . 1 . 1 . 01 . 02 ,Tunjangan Keluarga ,2856829527,;;;
1.02 . 1.02.01 . 00 . 00 . 5 . 1 . 1 . 01 . 03 ,Tunjangan Jabatan ,500565000,;;;
1.02 . 1.02.01 . 00 . 00 . 5 . 1 . 1 . 01 . 04 ,Tunjangan Fungsional ,2449135000,;;;
1.02 . 1.02.01 . 00 . 00 . 5 . 1 . 1 . 01 . 05 ,Tunjangan Fungsional Umum ,664951875,;;;
1.02 . 1.02.01 . 00 . 00 . 5 . 1 . 1 . 01 . 06 ,Tunjangan Beras ,1859092839,;;;
1.02 . 1.02.01 . 00 . 00 . 5 . 1 . 1 . 01 . 07 ,Tunjangan PPh/Tunjangan Khusus ,862152772,;;;
1.02 . 1.02.01 . 00 . 00 . 5 . 1 . 1 . 01 . 08 ,Pembulatan Gaji ,551388,;;;
1.02 . 1.02.01 . 00 . 00 . 5 . 1 . 1 . 02 ,Belanja Tambahan Penghasilan PNS ,130920000,;;;
1.02 . 1.02.01 . 00 . 00 . 5 . 1 . 1 . 02 . 01 ,Tambahan Penghasilan Berdasarkan Beban Kerja ,120120000,;;;
1.02 . 1.02.01 . 00 . 00 . 5 . 1 . 1 . 02 . 07 ,Tambahan Penghasilan Berdasarkan Resiko Kerja ,10800000,;;;
1.02 . 1.02.01 . 01 . 26 . 5 . 2 ,BELANJA LANGSUNG ,58350972721,;;;
1.02 . 1.02.01 . 01 ,Program Pelayanan Administrasi Perkantoran ,539938700,;;;
1.02 . 1.02.01 . 01 . 26 ,Penyediaan Jasa dan Peralatan Perkantoran ,251718900,Sumber Dana :  Lokasi Kegiatan : Kab. Kulon Progo;;;
1.02 . 1.02.01 . 01 . 26 . 5 . 2 . 1 ,Belanja Pegawai ,203541000,;;;
1.02 . 1.02.01 . 01 . 26 . 5 . 2 . 1 . 02 ,Honorarium Non PNS ,203541000,;;;
1.02 . 1.02.01 . 01 . 26 . 5 . 2 . 1 . 02 . 02 ,Honorarium Pegawai Honorer/Tidak Tetap ,203541000,;;;
1.02 . 1.02.01 . 01 . 26 . 5 . 2 . 2 ,Belanja Barang dan Jasa ,48177900,;;;
1.02 . 1.02.01 . 01 . 26 . 5 . 2 . 2 . 01 ,Belanja Bahan Pakai Habis ,21746350,;;;
1.02 . 1.02.01 . 01 . 26 . 5 . 2 . 2 . 01 . 01 ,Belanja Alat Tulis Kantor ,19936350,;;;
"1.02 . 1.02.01 . 01 . 26 . 5 . 2 . 2 . 01 . 04 ,""Belanja Perangko  Materai Dan Benda Pos Lainnya "",1810000,";;;
1.02 . 1.02.01 . 01 . 26 . 5 . 2 . 2 . 03 ,Belanja Jasa Kantor ,1560000,;;;
1.02 . 1.02.01 . 01 . 26 . 5 . 2 . 2 . 03 . 05 ,Belanja Surat Kabar/Majalah ,1560000,;;;
1.02 . 1.02.01 . 01 . 26 . 5 . 2 . 2 . 06 ,Belanja Cetak dan Penggandaan ,24871550,;;;
1.02 . 1.02.01 . 01 . 26 . 5 . 2 . 2 . 06 . 01 ,Belanja Cetak ,15709050,;;;
1.02 . 1.02.01 . 01 . 26 . 5 . 2 . 2 . 06 . 02 ,Belanja Penggandaan ,9162500,;;;
1.02 . 1.02.01 . 01 . 27 ,Penyediaan Jasa  keuangan ,170280000,Sumber Dana :  Lokasi Kegiatan : Kab. Kulon Progo;;;
1.02 . 1.02.01 . 01 . 27 . 5 . 2 . 1 ,Belanja Pegawai ,170280000,;;;
1.02 . 1.02.01 . 01 . 27 . 5 . 2 . 1 . 01 ,Honorarium PNS ,170280000,;;;
1.02 . 1.02.01 . 01 . 27 . 5 . 2 . 1 . 01 . 04 ,Honorarium Bendahara/Pengurus Barang ,170280000,;;;
"1.02 . 1.02.01 . 01 . 28 ,""Penyediaan Rapat-Rapat   Konsultasi dan Koordinasi "",117939800,Sumber Dana :  Lokasi Kegiatan : Kab. Kulon Progo";;;
1.02 . 1.02.01 . 01 . 28 . 5 . 2 . 2 ,Belanja Barang dan Jasa ,117939800,;;;
1.02 . 1.02.01 . 01 . 28 . 5 . 2 . 2 . 11 ,Belanja Makanan dan  Minuman ,81960000,;;;
1.02 . 1.02.01 . 01 . 28 . 5 . 2 . 2 . 11 . 02 ,Belanja Makanan Dan Minuman Rapat ,17565000,;;;
1.02 . 1.02.01 . 01 . 28 . 5 . 2 . 2 . 11 . 03 ,Belanja Makanan Dan Minuman Tamu ,4395000,;;;
1.02 . 1.02.01 . 01 . 28 . 5 . 2 . 2 . 11 . 05 ,Belanja Makanan dan minuman pasien ,60000000,;;;
1.02 . 1.02.01 . 01 . 28 . 5 . 2 . 2 . 15 ,Belanja Perjalanan Dinas ,35979800,;;;
1.02 . 1.02.01 . 01 . 28 . 5 . 2 . 2 . 15 . 01 ,Belanja Perjalanan Dinas Dalam Daerah ,8150000,;;;
1.02 . 1.02.01 . 01 . 28 . 5 . 2 . 2 . 15 . 02 ,Belanja Perjalanan Dinas Luar Daerah ,27829800,;;;
1.02 . 1.02.01 . 11 ,Program Peningkatan Sarana dan Prasarana Perkantoran ,1625391250,;;;
1.02 . 1.02.01 . 11 . 01 ,Pengadaan Sarana dan Prasarana Perkantoran ,1097189350,Sumber Dana :  Lokasi Kegiatan : Kab. Kulon Progo;;;
1.02 . 1.02.01 . 11 . 01 . 5 . 2 . 2 ,Belanja Barang dan Jasa ,400000,;;;
1.02 . 1.02.01 . 11 . 01 . 5 . 2 . 2 . 01 ,Belanja Bahan Pakai Habis ,400000,;;;
1.02 . 1.02.01 . 11 . 01 . 5 . 2 . 2 . 01 . 09 ,Belanja Peralatan Pendukung Kantor ,400000,;;;
1.02 . 1.02.01 . 11 . 01 . 5 . 2 . 3 ,Belanja Modal ,1096789350,;;;
1.02 . 1.02.01 . 11 . 01 . 5 . 2 . 3 . 17 ,Belanja Modal Peralatan dan Mesin - Pengadaan Alat Angkutan Darat Bermotor,68793000,;;;
"1.02 . 1.02.01 . 11 . 01 . 5 . 2 . 3 . 17 . 05 ,Belanja Modal Peralatan dan Mesin - Pengadaan Kendaraan Bermotor Beroda Dua,68793000,Pengadaan kendaraan roda dua Kendaraan roda 2 ""1 unit x 16.500.000 00 = 16.500.000 00"" Kendaraan roda 2 (trail) ""2 unit x 25.000.000 00 = 50.000.000 00"" Administrasi pengadaan PPK ""2 or/bln x 250.000 00 = 500.000 00"" Pejabat pengadaan ""2 or/bln x 250.000 00 = 500.000 00"" Pejabat penerima pemeriksa ""2 or/bln x 175.000 00 = 350.000 00"" Makan dan munum rapat ""18 or/kl x 25.000 00 = 450.000 00"" Foto copy ""800 lbr x 225 00 = 180.000 00"" Kertas HVS 70 gr ""5 rim x 45.000 00 = 225.000 00"" Tinta refil komputer ""2 dos x 35.000 00 = 70.000 00"" Buku folio isi 100 ""1 bh x 18.000 00 = 18.000 00""";;;
1.02 . 1.02.01 . 11 . 01 . 5 . 2 . 3 . 28 ,Belanja Modal Peralatan dan Mesin - Pengadaan Alat Rumah Tangga ,732279675,;;;
"1.02 . 1.02.01 . 11 . 01 . 5 . 2 . 3 . 28 . 01 ,Belanja Modal Peralatan dan Mesin - Pengadaan Meubelair ,530948525,Meja Reseption ""Meja resepsionis  Backdrop intern RSUD (NAS)"" ""1 paket x 35.000.000 00 = 35.000.000 00"" Meja resepsionis farmasi RSUD (NAS) ""1 set x 25.000.000 00 = 25.000.000 00"" Meja resepsionis Irna 1 RSUD (NAS) ""1 set x 17.500.000 00 = 17.500.000 00"" Meja resepsionis Irna 2  RSUD (NAS) ""1 set x 17.500.000 00 = 17.500.000 00"" Meja resepsionis rehab medik RSUD (NAS) ""1 set x 25.000.000 00 = 25.000.000 00"" Meja resepsionis laborat  RSUD (NAS) ""1 set x 25.000.000 00 = 25.000.000 00"" Meja Komputer Meja komputer (RS NAS) ""12 buah x 1.155.000 00 = 13.860.000 00"" Meja Biro Meja 1/2 biro (RS NAS) ""10 buah x 1.500.000 00 = 15.000.000 00"" Kursi Biasa Kursi staff (RS NAS ) ""40 buah x 475.000 00 = 19.000.000 00"" Kursi Kerja Kursi komputer win 9 (RS NAS ) ""20 buah x 506.000 00 = 10.120.000 00"" Sofa Sofa set (RS NAS ) ""1 set x 3.000.000 00 = 3.000.000 00"" Meja Panjang Meja persiapan (RS NAS ) ""1 buah x 1.500.000 00 = 1.500.000 00"" Filling kabinet Filling kabinet (3 laci) (RS NAS ) ""20 buah x 1.698.000 00 = 33.960.000 00"" Filling kabinet (RS NAS ) ""12 buah x 2.690.000 00 = 32.280.000 00"" Rak ""Rak barang/dixion (Gizi  Farmasi  Lab  Radiology  Gudang) (RS NAS )"" ""15 buah x 3.400.000 00 = 51.000.000 00"" Rak arsip (rekam medis) (RS NAS ) ""2 buah x 41.042.000 00 = 82.084.000 00"" Rak alat konseling (RS NAS ) ""1 buah x 950.000 00 = 950.000 00"" Lemari besi Lemari besi 2 pintu (untuk obat psikotropika) (RS NAS ) ""1 buah x 4.000.000 00 = 4.000.000 00"" Gantungan surat kabar Gantungan surat kabar (RS NAS ) ""2 buah x 525.000 00 = 1.050.000 00"" Lemari alat makan Lemari alat makan (RS NAS ) ""1 buah x 1.500.000 00 = 1.500.000 00"" Etalase Etalase (RS NAS ) ""1 buah x 3.000.000 00 = 3.000.000 00"" Exhaust hood Exhaust hood (RS NAS ) ""1 buah x 4.000.000 00 = 4.000.000 00"" Loker Loker pegawai (RS NAS ) ""4 buah x 3.500.000 00 = 14.000.000 00"" Kursi tunggu ""Kursi tunggu pasien  kursi keluarga inap (RS NAS )"" ""60 unit x 345.000 00 = 20.700.000 00"" ""Kursi tunggu pasien 4 set (farmasi  laborat  radiologi  poliklinik) (RS Tipe D)"" ""20 unit x 3.000.000 00 = 60.000.000 00"" Administrasi pengadaan (RS Tipe D) Pejabat pembuat komitmen ""1 orang/bulan x 325.000 00 = 325.000 00"" Panitia penerima barang ""0  x 0 00 = 0 00"" Ketua ""1 orang/bulan x 350.000 00 = 350.000 00"" Sekretaris ""1 orang/bulan x 300.000 00 = 300.000 00"" Anggota ""1 orang/bulan x 250.000 00 = 250.000 00"" Rapat persiapan pengadaan ""3 orang/kali x 25.000 00 = 75.000 00"" Rapat pengadaan ""10 orang/kali x 25.000 00 = 250.000 00"" Perjalanan dinas survey harga dan klarifikasi (Golongan III) ""6 orang/kali x 40.000 00 = 240.000 00"" Fotocopy dokumen pengadaan ""5 143 lembar x 175 00 = 900.025 00"" Jilid dokumen ""6 buku x 20.000 00 = 120.000 00"" Kertas HVS 70 gram ""2 rim x 45.000 00 = 90.000 00"" Refil tinta printer ""1 buah x 36.500 00 = 36.500 00"" Stopmap kertas ""10 buah x 800 00 = 8.000 00"" Gordyn Gorden ""120 m x 100.000 00 = 12.000.000 00""";;;
"1.02 . 1.02.01 . 11 . 01 . 5 . 2 . 3 . 28 . 04 ,Belanja Modal Peralatan dan Mesin - Pengadaan Alat Pendingin ,132919525,Kipas Angin Kipas angin (RS Tipe D) ""8 unit x 525.000 00 = 4.200.000 00"" Lemari Es Freezer (RS Tipe D) ""2 unit x 2.650.000 00 = 5.300.000 00"" AC Unit ""AC 1/2 PK (RSSUD NAS) (laboratorium  farmasi)"" ""4 unit x 3.825.000 00 = 15.300.000 00"" ""AC 3/4 PK (RSUD NAS) (poligigi  rekam medik  poli dalam  poli umum  poli bedah R antara OK R resusitasi  R tindakan medis  R Bersalin ruang kantor  Laboratorium)"" ""21 unit x 3.900.000 00 = 81.900.000 00"" ""AC 1 PK (RSUD NAS)( poli kebidanan  Farmasi )"" ""3 unit x 4.025.000 00 = 12.075.000 00"" ""AC 1 5 PK (RSUD NAS)( R direktur  Farmasi)"" ""2 unit x 5.650.000 00 = 11.300.000 00"" Administrasi Pengadaan (RSUD NAS ) Pejabat Pembuat Komitmen ""1 orang/bulan x 325.000 00 = 325.000 00"" Panitia penerima barang ""0  x 0 00 = 0 00"" Ketua ""1 orang/bulan x 350.000 00 = 350.000 00"" Sekretaris ""1 orang/bulan x 300.000 00 = 300.000 00"" Anggota ""1 orang/bulan x 250.000 00 = 250.000 00"" Rapat persiapan pengadaan ""3 orang/kali x 25.000 00 = 75.000 00"" Rapat pengadaan ""6 orang/kali x 25.000 00 = 150.000 00"" Perjalanan dinas survey harga dan klarifikasi (Golongan III) ""6 orang/kali x 40.000 00 = 240.000 00"" Foto copy pengadaan ""5 143 lembar x 175 00 = 900.025 00"" Jilid dokumen ""6 buku x 20.000 00 = 120.000 00"" Kertas HVS 70 gram folio ""2 rim x 45.000 00 = 90.000 00"" Tinta refil komputer ""1 buah x 36.500 00 = 36.500 00"" Stopmap kertas ""10 buah x 800 00 = 8.000 00""";;;
"1.02 . 1.02.01 . 11 . 01 . 5 . 2 . 3 . 28 . 06 ,Belanja Modal Peralatan dan Mesin - Pengadaan Alat Rumah Tangga Lainnya (Home Use),68411625,Dispenser Dispenser (RS NAS ) ""10 buah x 1.000.000 00 = 10.000.000 00"" Televisi Telivisi LCD (RS NAS ) ""5 unit x 5.500.000 00 = 27.500.000 00"" Administrasi pengadaan linen (RSUD NAS ) Pejabat pengadaan ""1 orang/bulan x 250.000 00 = 250.000 00"" Pejabat penerima/pemeriksa ""1 orang/bulan x 175.000 00 = 175.000 00"" Rapat persiapan pengadaan ""3 orang/kali x 25.000 00 = 75.000 00"" Rapat pengadaan ""6 orang/kali x 25.000 00 = 150.000 00"" Foto copy dokumen pengadaan ""515 lembar x 175 00 = 90.125 00"" Jilid dokumen ""6 buku x 15.000 00 = 90.000 00"" Kertas HVS 70 gram folio ""1 rim x 45.000 00 = 45.000 00"" Tinta refil printer ""1 buah x 36.500 00 = 36.500 00"" Linen ""30 set x 1.000.000 00 = 30.000.000 00""";;;
1.02 . 1.02.01 . 11 . 01 . 5 . 2 . 3 . 29 ,Belanja Modal Peralatan dan Mesin - Pengadaan  Komputer ,183446625,;;;
"1.02 . 1.02.01 . 11 . 01 . 5 . 2 . 3 . 29 . 02 ,Belanja Modal Peralatan dan Mesin - Pengadaan Personal Komputer ,82761625,P.C Unit/ Komputer PC Komputer PC ""2 unit x 5.325.000 00 = 10.650.000 00"" Komputer PC + OS (RS Tipe D) ""12 unit x 5.325.000 00 = 63.900.000 00"" Lap Top Laptop untuk e-plant ""1 unit x 7.225.000 00 = 7.225.000 00"" Administrasi Pengadaan (RSUD NAS). Pejabat pengadaan barang ""1 orang/bulan x 250.000 00 = 250.000 00"" Pejabat penerima/pemeriksa ""1 orang/bulan x 175.000 00 = 175.000 00"" Rapat persiapan pengadaan ""3 orang/kali x 25.000 00 = 75.000 00"" Rapat pengadaan ""3 orang/kali x 25.000 00 = 75.000 00"" Perjalanan dinas survey harga dan klarifikasi ( Golongan III ) ""3 orang/kali x 40.000 00 = 120.000 00"" Foto copy dokumen pengadaan ""515 lembar x 175 00 = 90.125 00"" Jilid dokumen ""6 buku x 20.000 00 = 120.000 00"" Kertas HVS 70 gram folio ""1 rim x 45.000 00 = 45.000 00"" Tinta refil printer ""1 buah x 36.500 00 = 36.500 00""";;;
"1.02 . 1.02.01 . 11 . 01 . 5 . 2 . 3 . 29 . 04 ,Belanja Modal Peralatan dan Mesin - Pengadaan Peralatan Mini Komputer ,29400000,Printer Printer (RSUD NAS) ""12 unit x 2.450.000 00 = 29.400.000 00""";;;
"1.02 . 1.02.01 . 11 . 01 . 5 . 2 . 3 . 29 . 05 ,Belanja Modal Peralatan dan Mesin - Pengadaan Peralatan Personal Komputer,31285000,Monitor ""1 unit x 1.260.000 00 = 1.260.000 00"" Scanner Scanner untuk pengelolaan kearsipan ""1 unit x 2.700.000 00 = 2.700.000 00"" Scanner untuk pengelolaan kearsipan (RSUD NAS) ""1 unit x 1.450.000 00 = 1.450.000 00"" UPS UPS (RS Tipe D) ""15 unit x 1.725.000 00 = 25.875.000 00""";;;
"1.02 . 1.02.01 . 11 . 01 . 5 . 2 . 3 . 29 . 06 ,Belanja Modal Peralatan dan Mesin - Pengadaan Peralatan Jaringan ,40000000,Server Komputer server (RSUD NAS) ""1 unit x 40.000.000 00 = 40.000.000 00""";;;
1.02 . 1.02.01 . 11 . 01 . 5 . 2 . 3 . 31 ,Belanja Modal Peralatan dan Mesin - Pengadaan Alat Studio ,15350000,;;;
"1.02 . 1.02.01 . 11 . 01 . 5 . 2 . 3 . 31 . 01 ,Belanja Modal Peralatan dan Mesin - Pengadaan Peralatan Studio Visual ,15350000,Proyektor + Attachment LCD ""2 unit x 6.300.000 00 = 12.600.000 00"" Layar LCD permanen ""1 unit x 2.750.000 00 = 2.750.000 00""";;;
1.02 . 1.02.01 . 11 . 01 . 5 . 2 . 3 . 32 ,Belanja Modal Peralatan dan Mesin - Pengadaan Alat Komunikasi ,96920050,;;;
"1.02 . 1.02.01 . 11 . 01 . 5 . 2 . 3 . 32 . 01 ,Belanja Modal Peralatan dan Mesin - Pengadaan Alat Komunikasi Telephone,96920050,Sound System Sound System untuk Dinkes ""1 unit x 12.500.000 00 = 12.500.000 00"" Sound System untuk RSUD NAS ""1 paket x 31.769.550 00 = 31.769.550 00"" Facsimile Mesin fax (RSUD NAS) ""1 unit x 2.650.500 00 = 2.650.500 00"" Telephone (PABX) CCTV (RS Tipe D) ""1 set x 35.010.700 00 = 35.010.700 00"" PABX telepon internal (RS Tipe D) ""1 set x 14.989.300 00 = 14.989.300 00""";;;
1.02 . 1.02.01 . 11 . 02 ,Pemeliharaan Sarana dan Prasarana Perkantoran ,528201900,Sumber Dana :  Lokasi Kegiatan : Kab. Kulon Progo;;;
1.02 . 1.02.01 . 11 . 02 . 5 . 2 . 2 ,Belanja Barang dan Jasa ,528201900,;;;
1.02 . 1.02.01 . 11 . 02 . 5 . 2 . 2 . 01 ,Belanja Bahan Pakai Habis ,14581900,;;;
"1.02 . 1.02.01 . 11 . 02 . 5 . 2 . 2 . 01 . 03 ,""Belanja Alat Listrik Dan Elektronik (Lampu Pijar  Battery Kering) "",3469000,";;;
1.02 . 1.02.01 . 11 . 02 . 5 . 2 . 2 . 01 . 05 ,Belanja Peralatan Kebersihan Dan Bahan Pembersih ,11112900,;;;
1.02 . 1.02.01 . 11 . 02 . 5 . 2 . 2 . 03 ,Belanja Jasa Kantor ,211200000,;;;
1.02 . 1.02.01 . 11 . 02 . 5 . 2 . 2 . 03 . 01 ,Belanja Telepon ,42600000,;;;
1.02 . 1.02.01 . 11 . 02 . 5 . 2 . 2 . 03 . 02 ,Belanja Air ,13200000,;;;
1.02 . 1.02.01 . 11 . 02 . 5 . 2 . 2 . 03 . 03 ,Belanja Listrik ,124800000,;;;
1.02 . 1.02.01 . 11 . 02 . 5 . 2 . 2 . 03 . 27 ,Belanja Jasa Kebersihan Kantor ,30600000,;;;
1.02 . 1.02.01 . 11 . 02 . 5 . 2 . 2 . 05 ,Belanja Perawatan Kendaraan Bermotor ,246123000,;;;
1.02 . 1.02.01 . 11 . 02 . 5 . 2 . 2 . 05 . 01 ,Belanja Jasa Service ,5450000,;;;
1.02 . 1.02.01 . 11 . 02 . 5 . 2 . 2 . 05 . 02 ,Belanja Penggantian Suku Cadang ,31416000,;;;
1.02 . 1.02.01 . 11 . 02 . 5 . 2 . 2 . 05 . 03 ,Belanja Bahan Bakar Minyak/Gas Dan Pelumas ,198352000,;;;
1.02 . 1.02.01 . 11 . 02 . 5 . 2 . 2 . 05 . 04 ,Belanja Jasa KIR ,600000,;;;
1.02 . 1.02.01 . 11 . 02 . 5 . 2 . 2 . 05 . 05 ,Belanja Pajak Kendaraan Bermotor ,10305000,;;;
1.02 . 1.02.01 . 11 . 02 . 5 . 2 . 2 . 20 ,Belanja Pemeliharaan ,56297000,;;;
1.02 . 1.02.01 . 11 . 02 . 5 . 2 . 2 . 20 . 04 ,Belanja Pemeliharan Peralatan dan Mesin ,39112000,;;;
1.02 . 1.02.01 . 11 . 02 . 5 . 2 . 2 . 20 . 05 ,Belanja Pemeliharan Gedung dan Bangunan ,8000000,;;;
1.02 . 1.02.01 . 11 . 02 . 5 . 2 . 2 . 20 . 07 ,Belanja Pemeliharaan Perlengkapan Kantor ,5685000,;;;
1.02 . 1.02.01 . 11 . 02 . 5 . 2 . 2 . 20 . 28 ,Belanja Pemeliharaan Alat Kesehatan ,3500000,;;;
"1.02 . 1.02.01 . 12 ,""Program Perencanaan  Pengendalian dan Evaluasi Kinerja "",31030150,";;;
1.02 . 1.02.01 . 12 . 01 ,Penyusunan Perencanaan Kinerja SKPD ,4000000,Sumber Dana :  Lokasi Kegiatan : Kab. Kulon Progo;;;
1.02 . 1.02.01 . 12 . 01 . 5 . 2 . 1 ,Belanja Pegawai ,756000,;;;
1.02 . 1.02.01 . 12 . 01 . 5 . 2 . 1 . 03 ,Uang Lembur ,756000,;;;
1.02 . 1.02.01 . 12 . 01 . 5 . 2 . 1 . 03 . 01 ,Uang Lembur PNS ,756000,;;;
1.02 . 1.02.01 . 12 . 01 . 5 . 2 . 2 ,Belanja Barang dan Jasa ,3244000,;;;
1.02 . 1.02.01 . 12 . 01 . 5 . 2 . 2 . 01 ,Belanja Bahan Pakai Habis ,435800,;;;
1.02 . 1.02.01 . 12 . 01 . 5 . 2 . 2 . 01 . 01 ,Belanja Alat Tulis Kantor ,435800,;;;
1.02 . 1.02.01 . 12 . 01 . 5 . 2 . 2 . 06 ,Belanja Cetak dan Penggandaan ,358200,;;;
1.02 . 1.02.01 . 12 . 01 . 5 . 2 . 2 . 06 . 02 ,Belanja Penggandaan ,358200,;;;
1.02 . 1.02.01 . 12 . 01 . 5 . 2 . 2 . 11 ,Belanja Makanan dan  Minuman ,1950000,;;;
1.02 . 1.02.01 . 12 . 01 . 5 . 2 . 2 . 11 . 01 ,Belanja Makanan Dan Minuman Harian Pegawai ,810000,;;;
1.02 . 1.02.01 . 12 . 01 . 5 . 2 . 2 . 11 . 02 ,Belanja Makanan Dan Minuman Rapat ,1140000,;;;
1.02 . 1.02.01 . 12 . 01 . 5 . 2 . 2 . 15 ,Belanja Perjalanan Dinas ,500000,;;;
1.02 . 1.02.01 . 12 . 01 . 5 . 2 . 2 . 15 . 02 ,Belanja Perjalanan Dinas Luar Daerah ,500000,;;;
1.02 . 1.02.01 . 12 . 02 ,Penyusunan Laporan Keuangan ,12530150,Sumber Dana :  Lokasi Kegiatan : Kab. Kulon Progo;;;
1.02 . 1.02.01 . 12 . 02 . 5 . 2 . 1 ,Belanja Pegawai ,2672000,;;;
1.02 . 1.02.01 . 12 . 02 . 5 . 2 . 1 . 03 ,Uang Lembur ,2672000,;;;
1.02 . 1.02.01 . 12 . 02 . 5 . 2 . 1 . 03 . 01 ,Uang Lembur PNS ,2672000,;;;
1.02 . 1.02.01 . 12 . 02 . 5 . 2 . 2 ,Belanja Barang dan Jasa ,9858150,;;;
1.02 . 1.02.01 . 12 . 02 . 5 . 2 . 2 . 01 ,Belanja Bahan Pakai Habis ,3294900,;;;
1.02 . 1.02.01 . 12 . 02 . 5 . 2 . 2 . 01 . 01 ,Belanja Alat Tulis Kantor ,3294900,;;;
1.02 . 1.02.01 . 12 . 02 . 5 . 2 . 2 . 06 ,Belanja Cetak dan Penggandaan ,2579250,;;;
1.02 . 1.02.01 . 12 . 02 . 5 . 2 . 2 . 06 . 02 ,Belanja Penggandaan ,2579250,;;;
1.02 . 1.02.01 . 12 . 02 . 5 . 2 . 2 . 11 ,Belanja Makanan dan  Minuman ,3984000,;;;
1.02 . 1.02.01 . 12 . 02 . 5 . 2 . 2 . 11 . 01 ,Belanja Makanan Dan Minuman Harian Pegawai ,3024000,;;;
1.02 . 1.02.01 . 12 . 02 . 5 . 2 . 2 . 11 . 02 ,Belanja Makanan Dan Minuman Rapat ,960000,;;;
"1.02 . 1.02.01 . 12 . 03 ,""Pengendalian  Evaluasi dan Pelaporan Kinerja "",14500000,Sumber Dana :  Lokasi Kegiatan : Kab. Kulon Progo";;;
1.02 . 1.02.01 . 12 . 03 . 5 . 2 . 1 ,Belanja Pegawai ,5816000,;;;
1.02 . 1.02.01 . 12 . 03 . 5 . 2 . 1 . 01 ,Honorarium PNS ,2660000,;;;
1.02 . 1.02.01 . 12 . 03 . 5 . 2 . 1 . 01 . 05 ,Honorarium Penyelenggaraan Kegiatan ,2660000,;;;
1.02 . 1.02.01 . 12 . 03 . 5 . 2 . 1 . 03 ,Uang Lembur ,3156000,;;;
1.02 . 1.02.01 . 12 . 03 . 5 . 2 . 1 . 03 . 01 ,Uang Lembur PNS ,3156000,;;;
1.02 . 1.02.01 . 12 . 03 . 5 . 2 . 2 ,Belanja Barang dan Jasa ,8684000,;;;
1.02 . 1.02.01 . 12 . 03 . 5 . 2 . 2 . 01 ,Belanja Bahan Pakai Habis ,1020500,;;;
1.02 . 1.02.01 . 12 . 03 . 5 . 2 . 2 . 01 . 01 ,Belanja Alat Tulis Kantor ,1020500,;;;
1.02 . 1.02.01 . 12 . 03 . 5 . 2 . 2 . 06 ,Belanja Cetak dan Penggandaan ,809500,;;;
1.02 . 1.02.01 . 12 . 03 . 5 . 2 . 2 . 06 . 02 ,Belanja Penggandaan ,809500,;;;
1.02 . 1.02.01 . 12 . 03 . 5 . 2 . 2 . 11 ,Belanja Makanan dan  Minuman ,6854000,;;;
1.02 . 1.02.01 . 12 . 03 . 5 . 2 . 2 . 11 . 01 ,Belanja Makanan Dan Minuman Harian Pegawai ,3294000,;;;
1.02 . 1.02.01 . 12 . 03 . 5 . 2 . 2 . 11 . 02 ,Belanja Makanan Dan Minuman Rapat ,3560000,;;;
1.02 . 1.02.01 . 13 ,Program Peningkatan Kapasitas Sumber Daya Manusia SKPD ,179903150,;;;
1.02 . 1.02.01 . 13 . 01 ,Penilaian Prestasi Kerja Pegawai Fungsional Lewat Angka Kredit ,30876150,Sumber Dana :  Lokasi Kegiatan : Kab. Kulon Progo;;;
1.02 . 1.02.01 . 13 . 01 . 5 . 2 . 1 ,Belanja Pegawai ,16060000,;;;
1.02 . 1.02.01 . 13 . 01 . 5 . 2 . 1 . 01 ,Honorarium PNS ,16060000,;;;
1.02 . 1.02.01 . 13 . 01 . 5 . 2 . 1 . 01 . 01 ,Honorarium Panitia Pelaksana Kegiatan ,16060000,;;;
1.02 . 1.02.01 . 13 . 01 . 5 . 2 . 2 ,Belanja Barang dan Jasa ,14816150,;;;
1.02 . 1.02.01 . 13 . 01 . 5 . 2 . 2 . 01 ,Belanja Bahan Pakai Habis ,2433800,;;;
1.02 . 1.02.01 . 13 . 01 . 5 . 2 . 2 . 01 . 01 ,Belanja Alat Tulis Kantor ,2433800,;;;
1.02 . 1.02.01 . 13 . 01 . 5 . 2 . 2 . 06 ,Belanja Cetak dan Penggandaan ,1432350,;;;
1.02 . 1.02.01 . 13 . 01 . 5 . 2 . 2 . 06 . 02 ,Belanja Penggandaan ,1432350,;;;
1.02 . 1.02.01 . 13 . 01 . 5 . 2 . 2 . 11 ,Belanja Makanan dan  Minuman ,8190000,;;;
1.02 . 1.02.01 . 13 . 01 . 5 . 2 . 2 . 11 . 02 ,Belanja Makanan Dan Minuman Rapat ,8190000,;;;
1.02 . 1.02.01 . 13 . 01 . 5 . 2 . 2 . 15 ,Belanja Perjalanan Dinas ,2760000,;;;
1.02 . 1.02.01 . 13 . 01 . 5 . 2 . 2 . 15 . 01 ,Belanja Perjalanan Dinas Dalam Daerah ,1390000,;;;
1.02 . 1.02.01 . 13 . 01 . 5 . 2 . 2 . 15 . 02 ,Belanja Perjalanan Dinas Luar Daerah ,1370000,;;;
1.02 . 1.02.01 . 13 . 03 ,Pendidikan dan Pelatihan Non Formal ,12000000,Sumber Dana :  Lokasi Kegiatan : Kab. Kulon Progo;;;
1.02 . 1.02.01 . 13 . 03 . 5 . 2 . 2 ,Belanja Barang dan Jasa ,12000000,;;;
"1.02 . 1.02.01 . 13 . 03 . 5 . 2 . 2 . 17 ,""Belanja kursus  pelatihan  sosialisasi dan bimbingan teknis PNS "",12000000,";;;
1.02 . 1.02.01 . 13 . 03 . 5 . 2 . 2 . 17 . 01 ,Belanja Kursus-Kursus Singkat/Pelatihan ,12000000,;;;
1.02 . 1.02.01 . 13 . 05 ,Pengadaan Pakaian Dinas Harian (PDH) ,137027000,Sumber Dana :  Lokasi Kegiatan : Kab. Kulon Progo;;;
1.02 . 1.02.01 . 13 . 05 . 5 . 2 . 1 ,Belanja Pegawai ,425000,;;;
1.02 . 1.02.01 . 13 . 05 . 5 . 2 . 1 . 01 ,Honorarium PNS ,425000,;;;
1.02 . 1.02.01 . 13 . 05 . 5 . 2 . 1 . 01 . 02 ,Honorarium Tim Pengadaan Barang Dan Jasa ,425000,;;;
1.02 . 1.02.01 . 13 . 05 . 5 . 2 . 2 ,Belanja Barang dan Jasa ,136602000,;;;
1.02 . 1.02.01 . 13 . 05 . 5 . 2 . 2 . 01 ,Belanja Bahan Pakai Habis ,134500,;;;
1.02 . 1.02.01 . 13 . 05 . 5 . 2 . 2 . 01 . 01 ,Belanja Alat Tulis Kantor ,134500,;;;
1.02 . 1.02.01 . 13 . 05 . 5 . 2 . 2 . 06 ,Belanja Cetak dan Penggandaan ,17500,;;;
1.02 . 1.02.01 . 13 . 05 . 5 . 2 . 2 . 06 . 02 ,Belanja Penggandaan ,17500,;;;
1.02 . 1.02.01 . 13 . 05 . 5 . 2 . 2 . 11 ,Belanja Makanan dan  Minuman ,300000,;;;
1.02 . 1.02.01 . 13 . 05 . 5 . 2 . 2 . 11 . 02 ,Belanja Makanan Dan Minuman Rapat ,300000,;;;
1.02 . 1.02.01 . 13 . 05 . 5 . 2 . 2 . 12 ,Belanja Pakaian Dinas dan Atributnya ,136150000,;;;
1.02 . 1.02.01 . 13 . 05 . 5 . 2 . 2 . 12 . 04 ,Belanja Pakaian Dinas Harian (PDH) ,136150000,;;;
1.02 . 1.02.01 . 38 ,Program Pengembangan Kesehatan ,35666357800,;;;
1.02 . 1.02.01 . 38 . 03 ,Pelayanan Jaminan Kesehatan ,9115999200,Sumber Dana :  Lokasi Kegiatan : Lingkup Kabupaten;;;
1.02 . 1.02.01 . 38 . 03 . 5 . 2 . 1 ,Belanja Pegawai ,32190000,;;;
1.02 . 1.02.01 . 38 . 03 . 5 . 2 . 1 . 01 ,Honorarium PNS ,15550000,;;;
1.02 . 1.02.01 . 38 . 03 . 5 . 2 . 1 . 01 . 01 ,Honorarium Panitia Pelaksana Kegiatan ,12550000,;;;
1.02 . 1.02.01 . 38 . 03 . 5 . 2 . 1 . 01 . 05 ,Honorarium Penyelenggaraan Kegiatan ,3000000,;;;
1.02 . 1.02.01 . 38 . 03 . 5 . 2 . 1 . 02 ,Honorarium Non PNS ,12800000,;;;
1.02 . 1.02.01 . 38 . 03 . 5 . 2 . 1 . 02 . 03 ,Honorarium Harian ,12800000,;;;
1.02 . 1.02.01 . 38 . 03 . 5 . 2 . 1 . 03 ,Uang Lembur ,3840000,;;;
1.02 . 1.02.01 . 38 . 03 . 5 . 2 . 1 . 03 . 01 ,Uang Lembur PNS ,3840000,;;;
1.02 . 1.02.01 . 38 . 03 . 5 . 2 . 2 ,Belanja Barang dan Jasa ,9083809200,;;;
1.02 . 1.02.01 . 38 . 03 . 5 . 2 . 2 . 01 ,Belanja Bahan Pakai Habis ,7609450,;;;
1.02 . 1.02.01 . 38 . 03 . 5 . 2 . 2 . 01 . 01 ,Belanja Alat Tulis Kantor ,7609450,;;;
1.02 . 1.02.01 . 38 . 03 . 5 . 2 . 2 . 03 ,Belanja Jasa Kantor ,9000000000,;;;
1.02 . 1.02.01 . 38 . 03 . 5 . 2 . 2 . 03 . 16 ,Belanja Pelayanan Kesehatan ,9000000000,;;;
1.02 . 1.02.01 . 38 . 03 . 5 . 2 . 2 . 06 ,Belanja Cetak dan Penggandaan ,26499750,;;;
1.02 . 1.02.01 . 38 . 03 . 5 . 2 . 2 . 06 . 01 ,Belanja Cetak ,25000000,;;;
1.02 . 1.02.01 . 38 . 03 . 5 . 2 . 2 . 06 . 02 ,Belanja Penggandaan ,1499750,;;;
1.02 . 1.02.01 . 38 . 03 . 5 . 2 . 2 . 11 ,Belanja Makanan dan  Minuman ,30820000,;;;
1.02 . 1.02.01 . 38 . 03 . 5 . 2 . 2 . 11 . 01 ,Belanja Makanan Dan Minuman Harian Pegawai ,4320000,;;;
1.02 . 1.02.01 . 38 . 03 . 5 . 2 . 2 . 11 . 02 ,Belanja Makanan Dan Minuman Rapat ,10500000,;;;
"1.02 . 1.02.01 . 38 . 03 . 5 . 2 . 2 . 11 . 04 ,""Belanja makanan dan minuman pelatihan  sosialisasi  penyuluhan "",16000000,";;;
1.02 . 1.02.01 . 38 . 03 . 5 . 2 . 2 . 15 ,Belanja Perjalanan Dinas ,12480000,;;;
1.02 . 1.02.01 . 38 . 03 . 5 . 2 . 2 . 15 . 01 ,Belanja Perjalanan Dinas Dalam Daerah ,10080000,;;;
1.02 . 1.02.01 . 38 . 03 . 5 . 2 . 2 . 15 . 02 ,Belanja Perjalanan Dinas Luar Daerah ,2400000,;;;
1.02 . 1.02.01 . 38 . 03 . 5 . 2 . 2 . 27 ,Belanja Tenaga Ahli/Instruktur/Narasumber ,6400000,;;;
1.02 . 1.02.01 . 38 . 03 . 5 . 2 . 2 . 27 . 01 ,Jasa Tenaga Ahli/Instruktur/Narasumber ,6400000,;;;
1.02 . 1.02.01 . 38 . 07 ,Pengembangan dan Pengelolaan Sistim Informasi Kesehatan ,20000000,Sumber Dana :  Lokasi Kegiatan : Kabupaten;;;
1.02 . 1.02.01 . 38 . 07 . 5 . 2 . 1 ,Belanja Pegawai ,3945000,;;;
1.02 . 1.02.01 . 38 . 07 . 5 . 2 . 1 . 01 ,Honorarium PNS ,3150000,;;;
1.02 . 1.02.01 . 38 . 07 . 5 . 2 . 1 . 01 . 01 ,Honorarium Panitia Pelaksana Kegiatan ,3150000,;;;
1.02 . 1.02.01 . 38 . 07 . 5 . 2 . 1 . 02 ,Honorarium Non PNS ,420000,;;;
1.02 . 1.02.01 . 38 . 07 . 5 . 2 . 1 . 02 . 03 ,Honorarium Harian ,420000,;;;
1.02 . 1.02.01 . 38 . 07 . 5 . 2 . 1 . 03 ,Uang Lembur ,375000,;;;
1.02 . 1.02.01 . 38 . 07 . 5 . 2 . 1 . 03 . 01 ,Uang Lembur PNS ,375000,;;;
1.02 . 1.02.01 . 38 . 07 . 5 . 2 . 2 ,Belanja Barang dan Jasa ,16055000,;;;
1.02 . 1.02.01 . 38 . 07 . 5 . 2 . 2 . 01 ,Belanja Bahan Pakai Habis ,5070000,;;;
1.02 . 1.02.01 . 38 . 07 . 5 . 2 . 2 . 01 . 01 ,Belanja Alat Tulis Kantor ,5070000,;;;
1.02 . 1.02.01 . 38 . 07 . 5 . 2 . 2 . 06 ,Belanja Cetak dan Penggandaan ,1625000,;;;
1.02 . 1.02.01 . 38 . 07 . 5 . 2 . 2 . 06 . 02 ,Belanja Penggandaan ,1625000,;;;
1.02 . 1.02.01 . 38 . 07 . 5 . 2 . 2 . 11 ,Belanja Makanan dan  Minuman ,4610000,;;;
1.02 . 1.02.01 . 38 . 07 . 5 . 2 . 2 . 11 . 01 ,Belanja Makanan Dan Minuman Harian Pegawai ,378000,;;;
1.02 . 1.02.01 . 38 . 07 . 5 . 2 . 2 . 11 . 02 ,Belanja Makanan Dan Minuman Rapat ,907000,;;;
"1.02 . 1.02.01 . 38 . 07 . 5 . 2 . 2 . 11 . 04 ,""Belanja makanan dan minuman pelatihan  sosialisasi  penyuluhan "",3325000,";;;
1.02 . 1.02.01 . 38 . 07 . 5 . 2 . 2 . 15 ,Belanja Perjalanan Dinas ,1600000,;;;
1.02 . 1.02.01 . 38 . 07 . 5 . 2 . 2 . 15 . 01 ,Belanja Perjalanan Dinas Dalam Daerah ,960000,;;;
1.02 . 1.02.01 . 38 . 07 . 5 . 2 . 2 . 15 . 02 ,Belanja Perjalanan Dinas Luar Daerah ,640000,;;;
1.02 . 1.02.01 . 38 . 07 . 5 . 2 . 2 . 27 ,Belanja Tenaga Ahli/Instruktur/Narasumber ,3150000,;;;
1.02 . 1.02.01 . 38 . 07 . 5 . 2 . 2 . 27 . 01 ,Jasa Tenaga Ahli/Instruktur/Narasumber ,3150000,;;;
"1.02 . 1.02.01 . 38 . 08 ,""Monitoring  Evaluasi dan Pengelolaan Program Jaminan Kesehatan "",47348000,Sumber Dana :  Lokasi Kegiatan : Kabupaten";;;
1.02 . 1.02.01 . 38 . 08 . 5 . 2 . 1 ,Belanja Pegawai ,9760000,;;;
1.02 . 1.02.01 . 38 . 08 . 5 . 2 . 1 . 01 ,Honorarium PNS ,9760000,;;;
1.02 . 1.02.01 . 38 . 08 . 5 . 2 . 1 . 01 . 01 ,Honorarium Panitia Pelaksana Kegiatan ,9400000,;;;
1.02 . 1.02.01 . 38 . 08 . 5 . 2 . 1 . 01 . 05 ,Honorarium Penyelenggaraan Kegiatan ,360000,;;;
1.02 . 1.02.01 . 38 . 08 . 5 . 2 . 2 ,Belanja Barang dan Jasa ,37588000,;;;
1.02 . 1.02.01 . 38 . 08 . 5 . 2 . 2 . 01 ,Belanja Bahan Pakai Habis ,1185500,;;;
1.02 . 1.02.01 . 38 . 08 . 5 . 2 . 2 . 01 . 01 ,Belanja Alat Tulis Kantor ,1185500,;;;
1.02 . 1.02.01 . 38 . 08 . 5 . 2 . 2 . 06 ,Belanja Cetak dan Penggandaan ,1492500,;;;
1.02 . 1.02.01 . 38 . 08 . 5 . 2 . 2 . 06 . 02 ,Belanja Penggandaan ,1492500,;;;
1.02 . 1.02.01 . 38 . 08 . 5 . 2 . 2 . 11 ,Belanja Makanan dan  Minuman ,22310000,;;;
1.02 . 1.02.01 . 38 . 08 . 5 . 2 . 2 . 11 . 02 ,Belanja Makanan Dan Minuman Rapat ,10560000,;;;
"1.02 . 1.02.01 . 38 . 08 . 5 . 2 . 2 . 11 . 04 ,""Belanja makanan dan minuman pelatihan  sosialisasi  penyuluhan "",11750000,";;;
1.02 . 1.02.01 . 38 . 08 . 5 . 2 . 2 . 15 ,Belanja Perjalanan Dinas ,8400000,;;;
1.02 . 1.02.01 . 38 . 08 . 5 . 2 . 2 . 15 . 01 ,Belanja Perjalanan Dinas Dalam Daerah ,8400000,;;;
1.02 . 1.02.01 . 38 . 08 . 5 . 2 . 2 . 27 ,Belanja Tenaga Ahli/Instruktur/Narasumber ,4200000,;;;
1.02 . 1.02.01 . 38 . 08 . 5 . 2 . 2 . 27 . 01 ,Jasa Tenaga Ahli/Instruktur/Narasumber ,4200000,;;;
1.02 . 1.02.01 . 38 . 09 ,Manajemen Mutu Pelayanan Kesehatan ,85000000,Sumber Dana :  Lokasi Kegiatan : Kabupaten;;;
1.02 . 1.02.01 . 38 . 09 . 5 . 2 . 1 ,Belanja Pegawai ,12350000,;;;
1.02 . 1.02.01 . 38 . 09 . 5 . 2 . 1 . 01 ,Honorarium PNS ,12350000,;;;
1.02 . 1.02.01 . 38 . 09 . 5 . 2 . 1 . 01 . 01 ,Honorarium Panitia Pelaksana Kegiatan ,12350000,;;;
1.02 . 1.02.01 . 38 . 09 . 5 . 2 . 2 ,Belanja Barang dan Jasa ,72650000,;;;
1.02 . 1.02.01 . 38 . 09 . 5 . 2 . 2 . 01 ,Belanja Bahan Pakai Habis ,4566200,;;;
1.02 . 1.02.01 . 38 . 09 . 5 . 2 . 2 . 01 . 01 ,Belanja Alat Tulis Kantor ,4566200,;;;
1.02 . 1.02.01 . 38 . 09 . 5 . 2 . 2 . 06 ,Belanja Cetak dan Penggandaan ,3698800,;;;
1.02 . 1.02.01 . 38 . 09 . 5 . 2 . 2 . 06 . 02 ,Belanja Penggandaan ,3698800,;;;
1.02 . 1.02.01 . 38 . 09 . 5 . 2 . 2 . 08 ,Belanja Sewa Sarana Mobilitas ,12250000,;;;
1.02 . 1.02.01 . 38 . 09 . 5 . 2 . 2 . 08 . 01 ,Belanja Sewa Sarana Mobilitas Darat ,12250000,;;;
1.02 . 1.02.01 . 38 . 09 . 5 . 2 . 2 . 11 ,Belanja Makanan dan  Minuman ,15515000,;;;
1.02 . 1.02.01 . 38 . 09 . 5 . 2 . 2 . 11 . 02 ,Belanja Makanan Dan Minuman Rapat ,7765000,;;;
"1.02 . 1.02.01 . 38 . 09 . 5 . 2 . 2 . 11 . 04 ,""Belanja makanan dan minuman pelatihan  sosialisasi  penyuluhan "",7750000,";;;
1.02 . 1.02.01 . 38 . 09 . 5 . 2 . 2 . 15 ,Belanja Perjalanan Dinas ,9345000,;;;
1.02 . 1.02.01 . 38 . 09 . 5 . 2 . 2 . 15 . 01 ,Belanja Perjalanan Dinas Dalam Daerah ,3360000,;;;
1.02 . 1.02.01 . 38 . 09 . 5 . 2 . 2 . 15 . 02 ,Belanja Perjalanan Dinas Luar Daerah ,5985000,;;;
"1.02 . 1.02.01 . 38 . 09 . 5 . 2 . 2 . 17 ,""Belanja kursus  pelatihan  sosialisasi dan bimbingan teknis PNS "",13500000,";;;
1.02 . 1.02.01 . 38 . 09 . 5 . 2 . 2 . 17 . 03 ,Belanja Bimbingan Teknis ,13500000,;;;
1.02 . 1.02.01 . 38 . 09 . 5 . 2 . 2 . 27 ,Belanja Tenaga Ahli/Instruktur/Narasumber ,13775000,;;;
1.02 . 1.02.01 . 38 . 09 . 5 . 2 . 2 . 27 . 01 ,Jasa Tenaga Ahli/Instruktur/Narasumber ,13775000,;;;
1.02 . 1.02.01 . 38 . 10 ,Pelayanan Kesehatan di Sarana Pelayanan Kesehatan Pemerintah ,26398010600,Sumber Dana :  Lokasi Kegiatan : Kabupaten;;;
1.02 . 1.02.01 . 38 . 10 . 5 . 2 . 1 ,Belanja Pegawai ,13126665710,;;;
1.02 . 1.02.01 . 38 . 10 . 5 . 2 . 1 . 06 ,Honorarium Pelayanan Kesehatan ,760725000,;;;
1.02 . 1.02.01 . 38 . 10 . 5 . 2 . 1 . 06 . 01 ,Honorarium Pelayanan Kesehatan ,760725000,;;;
1.02 . 1.02.01 . 38 . 10 . 5 . 2 . 1 . 07 ,Belanja Pegawai BLUD ,12365940710,;;;
1.02 . 1.02.01 . 38 . 10 . 5 . 2 . 1 . 07 . 01 ,Belanja Pegawai BLUD ,12365940710,;;;
1.02 . 1.02.01 . 38 . 10 . 5 . 2 . 2 ,Belanja Barang dan Jasa ,10217149472,;;;
1.02 . 1.02.01 . 38 . 10 . 5 . 2 . 2 . 32 ,Belanja Barang dan Jasa BLUD ,10217149472,;;;
1.02 . 1.02.01 . 38 . 10 . 5 . 2 . 2 . 32 . 01 ,Belanja Barang dan Jasa BLUD ,10217149472,;;;
1.02 . 1.02.01 . 38 . 10 . 5 . 2 . 3 ,Belanja Modal ,3054195418,;;;
1.02 . 1.02.01 . 38 . 10 . 5 . 2 . 3 . 90 ,Belanja Modal BLUD ,3054195418,;;;
"1.02 . 1.02.01 . 38 . 10 . 5 . 2 . 3 . 90 . 01 ,Belanja Modal BLUD ,3054195418,Belanja Modal BLUD. Puskesmas Temon I ""1 th x 68.900.000 00 = 68.900.000 00"" Puskesmas Temon II ""1 th x 56.000.000 00 = 56.000.000 00"" Puskesmas Wates ""1 th x 474.544.450 00 = 474.544.450 00"" Puskesmas Panjatan I ""1 th x 137.570.000 00 = 137.570.000 00"" Puskesmas Panjatan II ""1 th x 146.657.440 00 = 146.657.440 00"" Puskesmas Galur I ""1 th x 300.904.020 00 = 300.904.020 00"" Puskesmas Galur II ""1 th x 88.000.000 00 = 88.000.000 00"" Puskesmas Lendah I ""1 th x 117.500.000 00 = 117.500.000 00"" Puskesmas Lendah II ""1 th x 183.921.000 00 = 183.921.000 00"" Puskesmas Sentolo I ""1 th x 46.600.000 00 = 46.600.000 00"" Puskesmas Sentolo II ""1 th x 79.902.090 00 = 79.902.090 00"" Puskesmas Pengasih I ""1 th x 286.512.800 00 = 286.512.800 00"" Puskesmas Pengasih II ""1 th x 162.286.500 00 = 162.286.500 00"" Puskesmas Kokap I ""1 th x 98.700.000 00 = 98.700.000 00"" Puskesmas Kokap I ""1 th x 160.427.630 00 = 160.427.630 00"" Puskesmas Girimulyo I ""1 th x 78.452.000 00 = 78.452.000 00"" Puskesmas Girimulyo II ""1 th x 28.000.000 00 = 28.000.000 00"" Puskesmas Nanggulan ""1 th x 209.955.000 00 = 209.955.000 00"" Puskesmas Kalibawang ""1 th x 123.200.000 00 = 123.200.000 00"" Puskesmas Samigaluh I ""1 th x 88.762.488 00 = 88.762.488 00"" Puskesmas Samigaluh II ""1 th x 117.400.000 00 = 117.400.000 00""";;;
1.02 . 1.02.01 . 44 ,Program Pemberantasan Penyakit dan Penyehatan Lingkungan ,769753450,;;;
1.02 . 1.02.01 . 44 . 01 ,Pencegahan dan Penanggulangan Penyakit Menular Langsung ,103915250,Sumber Dana :  Lokasi Kegiatan : Kab. Kulon Progo;;;
1.02 . 1.02.01 . 44 . 01 . 5 . 2 . 1 ,Belanja Pegawai ,28710000,;;;
1.02 . 1.02.01 . 44 . 01 . 5 . 2 . 1 . 01 ,Honorarium PNS ,7410000,;;;
1.02 . 1.02.01 . 44 . 01 . 5 . 2 . 1 . 01 . 01 ,Honorarium Panitia Pelaksana Kegiatan ,7410000,;;;
1.02 . 1.02.01 . 44 . 01 . 5 . 2 . 1 . 02 ,Honorarium Non PNS ,21300000,;;;
1.02 . 1.02.01 . 44 . 01 . 5 . 2 . 1 . 02 . 03 ,Honorarium Harian ,21300000,;;;
1.02 . 1.02.01 . 44 . 01 . 5 . 2 . 2 ,Belanja Barang dan Jasa ,65205250,;;;
1.02 . 1.02.01 . 44 . 01 . 5 . 2 . 2 . 01 ,Belanja Bahan Pakai Habis ,20935250,;;;
1.02 . 1.02.01 . 44 . 01 . 5 . 2 . 2 . 01 . 01 ,Belanja Alat Tulis Kantor ,795250,;;;
1.02 . 1.02.01 . 44 . 01 . 5 . 2 . 2 . 01 . 12 ,Belanja Peralatan Pendukung Pengobatan ,5750000,;;;
1.02 . 1.02.01 . 44 . 01 . 5 . 2 . 2 . 01 . 16 ,Belanja Penunjang Pemeriksaan Laboratorium Kesehatan ,14390000,;;;
1.02 . 1.02.01 . 44 . 01 . 5 . 2 . 2 . 02 ,Belanja Bahan/Material ,23100000,;;;
1.02 . 1.02.01 . 44 . 01 . 5 . 2 . 2 . 02 . 04 ,Belanja Bahan Obat-Obatan ,23100000,;;;
1.02 . 1.02.01 . 44 . 01 . 5 . 2 . 2 . 03 ,Belanja Jasa Kantor ,5000000,;;;
1.02 . 1.02.01 . 44 . 01 . 5 . 2 . 2 . 03 . 15 ,Belanja Publikasi ,5000000,;;;
1.02 . 1.02.01 . 44 . 01 . 5 . 2 . 2 . 06 ,Belanja Cetak dan Penggandaan ,1550000,;;;
1.02 . 1.02.01 . 44 . 01 . 5 . 2 . 2 . 06 . 01 ,Belanja Cetak ,1500000,;;;
1.02 . 1.02.01 . 44 . 01 . 5 . 2 . 2 . 06 . 02 ,Belanja Penggandaan ,50000,;;;
1.02 . 1.02.01 . 44 . 01 . 5 . 2 . 2 . 11 ,Belanja Makanan dan  Minuman ,10075000,;;;
1.02 . 1.02.01 . 44 . 01 . 5 . 2 . 2 . 11 . 02 ,Belanja Makanan Dan Minuman Rapat ,4680000,;;;
"1.02 . 1.02.01 . 44 . 01 . 5 . 2 . 2 . 11 . 04 ,""Belanja makanan dan minuman pelatihan  sosialisasi  penyuluhan "",5395000,";;;
1.02 . 1.02.01 . 44 . 01 . 5 . 2 . 2 . 15 ,Belanja Perjalanan Dinas ,1120000,;;;
1.02 . 1.02.01 . 44 . 01 . 5 . 2 . 2 . 15 . 01 ,Belanja Perjalanan Dinas Dalam Daerah ,800000,;;;
1.02 . 1.02.01 . 44 . 01 . 5 . 2 . 2 . 15 . 02 ,Belanja Perjalanan Dinas Luar Daerah ,320000,;;;
1.02 . 1.02.01 . 44 . 01 . 5 . 2 . 2 . 27 ,Belanja Tenaga Ahli/Instruktur/Narasumber ,3425000,;;;
1.02 . 1.02.01 . 44 . 01 . 5 . 2 . 2 . 27 . 01 ,Jasa Tenaga Ahli/Instruktur/Narasumber ,3425000,;;;
1.02 . 1.02.01 . 44 . 01 . 5 . 2 . 3 ,Belanja Modal ,10000000,;;;
1.02 . 1.02.01 . 44 . 01 . 5 . 2 . 3 . 49 ,Belanja Modal Gedung dan Bangunan - Pengadaan Bangunan Gedung Tempat Kerja,10000000,;;;
"1.02 . 1.02.01 . 44 . 01 . 5 . 2 . 3 . 49 . 06 ,Belanja Modal Gedung dan Bangunan - Pengadaan Bangunan Kesehatan ,10000000,Keg Tambahan Cukai Ruang Tempat Minum Khusus TB MDR Portable ""1  x 10.000.000 00 = 10.000.000 00""";;;
1.02 . 1.02.01 . 44 . 02 ,Pencegahan dan Penanggulangan Penyakit Menular Melalui Binatang ,384944000,Sumber Dana :  Lokasi Kegiatan : Kab. Kulon Progo;;;
1.02 . 1.02.01 . 44 . 02 . 5 . 2 . 1 ,Belanja Pegawai ,249154000,;;;
1.02 . 1.02.01 . 44 . 02 . 5 . 2 . 1 . 01 ,Honorarium PNS ,8580000,;;;
1.02 . 1.02.01 . 44 . 02 . 5 . 2 . 1 . 01 . 01 ,Honorarium Panitia Pelaksana Kegiatan ,8580000,;;;
1.02 . 1.02.01 . 44 . 02 . 5 . 2 . 1 . 02 ,Honorarium Non PNS ,240574000,;;;
1.02 . 1.02.01 . 44 . 02 . 5 . 2 . 1 . 02 . 03 ,Honorarium Harian ,240574000,;;;
1.02 . 1.02.01 . 44 . 02 . 5 . 2 . 2 ,Belanja Barang dan Jasa ,90790000,;;;
1.02 . 1.02.01 . 44 . 02 . 5 . 2 . 2 . 01 ,Belanja Bahan Pakai Habis ,11966000,;;;
1.02 . 1.02.01 . 44 . 02 . 5 . 2 . 2 . 01 . 01 ,Belanja Alat Tulis Kantor ,9566000,;;;
1.02 . 1.02.01 . 44 . 02 . 5 . 2 . 2 . 01 . 17 ,Belanja Pendukung Pengobatan ,2400000,;;;
1.02 . 1.02.01 . 44 . 02 . 5 . 2 . 2 . 02 ,Belanja Bahan/Material ,13200000,;;;
1.02 . 1.02.01 . 44 . 02 . 5 . 2 . 2 . 02 . 04 ,Belanja Bahan Obat-Obatan ,13200000,;;;
1.02 . 1.02.01 . 44 . 02 . 5 . 2 . 2 . 06 ,Belanja Cetak dan Penggandaan ,4500000,;;;
1.02 . 1.02.01 . 44 . 02 . 5 . 2 . 2 . 06 . 01 ,Belanja Cetak ,4500000,;;;
1.02 . 1.02.01 . 44 . 02 . 5 . 2 . 2 . 11 ,Belanja Makanan dan  Minuman ,29464000,;;;
1.02 . 1.02.01 . 44 . 02 . 5 . 2 . 2 . 11 . 02 ,Belanja Makanan Dan Minuman Rapat ,29464000,;;;
1.02 . 1.02.01 . 44 . 02 . 5 . 2 . 2 . 15 ,Belanja Perjalanan Dinas ,3260000,;;;
1.02 . 1.02.01 . 44 . 02 . 5 . 2 . 2 . 15 . 01 ,Belanja Perjalanan Dinas Dalam Daerah ,240000,;;;
1.02 . 1.02.01 . 44 . 02 . 5 . 2 . 2 . 15 . 02 ,Belanja Perjalanan Dinas Luar Daerah ,3020000,;;;
1.02 . 1.02.01 . 44 . 02 . 5 . 2 . 2 . 27 ,Belanja Tenaga Ahli/Instruktur/Narasumber ,28400000,;;;
1.02 . 1.02.01 . 44 . 02 . 5 . 2 . 2 . 27 . 01 ,Jasa Tenaga Ahli/Instruktur/Narasumber ,28400000,;;;
1.02 . 1.02.01 . 44 . 02 . 5 . 2 . 3 ,Belanja Modal ,45000000,;;;
1.02 . 1.02.01 . 44 . 02 . 5 . 2 . 3 . 35 ,Belanja Modal Peralatan dan Mesin - Pengadaan Alat Kesehatan ,45000000,;;;
"1.02 . 1.02.01 . 44 . 02 . 5 . 2 . 3 . 35 . 01 ,Belanja Modal Peralatan dan Mesin - Pengadaan Alat Kesehatan Perawatan,45000000,Alat Kesehatan Perawatan Lain-Lain (Tambahan pajak rokok) Spray can ""10 buah x 4.000.000 00 = 40.000.000 00"" Spare part spray can ""10 paket x 500.000 00 = 5.000.000 00""";;;
1.02 . 1.02.01 . 44 . 03 ,Penyehatan Sanitasi Lingkungan ,112772750,Sumber Dana :  Lokasi Kegiatan : Lingkup Kabupaten;;;
1.02 . 1.02.01 . 44 . 03 . 5 . 2 . 1 ,Belanja Pegawai ,14455000,;;;
1.02 . 1.02.01 . 44 . 03 . 5 . 2 . 1 . 01 ,Honorarium PNS ,11580000,;;;
1.02 . 1.02.01 . 44 . 03 . 5 . 2 . 1 . 01 . 01 ,Honorarium Panitia Pelaksana Kegiatan ,11580000,;;;
1.02 . 1.02.01 . 44 . 03 . 5 . 2 . 1 . 02 ,Honorarium Non PNS ,2875000,;;;
1.02 . 1.02.01 . 44 . 03 . 5 . 2 . 1 . 02 . 03 ,Honorarium Harian ,2875000,;;;
1.02 . 1.02.01 . 44 . 03 . 5 . 2 . 2 ,Belanja Barang dan Jasa ,98317750,;;;
1.02 . 1.02.01 . 44 . 03 . 5 . 2 . 2 . 01 ,Belanja Bahan Pakai Habis ,1708600,;;;
1.02 . 1.02.01 . 44 . 03 . 5 . 2 . 2 . 01 . 01 ,Belanja Alat Tulis Kantor ,1708600,;;;
1.02 . 1.02.01 . 44 . 03 . 5 . 2 . 2 . 02 ,Belanja Bahan/Material ,5225000,;;;
1.02 . 1.02.01 . 44 . 03 . 5 . 2 . 2 . 02 . 04 ,Belanja Bahan Obat-Obatan ,5225000,;;;
1.02 . 1.02.01 . 44 . 03 . 5 . 2 . 2 . 03 ,Belanja Jasa Kantor ,16177150,;;;
1.02 . 1.02.01 . 44 . 03 . 5 . 2 . 2 . 03 . 13 ,Belanja Dokumentasi ,928000,;;;
1.02 . 1.02.01 . 44 . 03 . 5 . 2 . 2 . 03 . 23 ,Belanja Jasa Analisa/Pemeriksaan Laboratorium ,15249150,;;;
1.02 . 1.02.01 . 44 . 03 . 5 . 2 . 2 . 06 ,Belanja Cetak dan Penggandaan ,4815000,;;;
1.02 . 1.02.01 . 44 . 03 . 5 . 2 . 2 . 06 . 02 ,Belanja Penggandaan ,4815000,;;;
1.02 . 1.02.01 . 44 . 03 . 5 . 2 . 2 . 11 ,Belanja Makanan dan  Minuman ,41460000,;;;
1.02 . 1.02.01 . 44 . 03 . 5 . 2 . 2 . 11 . 02 ,Belanja Makanan Dan Minuman Rapat ,22650000,;;;
"1.02 . 1.02.01 . 44 . 03 . 5 . 2 . 2 . 11 . 04 ,""Belanja makanan dan minuman pelatihan  sosialisasi  penyuluhan "",18810000,";;;
1.02 . 1.02.01 . 44 . 03 . 5 . 2 . 2 . 15 ,Belanja Perjalanan Dinas ,12707000,;;;
1.02 . 1.02.01 . 44 . 03 . 5 . 2 . 2 . 15 . 01 ,Belanja Perjalanan Dinas Dalam Daerah ,9080000,;;;
1.02 . 1.02.01 . 44 . 03 . 5 . 2 . 2 . 15 . 02 ,Belanja Perjalanan Dinas Luar Daerah ,3627000,;;;
1.02 . 1.02.01 . 44 . 03 . 5 . 2 . 2 . 27 ,Belanja Tenaga Ahli/Instruktur/Narasumber ,16225000,;;;
1.02 . 1.02.01 . 44 . 03 . 5 . 2 . 2 . 27 . 01 ,Jasa Tenaga Ahli/Instruktur/Narasumber ,16225000,;;;
1.02 . 1.02.01 . 44 . 04 ,Surveilans Epidemiologi dan Penanggulangan Wabah ,74725000,Sumber Dana :  Lokasi Kegiatan : Lingkup Kabupaten;;;
1.02 . 1.02.01 . 44 . 04 . 5 . 2 . 1 ,Belanja Pegawai ,18970000,;;;
1.02 . 1.02.01 . 44 . 04 . 5 . 2 . 1 . 01 ,Honorarium PNS ,3370000,;;;
1.02 . 1.02.01 . 44 . 04 . 5 . 2 . 1 . 01 . 01 ,Honorarium Panitia Pelaksana Kegiatan ,2530000,;;;
1.02 . 1.02.01 . 44 . 04 . 5 . 2 . 1 . 01 . 05 ,Honorarium Penyelenggaraan Kegiatan ,840000,;;;
1.02 . 1.02.01 . 44 . 04 . 5 . 2 . 1 . 02 ,Honorarium Non PNS ,15600000,;;;
1.02 . 1.02.01 . 44 . 04 . 5 . 2 . 1 . 02 . 03 ,Honorarium Harian ,15600000,;;;
1.02 . 1.02.01 . 44 . 04 . 5 . 2 . 2 ,Belanja Barang dan Jasa ,55755000,;;;
1.02 . 1.02.01 . 44 . 04 . 5 . 2 . 2 . 01 ,Belanja Bahan Pakai Habis ,1522300,;;;
1.02 . 1.02.01 . 44 . 04 . 5 . 2 . 2 . 01 . 01 ,Belanja Alat Tulis Kantor ,1522300,;;;
1.02 . 1.02.01 . 44 . 04 . 5 . 2 . 2 . 03 ,Belanja Jasa Kantor ,2902000,;;;
1.02 . 1.02.01 . 44 . 04 . 5 . 2 . 2 . 03 . 16 ,Belanja Pelayanan Kesehatan ,2902000,;;;
1.02 . 1.02.01 . 44 . 04 . 5 . 2 . 2 . 06 ,Belanja Cetak dan Penggandaan ,245700,;;;
1.02 . 1.02.01 . 44 . 04 . 5 . 2 . 2 . 06 . 02 ,Belanja Penggandaan ,245700,;;;
1.02 . 1.02.01 . 44 . 04 . 5 . 2 . 2 . 11 ,Belanja Makanan dan  Minuman ,42335000,;;;
1.02 . 1.02.01 . 44 . 04 . 5 . 2 . 2 . 11 . 02 ,Belanja Makanan Dan Minuman Rapat ,33345000,;;;
"1.02 . 1.02.01 . 44 . 04 . 5 . 2 . 2 . 11 . 04 ,""Belanja makanan dan minuman pelatihan  sosialisasi  penyuluhan "",8990000,";;;
1.02 . 1.02.01 . 44 . 04 . 5 . 2 . 2 . 15 ,Belanja Perjalanan Dinas ,4400000,;;;
1.02 . 1.02.01 . 44 . 04 . 5 . 2 . 2 . 15 . 01 ,Belanja Perjalanan Dinas Dalam Daerah ,2800000,;;;
1.02 . 1.02.01 . 44 . 04 . 5 . 2 . 2 . 15 . 02 ,Belanja Perjalanan Dinas Luar Daerah ,1600000,;;;
1.02 . 1.02.01 . 44 . 04 . 5 . 2 . 2 . 27 ,Belanja Tenaga Ahli/Instruktur/Narasumber ,4350000,;;;
1.02 . 1.02.01 . 44 . 04 . 5 . 2 . 2 . 27 . 01 ,Jasa Tenaga Ahli/Instruktur/Narasumber ,4350000,;;;
"1.02 . 1.02.01 . 44 . 05 ,""Imunisasi  Bayi  Balita  Anak Sekolah dan Ibu Hamil "",22404000,Sumber Dana :  Lokasi Kegiatan : Lingkup Kabupaten";;;
1.02 . 1.02.01 . 44 . 05 . 5 . 2 . 1 ,Belanja Pegawai ,3730000,;;;
1.02 . 1.02.01 . 44 . 05 . 5 . 2 . 1 . 01 ,Honorarium PNS ,3730000,;;;
1.02 . 1.02.01 . 44 . 05 . 5 . 2 . 1 . 01 . 01 ,Honorarium Panitia Pelaksana Kegiatan ,2530000,;;;
1.02 . 1.02.01 . 44 . 05 . 5 . 2 . 1 . 01 . 05 ,Honorarium Penyelenggaraan Kegiatan ,1200000,;;;
1.02 . 1.02.01 . 44 . 05 . 5 . 2 . 2 ,Belanja Barang dan Jasa ,18674000,;;;
1.02 . 1.02.01 . 44 . 05 . 5 . 2 . 2 . 01 ,Belanja Bahan Pakai Habis ,576850,;;;
1.02 . 1.02.01 . 44 . 05 . 5 . 2 . 2 . 01 . 01 ,Belanja Alat Tulis Kantor ,576850,;;;
1.02 . 1.02.01 . 44 . 05 . 5 . 2 . 2 . 06 ,Belanja Cetak dan Penggandaan ,367150,;;;
1.02 . 1.02.01 . 44 . 05 . 5 . 2 . 2 . 06 . 02 ,Belanja Penggandaan ,367150,;;;
1.02 . 1.02.01 . 44 . 05 . 5 . 2 . 2 . 11 ,Belanja Makanan dan  Minuman ,13250000,;;;
1.02 . 1.02.01 . 44 . 05 . 5 . 2 . 2 . 11 . 02 ,Belanja Makanan Dan Minuman Rapat ,10250000,;;;
"1.02 . 1.02.01 . 44 . 05 . 5 . 2 . 2 . 11 . 04 ,""Belanja makanan dan minuman pelatihan  sosialisasi  penyuluhan "",3000000,";;;
1.02 . 1.02.01 . 44 . 05 . 5 . 2 . 2 . 15 ,Belanja Perjalanan Dinas ,3880000,;;;
1.02 . 1.02.01 . 44 . 05 . 5 . 2 . 2 . 15 . 01 ,Belanja Perjalanan Dinas Dalam Daerah ,2880000,;;;
1.02 . 1.02.01 . 44 . 05 . 5 . 2 . 2 . 15 . 02 ,Belanja Perjalanan Dinas Luar Daerah ,1000000,;;;
1.02 . 1.02.01 . 44 . 05 . 5 . 2 . 2 . 27 ,Belanja Tenaga Ahli/Instruktur/Narasumber ,600000,;;;
1.02 . 1.02.01 . 44 . 05 . 5 . 2 . 2 . 27 . 01 ,Jasa Tenaga Ahli/Instruktur/Narasumber ,600000,;;;
1.02 . 1.02.01 . 44 . 06 ,Pengembangan Kawasan Sehat ,70992450,Sumber Dana :  Lokasi Kegiatan : Lingkup Kabupaten;;;
1.02 . 1.02.01 . 44 . 06 . 5 . 2 . 1 ,Belanja Pegawai ,9180000,;;;
1.02 . 1.02.01 . 44 . 06 . 5 . 2 . 1 . 01 ,Honorarium PNS ,4960000,;;;
1.02 . 1.02.01 . 44 . 06 . 5 . 2 . 1 . 01 . 01 ,Honorarium Panitia Pelaksana Kegiatan ,4960000,;;;
1.02 . 1.02.01 . 44 . 06 . 5 . 2 . 1 . 02 ,Honorarium Non PNS ,4220000,;;;
1.02 . 1.02.01 . 44 . 06 . 5 . 2 . 1 . 02 . 03 ,Honorarium Harian ,1080000,;;;
1.02 . 1.02.01 . 44 . 06 . 5 . 2 . 1 . 02 . 04 ,Honorarium Tim ,3140000,;;;
1.02 . 1.02.01 . 44 . 06 . 5 . 2 . 2 ,Belanja Barang dan Jasa ,61812450,;;;
1.02 . 1.02.01 . 44 . 06 . 5 . 2 . 2 . 01 ,Belanja Bahan Pakai Habis ,1191950,;;;
1.02 . 1.02.01 . 44 . 06 . 5 . 2 . 2 . 01 . 01 ,Belanja Alat Tulis Kantor ,1191950,;;;
1.02 . 1.02.01 . 44 . 06 . 5 . 2 . 2 . 03 ,Belanja Jasa Kantor ,33493500,;;;
1.02 . 1.02.01 . 44 . 06 . 5 . 2 . 2 . 03 . 38 ,Belanja Jasa Pengolahan Limbah ,33493500,;;;
1.02 . 1.02.01 . 44 . 06 . 5 . 2 . 2 . 06 ,Belanja Cetak dan Penggandaan ,850000,;;;
1.02 . 1.02.01 . 44 . 06 . 5 . 2 . 2 . 06 . 02 ,Belanja Penggandaan ,850000,;;;
1.02 . 1.02.01 . 44 . 06 . 5 . 2 . 2 . 11 ,Belanja Makanan dan  Minuman ,17000000,;;;
1.02 . 1.02.01 . 44 . 06 . 5 . 2 . 2 . 11 . 02 ,Belanja Makanan Dan Minuman Rapat ,16375000,;;;
"1.02 . 1.02.01 . 44 . 06 . 5 . 2 . 2 . 11 . 04 ,""Belanja makanan dan minuman pelatihan  sosialisasi  penyuluhan "",625000,";;;
1.02 . 1.02.01 . 44 . 06 . 5 . 2 . 2 . 15 ,Belanja Perjalanan Dinas ,7077000,;;;
1.02 . 1.02.01 . 44 . 06 . 5 . 2 . 2 . 15 . 01 ,Belanja Perjalanan Dinas Dalam Daerah ,1760000,;;;
1.02 . 1.02.01 . 44 . 06 . 5 . 2 . 2 . 15 . 02 ,Belanja Perjalanan Dinas Luar Daerah ,5317000,;;;
1.02 . 1.02.01 . 44 . 06 . 5 . 2 . 2 . 27 ,Belanja Tenaga Ahli/Instruktur/Narasumber ,2200000,;;;
1.02 . 1.02.01 . 44 . 06 . 5 . 2 . 2 . 27 . 01 ,Jasa Tenaga Ahli/Instruktur/Narasumber ,2200000,;;;
1.02 . 1.02.01 . 45 ,Program Pelayanan Kesehatan Masyarakat ,534978150,;;;
1.02 . 1.02.01 . 45 . 01 ,Penanggulangan Permasalahan Gizi Masyarakat ,223695950,Sumber Dana :  Lokasi Kegiatan : Kabupaten;;;
1.02 . 1.02.01 . 45 . 01 . 5 . 2 . 1 ,Belanja Pegawai ,24220000,;;;
1.02 . 1.02.01 . 45 . 01 . 5 . 2 . 1 . 01 ,Honorarium PNS ,11360000,;;;
1.02 . 1.02.01 . 45 . 01 . 5 . 2 . 1 . 01 . 01 ,Honorarium Panitia Pelaksana Kegiatan ,8160000,;;;
1.02 . 1.02.01 . 45 . 01 . 5 . 2 . 1 . 01 . 05 ,Honorarium Penyelenggaraan Kegiatan ,3200000,;;;
1.02 . 1.02.01 . 45 . 01 . 5 . 2 . 1 . 02 ,Honorarium Non PNS ,12860000,;;;
1.02 . 1.02.01 . 45 . 01 . 5 . 2 . 1 . 02 . 03 ,Honorarium Harian ,12860000,;;;
1.02 . 1.02.01 . 45 . 01 . 5 . 2 . 2 ,Belanja Barang dan Jasa ,199475950,;;;
1.02 . 1.02.01 . 45 . 01 . 5 . 2 . 2 . 01 ,Belanja Bahan Pakai Habis ,2051950,;;;
1.02 . 1.02.01 . 45 . 01 . 5 . 2 . 2 . 01 . 01 ,Belanja Alat Tulis Kantor ,2051950,;;;
1.02 . 1.02.01 . 45 . 01 . 5 . 2 . 2 . 02 ,Belanja Bahan/Material ,500000,;;;
1.02 . 1.02.01 . 45 . 01 . 5 . 2 . 2 . 02 . 06 ,Belanja Bahan Percontohan ,500000,;;;
1.02 . 1.02.01 . 45 . 01 . 5 . 2 . 2 . 06 ,Belanja Cetak dan Penggandaan ,7095000,;;;
1.02 . 1.02.01 . 45 . 01 . 5 . 2 . 2 . 06 . 01 ,Belanja Cetak ,6000000,;;;
1.02 . 1.02.01 . 45 . 01 . 5 . 2 . 2 . 06 . 02 ,Belanja Penggandaan ,1095000,;;;
1.02 . 1.02.01 . 45 . 01 . 5 . 2 . 2 . 11 ,Belanja Makanan dan  Minuman ,177969000,;;;
1.02 . 1.02.01 . 45 . 01 . 5 . 2 . 2 . 11 . 02 ,Belanja Makanan Dan Minuman Rapat ,18785000,;;;
"1.02 . 1.02.01 . 45 . 01 . 5 . 2 . 2 . 11 . 04 ,""Belanja makanan dan minuman pelatihan  sosialisasi  penyuluhan "",9259000,";;;
"1.02 . 1.02.01 . 45 . 01 . 5 . 2 . 2 . 11 . 06 ,""Belanja Makanan dan Minuman Tambahan bagi Balita  Anak Sekolah dan Lansia"",149925000,";;;
1.02 . 1.02.01 . 45 . 01 . 5 . 2 . 2 . 15 ,Belanja Perjalanan Dinas ,2360000,;;;
1.02 . 1.02.01 . 45 . 01 . 5 . 2 . 2 . 15 . 01 ,Belanja Perjalanan Dinas Dalam Daerah ,1560000,;;;
1.02 . 1.02.01 . 45 . 01 . 5 . 2 . 2 . 15 . 02 ,Belanja Perjalanan Dinas Luar Daerah ,800000,;;;
1.02 . 1.02.01 . 45 . 01 . 5 . 2 . 2 . 27 ,Belanja Tenaga Ahli/Instruktur/Narasumber ,9500000,;;;
1.02 . 1.02.01 . 45 . 01 . 5 . 2 . 2 . 27 . 01 ,Jasa Tenaga Ahli/Instruktur/Narasumber ,9500000,;;;
1.02 . 1.02.01 . 45 . 03 ,Pelayanan Kesehatan Keluarga ,74070800,Sumber Dana :  Lokasi Kegiatan : Lingkup Kabupaten;;;
1.02 . 1.02.01 . 45 . 03 . 5 . 2 . 1 ,Belanja Pegawai ,6240000,;;;
1.02 . 1.02.01 . 45 . 03 . 5 . 2 . 1 . 02 ,Honorarium Non PNS ,5280000,;;;
1.02 . 1.02.01 . 45 . 03 . 5 . 2 . 1 . 02 . 03 ,Honorarium Harian ,5280000,;;;
1.02 . 1.02.01 . 45 . 03 . 5 . 2 . 1 . 03 ,Uang Lembur ,960000,;;;
1.02 . 1.02.01 . 45 . 03 . 5 . 2 . 1 . 03 . 01 ,Uang Lembur PNS ,960000,;;;
1.02 . 1.02.01 . 45 . 03 . 5 . 2 . 2 ,Belanja Barang dan Jasa ,67830800,;;;
1.02 . 1.02.01 . 45 . 03 . 5 . 2 . 2 . 01 ,Belanja Bahan Pakai Habis ,661600,;;;
1.02 . 1.02.01 . 45 . 03 . 5 . 2 . 2 . 01 . 01 ,Belanja Alat Tulis Kantor ,661600,;;;
1.02 . 1.02.01 . 45 . 03 . 5 . 2 . 2 . 06 ,Belanja Cetak dan Penggandaan ,27004200,;;;
1.02 . 1.02.01 . 45 . 03 . 5 . 2 . 2 . 06 . 01 ,Belanja Cetak ,26400000,;;;
1.02 . 1.02.01 . 45 . 03 . 5 . 2 . 2 . 06 . 02 ,Belanja Penggandaan ,604200,;;;
1.02 . 1.02.01 . 45 . 03 . 5 . 2 . 2 . 11 ,Belanja Makanan dan  Minuman ,24705000,;;;
1.02 . 1.02.01 . 45 . 03 . 5 . 2 . 2 . 11 . 01 ,Belanja Makanan Dan Minuman Harian Pegawai ,1080000,;;;
1.02 . 1.02.01 . 45 . 03 . 5 . 2 . 2 . 11 . 02 ,Belanja Makanan Dan Minuman Rapat ,13500000,;;;
"1.02 . 1.02.01 . 45 . 03 . 5 . 2 . 2 . 11 . 04 ,""Belanja makanan dan minuman pelatihan  sosialisasi  penyuluhan "",10125000,";;;
1.02 . 1.02.01 . 45 . 03 . 5 . 2 . 2 . 15 ,Belanja Perjalanan Dinas ,6560000,;;;
1.02 . 1.02.01 . 45 . 03 . 5 . 2 . 2 . 15 . 01 ,Belanja Perjalanan Dinas Dalam Daerah ,5600000,;;;
1.02 . 1.02.01 . 45 . 03 . 5 . 2 . 2 . 15 . 02 ,Belanja Perjalanan Dinas Luar Daerah ,960000,;;;
1.02 . 1.02.01 . 45 . 03 . 5 . 2 . 2 . 27 ,Belanja Tenaga Ahli/Instruktur/Narasumber ,8900000,;;;
1.02 . 1.02.01 . 45 . 03 . 5 . 2 . 2 . 27 . 01 ,Jasa Tenaga Ahli/Instruktur/Narasumber ,8900000,;;;
1.02 . 1.02.01 . 45 . 04 ,Peningkatan Perilaku Hidup Bersih dan Sehat (PHBS) ,51052000,Sumber Dana :  Lokasi Kegiatan : Lingkup Kabupaten;;;
1.02 . 1.02.01 . 45 . 04 . 5 . 2 . 1 ,Belanja Pegawai ,1325000,;;;
1.02 . 1.02.01 . 45 . 04 . 5 . 2 . 1 . 01 ,Honorarium PNS ,1325000,;;;
1.02 . 1.02.01 . 45 . 04 . 5 . 2 . 1 . 01 . 01 ,Honorarium Panitia Pelaksana Kegiatan ,850000,;;;
1.02 . 1.02.01 . 45 . 04 . 5 . 2 . 1 . 01 . 02 ,Honorarium Tim Pengadaan Barang Dan Jasa ,475000,;;;
1.02 . 1.02.01 . 45 . 04 . 5 . 2 . 2 ,Belanja Barang dan Jasa ,39727000,;;;
1.02 . 1.02.01 . 45 . 04 . 5 . 2 . 2 . 01 ,Belanja Bahan Pakai Habis ,514500,;;;
1.02 . 1.02.01 . 45 . 04 . 5 . 2 . 2 . 01 . 01 ,Belanja Alat Tulis Kantor ,514500,;;;
1.02 . 1.02.01 . 45 . 04 . 5 . 2 . 2 . 03 ,Belanja Jasa Kantor ,15000000,;;;
1.02 . 1.02.01 . 45 . 04 . 5 . 2 . 2 . 03 . 26 ,Belanja Jasa Event Organizer/Atraksi Kesenian ,15000000,;;;
1.02 . 1.02.01 . 45 . 04 . 5 . 2 . 2 . 06 ,Belanja Cetak dan Penggandaan ,11427500,;;;
1.02 . 1.02.01 . 45 . 04 . 5 . 2 . 2 . 06 . 01 ,Belanja Cetak ,9770000,;;;
1.02 . 1.02.01 . 45 . 04 . 5 . 2 . 2 . 06 . 02 ,Belanja Penggandaan ,1657500,;;;
1.02 . 1.02.01 . 45 . 04 . 5 . 2 . 2 . 07 ,Belanja Sewa Rumah/Gedung/Gudang/Parkir ,400000,;;;
1.02 . 1.02.01 . 45 . 04 . 5 . 2 . 2 . 07 . 02 ,Belanja Sewa Gedung/Kantor/Tempat ,400000,;;;
1.02 . 1.02.01 . 45 . 04 . 5 . 2 . 2 . 11 ,Belanja Makanan dan  Minuman ,8515000,;;;
1.02 . 1.02.01 . 45 . 04 . 5 . 2 . 2 . 11 . 02 ,Belanja Makanan Dan Minuman Rapat ,2790000,;;;
"1.02 . 1.02.01 . 45 . 04 . 5 . 2 . 2 . 11 . 04 ,""Belanja makanan dan minuman pelatihan  sosialisasi  penyuluhan "",5725000,";;;
1.02 . 1.02.01 . 45 . 04 . 5 . 2 . 2 . 15 ,Belanja Perjalanan Dinas ,2520000,;;;
1.02 . 1.02.01 . 45 . 04 . 5 . 2 . 2 . 15 . 01 ,Belanja Perjalanan Dinas Dalam Daerah ,2520000,;;;
1.02 . 1.02.01 . 45 . 04 . 5 . 2 . 2 . 27 ,Belanja Tenaga Ahli/Instruktur/Narasumber ,1350000,;;;
1.02 . 1.02.01 . 45 . 04 . 5 . 2 . 2 . 27 . 01 ,Jasa Tenaga Ahli/Instruktur/Narasumber ,1350000,;;;
1.02 . 1.02.01 . 45 . 04 . 5 . 2 . 3 ,Belanja Modal ,10000000,;;;
1.02 . 1.02.01 . 45 . 04 . 5 . 2 . 3 . 27 ,Belanja Modal Peralatan dan Mesin - Pengadaan Alat Kantor ,10000000,;;;
"1.02 . 1.02.01 . 45 . 04 . 5 . 2 . 3 . 27 . 05 ,Belanja Modal Peralatan dan Mesin - Pengadaan Alat Kantor Lainnya ,10000000,Papan Visuil Baliho pesan PHBS ""2 buah x 5.000.000 00 = 10.000.000 00""";;;
1.02 . 1.02.01 . 45 . 05 ,Pemberdayaan Upaya Kesehatan Berbasis Masyarakat (UKBM) ,57671000,Sumber Dana :  Lokasi Kegiatan : Lingkup Kabupaten;;;
1.02 . 1.02.01 . 45 . 05 . 5 . 2 . 1 ,Belanja Pegawai ,19455000,;;;
1.02 . 1.02.01 . 45 . 05 . 5 . 2 . 1 . 01 ,Honorarium PNS ,11505000,;;;
1.02 . 1.02.01 . 45 . 05 . 5 . 2 . 1 . 01 . 01 ,Honorarium Panitia Pelaksana Kegiatan ,11505000,;;;
1.02 . 1.02.01 . 45 . 05 . 5 . 2 . 1 . 02 ,Honorarium Non PNS ,7950000,;;;
1.02 . 1.02.01 . 45 . 05 . 5 . 2 . 1 . 02 . 03 ,Honorarium Harian ,7950000,;;;
1.02 . 1.02.01 . 45 . 05 . 5 . 2 . 2 ,Belanja Barang dan Jasa ,38216000,;;;
1.02 . 1.02.01 . 45 . 05 . 5 . 2 . 2 . 01 ,Belanja Bahan Pakai Habis ,2019850,;;;
1.02 . 1.02.01 . 45 . 05 . 5 . 2 . 2 . 01 . 01 ,Belanja Alat Tulis Kantor ,2019850,;;;
1.02 . 1.02.01 . 45 . 05 . 5 . 2 . 2 . 06 ,Belanja Cetak dan Penggandaan ,8946150,;;;
1.02 . 1.02.01 . 45 . 05 . 5 . 2 . 2 . 06 . 01 ,Belanja Cetak ,5000000,;;;
1.02 . 1.02.01 . 45 . 05 . 5 . 2 . 2 . 06 . 02 ,Belanja Penggandaan ,3946150,;;;
1.02 . 1.02.01 . 45 . 05 . 5 . 2 . 2 . 07 ,Belanja Sewa Rumah/Gedung/Gudang/Parkir ,300000,;;;
1.02 . 1.02.01 . 45 . 05 . 5 . 2 . 2 . 07 . 03 ,Belanja Sewa Ruang Rapat/Pertemuan ,300000,;;;
1.02 . 1.02.01 . 45 . 05 . 5 . 2 . 2 . 11 ,Belanja Makanan dan  Minuman ,19870000,;;;
1.02 . 1.02.01 . 45 . 05 . 5 . 2 . 2 . 11 . 02 ,Belanja Makanan Dan Minuman Rapat ,6175000,;;;
"1.02 . 1.02.01 . 45 . 05 . 5 . 2 . 2 . 11 . 04 ,""Belanja makanan dan minuman pelatihan  sosialisasi  penyuluhan "",13695000,";;;
1.02 . 1.02.01 . 45 . 05 . 5 . 2 . 2 . 15 ,Belanja Perjalanan Dinas ,4905000,;;;
1.02 . 1.02.01 . 45 . 05 . 5 . 2 . 2 . 15 . 01 ,Belanja Perjalanan Dinas Dalam Daerah ,4905000,;;;
1.02 . 1.02.01 . 45 . 05 . 5 . 2 . 2 . 27 ,Belanja Tenaga Ahli/Instruktur/Narasumber ,2175000,;;;
1.02 . 1.02.01 . 45 . 05 . 5 . 2 . 2 . 27 . 01 ,Jasa Tenaga Ahli/Instruktur/Narasumber ,2175000,;;;
1.02 . 1.02.01 . 45 . 06 ,Keselamatan Ibu dan Bayi ,128488400,Sumber Dana :  Lokasi Kegiatan : Lingkup Kabupaten;;;
1.02 . 1.02.01 . 45 . 06 . 5 . 2 . 1 ,Belanja Pegawai ,18895000,;;;
1.02 . 1.02.01 . 45 . 06 . 5 . 2 . 1 . 01 ,Honorarium PNS ,12015000,;;;
1.02 . 1.02.01 . 45 . 06 . 5 . 2 . 1 . 01 . 01 ,Honorarium Panitia Pelaksana Kegiatan ,12015000,;;;
1.02 . 1.02.01 . 45 . 06 . 5 . 2 . 1 . 02 ,Honorarium Non PNS ,5280000,;;;
1.02 . 1.02.01 . 45 . 06 . 5 . 2 . 1 . 02 . 03 ,Honorarium Harian ,5280000,;;;
1.02 . 1.02.01 . 45 . 06 . 5 . 2 . 1 . 03 ,Uang Lembur ,1600000,;;;
1.02 . 1.02.01 . 45 . 06 . 5 . 2 . 1 . 03 . 01 ,Uang Lembur PNS ,1600000,;;;
1.02 . 1.02.01 . 45 . 06 . 5 . 2 . 2 ,Belanja Barang dan Jasa ,109593400,;;;
1.02 . 1.02.01 . 45 . 06 . 5 . 2 . 2 . 01 ,Belanja Bahan Pakai Habis ,1973400,;;;
1.02 . 1.02.01 . 45 . 06 . 5 . 2 . 2 . 01 . 01 ,Belanja Alat Tulis Kantor ,1973400,;;;
1.02 . 1.02.01 . 45 . 06 . 5 . 2 . 2 . 06 ,Belanja Cetak dan Penggandaan ,23225000,;;;
1.02 . 1.02.01 . 45 . 06 . 5 . 2 . 2 . 06 . 01 ,Belanja Cetak ,21440000,;;;
1.02 . 1.02.01 . 45 . 06 . 5 . 2 . 2 . 06 . 02 ,Belanja Penggandaan ,1785000,;;;
1.02 . 1.02.01 . 45 . 06 . 5 . 2 . 2 . 11 ,Belanja Makanan dan  Minuman ,54895000,;;;
1.02 . 1.02.01 . 45 . 06 . 5 . 2 . 2 . 11 . 01 ,Belanja Makanan Dan Minuman Harian Pegawai ,1800000,;;;
1.02 . 1.02.01 . 45 . 06 . 5 . 2 . 2 . 11 . 02 ,Belanja Makanan Dan Minuman Rapat ,17250000,;;;
"1.02 . 1.02.01 . 45 . 06 . 5 . 2 . 2 . 11 . 04 ,""Belanja makanan dan minuman pelatihan  sosialisasi  penyuluhan "",35845000,";;;
1.02 . 1.02.01 . 45 . 06 . 5 . 2 . 2 . 15 ,Belanja Perjalanan Dinas ,4000000,;;;
1.02 . 1.02.01 . 45 . 06 . 5 . 2 . 2 . 15 . 01 ,Belanja Perjalanan Dinas Dalam Daerah ,3360000,;;;
1.02 . 1.02.01 . 45 . 06 . 5 . 2 . 2 . 15 . 02 ,Belanja Perjalanan Dinas Luar Daerah ,640000,;;;
1.02 . 1.02.01 . 45 . 06 . 5 . 2 . 2 . 27 ,Belanja Tenaga Ahli/Instruktur/Narasumber ,25500000,;;;
1.02 . 1.02.01 . 45 . 06 . 5 . 2 . 2 . 27 . 01 ,Jasa Tenaga Ahli/Instruktur/Narasumber ,25500000,;;;
1.02 . 1.02.01 . 46 ,Program Pelayanan Medis ,19003620071,;;;
1.02 . 1.02.01 . 46 . 01 ,Pengadaan Obat dan Perbekalan Kesehatan ,2066552547,Sumber Dana :  Lokasi Kegiatan : Lingkup kabupaten;;;
1.02 . 1.02.01 . 46 . 01 . 5 . 2 . 1 ,Belanja Pegawai ,23463000,;;;
1.02 . 1.02.01 . 46 . 01 . 5 . 2 . 1 . 01 ,Honorarium PNS ,20735000,;;;
1.02 . 1.02.01 . 46 . 01 . 5 . 2 . 1 . 01 . 01 ,Honorarium Panitia Pelaksana Kegiatan ,11835000,;;;
1.02 . 1.02.01 . 46 . 01 . 5 . 2 . 1 . 01 . 02 ,Honorarium Tim Pengadaan Barang Dan Jasa ,8900000,;;;
1.02 . 1.02.01 . 46 . 01 . 5 . 2 . 1 . 03 ,Uang Lembur ,2728000,;;;
1.02 . 1.02.01 . 46 . 01 . 5 . 2 . 1 . 03 . 01 ,Uang Lembur PNS ,2728000,;;;
1.02 . 1.02.01 . 46 . 01 . 5 . 2 . 2 ,Belanja Barang dan Jasa ,2043089547,;;;
1.02 . 1.02.01 . 46 . 01 . 5 . 2 . 2 . 01 ,Belanja Bahan Pakai Habis ,201687400,;;;
1.02 . 1.02.01 . 46 . 01 . 5 . 2 . 2 . 01 . 01 ,Belanja Alat Tulis Kantor ,1687400,;;;
1.02 . 1.02.01 . 46 . 01 . 5 . 2 . 2 . 01 . 12 ,Belanja Peralatan Pendukung Pengobatan ,200000000,;;;
1.02 . 1.02.01 . 46 . 01 . 5 . 2 . 2 . 02 ,Belanja Bahan/Material ,1804795747,;;;
1.02 . 1.02.01 . 46 . 01 . 5 . 2 . 2 . 02 . 04 ,Belanja Bahan Obat-Obatan ,1804795747,Pengadaan Obat dan perbekalan kesehatan non E catalog  Dinas Kesehatan (DAK : 95.041.890;" DAU : 9.504.189). ""1 pt x 104.546.079 00 = 104.546.079 00""";;
1.02 . 1.02.01 . 46 . 01 . 5 . 2 . 2 . 06 ,Belanja Cetak dan Penggandaan ,2125000,;;;
1.02 . 1.02.01 . 46 . 01 . 5 . 2 . 2 . 06 . 02 ,Belanja Penggandaan ,2125000,;;;
1.02 . 1.02.01 . 46 . 01 . 5 . 2 . 2 . 11 ,Belanja Makanan dan  Minuman ,13194000,;;;
1.02 . 1.02.01 . 46 . 01 . 5 . 2 . 2 . 11 . 01 ,Belanja Makanan Dan Minuman Harian Pegawai ,3456000,;;;
1.02 . 1.02.01 . 46 . 01 . 5 . 2 . 2 . 11 . 02 ,Belanja Makanan Dan Minuman Rapat ,9738000,;;;
1.02 . 1.02.01 . 46 . 01 . 5 . 2 . 2 . 15 ,Belanja Perjalanan Dinas ,21287400,;;;
1.02 . 1.02.01 . 46 . 01 . 5 . 2 . 2 . 15 . 01 ,Belanja Perjalanan Dinas Dalam Daerah ,13860000,;;;
1.02 . 1.02.01 . 46 . 01 . 5 . 2 . 2 . 15 . 02 ,Belanja Perjalanan Dinas Luar Daerah ,7427400,;;;
1.02 . 1.02.01 . 46 . 06 ,Kesiapsiagaan Penanggulangan Masalah Kesehatan dan Bencana ,57480000,Sumber Dana :  Lokasi Kegiatan : Lingkup kabupaten;;;
1.02 . 1.02.01 . 46 . 06 . 5 . 2 . 1 ,Belanja Pegawai ,2060000,;;;
1.02 . 1.02.01 . 46 . 06 . 5 . 2 . 1 . 01 ,Honorarium PNS ,2060000,;;;
1.02 . 1.02.01 . 46 . 06 . 5 . 2 . 1 . 01 . 01 ,Honorarium Panitia Pelaksana Kegiatan ,2060000,;;;
1.02 . 1.02.01 . 46 . 06 . 5 . 2 . 2 ,Belanja Barang dan Jasa ,55420000,;;;
1.02 . 1.02.01 . 46 . 06 . 5 . 2 . 2 . 01 ,Belanja Bahan Pakai Habis ,16264000,;;;
1.02 . 1.02.01 . 46 . 06 . 5 . 2 . 2 . 01 . 01 ,Belanja Alat Tulis Kantor ,1821250,;;;
1.02 . 1.02.01 . 46 . 06 . 5 . 2 . 2 . 01 . 15 ,Belanja Perawatan Kesehatan ,14442750,;;;
1.02 . 1.02.01 . 46 . 06 . 5 . 2 . 2 . 03 ,Belanja Jasa Kantor ,150000,;;;
1.02 . 1.02.01 . 46 . 06 . 5 . 2 . 2 . 03 . 13 ,Belanja Dokumentasi ,150000,;;;
1.02 . 1.02.01 . 46 . 06 . 5 . 2 . 2 . 06 ,Belanja Cetak dan Penggandaan ,1406000,;;;
1.02 . 1.02.01 . 46 . 06 . 5 . 2 . 2 . 06 . 02 ,Belanja Penggandaan ,1406000,;;;
1.02 . 1.02.01 . 46 . 06 . 5 . 2 . 2 . 11 ,Belanja Makanan dan  Minuman ,22550000,;;;
1.02 . 1.02.01 . 46 . 06 . 5 . 2 . 2 . 11 . 02 ,Belanja Makanan Dan Minuman Rapat ,8100000,;;;
"1.02 . 1.02.01 . 46 . 06 . 5 . 2 . 2 . 11 . 04 ,""Belanja makanan dan minuman pelatihan  sosialisasi  penyuluhan "",14450000,";;;
1.02 . 1.02.01 . 46 . 06 . 5 . 2 . 2 . 13 ,Belanja Pakaian Kerja ,1890000,;;;
1.02 . 1.02.01 . 46 . 06 . 5 . 2 . 2 . 13 . 01 ,Belanja Pakaian Kerja Lapangan ,1890000,;;;
1.02 . 1.02.01 . 46 . 06 . 5 . 2 . 2 . 15 ,Belanja Perjalanan Dinas ,3760000,;;;
1.02 . 1.02.01 . 46 . 06 . 5 . 2 . 2 . 15 . 01 ,Belanja Perjalanan Dinas Dalam Daerah ,2800000,;;;
1.02 . 1.02.01 . 46 . 06 . 5 . 2 . 2 . 15 . 02 ,Belanja Perjalanan Dinas Luar Daerah ,960000,;;;
1.02 . 1.02.01 . 46 . 06 . 5 . 2 . 2 . 27 ,Belanja Tenaga Ahli/Instruktur/Narasumber ,9400000,;;;
1.02 . 1.02.01 . 46 . 06 . 5 . 2 . 2 . 27 . 01 ,Jasa Tenaga Ahli/Instruktur/Narasumber ,9400000,;;;
1.02 . 1.02.01 . 46 . 07 ,Pelayanan Kesehatan Jiwa dan Indera ,20000000,Sumber Dana :  Lokasi Kegiatan : Lingkup kabupaten;;;
1.02 . 1.02.01 . 46 . 07 . 5 . 2 . 1 ,Belanja Pegawai ,900000,;;;
1.02 . 1.02.01 . 46 . 07 . 5 . 2 . 1 . 02 ,Honorarium Non PNS ,900000,;;;
1.02 . 1.02.01 . 46 . 07 . 5 . 2 . 1 . 02 . 03 ,Honorarium Harian ,900000,;;;
1.02 . 1.02.01 . 46 . 07 . 5 . 2 . 2 ,Belanja Barang dan Jasa ,19100000,;;;
1.02 . 1.02.01 . 46 . 07 . 5 . 2 . 2 . 01 ,Belanja Bahan Pakai Habis ,1407300,;;;
1.02 . 1.02.01 . 46 . 07 . 5 . 2 . 2 . 01 . 01 ,Belanja Alat Tulis Kantor ,1407300,;;;
1.02 . 1.02.01 . 46 . 07 . 5 . 2 . 2 . 03 ,Belanja Jasa Kantor ,408000,;;;
1.02 . 1.02.01 . 46 . 07 . 5 . 2 . 2 . 03 . 15 ,Belanja Publikasi ,408000,;;;
1.02 . 1.02.01 . 46 . 07 . 5 . 2 . 2 . 06 ,Belanja Cetak dan Penggandaan ,3154700,;;;
1.02 . 1.02.01 . 46 . 07 . 5 . 2 . 2 . 06 . 01 ,Belanja Cetak ,2000000,;;;
1.02 . 1.02.01 . 46 . 07 . 5 . 2 . 2 . 06 . 02 ,Belanja Penggandaan ,1154700,;;;
1.02 . 1.02.01 . 46 . 07 . 5 . 2 . 2 . 11 ,Belanja Makanan dan  Minuman ,9200000,;;;
1.02 . 1.02.01 . 46 . 07 . 5 . 2 . 2 . 11 . 02 ,Belanja Makanan Dan Minuman Rapat ,1750000,;;;
"1.02 . 1.02.01 . 46 . 07 . 5 . 2 . 2 . 11 . 04 ,""Belanja makanan dan minuman pelatihan  sosialisasi  penyuluhan "",7450000,";;;
1.02 . 1.02.01 . 46 . 07 . 5 . 2 . 2 . 15 ,Belanja Perjalanan Dinas ,1480000,;;;
1.02 . 1.02.01 . 46 . 07 . 5 . 2 . 2 . 15 . 01 ,Belanja Perjalanan Dinas Dalam Daerah ,1160000,;;;
1.02 . 1.02.01 . 46 . 07 . 5 . 2 . 2 . 15 . 02 ,Belanja Perjalanan Dinas Luar Daerah ,320000,;;;
1.02 . 1.02.01 . 46 . 07 . 5 . 2 . 2 . 27 ,Belanja Tenaga Ahli/Instruktur/Narasumber ,3450000,;;;
1.02 . 1.02.01 . 46 . 07 . 5 . 2 . 2 . 27 . 01 ,Jasa Tenaga Ahli/Instruktur/Narasumber ,3450000,;;;
1.02 . 1.02.01 . 46 . 08 ,Pelayanan Laboratorium Kesehatan ,63090000,Sumber Dana :  Lokasi Kegiatan : Lingkup kabupaten;;;
1.02 . 1.02.01 . 46 . 08 . 5 . 2 . 1 ,Belanja Pegawai ,20819700,;;;
1.02 . 1.02.01 . 46 . 08 . 5 . 2 . 1 . 06 ,Honorarium Pelayanan Kesehatan ,20819700,;;;
1.02 . 1.02.01 . 46 . 08 . 5 . 2 . 1 . 06 . 01 ,Honorarium Pelayanan Kesehatan ,20819700,;;;
1.02 . 1.02.01 . 46 . 08 . 5 . 2 . 2 ,Belanja Barang dan Jasa ,32470300,;;;
1.02 . 1.02.01 . 46 . 08 . 5 . 2 . 2 . 01 ,Belanja Bahan Pakai Habis ,7720300,;;;
1.02 . 1.02.01 . 46 . 08 . 5 . 2 . 2 . 01 . 01 ,Belanja Alat Tulis Kantor ,1250500,;;;
1.02 . 1.02.01 . 46 . 08 . 5 . 2 . 2 . 01 . 08 ,Belanja Pengisian Tabung Gas ,930000,;;;
1.02 . 1.02.01 . 46 . 08 . 5 . 2 . 2 . 01 . 16 ,Belanja Penunjang Pemeriksaan Laboratorium Kesehatan ,5539800,;;;
1.02 . 1.02.01 . 46 . 08 . 5 . 2 . 2 . 02 ,Belanja Bahan/Material ,23905000,;;;
1.02 . 1.02.01 . 46 . 08 . 5 . 2 . 2 . 02 . 05 ,Belanja Bahan Kimia dan Pupuk ,23905000,;;;
1.02 . 1.02.01 . 46 . 08 . 5 . 2 . 2 . 06 ,Belanja Cetak dan Penggandaan ,845000,;;;
1.02 . 1.02.01 . 46 . 08 . 5 . 2 . 2 . 06 . 01 ,Belanja Cetak ,460000,;;;
1.02 . 1.02.01 . 46 . 08 . 5 . 2 . 2 . 06 . 02 ,Belanja Penggandaan ,385000,;;;
1.02 . 1.02.01 . 46 . 08 . 5 . 2 . 3 ,Belanja Modal ,9800000,;;;
1.02 . 1.02.01 . 46 . 08 . 5 . 2 . 3 . 36 ,Belanja Modal Peralatan dan Mesin - Pengadaan Unit-Unit Laboratorium ,9800000,;;;
"1.02 . 1.02.01 . 46 . 08 . 5 . 2 . 3 . 36 . 01 ,Belanja Modal Peralatan dan Mesin - Pengadaan Alat Laboratorium Kimia Air,9800000,Alat ukur parameter warna ""1 bh x 3.800.000 00 = 3.800.000 00"" Alat ukur sisa chlor ""1 bh x 6.000.000 00 = 6.000.000 00""";;;
1.02 . 1.02.01 . 46 . 10 ,Perijinan dan Pemantauan Pelayanan Kesehatan Swasta ,28078000,Sumber Dana :  Lokasi Kegiatan : Lingkup kabupaten;;;
1.02 . 1.02.01 . 46 . 10 . 5 . 2 . 1 ,Belanja Pegawai ,7490000,;;;
1.02 . 1.02.01 . 46 . 10 . 5 . 2 . 1 . 01 ,Honorarium PNS ,7490000,;;;
1.02 . 1.02.01 . 46 . 10 . 5 . 2 . 1 . 01 . 01 ,Honorarium Panitia Pelaksana Kegiatan ,7490000,;;;
1.02 . 1.02.01 . 46 . 10 . 5 . 2 . 2 ,Belanja Barang dan Jasa ,20588000,;;;
1.02 . 1.02.01 . 46 . 10 . 5 . 2 . 2 . 01 ,Belanja Bahan Pakai Habis ,1290500,;;;
1.02 . 1.02.01 . 46 . 10 . 5 . 2 . 2 . 01 . 01 ,Belanja Alat Tulis Kantor ,1290500,;;;
1.02 . 1.02.01 . 46 . 10 . 5 . 2 . 2 . 06 ,Belanja Cetak dan Penggandaan ,832500,;;;
1.02 . 1.02.01 . 46 . 10 . 5 . 2 . 2 . 06 . 02 ,Belanja Penggandaan ,832500,;;;
1.02 . 1.02.01 . 46 . 10 . 5 . 2 . 2 . 11 ,Belanja Makanan dan  Minuman ,4470000,;;;
1.02 . 1.02.01 . 46 . 10 . 5 . 2 . 2 . 11 . 02 ,Belanja Makanan Dan Minuman Rapat ,4470000,;;;
1.02 . 1.02.01 . 46 . 10 . 5 . 2 . 2 . 15 ,Belanja Perjalanan Dinas ,13995000,;;;
1.02 . 1.02.01 . 46 . 10 . 5 . 2 . 2 . 15 . 01 ,Belanja Perjalanan Dinas Dalam Daerah ,13035000,;;;
1.02 . 1.02.01 . 46 . 10 . 5 . 2 . 2 . 15 . 02 ,Belanja Perjalanan Dinas Luar Daerah ,960000,;;;
1.02 . 1.02.01 . 46 . 13 ,Penyediaan Fasilitas Perawatan Kesehatan bagi Penderita Akibat Asap Rokok,1698891500,Sumber Dana :  Lokasi Kegiatan : Lingkup kabupaten;;;
1.02 . 1.02.01 . 46 . 13 . 5 . 2 . 1 ,Belanja Pegawai ,10922000,;;;
1.02 . 1.02.01 . 46 . 13 . 5 . 2 . 1 . 01 ,Honorarium PNS ,10250000,;;;
1.02 . 1.02.01 . 46 . 13 . 5 . 2 . 1 . 01 . 01 ,Honorarium Panitia Pelaksana Kegiatan ,10250000,;;;
1.02 . 1.02.01 . 46 . 13 . 5 . 2 . 1 . 03 ,Uang Lembur ,672000,;;;
1.02 . 1.02.01 . 46 . 13 . 5 . 2 . 1 . 03 . 01 ,Uang Lembur PNS ,672000,;;;
1.02 . 1.02.01 . 46 . 13 . 5 . 2 . 2 ,Belanja Barang dan Jasa ,14009800,;;;
1.02 . 1.02.01 . 46 . 13 . 5 . 2 . 2 . 01 ,Belanja Bahan Pakai Habis ,1719500,;;;
1.02 . 1.02.01 . 46 . 13 . 5 . 2 . 2 . 01 . 01 ,Belanja Alat Tulis Kantor ,1719500,;;;
1.02 . 1.02.01 . 46 . 13 . 5 . 2 . 2 . 03 ,Belanja Jasa Kantor ,229500,;;;
1.02 . 1.02.01 . 46 . 13 . 5 . 2 . 2 . 03 . 13 ,Belanja Dokumentasi ,229500,;;;
1.02 . 1.02.01 . 46 . 13 . 5 . 2 . 2 . 06 ,Belanja Cetak dan Penggandaan ,2644800,;;;
1.02 . 1.02.01 . 46 . 13 . 5 . 2 . 2 . 06 . 02 ,Belanja Penggandaan ,2644800,;;;
1.02 . 1.02.01 . 46 . 13 . 5 . 2 . 2 . 11 ,Belanja Makanan dan  Minuman ,4506000,;;;
1.02 . 1.02.01 . 46 . 13 . 5 . 2 . 2 . 11 . 01 ,Belanja Makanan Dan Minuman Harian Pegawai ,756000,;;;
1.02 . 1.02.01 . 46 . 13 . 5 . 2 . 2 . 11 . 02 ,Belanja Makanan Dan Minuman Rapat ,3750000,;;;
1.02 . 1.02.01 . 46 . 13 . 5 . 2 . 2 . 15 ,Belanja Perjalanan Dinas ,4910000,;;;
1.02 . 1.02.01 . 46 . 13 . 5 . 2 . 2 . 15 . 01 ,Belanja Perjalanan Dinas Dalam Daerah ,800000,;;;
1.02 . 1.02.01 . 46 . 13 . 5 . 2 . 2 . 15 . 02 ,Belanja Perjalanan Dinas Luar Daerah ,4110000,;;;
1.02 . 1.02.01 . 46 . 13 . 5 . 2 . 3 ,Belanja Modal ,1673959700,;;;
1.02 . 1.02.01 . 46 . 13 . 5 . 2 . 3 . 34 ,Belanja Modal Peralatan dan Mesin - Pengadaan Alat Kedokteran ,1673959700,;;;
"1.02 . 1.02.01 . 46 . 13 . 5 . 2 . 3 . 34 . 01 ,Belanja Modal Peralatan dan Mesin - Pengadaan Alat Kedokteran Umum ,1673959700, Belanja alat kesehatan tabung oksigen + regulator ""8 unit x 2.970.400 00 = 23.763.200 00"" tensimeter air raksa ""8 unit x 5.568.200 00 = 44.545.600 00"" stetoskop ""11 unit x 1.458.000 00 = 16.038.000 00"" He analizer ""2 unit x 278.456.200 00 = 556.912.400 00"" Nebulizer ""4 unit x 21.238.100 00 = 84.952.400 00"" EKG 3 channel ""3 unit x 115.115.000 00 = 345.345.000 00"" Mikroskop binokuler ""2 unit x 52.188.250 00 = 104.376.500 00"" Chemistry analizer ""1 unit x 494.501.600 00 = 494.501.600 00"" Panitia Penerima/pemriksa Ketua ""1 org/bln x 300.000 00 = 300.000 00"" sekretaris ""1 org/bln x 250.000 00 = 250.000 00"" anggota ""3 org/bln x 200.000 00 = 600.000 00"" Penggandaan Fotocopy ""2 800 lbr x 175 00 = 490.000 00"" Jilid ""8 eks x 25.000 00 = 200.000 00"" ATK pengadaan stopmap kertas ""10 bh x 800 00 = 8.000 00"" stopmap plastik folio ""4 bh x 6.500 00 = 26.000 00"" stapler ""2 bh x 13.000 00 = 26.000 00"" Makanan minuman rapat Rapat persiapan pengadaan ""45 org/kl x 25.000 00 = 1.125.000 00"" Rapat tim pemeriksa/penerima ""20 org/kl x 25.000 00 = 500.000 00""";;;
1.02 . 1.02.01 . 46 . 14 ,Sertifikasi dan Pemantauan Industri/Pengelola Makanan ,22995000,Sumber Dana :  Lokasi Kegiatan : Lingkup kabupaten;;;
1.02 . 1.02.01 . 46 . 14 . 5 . 2 . 2 ,Belanja Barang dan Jasa ,22995000,;;;
1.02 . 1.02.01 . 46 . 14 . 5 . 2 . 2 . 01 ,Belanja Bahan Pakai Habis ,2568000,;;;
1.02 . 1.02.01 . 46 . 14 . 5 . 2 . 2 . 01 . 01 ,Belanja Alat Tulis Kantor ,2568000,;;;
1.02 . 1.02.01 . 46 . 14 . 5 . 2 . 2 . 03 ,Belanja Jasa Kantor ,2655000,;;;
1.02 . 1.02.01 . 46 . 14 . 5 . 2 . 2 . 03 . 23 ,Belanja Jasa Analisa/Pemeriksaan Laboratorium ,2655000,;;;
1.02 . 1.02.01 . 46 . 14 . 5 . 2 . 2 . 06 ,Belanja Cetak dan Penggandaan ,2382000,;;;
1.02 . 1.02.01 . 46 . 14 . 5 . 2 . 2 . 06 . 02 ,Belanja Penggandaan ,2382000,;;;
1.02 . 1.02.01 . 46 . 14 . 5 . 2 . 2 . 11 ,Belanja Makanan dan  Minuman ,6990000,;;;
1.02 . 1.02.01 . 46 . 14 . 5 . 2 . 2 . 11 . 02 ,Belanja Makanan Dan Minuman Rapat ,1740000,;;;
"1.02 . 1.02.01 . 46 . 14 . 5 . 2 . 2 . 11 . 04 ,""Belanja makanan dan minuman pelatihan  sosialisasi  penyuluhan "",5250000,";;;
1.02 . 1.02.01 . 46 . 14 . 5 . 2 . 2 . 15 ,Belanja Perjalanan Dinas ,6000000,;;;
1.02 . 1.02.01 . 46 . 14 . 5 . 2 . 2 . 15 . 01 ,Belanja Perjalanan Dinas Dalam Daerah ,3360000,;;;
1.02 . 1.02.01 . 46 . 14 . 5 . 2 . 2 . 15 . 02 ,Belanja Perjalanan Dinas Luar Daerah ,2640000,;;;
1.02 . 1.02.01 . 46 . 14 . 5 . 2 . 2 . 27 ,Belanja Tenaga Ahli/Instruktur/Narasumber ,2400000,;;;
1.02 . 1.02.01 . 46 . 14 . 5 . 2 . 2 . 27 . 01 ,Jasa Tenaga Ahli/Instruktur/Narasumber ,2400000,;;;
"1.02 . 1.02.01 . 46 . 15 ,""Pengadaan  Perbaikan dan Peningkatan Sarana Pelayanan Kesehatan "",15011533024,Sumber Dana :  Lokasi Kegiatan : Lingkup kabupaten";;;
1.02 . 1.02.01 . 46 . 15 . 5 . 2 . 1 ,Belanja Pegawai ,10624000,;;;
1.02 . 1.02.01 . 46 . 15 . 5 . 2 . 1 . 01 ,Honorarium PNS ,9600000,;;;
1.02 . 1.02.01 . 46 . 15 . 5 . 2 . 1 . 01 . 01 ,Honorarium Panitia Pelaksana Kegiatan ,9600000,;;;
1.02 . 1.02.01 . 46 . 15 . 5 . 2 . 1 . 03 ,Uang Lembur ,1024000,;;;
1.02 . 1.02.01 . 46 . 15 . 5 . 2 . 1 . 03 . 01 ,Uang Lembur PNS ,1024000,;;;
1.02 . 1.02.01 . 46 . 15 . 5 . 2 . 2 ,Belanja Barang dan Jasa ,24001850,;;;
1.02 . 1.02.01 . 46 . 15 . 5 . 2 . 2 . 01 ,Belanja Bahan Pakai Habis ,2229850,;;;
1.02 . 1.02.01 . 46 . 15 . 5 . 2 . 2 . 01 . 01 ,Belanja Alat Tulis Kantor ,2229850,;;;
1.02 . 1.02.01 . 46 . 15 . 5 . 2 . 2 . 03 ,Belanja Jasa Kantor ,300000,;;;
1.02 . 1.02.01 . 46 . 15 . 5 . 2 . 2 . 03 . 13 ,Belanja Dokumentasi ,300000,;;;
1.02 . 1.02.01 . 46 . 15 . 5 . 2 . 2 . 06 ,Belanja Cetak dan Penggandaan ,1840000,;;;
1.02 . 1.02.01 . 46 . 15 . 5 . 2 . 2 . 06 . 02 ,Belanja Penggandaan ,1840000,;;;
1.02 . 1.02.01 . 46 . 15 . 5 . 2 . 2 . 11 ,Belanja Makanan dan  Minuman ,5472000,;;;
1.02 . 1.02.01 . 46 . 15 . 5 . 2 . 2 . 11 . 01 ,Belanja Makanan Dan Minuman Harian Pegawai ,1152000,;;;
1.02 . 1.02.01 . 46 . 15 . 5 . 2 . 2 . 11 . 02 ,Belanja Makanan Dan Minuman Rapat ,4320000,;;;
1.02 . 1.02.01 . 46 . 15 . 5 . 2 . 2 . 15 ,Belanja Perjalanan Dinas ,14160000,;;;
1.02 . 1.02.01 . 46 . 15 . 5 . 2 . 2 . 15 . 01 ,Belanja Perjalanan Dinas Dalam Daerah ,7760000,;;;
1.02 . 1.02.01 . 46 . 15 . 5 . 2 . 2 . 15 . 02 ,Belanja Perjalanan Dinas Luar Daerah ,6400000,;;;
1.02 . 1.02.01 . 46 . 15 . 5 . 2 . 3 ,Belanja Modal ,14976907174,;;;
1.02 . 1.02.01 . 46 . 15 . 5 . 2 . 3 . 11 ,Belanja Modal Tanah - Pengadaan Tanah Untuk Bangunan Gedung ,112944250,;;;
"1.02 . 1.02.01 . 46 . 15 . 5 . 2 . 3 . 11 . 04 ,Belanja Modal Tanah - Pengadaan Tanah Untuk Bangunan Tempat Kerja/Jasa,112944250,ATK (perencanaan) kertas ""5 rim x 45.000 00 = 225.000 00"" flashdisk ""2 bh x 145.000 00 = 290.000 00"" refill toner ""4 bh x 179.000 00 = 716.000 00"" ballpoint biasa ""10 bh x 2.950 00 = 29.500 00"" amplop ""2 dos x 16.900 00 = 33.800 00"" snel plastik ""10 bh x 6.950 00 = 69.500 00"" snel kertas ""10 bh x 1.100 00 = 11.000 00"" stopmap plastik ""10 bh x 6.500 00 = 65.000 00"" stopmap kertas ""25 bh x 800 00 = 20.000 00"" stapler ""2 bh x 17.000 00 = 34.000 00"" staples ""10 dos x 2.750 00 = 27.500 00"" file box keranjang ""3 bh x 19.000 00 = 57.000 00"" binder clip no 105 ""6 bh x 4.500 00 = 27.000 00"" binder clip no 111 ""6 bh x 3.200 00 = 19.200 00"" binder clip no 155 ""6 bh x 3.500 00 = 21.000 00"" binder clip no 260 ""6 bh x 11.500 00 = 69.000 00"" stopmap odner ""6 bh x 23.000 00 = 138.000 00"" paper klip no 3 ""6 dos x 26.000 00 = 156.000 00"" paper klip no 5 ""6 dos x 4.000 00 = 24.000 00"" Penggandaan (perencanaan) fotocopy ""2 000 lbr x 175 00 = 350.000 00"" Dokumentasi (perencanaan) cetak foto ""200 lbr x 1.500 00 = 300.000 00"" Rapat tim (perencanaan) uang makan ""125 org/kl x 25.000 00 = 3.125.000 00"" Sosialisasi dan koordinasi (perencanaan) manmin sosialisasi ""125 org/kl x 25.000 00 = 3.125.000 00"" uang saku peserta ""125 org/hr x 20.000 00 = 2.500.000 00"" honor nara sumber ""3 kl x 450.000 00 = 1.350.000 00"" Honor(perencanaan) ketua ""3 org/bln x 250.000 00 = 750.000 00"" sekretaris ""3 org/bln x 175.000 00 = 525.000 00"" anggota ""30 org/bln x 150.000 00 = 4.500.000 00"" staf administrasi ""6 org/bln x 125.000 00 = 750.000 00"" Perjalanan dinas (perencanaan) gol III ""30 org/kl x 40.000 00 = 1.200.000 00"" gol II ""12 org/kl x 35.000 00 = 420.000 00"" alat ukur tanah (perencanaan) meteran ""1 bh x 100.000 00 = 100.000 00"" patok ""125 bh x 115.000 00 = 14.375.000 00"" konsultasi publik (persiapan) manmin ""125 org/kl x 25.000 00 = 3.125.000 00"" dokumentasi (Persiapan) cetak foto ""100 lbr x 1.500 00 = 150.000 00"" ATK (persiapan ) kertas ""4 rim x 45.000 00 = 180.000 00"" flashdisk ""2 bh x 145.000 00 = 290.000 00"" refill toner ""2 bh x 179.000 00 = 358.000 00"" amplop ""2 dos x 16.900 00 = 33.800 00"" snel plastik ""10 bh x 6.950 00 = 69.500 00"" snel kertas ""10 bh x 1.100 00 = 11.000 00"" stopmap plastik ""10 bh x 6.500 00 = 65.000 00"" stopmap kertas ""75 bh x 800 00 = 60.000 00"" stapler ""2 bh x 17.000 00 = 34.000 00"" staples ""15 dos x 2.750 00 = 41.250 00"" file box keranjang ""5 bh x 19.000 00 = 95.000 00"" binder clip no 105 ""6 bh x 4.500 00 = 27.000 00"" binder clip no 111 ""6 bh x 3.200 00 = 19.200 00"" binder clip no 155 ""6 bh x 3.500 00 = 21.000 00"" binder clip no 260 ""6 bh x 11.500 00 = 69.000 00"" stopmap odner ""6 bh x 23.000 00 = 138.000 00"" paper clip no 3 ""6 dos x 26.000 00 = 156.000 00"" paper clip no 5 ""6 dos x 4.000 00 = 24.000 00"" rapat tim (persiapan) uang makan ""125 org/kl x 25.000 00 = 3.125.000 00"" uang saku peserta sosialisasi ""125 org/kl x 20.000 00 = 2.500.000 00"" Publikasi (persiapan ) iklan media massa ""2 kl x 1.500.000 00 = 3.000.000 00"" biaya perkara di PTUN ""2 kl x 11.000.000 00 = 22.000.000 00"" Honor (persiapan ) ketua ""2 org/bln x 1.600.000 00 = 3.200.000 00"" sekretaris ""2 org/bln x 1.300.000 00 = 2.600.000 00"" anggota ""20 org/bln x 1.100.000 00 = 22.000.000 00"" staf sekretariat ""6 org/bln x 800.000 00 = 4.800.000 00"" Perjalanan dinas (persiapan) dalam kab (Gol. III) ""75 org/kl x 40.000 00 = 3.000.000 00"" ke prop (Gol. III) ""75 org/kl x 80.000 00 = 6.000.000 00"" penggandaan (persiapan) fotocopy ""2 000 lbr x 175 00 = 350.000 00""";;;
A,Belanja Modal Peralatan dan Mesin - Pengadaan Alat-alat Bantu ,773366369,;;;
"1.02 . 1.02.01 . 46 . 15 . 5 . 2 . 3 . 16 . 04 ,Belanja Modal Peralatan dan Mesin - Pengadaan Electric Generating Set ,773366369,Electric Generating Set Lain-lain Pengadaan Generator dan Instalasinya ""1 set x 763.010.119 00 = 763.010.119 00"" Jasa konsultan ""1 paket x 10.000.000 00 = 10.000.000 00"" Penggandaan ""1 750 lembar x 175 00 = 306.250 00"" Jilid kontrak ""5 eks x 10.000 00 = 50.000 00""";;;
1.02 . 1.02.01 . 46 . 15 . 5 . 2 . 3 . 29 ,Belanja Modal Peralatan dan Mesin - Pengadaan  Komputer ,586100000,;;;
1.02 . 1.02.01 . 46 . 15 . 5 . 2 . 3 . 29 . 01 ,Belanja Modal Peralatan dan Mesin - Pengadaan Komputer Unit Jaringan ,436000000,Server untuk Puskesmas (DAK : 360.000.000;" DAU : 36.000.000) ""22 Unit x 18.000.000 00 = 396.000.000 00"" Server untuk Dinkes (DAK : 36.363.636";" DAU : 3.636.364) ""1 Unit x 40.000.000 00 = 40.000.000 00""";
1.02 . 1.02.01 . 46 . 15 . 5 . 2 . 3 . 29 . 02 ,Belanja Modal Peralatan dan Mesin - Pengadaan Personal Komputer ,133100000, Pengadaan Komputer Komputer AIO (DAK: 46.363.636;" DAK: 3.636.364) ""6 Unit x 8.500.000 00 = 51.000.000 00"" Komputer Touchsmart front office (DAK : 10.454.546";" DAU : 4.636.364) ""1 Unit x 11.500.000 00 = 11.500.000 00"" Komputer desktop (DAK : 63.636.363";" DAU : 6.363.637) ""10 unit x 7.000.000 00 = 70.000.000 00"" Honor panitia pemeriksa/ penerima hasil pengadaan Ketua ""1 orang/bln x 250.000 00 = 250.000 00"" Sekretaris ""1 or/bln x 200.000 00 = 200.000 00"" Anggota ""1 or/bn x 150.000 00 = 150.000 00"""
1.02 . 1.02.01 . 46 . 15 . 5 . 2 . 3 . 29 . 03 ,Belanja Modal Peralatan dan Mesin - Pengadaan Peralatan Komputer Mainframe,12000000,Windows Server 2012 (DAK : 10.909.091;" DAU : 1.090.909) ""1 buah x 12.000.000 00 = 12.000.000 00""";;
1.02 . 1.02.01 . 46 . 15 . 5 . 2 . 3 . 29 . 06 ,Belanja Modal Peralatan dan Mesin - Pengadaan Peralatan Jaringan ,5000000,Rack server ( DAK : 4.545.454;" DAU : 454.546) ""1 buah x 5.000.000 00 = 5.000.000 00""";;
1.02 . 1.02.01 . 46 . 15 . 5 . 2 . 3 . 31 ,Belanja Modal Peralatan dan Mesin - Pengadaan Alat Studio ,57500000,;;;
1.02 . 1.02.01 . 46 . 15 . 5 . 2 . 3 . 31 . 01 ,Belanja Modal Peralatan dan Mesin - Pengadaan Peralatan Studio Visual ,57500000,TV Display (DAK : 36.590.909;" DAU: 3.659.091) ""1 unit x 40.250.000 00 = 40.250.000 00"" Kamera DSLR ( DAK : 10.454.545";" DAU : 1.045.455) ""1 unit x 11.500.000 00 = 11.500.000 00"" Handy Cam (DAK : 5.227.273";" DAU : 522.727) ""1 unit x 5.750.000 00 = 5.750.000 00"""
1.02 . 1.02.01 . 46 . 15 . 5 . 2 . 3 . 34 ,Belanja Modal Peralatan dan Mesin - Pengadaan Alat Kedokteran ,1954222080,;;;
"1.02 . 1.02.01 . 46 . 15 . 5 . 2 . 3 . 34 . 01 ,Belanja Modal Peralatan dan Mesin - Pengadaan Alat Kedokteran Umum ,1954222080,Tambahan cukai rokok : Peralatan Gawat Darurat Patient trolly ""2 set x 20.162.835 00 = 40.325.670 00"" Emergency troliy ""4 unit x 10.454.400 00 = 41.817.600 00"" Kursi roda ""3 unit x 4.508.460 00 = 13.525.380 00"" Examination table ""6 set x 10.895.445 00 = 65.372.670 00"" Tensimeter air raksa ""4 buah x 4.283.176 00 = 17.132.704 00"" Stetoskop ""4 buah x 336.000 00 = 1.344.000 00"" Suction pump ""1 unit x 34.787.500 00 = 34.787.500 00"" Bedside Monitor ""2 unit x 160.022.500 00 = 320.045.000 00"" Laryngoscope ""2 unit x 26.829.024 00 = 53.658.048 00"" Ultrasonic Nebulizer ""1 unit x 16.336.000 00 = 16.336.000 00"" Resucitation set for childrent ""1 unit x 6.567.000 00 = 6.567.000 00"" Resucitation set for adult ""1 unit x 7.965.000 00 = 7.965.000 00"" Neck collar with bag ""5 unit x 2.001.000 00 = 10.005.000 00"" Instrumen trolly ""4 set x 7.764.000 00 = 31.056.000 00"" Almari instrumen ""4 set x 8.891.000 00 = 35.564.000 00"" Syringe Pump ""1 unit x 43.136.500 00 = 43.136.500 00"" Elektro Surgery unit ""1 unit x 327.988.064 00 = 327.988.064 00"" Gunting iris SS ""3 pc x 145.412 00 = 436.236 00"" ""Gunting kornea  lengkung (castroveijo)  SS"" ""3 pc x 1.457.000 00 = 4.371.000 00"" ""Gunting lengkung  ujung tajam (metzenbaum)  18 cm  SS"" ""3 pc x 194.000 00 = 582.000 00"" ""Gunting lengkung  ujung tumpul (metzenbaum)  18 cm  SS"" ""3 pc x 194.000 00 = 582.000 00"" ""Gunting lurus  ujung tajam (metzenbaum)  18 cm  SS"" ""3 pc x 194.000 00 = 582.000 00"" ""Gunting lurus  ujung tumpul (metzenbaum)  18 cm  SS"" ""3 pc x 194.000 00 = 582.000 00"" ""Gunting mayo lurus  17 cm  SS"" ""2 pc x 194.000 00 = 388.000 00"" ""Gunting pembuka jahitan  14 cm  SS"" ""3 pc x 170.000 00 = 510.000 00"" Jarum jahit lengkung 1/2 lingkaran penampang bulat (1 pack isi 12 pc) ""12 pack x 24.000 00 = 288.000 00"" Jarum jahit lengkung 1/2 lingkaran penampang segitiga (1 pack isi 12 pc) ""12 pack x 24.970 00 = 299.640 00"" Jarum jahit lengkung 3/8 lingkaran penampang bulat (1 pack isi 12 pc) ""12 pack x 24.970 00 = 299.640 00"" Jarum jahit lengkung 3/8 lingkaran penampang segitiga (1 pack isi 12 pc) ""12 pack x 24.970 00 = 299.640 00"" Kauter ""1 buah x 68.336.287 00 = 68.336.287 00"" ""Klem arteri 12 cm  lengkung dengan gigi 1x2 (halstead-mosquito)  SS"" ""3 pc x 145.412 00 = 436.236 00"" ""Klem arteri 12 cm  lengkung tanpa gigi  (halstead-mosquito)  SS"" ""3 pcs x 145.412 00 = 436.236 00"" ""Klem arteri 12 cm  lurus dengan gigi 1x2 (halstead-mosquito)  SS"" ""3 pcs x 145.412 00 = 436.236 00"" ""Klem arteri 12 cm  llurus tanpa gigi (halstead-mosquito)  SS"" ""3 pcs x 145.412 00 = 436.236 00"" ""Klem arteri lurus (kelly) 14 cm  SS"" ""6 pcs x 145.412 00 = 872.472 00"" ""Klem/pemegang jarum jahit dengan kunci  10 cm  SS"" ""2 pc x 1.457.318 00 = 2.914.636 00"" ""Klem/pemegang jarum jahit (mathieu standar) 14 cm  SS"" ""2 pcs x 607.529 00 = 1.215.058 00"" ""Klem/ penjepit kain (kocher-backhaus)/ duk klem  SS"" ""4 pcs x 170.737 00 = 682.948 00"" ""Korentang  lengkung  penjepit alat steril  27 cm (cheattle)  SS"" ""2 pcs x 472.971 00 = 945.942 00"" ""Korentang  penjepit sponge (foerster  25 cm  SS"" ""2 pcs x 315.731 00 = 631.462 00"" ""Pinset anatomis  14 cm  SS"" ""2 pcs x 102.136 00 = 204.272 00"" ""Pinset anatomis  18 cm  SS"" ""2 pcs x 168.928 00 = 337.856 00"" ""Pinset bedah  14 cm  SS"" ""2 pcs x 102.136 00 = 204.272 00"" ""Pinset bedah  18 cm  SS"" ""2 pcs x 168.928 00 = 337.856 00"" ""Skalpel  mata pisau bedah No. 10 (1 box isi 100 pcs)"" ""1 box x 121.550 00 = 121.550 00"" ""Skalpel  tangkai pisau operasi No. 3  SS"" ""1 pc x 97.405 00 = 97.405 00"" ""Sonde pengukur dalam luka  14 cm  SS"" ""1 pc x 97.405 00 = 97.405 00"" Baki logam tempat alat steril ""1 buah x 441.523 00 = 441.523 00"" ""Meja instrumen  Mayo berstandar"" ""1 buah x 6.011.280 00 = 6.011.280 00"" Torniket ""2 buah x 24.970 00 = 49.940 00"" Tromol kasa/ kain steril ""1 buah x 727.337 00 = 727.337 00"" ""Resuscitator Adult  child  infant"" ""1 set x 20.944.858 00 = 20.944.858 00"" Intubation set ""1 unit x 9.169.985 00 = 9.169.985 00"" Obstetric surgical instrumen set ""1 unit x 11.204.497 00 = 11.204.497 00"" Tambahan cukai rokok : Poliklinik Set Tensi meter air raksa ""4 buah x 4.283.176 00 = 17.132.704 00"" Stetoskop ""4 buah x 336.743 00 = 1.346.972 00"" Kaca kepala ""3 bh x 111.980 00 = 335.940 00"" Palu pengukurreflek ""3 pc x 145.412 00 = 436.236 00"" Tes buta warna ""3 bh x 243.430 00 = 730.290 00"" ""Gunting bedah standart  lengkung ujung tajam/tajam   14cm  ss"" ""3 pc x 145.412 00 = 436.236 00"" ""Gunting bedah standart  lengkung ujung tajam/tumpul  14cm  ss"" ""3 pc x 145.412 00 = 436.236 00"" ""Gunting bedah standart  lengkung ujung tumpul/tumpul  14cm  ss"" ""3 pc x 145.412 00 = 436.236 00"" ""Gunting bedah standart  lurus ujung tajam/tajam  14cm  ss"" ""3 bh x 145.412 00 = 436.236 00"" ""Gunting bedah standart  lurus ujung tajam/umpul  14cm  ss"" ""3 pc x 145.412 00 = 436.236 00"" ""Gunting bedah standart  lurus ujung tumpul/tumpul  14cm  ss"" ""3 pc x 145.412 00 = 436.236 00"" Semprit untuk telinga dan luka ""1 bh x 192.830 00 = 192.830 00"" Examination Table ""6 set x 10.895.445 00 = 65.372.670 00"" Examination Lame ""6 set x 13.436.881 00 = 80.621.286 00"" ""Speculum Vagina (cocor bebek ) S M L SS"" ""2 set x 1.712.797 00 = 3.425.594 00"" ""Speculum SIMS (S M L SS)"" ""2 pc x 4.371.119 00 = 8.742.238 00"" Timbangan dewasa ""2 bh x 159.940 00 = 319.880 00"" ""Bilatator komplit hegar(8 pcs )  SS"" ""1 pc x 2.063.595 00 = 2.063.595 00"" Gunting pembalut (lister)18 cm ""1 pc x 219.579 00 = 219.579 00"" ""Klem arteri  lurus (kelly)  14 cm  SS"" ""2 pc x 145.412 00 = 290.824 00"" ""Kuret untuk abortus dan jaringan plasenta (bumm)  32 cm  SS"" ""1 pc x 582.899 00 = 582.899 00"" ""Kuret untuk uterus (sims)  26 cm  SS"" ""1 pc x 582.899 00 = 582.899 00"" ""Pinset bedah  14 cm  SS"" ""4 pc x 102.136 00 = 408.544 00"" ""Pinset bedah  18 cm  SS"" ""4 pc x 168.928 00 = 675.712 00"" ""Tang jaringan plasenta/abortus  32 cm (kelly)  SS"" ""1 pc x 970.850 00 = 970.850 00"" ""Tang kepala dari Nagele  SS"" ""1 pc x 3.399.435 00 = 3.399.435 00"" Vakum ekstraktor manual ""1 bh x 18.911.042 00 = 18.911.042 00"" Standar infus ""3 bh x 2.003.760 00 = 6.011.280 00"" ""Resuscitator Adult  Child  Infant"" ""1 set x 20.944.858 00 = 20.944.858 00"" Oksigen Set Besar ""1 bh x 3.850.000 00 = 3.850.000 00"" ""Skalpel  mata pisau bedah No. 10 (1 Box isi 100 pcs)"" ""6 box x 121.550 00 = 729.300 00"" ""Skalpel  tangkai pisau operasi  No. 3  SS"" ""2 pc x 97.405 00 = 194.810 00"" Lampu kepala (Head Lamp) + adaptor ""3 bh x 1.916.750 00 = 5.750.250 00"" Tambahan cukai rokok : Peralatan Rawat Inap Troli linen 35302A ""4 unit x 15.463.800 00 = 61.855.200 00"" Troli Laundry 35301 ""4 unit x 6.751.800 00 = 27.007.200 00"" Stainless food trolley ""4 unit x 23.740.200 00 = 94.960.800 00"" Emergency Trolley ""5 unit x 10.454.400 00 = 52.272.000 00"" Instrument trolley ""5 unit x 6.751.800 00 = 33.759.000 00"" Dressing Trooley 35102 ""5 unit x 10.890.000 00 = 54.450.000 00"" Tiang infus ""30 unit x 1.742.400 00 = 52.272.000 00"" Oksigen set besar ""10 unit x 3.850.000 00 = 38.500.000 00"" Trolley obat emergency ""3 unit x 15.463.800 00 = 46.391.400 00"" Patient trolly ""2 unit x 20.162.835 00 = 40.325.670 00"" Tambahan pajak rokok : ATK Kertas HVS Folio 70 gram ""5 rim x 45.000 00 = 225.000 00"" Refill Toner ""1 buah x 179.000 00 = 179.000 00"" Snelhekter kertas folio ""8 bh x 1.100 00 = 8.800 00"" Stopmaf plastik ""7 bh x 6.500 00 = 45.500 00"" Stopmaf kertas ""10 bh x 800 00 = 8.000 00"" Tambahan pajak rokok : Penggandaan Foto kopi ""2 000 lbr x 175 00 = 350.000 00"" Foto kopi kontrak ""3 500 eks/lbr x 175 00 = 612.500 00"" Jilid kontrak ""5 eks x 20.000 00 = 100.000 00"" Tambahan pajak rokok : Panitia Penerima/Pemeriksa Ketua ""1 org/bl x 350.000 00 = 350.000 00"" Sekretaris ""1 org/bln x 300.000 00 = 300.000 00"" Anggota ""1 org/bln x 250.000 00 = 250.000 00""";;;
1.02 . 1.02.01 . 46 . 15 . 5 . 2 . 3 . 49 ,Belanja Modal Gedung dan Bangunan - Pengadaan Bangunan Gedung Tempat Kerja,11492774475,;;;
1.02 . 1.02.01 . 46 . 15 . 5 . 2 . 3 . 49 . 01 ,Belanja Modal Gedung dan Bangunan - Pengadaan Bangunan Gedung Kantor,11492774475,Rehabilitasi Puskesmas dan jaringannya Rehab Puskesmas Kokap I (2 lantai) (DAK: 2.005.446.364;" DAU : 200.544.636) ""1 unit x 2.205.991.000 00 = 2.205.991.000 00"" Pembangunan RD Paramedis Puskesmas Kokap I (DAK : 237.272.727";" DAU : 23.727.273) ""1 unit x 261.000.000 00 = 261.000.000 00"" Pembangunan RD Paramedis Puskesmas Panjatan I (DAK : 474.545.455";" DAU : 47.454.545) ""2 unit x 261.000.000 00 = 522.000.000 00"" Honor Panitia penerima hasil pekerjaan (Direksi Lapangan) ketua ""3 org/bln x 400.000 00 = 1.200.000 00"" sekretaris ""3 org/bln x 350.000 00 = 1.050.000 00"" anggota ""9 org/bln x 300.000 00 = 2.700.000 00"" penggandaan fotocopy ""4 000 lbr x 175 00 = 700.000 00"" fotocopy kontrak ""5 250 keg/eks/lb x 175 00 = 918.750 00"" jilid kontrak ""15 eks x 10.000 00 = 150.000 00"" ATK kertas ""4 rim x 45.000 00 = 180.000 00"" refill toner ""1 bh x 179.000 00 = 179.000 00"" snel kertas ""5 bh x 1.100 00 = 5.500 00"" stopmap plastik ""5 bh x 6.500 00 = 32.500 00"" stopmap kertas ""5 bh x 800 00 = 4.000 00"" jasa konsultan perencanaan teknis ""1 pt x 95.000.000 00 = 95.000.000 00"" pengawasan teknis ""1 pt x 75.000.000 00 = 75.000.000 00"" Pembangunan RSUD Nyi Ageng Serang ""Pembangunan gedung laundry  CSSD"" ""225 m2 x 4.354.000 00 = 979.650.000 00"" ""Pembangunan kamar jenazah  gudang  garasi"" ""345 m2 x 4.354.000 00 = 1.502.130.000 00"" pembangunan instalasi gizi/dapur ""260 m2 x 4.354.000 00 = 1.132.040.000 00"" pembangunan instalasi radiologi ""260 m2 x 4.354.000 00 = 1.132.040.000 00"" pembangunan instalasi kebidanan dan kandungan ""350 m2 x 4.354.000 00 = 1.523.900.000 00"" jasa konsultan perencanaan teknis ""1 pt x 132.000.000 00 = 132.000.000 00"" pengawasan teknis ""1 pt x 75.000.000 00 = 75.000.000 00"" penggandaan fotocopy ""5 621 lbr x 175 00 = 983.675 00"" fotocopy kontrak ""8 750 keg/eks/lbr x 175 00 = 1.531.250 00"" jilid kontrak ""25 eks x 10.000 00 = 250.000 00"" ATK kertas HVS folio 70 grm ""5 rim x 45.000 00 = 225.000 00"" refill toner ""1 bh x 179.000 00 = 179.000 00"" snel kertas ""8 bh x 1.100 00 = 8.800 00"" stopmap plastik ""7 bh x 6.500 00 = 45.500 00"" stopmap kertas ""10 bh x 800 00 = 8.000 00"" dana pajak rokok Pembangunan Gedung IRNA Kelas II ""265 m2 x 4.354.000 00 = 1.153.810.000 00"" Pembanguan Gedung Generator ""30  m2 x 2.400.000 00 = 72.000.000 00"" Pemb Parkir Spd Motor ""90  m2 x 2.000.000 00 = 180.000.000 00"" Pekerjaan Pagar ""120 m2 x 1.109.000 00 = 133.080.000 00"" Pekerjaan Paving Blok ""550 m2 x 109.000 00 = 59.950.000 00"" Pekerjaan Selasar ""40 m2 x 3.110.000 00 = 124.400.000 00"" Pekerjaan Saluran Limbah ""79 m2 x 780.000 00 = 61.620.000 00"" Jasa Konsultansi Jasa Konsultasi Perencanaan Teknis ""1 pkt x 40.000.000 00 = 40.000.000 00"" Jasa Konsultan Pengawasan Teknis ""1 Pkt x 20.000.000 00 = 20.000.000 00"" Pejabat Pengadaan konstruksi ""2  org/bln x 250.000 00 = 500.000 00"" Pejabat Pengadaan konsultansi ""1 org x 250.000 00 = 250.000 00"" Administrasi Foto kopi ""2 000  lbr x 175 00 = 350.000 00"" Foto kopi kontrak ""3 500 keg/eks/lbr x 175 00 = 612.500 00"" Jilid kontrak ""10 keg/eks x 10.000 00 = 100.000 00"""
"1.02 . 1.02.01 . 46 . 16 ,""Pengelolaan Obat  Perbekalan Kesehatan dan Pemantauan Peredaran OMKABA"",35000000,Sumber Dana :  Lokasi Kegiatan : Lingkup kabupaten";;;
1.02 . 1.02.01 . 46 . 16 . 5 . 2 . 1 ,Belanja Pegawai ,14215000,;;;
1.02 . 1.02.01 . 46 . 16 . 5 . 2 . 1 . 01 ,Honorarium PNS ,11415000,;;;
1.02 . 1.02.01 . 46 . 16 . 5 . 2 . 1 . 01 . 01 ,Honorarium Panitia Pelaksana Kegiatan ,11415000,;;;
1.02 . 1.02.01 . 46 . 16 . 5 . 2 . 1 . 03 ,Uang Lembur ,2800000,;;;
1.02 . 1.02.01 . 46 . 16 . 5 . 2 . 1 . 03 . 01 ,Uang Lembur PNS ,2800000,;;;
1.02 . 1.02.01 . 46 . 16 . 5 . 2 . 2 ,Belanja Barang dan Jasa ,20785000,;;;
1.02 . 1.02.01 . 46 . 16 . 5 . 2 . 2 . 01 ,Belanja Bahan Pakai Habis ,863400,;;;
1.02 . 1.02.01 . 46 . 16 . 5 . 2 . 2 . 01 . 01 ,Belanja Alat Tulis Kantor ,863400,;;;
1.02 . 1.02.01 . 46 . 16 . 5 . 2 . 2 . 02 ,Belanja Bahan/Material ,3136600,;;;
1.02 . 1.02.01 . 46 . 16 . 5 . 2 . 2 . 02 . 06 ,Belanja Bahan Percontohan ,3136600,;;;
1.02 . 1.02.01 . 46 . 16 . 5 . 2 . 2 . 06 ,Belanja Cetak dan Penggandaan ,610000,;;;
1.02 . 1.02.01 . 46 . 16 . 5 . 2 . 2 . 06 . 02 ,Belanja Penggandaan ,610000,;;;
1.02 . 1.02.01 . 46 . 16 . 5 . 2 . 2 . 11 ,Belanja Makanan dan  Minuman ,9770000,;;;
1.02 . 1.02.01 . 46 . 16 . 5 . 2 . 2 . 11 . 01 ,Belanja Makanan Dan Minuman Harian Pegawai ,3870000,;;;
1.02 . 1.02.01 . 46 . 16 . 5 . 2 . 2 . 11 . 02 ,Belanja Makanan Dan Minuman Rapat ,5900000,;;;
1.02 . 1.02.01 . 46 . 16 . 5 . 2 . 2 . 15 ,Belanja Perjalanan Dinas ,6405000,;;;
1.02 . 1.02.01 . 46 . 16 . 5 . 2 . 2 . 15 . 01 ,Belanja Perjalanan Dinas Dalam Daerah ,6405000,;;;
,SURPLUS / (DEFISIT) ,-70418488966.62,;;;
