Judul,Penjabaran APBD,,
Daerah,Kabupaten Kulon Progo,,
Tahun,2015,,
Kode Organisasi,1.17.01,,
Nama Organisasi,Dinas Pariwisata Pemuda dan Olahraga,,
Kolom,4,,
,,,
No. Rekening,Uraian,Jumlah,Keterangan
1.17 . 1.17.01 . 00 . 00 . 4 ,PENDAPATAN ,1751000000,
1.17 . 1.17.01 . 00 . 00 . 4 . 1 ,PENDAPATAN ASLI DAERAH ,1751000000,
1.17 . 1.17.01 . 00 . 00 . 4 . 1 . 2 ,Hasil Retribusi Daerah ,1751000000,
1.17 . 1.17.01 . 00 . 00 . 4 . 1 . 2 . 02 ,Retribusi Jasa Usaha ,1751000000,
"1.17 . 1.17.01 . 00 . 00 . 4 . 1 . 2 . 02 . 03 ,Retribusi Pemakaian Kekayaan Daerah - Ruangan ,50050000,""Peraturan Daerah Kabupaten Kulon Progo Nomor 10 Tahun 2011 tentang Retribusi Pemakaian Kekayaan Daerah  Lembaran Daerah Kabupaten Kulon Progo Tahun 2011 Nomor 4 Seri C sebagaimana telah diubah dengan Peraturan Daerah Kabupaten Kulon Progo Nomor 8 Tahun 2014  Lembaran Daerah Kabupaten Kulon Progo Tahun 2014 Nomor 8  TLD Nomor 18"""
"1.17 . 1.17.01 . 00 . 00 . 4 . 1 . 2 . 02 . 04 ,Retribusi Pemakaian Kekayaan Daerah - Kendaraan Bermotor ,6500000,""Peraturan Daerah Kabupaten Kulon Progo Nomor 10 Tahun 2011 tentang Retribusi Pemakaian Kekayaan Daerah  Lembaran Daerah Kabupaten Kulon Progo Tahun 2011 Nomor 4 Seri C sebagaimana telah diubah dengan Peraturan Daerah Kabupaten Kulon Progo Nomor 8 Tahun 2014  Lembaran Daerah Kabupaten Kulon Progo Tahun 2014 Nomor 8  TLD Nomor 18"""
"1.17 . 1.17.01 . 00 . 00 . 4 . 1 . 2 . 02 . 16 ,Retribusi Tempat Khusus Parkir ,8300000,""Peraturan Daerah Kabupaten Kulon Progo Nomor 3 Tahun 2011 tentang Retribusi Tempat Khusus Parkir  Lembaran Daerah Kabupaten Kulon Progo Tahun 2011 Nomor 2 Seri C"""
"1.17 . 1.17.01 . 00 . 00 . 4 . 1 . 2 . 02 . 21 ,Retribusi Tempat Rekreasi dan Olahraga ,1686150000,""Peraturan Daerah Kabupaten Kulon Progo Nomor 8 Tahun 2013 tentang Perubahan Atas Peraturan Daerah Kabupaten Kulon Progo Nomor 1 Tahun 2010 tentang Retribusi Tempat Rekreasi dan Olah Raga  Lembaran Daerah Kabupaten Kulon Progo Tahun 2013 Nomor 8"""
1.17 . 1.17.01 . 00 . 00 . 5 ,BELANJA ,5724051309.5,
1.17 . 1.17.01 . 00 . 00 . 5 . 1 ,BELANJA TIDAK LANGSUNG ,2961385484.5,
1.17 . 1.17.01 . 00 . 00 ,Non Kegiatan ,2961385484.5,Sumber Dana : 
1.17 . 1.17.01 . 00 . 00 . 5 . 1 . 1 ,Belanja Pegawai ,2961385484.5,
1.17 . 1.17.01 . 00 . 00 . 5 . 1 . 1 . 01 ,Belanja Gaji dan Tunjangan ,2926859672,
1.17 . 1.17.01 . 00 . 00 . 5 . 1 . 1 . 01 . 01 ,Gaji Pokok PNS/Uang Representasi ,2231796486,
1.17 . 1.17.01 . 00 . 00 . 5 . 1 . 1 . 01 . 02 ,Tunjangan Keluarga ,220134490,
1.17 . 1.17.01 . 00 . 00 . 5 . 1 . 1 . 01 . 03 ,Tunjangan Jabatan ,202865000,
1.17 . 1.17.01 . 00 . 00 . 5 . 1 . 1 . 01 . 05 ,Tunjangan Fungsional Umum ,82134000,
1.17 . 1.17.01 . 00 . 00 . 5 . 1 . 1 . 01 . 06 ,Tunjangan Beras ,131193447,
1.17 . 1.17.01 . 00 . 00 . 5 . 1 . 1 . 01 . 07 ,Tunjangan PPh/Tunjangan Khusus ,58701374,
1.17 . 1.17.01 . 00 . 00 . 5 . 1 . 1 . 01 . 08 ,Pembulatan Gaji ,34875,
1.17 . 1.17.01 . 00 . 00 . 5 . 1 . 1 . 06 ,Insentif Pemungutan Retribusi Daerah ,34525812.5,
1.17 . 1.17.01 . 00 . 00 . 5 . 1 . 1 . 06 . 16 ,Insentif Pemungutan Retribusi Daerah - Pemakaian Kekayaan Daerah ,2827500,
1.17 . 1.17.01 . 00 . 00 . 5 . 1 . 1 . 06 . 20 ,Insentif Pemungutan Retribusi Daerah - Tempat Khusus Parkir ,83000,
1.17 . 1.17.01 . 00 . 00 . 5 . 1 . 1 . 06 . 24 ,Insentif Pemungutan Retribusi Daerah - Tempat Rekreasi dan Olah raga ,31615312.5,
1.17 . 1.17.01 . 01 . 26 . 5 . 2 ,BELANJA LANGSUNG ,2762665825,
1.17 . 1.17.01 . 01 ,Program Pelayanan Administrasi Perkantoran ,84619350,
1.17 . 1.17.01 . 01 . 26 ,Penyediaan Jasa dan Peralatan Perkantoran ,21794350,Sumber Dana :  Lokasi Kegiatan : Kulon Progo
1.17 . 1.17.01 . 01 . 26 . 5 . 2 . 2 ,Belanja Barang dan Jasa ,21794350,
1.17 . 1.17.01 . 01 . 26 . 5 . 2 . 2 . 01 ,Belanja Bahan Pakai Habis ,9442150,
1.17 . 1.17.01 . 01 . 26 . 5 . 2 . 2 . 01 . 01 ,Belanja Alat Tulis Kantor ,8542150,
"1.17 . 1.17.01 . 01 . 26 . 5 . 2 . 2 . 01 . 04 ,""Belanja Perangko  Materai Dan Benda Pos Lainnya "",900000,"
1.17 . 1.17.01 . 01 . 26 . 5 . 2 . 2 . 03 ,Belanja Jasa Kantor ,1280000,
1.17 . 1.17.01 . 01 . 26 . 5 . 2 . 2 . 03 . 05 ,Belanja Surat Kabar/Majalah ,1280000,
1.17 . 1.17.01 . 01 . 26 . 5 . 2 . 2 . 06 ,Belanja Cetak dan Penggandaan ,11072200,
1.17 . 1.17.01 . 01 . 26 . 5 . 2 . 2 . 06 . 01 ,Belanja Cetak ,2653000,
1.17 . 1.17.01 . 01 . 26 . 5 . 2 . 2 . 06 . 02 ,Belanja Penggandaan ,8419200,
1.17 . 1.17.01 . 01 . 27 ,Penyediaan Jasa  keuangan ,20700000,Sumber Dana :  Lokasi Kegiatan : Kulon Progo
1.17 . 1.17.01 . 01 . 27 . 5 . 2 . 1 ,Belanja Pegawai ,20700000,
1.17 . 1.17.01 . 01 . 27 . 5 . 2 . 1 . 01 ,Honorarium PNS ,20700000,
1.17 . 1.17.01 . 01 . 27 . 5 . 2 . 1 . 01 . 04 ,Honorarium Bendahara/Pengurus Barang ,20700000,
"1.17 . 1.17.01 . 01 . 28 ,""Penyediaan Rapat-Rapat   Konsultasi dan Koordinasi "",42125000,Sumber Dana :  Lokasi Kegiatan : Kabupaten Kulon Progo"
1.17 . 1.17.01 . 01 . 28 . 5 . 2 . 2 ,Belanja Barang dan Jasa ,42125000,
1.17 . 1.17.01 . 01 . 28 . 5 . 2 . 2 . 11 ,Belanja Makanan dan  Minuman ,8060000,
1.17 . 1.17.01 . 01 . 28 . 5 . 2 . 2 . 11 . 02 ,Belanja Makanan Dan Minuman Rapat ,7100000,
1.17 . 1.17.01 . 01 . 28 . 5 . 2 . 2 . 11 . 03 ,Belanja Makanan Dan Minuman Tamu ,960000,
1.17 . 1.17.01 . 01 . 28 . 5 . 2 . 2 . 15 ,Belanja Perjalanan Dinas ,34065000,
1.17 . 1.17.01 . 01 . 28 . 5 . 2 . 2 . 15 . 01 ,Belanja Perjalanan Dinas Dalam Daerah ,1765000,
1.17 . 1.17.01 . 01 . 28 . 5 . 2 . 2 . 15 . 02 ,Belanja Perjalanan Dinas Luar Daerah ,32300000,
1.17 . 1.17.01 . 11 ,Program Peningkatan Sarana dan Prasarana Perkantoran ,281422600,
1.17 . 1.17.01 . 11 . 01 ,Pengadaan Sarana dan Prasarana Perkantoran ,63402350,Sumber Dana :  Lokasi Kegiatan : Kulon Progo
1.17 . 1.17.01 . 11 . 01 . 5 . 2 . 3 ,Belanja Modal ,63402350,
1.17 . 1.17.01 . 11 . 01 . 5 . 2 . 3 . 17 ,Belanja Modal Peralatan dan Mesin - Pengadaan Alat Angkutan Darat Bermotor,15802350,
"1.17 . 1.17.01 . 11 . 01 . 5 . 2 . 3 . 17 . 05 ,Belanja Modal Peralatan dan Mesin - Pengadaan Kendaraan Bermotor Beroda Dua,15802350,Belanja kendaraan roda 2(dua) Sepeda motor ""1 unit x 15.000.000 00 = 15.000.000 00"" Administrasi pengadaan kertas HVS folio 70 grm ""1 rim x 45.000 00 = 45.000 00"" Refil tinta komputer ""1 dus x 35.000 00 = 35.000 00"" Stopmap kertas ""6 buah x 800 00 = 4.800 00"" snelhecter kertas folio ""15 buah x 1.100 00 = 16.500 00"" Fotocopy ""1 006 lembar x 175 00 = 176.050 00"" makan minum rapat ""75 orang/kali x 7.000 00 = 525.000 00"""
1.17 . 1.17.01 . 11 . 01 . 5 . 2 . 3 . 27 ,Belanja Modal Peralatan dan Mesin - Pengadaan Alat Kantor ,22000000,
"1.17 . 1.17.01 . 11 . 01 . 5 . 2 . 3 . 27 . 04 ,Belanja Modal Peralatan dan Mesin - Pengadaan Alat Penyimpanan Perlengkapan Kantor,12000000,Pengadaan filling kabinet Filling kabinet ""4 unit x 3.000.000 00 = 12.000.000 00"""
"1.17 . 1.17.01 . 11 . 01 . 5 . 2 . 3 . 27 . 05 ,Belanja Modal Peralatan dan Mesin - Pengadaan Alat Kantor Lainnya ,10000000,Soundsystem ""1 set x 10.000.000 00 = 10.000.000 00"""
1.17 . 1.17.01 . 11 . 01 . 5 . 2 . 3 . 28 ,Belanja Modal Peralatan dan Mesin - Pengadaan Alat Rumah Tangga ,2500000,
"1.17 . 1.17.01 . 11 . 01 . 5 . 2 . 3 . 28 . 01 ,Belanja Modal Peralatan dan Mesin - Pengadaan Meubelair ,2500000,Pengadaan Sice ""1 unit x 2.500.000 00 = 2.500.000 00"""
1.17 . 1.17.01 . 11 . 01 . 5 . 2 . 3 . 29 ,Belanja Modal Peralatan dan Mesin - Pengadaan  Komputer ,23100000,
"1.17 . 1.17.01 . 11 . 01 . 5 . 2 . 3 . 29 . 02 ,Belanja Modal Peralatan dan Mesin - Pengadaan Personal Komputer ,23100000,Komputer PC Pengadaan Komputer PC ""2 unit x 5.325.000 00 = 10.650.000 00"" Laptop ""2 unit x 6.225.000 00 = 12.450.000 00"""
1.17 . 1.17.01 . 11 . 02 ,Pemeliharaan Sarana dan Prasarana Perkantoran ,218020250,Sumber Dana :  Lokasi Kegiatan : Kulon Progo
1.17 . 1.17.01 . 11 . 02 . 5 . 2 . 1 ,Belanja Pegawai ,9381000,
1.17 . 1.17.01 . 11 . 02 . 5 . 2 . 1 . 02 ,Honorarium Non PNS ,9381000,
1.17 . 1.17.01 . 11 . 02 . 5 . 2 . 1 . 02 . 03 ,Honorarium Harian ,9381000,
1.17 . 1.17.01 . 11 . 02 . 5 . 2 . 2 ,Belanja Barang dan Jasa ,208639250,
1.17 . 1.17.01 . 11 . 02 . 5 . 2 . 2 . 01 ,Belanja Bahan Pakai Habis ,8655750,
"1.17 . 1.17.01 . 11 . 02 . 5 . 2 . 2 . 01 . 03 ,""Belanja Alat Listrik Dan Elektronik (Lampu Pijar  Battery Kering) "",4034000,"
1.17 . 1.17.01 . 11 . 02 . 5 . 2 . 2 . 01 . 05 ,Belanja Peralatan Kebersihan Dan Bahan Pembersih ,4621750,
1.17 . 1.17.01 . 11 . 02 . 5 . 2 . 2 . 02 ,Belanja Bahan/Material ,2879000,
1.17 . 1.17.01 . 11 . 02 . 5 . 2 . 2 . 02 . 01 ,Belanja Bahan Baku Bangunan ,2879000,
1.17 . 1.17.01 . 11 . 02 . 5 . 2 . 2 . 03 ,Belanja Jasa Kantor ,70875000,
1.17 . 1.17.01 . 11 . 02 . 5 . 2 . 2 . 03 . 01 ,Belanja Telepon ,6000000,
1.17 . 1.17.01 . 11 . 02 . 5 . 2 . 2 . 03 . 02 ,Belanja Air ,12000000,
1.17 . 1.17.01 . 11 . 02 . 5 . 2 . 2 . 03 . 03 ,Belanja Listrik ,52800000,
1.17 . 1.17.01 . 11 . 02 . 5 . 2 . 2 . 03 . 37 ,Belanja Retribusi/Pajak ,75000,
1.17 . 1.17.01 . 11 . 02 . 5 . 2 . 2 . 05 ,Belanja Perawatan Kendaraan Bermotor ,97152000,
1.17 . 1.17.01 . 11 . 02 . 5 . 2 . 2 . 05 . 01 ,Belanja Jasa Service ,2720000,
1.17 . 1.17.01 . 11 . 02 . 5 . 2 . 2 . 05 . 02 ,Belanja Penggantian Suku Cadang ,21322000,
1.17 . 1.17.01 . 11 . 02 . 5 . 2 . 2 . 05 . 03 ,Belanja Bahan Bakar Minyak/Gas Dan Pelumas ,67210000,
1.17 . 1.17.01 . 11 . 02 . 5 . 2 . 2 . 05 . 04 ,Belanja Jasa KIR ,350000,
1.17 . 1.17.01 . 11 . 02 . 5 . 2 . 2 . 05 . 05 ,Belanja Pajak Kendaraan Bermotor ,5550000,
1.17 . 1.17.01 . 11 . 02 . 5 . 2 . 2 . 20 ,Belanja Pemeliharaan ,29077500,
1.17 . 1.17.01 . 11 . 02 . 5 . 2 . 2 . 20 . 05 ,Belanja Pemeliharan Gedung dan Bangunan ,14000000,
1.17 . 1.17.01 . 11 . 02 . 5 . 2 . 2 . 20 . 07 ,Belanja Pemeliharaan Perlengkapan Kantor ,3027500,
1.17 . 1.17.01 . 11 . 02 . 5 . 2 . 2 . 20 . 08 ,Belanja Pemeliharaan Peralatan Gedung Kantor ,12050000,
"1.17 . 1.17.01 . 12 ,""Program Perencanaan  Pengendalian dan Evaluasi Kinerja "",5490900,"
1.17 . 1.17.01 . 12 . 01 ,Penyusunan Perencanaan Kinerja SKPD ,989900,Sumber Dana :  Lokasi Kegiatan : Kulon progo
1.17 . 1.17.01 . 12 . 01 . 5 . 2 . 1 ,Belanja Pegawai ,344000,
1.17 . 1.17.01 . 12 . 01 . 5 . 2 . 1 . 03 ,Uang Lembur ,344000,
1.17 . 1.17.01 . 12 . 01 . 5 . 2 . 1 . 03 . 01 ,Uang Lembur PNS ,344000,
1.17 . 1.17.01 . 12 . 01 . 5 . 2 . 2 ,Belanja Barang dan Jasa ,645900,
1.17 . 1.17.01 . 12 . 01 . 5 . 2 . 2 . 01 ,Belanja Bahan Pakai Habis ,53400,
1.17 . 1.17.01 . 12 . 01 . 5 . 2 . 2 . 01 . 01 ,Belanja Alat Tulis Kantor ,53400,
1.17 . 1.17.01 . 12 . 01 . 5 . 2 . 2 . 06 ,Belanja Cetak dan Penggandaan ,72500,
1.17 . 1.17.01 . 12 . 01 . 5 . 2 . 2 . 06 . 02 ,Belanja Penggandaan ,72500,
1.17 . 1.17.01 . 12 . 01 . 5 . 2 . 2 . 11 ,Belanja Makanan dan  Minuman ,520000,
1.17 . 1.17.01 . 12 . 01 . 5 . 2 . 2 . 11 . 01 ,Belanja Makanan Dan Minuman Harian Pegawai ,220000,
1.17 . 1.17.01 . 12 . 01 . 5 . 2 . 2 . 11 . 02 ,Belanja Makanan Dan Minuman Rapat ,300000,
1.17 . 1.17.01 . 12 . 02 ,Penyusunan Laporan Keuangan ,3010000,Sumber Dana :  Lokasi Kegiatan : Kulon Progo
1.17 . 1.17.01 . 12 . 02 . 5 . 2 . 1 ,Belanja Pegawai ,1506000,
1.17 . 1.17.01 . 12 . 02 . 5 . 2 . 1 . 03 ,Uang Lembur ,1506000,
1.17 . 1.17.01 . 12 . 02 . 5 . 2 . 1 . 03 . 01 ,Uang Lembur PNS ,1506000,
1.17 . 1.17.01 . 12 . 02 . 5 . 2 . 2 ,Belanja Barang dan Jasa ,1504000,
1.17 . 1.17.01 . 12 . 02 . 5 . 2 . 2 . 01 ,Belanja Bahan Pakai Habis ,104000,
1.17 . 1.17.01 . 12 . 02 . 5 . 2 . 2 . 01 . 01 ,Belanja Alat Tulis Kantor ,104000,
1.17 . 1.17.01 . 12 . 02 . 5 . 2 . 2 . 06 ,Belanja Cetak dan Penggandaan ,140000,
1.17 . 1.17.01 . 12 . 02 . 5 . 2 . 2 . 06 . 02 ,Belanja Penggandaan ,140000,
1.17 . 1.17.01 . 12 . 02 . 5 . 2 . 2 . 11 ,Belanja Makanan dan  Minuman ,1260000,
1.17 . 1.17.01 . 12 . 02 . 5 . 2 . 2 . 11 . 01 ,Belanja Makanan Dan Minuman Harian Pegawai ,1260000,
"1.17 . 1.17.01 . 12 . 03 ,""Pengendalian  Evaluasi dan Pelaporan Kinerja "",1491000,Sumber Dana :  Lokasi Kegiatan : Kulon Progo"
1.17 . 1.17.01 . 12 . 03 . 5 . 2 . 1 ,Belanja Pegawai ,516000,
1.17 . 1.17.01 . 12 . 03 . 5 . 2 . 1 . 03 ,Uang Lembur ,516000,
1.17 . 1.17.01 . 12 . 03 . 5 . 2 . 1 . 03 . 01 ,Uang Lembur PNS ,516000,
1.17 . 1.17.01 . 12 . 03 . 5 . 2 . 2 ,Belanja Barang dan Jasa ,975000,
1.17 . 1.17.01 . 12 . 03 . 5 . 2 . 2 . 01 ,Belanja Bahan Pakai Habis ,110000,
1.17 . 1.17.01 . 12 . 03 . 5 . 2 . 2 . 01 . 01 ,Belanja Alat Tulis Kantor ,110000,
1.17 . 1.17.01 . 12 . 03 . 5 . 2 . 2 . 06 ,Belanja Cetak dan Penggandaan ,265000,
1.17 . 1.17.01 . 12 . 03 . 5 . 2 . 2 . 06 . 02 ,Belanja Penggandaan ,265000,
1.17 . 1.17.01 . 12 . 03 . 5 . 2 . 2 . 11 ,Belanja Makanan dan  Minuman ,600000,
1.17 . 1.17.01 . 12 . 03 . 5 . 2 . 2 . 11 . 02 ,Belanja Makanan Dan Minuman Rapat ,600000,
1.17 . 1.17.01 . 13 ,Program Peningkatan Kapasitas Sumber Daya Manusia SKPD ,11499000,
1.17 . 1.17.01 . 13 . 03 ,Pendidikan dan Pelatihan Non Formal ,2000000,Sumber Dana :  Lokasi Kegiatan : Kulon Progo
1.17 . 1.17.01 . 13 . 03 . 5 . 2 . 2 ,Belanja Barang dan Jasa ,2000000,
"1.17 . 1.17.01 . 13 . 03 . 5 . 2 . 2 . 17 ,""Belanja kursus  pelatihan  sosialisasi dan bimbingan teknis PNS "",2000000,"
1.17 . 1.17.01 . 13 . 03 . 5 . 2 . 2 . 17 . 01 ,Belanja Kursus-Kursus Singkat/Pelatihan ,2000000,
1.17 . 1.17.01 . 13 . 05 ,Pengadaan Pakaian Dinas Harian (PDH) ,9499000,Sumber Dana :  Lokasi Kegiatan : Kulon Progo
1.17 . 1.17.01 . 13 . 05 . 5 . 2 . 2 ,Belanja Barang dan Jasa ,9499000,
1.17 . 1.17.01 . 13 . 05 . 5 . 2 . 2 . 01 ,Belanja Bahan Pakai Habis ,49000,
1.17 . 1.17.01 . 13 . 05 . 5 . 2 . 2 . 01 . 01 ,Belanja Alat Tulis Kantor ,49000,
1.17 . 1.17.01 . 13 . 05 . 5 . 2 . 2 . 12 ,Belanja Pakaian Dinas dan Atributnya ,9450000,
1.17 . 1.17.01 . 13 . 05 . 5 . 2 . 2 . 12 . 04 ,Belanja Pakaian Dinas Harian (PDH) ,9450000,
1.17 . 1.17.01 . 15 ,Program Pengembangan Nilai Budaya ,60675000,
1.17 . 1.17.01 . 15 . 16 ,Pengembangan hasil karya budaya ,60675000,Sumber Dana :  Lokasi Kegiatan : Kulon Progo dan DIY
1.17 . 1.17.01 . 15 . 16 . 5 . 2 . 1 ,Belanja Pegawai ,60675000,
1.17 . 1.17.01 . 15 . 16 . 5 . 2 . 1 . 01 ,Honorarium PNS ,60675000,
1.17 . 1.17.01 . 15 . 16 . 5 . 2 . 1 . 01 . 01 ,Honorarium Panitia Pelaksana Kegiatan ,41925000,
1.17 . 1.17.01 . 15 . 16 . 5 . 2 . 1 . 01 . 05 ,Honorarium Penyelenggaraan Kegiatan ,18750000,
1.18 . 1.17.01 . 16 ,Program Peningkatan Peran Serta Kepemudaan ,69925000,
1.18 . 1.17.01 . 16 . 01 ,Pembinaan Organisasi Kepemudaan ,50539000,Sumber Dana :  Lokasi Kegiatan : Kulon Progo
1.18 . 1.17.01 . 16 . 01 . 5 . 2 . 1 ,Belanja Pegawai ,16520000,
1.18 . 1.17.01 . 16 . 01 . 5 . 2 . 1 . 01 ,Honorarium PNS ,9080000,
1.18 . 1.17.01 . 16 . 01 . 5 . 2 . 1 . 01 . 01 ,Honorarium Panitia Pelaksana Kegiatan ,9080000,
1.18 . 1.17.01 . 16 . 01 . 5 . 2 . 1 . 02 ,Honorarium Non PNS ,7440000,
1.18 . 1.17.01 . 16 . 01 . 5 . 2 . 1 . 02 . 04 ,Honorarium Tim ,7440000,
1.18 . 1.17.01 . 16 . 01 . 5 . 2 . 2 ,Belanja Barang dan Jasa ,34019000,
1.18 . 1.17.01 . 16 . 01 . 5 . 2 . 2 . 01 ,Belanja Bahan Pakai Habis ,421000,
1.18 . 1.17.01 . 16 . 01 . 5 . 2 . 2 . 01 . 01 ,Belanja Alat Tulis Kantor ,421000,
1.18 . 1.17.01 . 16 . 01 . 5 . 2 . 2 . 03 ,Belanja Jasa Kantor ,558000,
1.18 . 1.17.01 . 16 . 01 . 5 . 2 . 2 . 03 . 13 ,Belanja Dokumentasi ,150000,
1.18 . 1.17.01 . 16 . 01 . 5 . 2 . 2 . 03 . 15 ,Belanja Publikasi ,408000,
1.18 . 1.17.01 . 16 . 01 . 5 . 2 . 2 . 06 ,Belanja Cetak dan Penggandaan ,1075000,
1.18 . 1.17.01 . 16 . 01 . 5 . 2 . 2 . 06 . 01 ,Belanja Cetak ,925000,
1.18 . 1.17.01 . 16 . 01 . 5 . 2 . 2 . 06 . 02 ,Belanja Penggandaan ,150000,
1.18 . 1.17.01 . 16 . 01 . 5 . 2 . 2 . 10 ,Belanja Sewa Perlengkapan dan Peralatan Kantor ,1030000,
1.18 . 1.17.01 . 16 . 01 . 5 . 2 . 2 . 10 . 01 ,Belanja Sewa Meja Kursi ,130000,
1.18 . 1.17.01 . 16 . 01 . 5 . 2 . 2 . 10 . 05 ,Belanja Sewa Tenda ,500000,
1.18 . 1.17.01 . 16 . 01 . 5 . 2 . 2 . 10 . 07 ,Belanja Sewa Sound System ,400000,
1.18 . 1.17.01 . 16 . 01 . 5 . 2 . 2 . 11 ,Belanja Makanan dan  Minuman ,7565000,
1.18 . 1.17.01 . 16 . 01 . 5 . 2 . 2 . 11 . 02 ,Belanja Makanan Dan Minuman Rapat ,3990000,
"1.18 . 1.17.01 . 16 . 01 . 5 . 2 . 2 . 11 . 04 ,""Belanja makanan dan minuman pelatihan  sosialisasi  penyuluhan "",3575000,"
1.18 . 1.17.01 . 16 . 01 . 5 . 2 . 2 . 13 ,Belanja Pakaian Kerja ,1500000,
1.18 . 1.17.01 . 16 . 01 . 5 . 2 . 2 . 13 . 01 ,Belanja Pakaian Kerja Lapangan ,1500000,
1.18 . 1.17.01 . 16 . 01 . 5 . 2 . 2 . 14 ,Belanja Pakaian khusus dan hari-hari tertentu ,3500000,
1.18 . 1.17.01 . 16 . 01 . 5 . 2 . 2 . 14 . 04 ,Belanja Pakaian Olahraga ,3500000,
1.18 . 1.17.01 . 16 . 01 . 5 . 2 . 2 . 15 ,Belanja Perjalanan Dinas ,3370000,
1.18 . 1.17.01 . 16 . 01 . 5 . 2 . 2 . 15 . 01 ,Belanja Perjalanan Dinas Dalam Daerah ,320000,
1.18 . 1.17.01 . 16 . 01 . 5 . 2 . 2 . 15 . 02 ,Belanja Perjalanan Dinas Luar Daerah ,3050000,
1.18 . 1.17.01 . 16 . 01 . 5 . 2 . 2 . 27 ,Belanja Tenaga Ahli/Instruktur/Narasumber ,2400000,
1.18 . 1.17.01 . 16 . 01 . 5 . 2 . 2 . 27 . 01 ,Jasa Tenaga Ahli/Instruktur/Narasumber ,2400000,
1.18 . 1.17.01 . 16 . 01 . 5 . 2 . 2 . 28 ,Belanja Hadiah atas Prestasi dan Penghargaan ,12600000,
1.18 . 1.17.01 . 16 . 01 . 5 . 2 . 2 . 28 . 01 ,Belanja Hadiah Atas Prestasi ,12600000,
1.18 . 1.17.01 . 16 . 22 ,Pemberian penyuluhan tentang bahaya narkoba bagi pemuda ,19386000,Sumber Dana :  Lokasi Kegiatan : Kulon Progo
1.18 . 1.17.01 . 16 . 22 . 5 . 2 . 1 ,Belanja Pegawai ,4655000,
1.18 . 1.17.01 . 16 . 22 . 5 . 2 . 1 . 01 ,Honorarium PNS ,1775000,
1.18 . 1.17.01 . 16 . 22 . 5 . 2 . 1 . 01 . 01 ,Honorarium Panitia Pelaksana Kegiatan ,1775000,
1.18 . 1.17.01 . 16 . 22 . 5 . 2 . 1 . 02 ,Honorarium Non PNS ,2880000,
1.18 . 1.17.01 . 16 . 22 . 5 . 2 . 1 . 02 . 03 ,Honorarium Harian ,2880000,
1.18 . 1.17.01 . 16 . 22 . 5 . 2 . 2 ,Belanja Barang dan Jasa ,14731000,
1.18 . 1.17.01 . 16 . 22 . 5 . 2 . 2 . 01 ,Belanja Bahan Pakai Habis ,997000,
1.18 . 1.17.01 . 16 . 22 . 5 . 2 . 2 . 01 . 01 ,Belanja Alat Tulis Kantor ,997000,
1.18 . 1.17.01 . 16 . 22 . 5 . 2 . 2 . 03 ,Belanja Jasa Kantor ,244000,
1.18 . 1.17.01 . 16 . 22 . 5 . 2 . 2 . 03 . 13 ,Belanja Dokumentasi ,40000,
1.18 . 1.17.01 . 16 . 22 . 5 . 2 . 2 . 03 . 15 ,Belanja Publikasi ,204000,
1.18 . 1.17.01 . 16 . 22 . 5 . 2 . 2 . 06 ,Belanja Cetak dan Penggandaan ,150000,
1.18 . 1.17.01 . 16 . 22 . 5 . 2 . 2 . 06 . 02 ,Belanja Penggandaan ,150000,
1.18 . 1.17.01 . 16 . 22 . 5 . 2 . 2 . 07 ,Belanja Sewa Rumah/Gedung/Gudang/Parkir ,1500000,
1.18 . 1.17.01 . 16 . 22 . 5 . 2 . 2 . 07 . 02 ,Belanja Sewa Gedung/Kantor/Tempat ,1500000,
1.18 . 1.17.01 . 16 . 22 . 5 . 2 . 2 . 10 ,Belanja Sewa Perlengkapan dan Peralatan Kantor ,200000,
1.18 . 1.17.01 . 16 . 22 . 5 . 2 . 2 . 10 . 07 ,Belanja Sewa Sound System ,200000,
1.18 . 1.17.01 . 16 . 22 . 5 . 2 . 2 . 11 ,Belanja Makanan dan  Minuman ,10440000,
1.18 . 1.17.01 . 16 . 22 . 5 . 2 . 2 . 11 . 02 ,Belanja Makanan Dan Minuman Rapat ,540000,
"1.18 . 1.17.01 . 16 . 22 . 5 . 2 . 2 . 11 . 04 ,""Belanja makanan dan minuman pelatihan  sosialisasi  penyuluhan "",9900000,"
1.18 . 1.17.01 . 16 . 22 . 5 . 2 . 2 . 27 ,Belanja Tenaga Ahli/Instruktur/Narasumber ,1200000,
1.18 . 1.17.01 . 16 . 22 . 5 . 2 . 2 . 27 . 01 ,Jasa Tenaga Ahli/Instruktur/Narasumber ,1200000,
2.04 . 1.17.01 . 18 ,Program Pengembangan Pariwisata ,1297709525,
2.04 . 1.17.01 . 18 . 01 ,Peningkatan Pembangunan Sarana dan Prasarana Pariwisata ,250670700,Sumber Dana :  Lokasi Kegiatan : Kulon Progo
2.04 . 1.17.01 . 18 . 01 . 5 . 2 . 1 ,Belanja Pegawai ,7020000,
2.04 . 1.17.01 . 18 . 01 . 5 . 2 . 1 . 01 ,Honorarium PNS ,7020000,
2.04 . 1.17.01 . 18 . 01 . 5 . 2 . 1 . 01 . 01 ,Honorarium Panitia Pelaksana Kegiatan ,7020000,
2.04 . 1.17.01 . 18 . 01 . 5 . 2 . 2 ,Belanja Barang dan Jasa ,2657300,
2.04 . 1.17.01 . 18 . 01 . 5 . 2 . 2 . 01 ,Belanja Bahan Pakai Habis ,71300,
2.04 . 1.17.01 . 18 . 01 . 5 . 2 . 2 . 01 . 01 ,Belanja Alat Tulis Kantor ,71300,
2.04 . 1.17.01 . 18 . 01 . 5 . 2 . 2 . 06 ,Belanja Cetak dan Penggandaan ,126000,
2.04 . 1.17.01 . 18 . 01 . 5 . 2 . 2 . 06 . 02 ,Belanja Penggandaan ,126000,
2.04 . 1.17.01 . 18 . 01 . 5 . 2 . 2 . 11 ,Belanja Makanan dan  Minuman ,480000,
2.04 . 1.17.01 . 18 . 01 . 5 . 2 . 2 . 11 . 02 ,Belanja Makanan Dan Minuman Rapat ,480000,
2.04 . 1.17.01 . 18 . 01 . 5 . 2 . 2 . 15 ,Belanja Perjalanan Dinas ,1980000,
2.04 . 1.17.01 . 18 . 01 . 5 . 2 . 2 . 15 . 01 ,Belanja Perjalanan Dinas Dalam Daerah ,1980000,
2.04 . 1.17.01 . 18 . 01 . 5 . 2 . 3 ,Belanja Modal ,240993400,
2.04 . 1.17.01 . 18 . 01 . 5 . 2 . 3 . 49 ,Belanja Modal Gedung dan Bangunan - Pengadaan Bangunan Gedung Tempat Kerja,240993400,
"2.04 . 1.17.01 . 18 . 01 . 5 . 2 . 3 . 49 . 27 ,Belanja Modal Gedung dan Bangunan - Pengadaan Bangunan Gedung Tempat Kerja Lainnya,240993400,Belanja Modal Pembelian Bangunan di Obyek Wisata Rehab rumah pohon di OW Puncak Suroloyo ""2 unit x 35.000.000 00 = 70.000.000 00"" Pejabat Pengadaan ""2 orang/bulan x 250.000 00 = 500.000 00"" Pejabat Penerima ""1 orang/bulan x 200.000 00 = 200.000 00"" Konsultan Perencanaan ""2 unit x 2.000.000 00 = 4.000.000 00"" Konsultan Pengawasan ""2 unit x 1.500.000 00 = 3.000.000 00"" Pembelian teleskop ""1 unit x 36.000.000 00 = 36.000.000 00"" Pembangunan Lanscaping Taman Masuk Obyek Wisata Goa Kiskendo ""1 paket x 70.000.000 00 = 70.000.000 00"" Pejabat Pengadaan ""2 orang/bulan x 250.000 00 = 500.000 00"" Pejabat Penerima ""1 orang/bulan x 200.000 00 = 200.000 00"" Konsultan Perencanaan ""2 unit x 2.000.000 00 = 4.000.000 00"" Konsultan Pengawasan ""2 unit x 1.500.000 00 = 3.000.000 00"" Pembangunan  Bak Sampah Obyek Wisata Pantai Glagah ""4 unit x 10.125.000 00 = 40.500.000 00"" Pejabat Pengadaan ""2 orang/bulan x 250.000 00 = 500.000 00"" Pejabat Penerima ""1 orang/bulan x 200.000 00 = 200.000 00"" Konsultan Perencanaan ""1 paket x 3.500.000 00 = 3.500.000 00"" Konsultan Pengawasan ""1 paket x 2.500.000 00 = 2.500.000 00"" Kertas HVS folio 70grm ""4 rim x 45.000 00 = 180.000 00"" Snelhecter kertas ""30 buah x 800 00 = 24.000 00"" Amplop Ukuran sedang ""2 dos x 13.700 00 = 27.400 00"" Fotokopi ""2 000 lembar x 225 00 = 450.000 00"" Jamuan rapat persiapan ""16 orang/kali x 7.000 00 = 112.000 00"" Jamuan rapat Teknis Pelaksanaan pengadaan ""64 orang/kali x 25.000 00 = 1.600.000 00"""
2.04 . 1.17.01 . 18 . 02 ,Peningkatan Pemanfaatan Teknologi Informasi dalam Pemasaran Pariwisata,23378000,Sumber Dana :  Lokasi Kegiatan : Kulon Progo DIY
2.04 . 1.17.01 . 18 . 02 . 5 . 2 . 1 ,Belanja Pegawai ,4530000,
2.04 . 1.17.01 . 18 . 02 . 5 . 2 . 1 . 01 ,Honorarium PNS ,4530000,
2.04 . 1.17.01 . 18 . 02 . 5 . 2 . 1 . 01 . 01 ,Honorarium Panitia Pelaksana Kegiatan ,4530000,
2.04 . 1.17.01 . 18 . 02 . 5 . 2 . 2 ,Belanja Barang dan Jasa ,18848000,
2.04 . 1.17.01 . 18 . 02 . 5 . 2 . 2 . 01 ,Belanja Bahan Pakai Habis ,301200,
2.04 . 1.17.01 . 18 . 02 . 5 . 2 . 2 . 01 . 01 ,Belanja Alat Tulis Kantor ,301200,
2.04 . 1.17.01 . 18 . 02 . 5 . 2 . 2 . 06 ,Belanja Cetak dan Penggandaan ,11705800,
2.04 . 1.17.01 . 18 . 02 . 5 . 2 . 2 . 06 . 01 ,Belanja Cetak ,11650000,
2.04 . 1.17.01 . 18 . 02 . 5 . 2 . 2 . 06 . 02 ,Belanja Penggandaan ,55800,
2.04 . 1.17.01 . 18 . 02 . 5 . 2 . 2 . 11 ,Belanja Makanan dan  Minuman ,896000,
2.04 . 1.17.01 . 18 . 02 . 5 . 2 . 2 . 11 . 02 ,Belanja Makanan Dan Minuman Rapat ,896000,
2.04 . 1.17.01 . 18 . 02 . 5 . 2 . 2 . 15 ,Belanja Perjalanan Dinas ,5945000,
2.04 . 1.17.01 . 18 . 02 . 5 . 2 . 2 . 15 . 01 ,Belanja Perjalanan Dinas Dalam Daerah ,5100000,
2.04 . 1.17.01 . 18 . 02 . 5 . 2 . 2 . 15 . 02 ,Belanja Perjalanan Dinas Luar Daerah ,845000,
"2.04 . 1.17.01 . 18 . 03 ,Pengembangan Jaringan Kerjasama Promosi Pariwisata ,124298100,Sumber Dana :  ""Lokasi Kegiatan : DKI Jakarta Jabar  Jateng  dan Yogyakarta"""
2.04 . 1.17.01 . 18 . 03 . 5 . 2 . 1 ,Belanja Pegawai ,11220000,
2.04 . 1.17.01 . 18 . 03 . 5 . 2 . 1 . 01 ,Honorarium PNS ,9420000,
2.04 . 1.17.01 . 18 . 03 . 5 . 2 . 1 . 01 . 01 ,Honorarium Panitia Pelaksana Kegiatan ,9420000,
2.04 . 1.17.01 . 18 . 03 . 5 . 2 . 1 . 02 ,Honorarium Non PNS ,1800000,
2.04 . 1.17.01 . 18 . 03 . 5 . 2 . 1 . 02 . 03 ,Honorarium Harian ,1800000,
2.04 . 1.17.01 . 18 . 03 . 5 . 2 . 2 ,Belanja Barang dan Jasa ,113078100,
2.04 . 1.17.01 . 18 . 03 . 5 . 2 . 2 . 01 ,Belanja Bahan Pakai Habis ,640600,
2.04 . 1.17.01 . 18 . 03 . 5 . 2 . 2 . 01 . 01 ,Belanja Alat Tulis Kantor ,640600,
2.04 . 1.17.01 . 18 . 03 . 5 . 2 . 2 . 02 ,Belanja Bahan/Material ,7440000,
2.04 . 1.17.01 . 18 . 03 . 5 . 2 . 2 . 02 . 06 ,Belanja Bahan Percontohan ,7440000,
2.04 . 1.17.01 . 18 . 03 . 5 . 2 . 2 . 03 ,Belanja Jasa Kantor ,8000000,
2.04 . 1.17.01 . 18 . 03 . 5 . 2 . 2 . 03 . 26 ,Belanja Jasa Event Organizer/Atraksi Kesenian ,8000000,
2.04 . 1.17.01 . 18 . 03 . 5 . 2 . 2 . 06 ,Belanja Cetak dan Penggandaan ,7967500,
2.04 . 1.17.01 . 18 . 03 . 5 . 2 . 2 . 06 . 01 ,Belanja Cetak ,7375000,
2.04 . 1.17.01 . 18 . 03 . 5 . 2 . 2 . 06 . 02 ,Belanja Penggandaan ,592500,
2.04 . 1.17.01 . 18 . 03 . 5 . 2 . 2 . 07 ,Belanja Sewa Rumah/Gedung/Gudang/Parkir ,7000000,
2.04 . 1.17.01 . 18 . 03 . 5 . 2 . 2 . 07 . 02 ,Belanja Sewa Gedung/Kantor/Tempat ,7000000,
2.04 . 1.17.01 . 18 . 03 . 5 . 2 . 2 . 08 ,Belanja Sewa Sarana Mobilitas ,8600000,
2.04 . 1.17.01 . 18 . 03 . 5 . 2 . 2 . 08 . 01 ,Belanja Sewa Sarana Mobilitas Darat ,8600000,
2.04 . 1.17.01 . 18 . 03 . 5 . 2 . 2 . 11 ,Belanja Makanan dan  Minuman ,18280000,
2.04 . 1.17.01 . 18 . 03 . 5 . 2 . 2 . 11 . 02 ,Belanja Makanan Dan Minuman Rapat ,4240000,
2.04 . 1.17.01 . 18 . 03 . 5 . 2 . 2 . 11 . 03 ,Belanja Makanan Dan Minuman Tamu ,10040000,
"2.04 . 1.17.01 . 18 . 03 . 5 . 2 . 2 . 11 . 04 ,""Belanja makanan dan minuman pelatihan  sosialisasi  penyuluhan "",4000000,"
2.04 . 1.17.01 . 18 . 03 . 5 . 2 . 2 . 14 ,Belanja Pakaian khusus dan hari-hari tertentu ,5250000,
2.04 . 1.17.01 . 18 . 03 . 5 . 2 . 2 . 14 . 04 ,Belanja Pakaian Olahraga ,5250000,
2.04 . 1.17.01 . 18 . 03 . 5 . 2 . 2 . 15 ,Belanja Perjalanan Dinas ,34500000,
2.04 . 1.17.01 . 18 . 03 . 5 . 2 . 2 . 15 . 01 ,Belanja Perjalanan Dinas Dalam Daerah ,1250000,
2.04 . 1.17.01 . 18 . 03 . 5 . 2 . 2 . 15 . 02 ,Belanja Perjalanan Dinas Luar Daerah ,33250000,
2.04 . 1.17.01 . 18 . 03 . 5 . 2 . 2 . 27 ,Belanja Tenaga Ahli/Instruktur/Narasumber ,7400000,
2.04 . 1.17.01 . 18 . 03 . 5 . 2 . 2 . 27 . 01 ,Jasa Tenaga Ahli/Instruktur/Narasumber ,7400000,
2.04 . 1.17.01 . 18 . 03 . 5 . 2 . 2 . 28 ,Belanja Hadiah atas Prestasi dan Penghargaan ,8000000,
2.04 . 1.17.01 . 18 . 03 . 5 . 2 . 2 . 28 . 01 ,Belanja Hadiah Atas Prestasi ,8000000,
2.04 . 1.17.01 . 18 . 04 ,Penyelenggaran Atraksi Wisata ,98250000,Sumber Dana :  Lokasi Kegiatan : Kulon Progo
2.04 . 1.17.01 . 18 . 04 . 5 . 2 . 1 ,Belanja Pegawai ,13435000,
2.04 . 1.17.01 . 18 . 04 . 5 . 2 . 1 . 01 ,Honorarium PNS ,8520000,
2.04 . 1.17.01 . 18 . 04 . 5 . 2 . 1 . 01 . 01 ,Honorarium Panitia Pelaksana Kegiatan ,8520000,
2.04 . 1.17.01 . 18 . 04 . 5 . 2 . 1 . 02 ,Honorarium Non PNS ,4915000,
2.04 . 1.17.01 . 18 . 04 . 5 . 2 . 1 . 02 . 03 ,Honorarium Harian ,4915000,
2.04 . 1.17.01 . 18 . 04 . 5 . 2 . 2 ,Belanja Barang dan Jasa ,84815000,
2.04 . 1.17.01 . 18 . 04 . 5 . 2 . 2 . 01 ,Belanja Bahan Pakai Habis ,161000,
2.04 . 1.17.01 . 18 . 04 . 5 . 2 . 2 . 01 . 01 ,Belanja Alat Tulis Kantor ,161000,
2.04 . 1.17.01 . 18 . 04 . 5 . 2 . 2 . 02 ,Belanja Bahan/Material ,4500000,
2.04 . 1.17.01 . 18 . 04 . 5 . 2 . 2 . 02 . 06 ,Belanja Bahan Percontohan ,4500000,
2.04 . 1.17.01 . 18 . 04 . 5 . 2 . 2 . 03 ,Belanja Jasa Kantor ,48624000,
2.04 . 1.17.01 . 18 . 04 . 5 . 2 . 2 . 03 . 14 ,Belanja Dekorasi ,3300000,
2.04 . 1.17.01 . 18 . 04 . 5 . 2 . 2 . 03 . 15 ,Belanja Publikasi ,1824000,
2.04 . 1.17.01 . 18 . 04 . 5 . 2 . 2 . 03 . 26 ,Belanja Jasa Event Organizer/Atraksi Kesenian ,43500000,
2.04 . 1.17.01 . 18 . 04 . 5 . 2 . 2 . 06 ,Belanja Cetak dan Penggandaan ,180000,
2.04 . 1.17.01 . 18 . 04 . 5 . 2 . 2 . 06 . 02 ,Belanja Penggandaan ,180000,
2.04 . 1.17.01 . 18 . 04 . 5 . 2 . 2 . 10 ,Belanja Sewa Perlengkapan dan Peralatan Kantor ,26150000,
2.04 . 1.17.01 . 18 . 04 . 5 . 2 . 2 . 10 . 01 ,Belanja Sewa Meja Kursi ,800000,
2.04 . 1.17.01 . 18 . 04 . 5 . 2 . 2 . 10 . 04 ,Belanja Sewa Generator ,4000000,
2.04 . 1.17.01 . 18 . 04 . 5 . 2 . 2 . 10 . 05 ,Belanja Sewa Tenda ,4050000,
2.04 . 1.17.01 . 18 . 04 . 5 . 2 . 2 . 10 . 07 ,Belanja Sewa Sound System ,7000000,
2.04 . 1.17.01 . 18 . 04 . 5 . 2 . 2 . 10 . 08 ,Belanja Sewa Panggung ,8800000,
2.04 . 1.17.01 . 18 . 04 . 5 . 2 . 2 . 10 . 09 ,Belanja Sewa Perlengkapan dan Peralatan Kantor Lain ,1500000,
2.04 . 1.17.01 . 18 . 04 . 5 . 2 . 2 . 11 ,Belanja Makanan dan  Minuman ,3000000,
2.04 . 1.17.01 . 18 . 04 . 5 . 2 . 2 . 11 . 02 ,Belanja Makanan Dan Minuman Rapat ,1200000,
2.04 . 1.17.01 . 18 . 04 . 5 . 2 . 2 . 11 . 03 ,Belanja Makanan Dan Minuman Tamu ,1800000,
2.04 . 1.17.01 . 18 . 04 . 5 . 2 . 2 . 15 ,Belanja Perjalanan Dinas ,2200000,
2.04 . 1.17.01 . 18 . 04 . 5 . 2 . 2 . 15 . 01 ,Belanja Perjalanan Dinas Dalam Daerah ,2200000,
2.04 . 1.17.01 . 18 . 05 ,Pemeliharaan sarana dan prasarana pariwisata ,111114800,Sumber Dana :  Lokasi Kegiatan : Kulon Progo
2.04 . 1.17.01 . 18 . 05 . 5 . 2 . 1 ,Belanja Pegawai ,108000000,
2.04 . 1.17.01 . 18 . 05 . 5 . 2 . 1 . 02 ,Honorarium Non PNS ,108000000,
2.04 . 1.17.01 . 18 . 05 . 5 . 2 . 1 . 02 . 03 ,Honorarium Harian ,108000000,
2.04 . 1.17.01 . 18 . 05 . 5 . 2 . 2 ,Belanja Barang dan Jasa ,3114800,
2.04 . 1.17.01 . 18 . 05 . 5 . 2 . 2 . 01 ,Belanja Bahan Pakai Habis ,175000,
2.04 . 1.17.01 . 18 . 05 . 5 . 2 . 2 . 01 . 01 ,Belanja Alat Tulis Kantor ,175000,
2.04 . 1.17.01 . 18 . 05 . 5 . 2 . 2 . 06 ,Belanja Cetak dan Penggandaan ,307800,
2.04 . 1.17.01 . 18 . 05 . 5 . 2 . 2 . 06 . 02 ,Belanja Penggandaan ,307800,
2.04 . 1.17.01 . 18 . 05 . 5 . 2 . 2 . 11 ,Belanja Makanan dan  Minuman ,1512000,
2.04 . 1.17.01 . 18 . 05 . 5 . 2 . 2 . 11 . 02 ,Belanja Makanan Dan Minuman Rapat ,1512000,
2.04 . 1.17.01 . 18 . 05 . 5 . 2 . 2 . 15 ,Belanja Perjalanan Dinas ,1120000,
2.04 . 1.17.01 . 18 . 05 . 5 . 2 . 2 . 15 . 01 ,Belanja Perjalanan Dinas Dalam Daerah ,1120000,
"2.04 . 1.17.01 . 18 . 08 ,Pelaksanaan Promosi Pariwisata Nusantara Di Dalam dan Luar Negeri ,139777575,Sumber Dana :  ""Lokasi Kegiatan : DKI Jakarta  Jabar  Jatim dan Yogyakarta"""
2.04 . 1.17.01 . 18 . 08 . 5 . 2 . 1 ,Belanja Pegawai ,925000,
2.04 . 1.17.01 . 18 . 08 . 5 . 2 . 1 . 01 ,Honorarium PNS ,925000,
2.04 . 1.17.01 . 18 . 08 . 5 . 2 . 1 . 01 . 01 ,Honorarium Panitia Pelaksana Kegiatan ,925000,
2.04 . 1.17.01 . 18 . 08 . 5 . 2 . 2 ,Belanja Barang dan Jasa ,138852575,
2.04 . 1.17.01 . 18 . 08 . 5 . 2 . 2 . 01 ,Belanja Bahan Pakai Habis ,166200,
2.04 . 1.17.01 . 18 . 08 . 5 . 2 . 2 . 01 . 01 ,Belanja Alat Tulis Kantor ,166200,
2.04 . 1.17.01 . 18 . 08 . 5 . 2 . 2 . 02 ,Belanja Bahan/Material ,1750000,
2.04 . 1.17.01 . 18 . 08 . 5 . 2 . 2 . 02 . 06 ,Belanja Bahan Percontohan ,1750000,
2.04 . 1.17.01 . 18 . 08 . 5 . 2 . 2 . 03 ,Belanja Jasa Kantor ,18480000,
2.04 . 1.17.01 . 18 . 08 . 5 . 2 . 2 . 03 . 14 ,Belanja Dekorasi ,12000000,
2.04 . 1.17.01 . 18 . 08 . 5 . 2 . 2 . 03 . 15 ,Belanja Publikasi ,480000,
2.04 . 1.17.01 . 18 . 08 . 5 . 2 . 2 . 03 . 26 ,Belanja Jasa Event Organizer/Atraksi Kesenian ,6000000,
2.04 . 1.17.01 . 18 . 08 . 5 . 2 . 2 . 06 ,Belanja Cetak dan Penggandaan ,77911375,
2.04 . 1.17.01 . 18 . 08 . 5 . 2 . 2 . 06 . 01 ,Belanja Cetak ,77800000,
2.04 . 1.17.01 . 18 . 08 . 5 . 2 . 2 . 06 . 02 ,Belanja Penggandaan ,111375,
2.04 . 1.17.01 . 18 . 08 . 5 . 2 . 2 . 11 ,Belanja Makanan dan  Minuman ,2005000,
2.04 . 1.17.01 . 18 . 08 . 5 . 2 . 2 . 11 . 02 ,Belanja Makanan Dan Minuman Rapat ,1420000,
"2.04 . 1.17.01 . 18 . 08 . 5 . 2 . 2 . 11 . 04 ,""Belanja makanan dan minuman pelatihan  sosialisasi  penyuluhan "",585000,"
2.04 . 1.17.01 . 18 . 08 . 5 . 2 . 2 . 14 ,Belanja Pakaian khusus dan hari-hari tertentu ,3600000,
2.04 . 1.17.01 . 18 . 08 . 5 . 2 . 2 . 14 . 03 ,Belanja Pakaian Batik Tradisional ,3600000,
2.04 . 1.17.01 . 18 . 08 . 5 . 2 . 2 . 15 ,Belanja Perjalanan Dinas ,26640000,
2.04 . 1.17.01 . 18 . 08 . 5 . 2 . 2 . 15 . 02 ,Belanja Perjalanan Dinas Luar Daerah ,26640000,
2.04 . 1.17.01 . 18 . 08 . 5 . 2 . 2 . 27 ,Belanja Tenaga Ahli/Instruktur/Narasumber ,2300000,
2.04 . 1.17.01 . 18 . 08 . 5 . 2 . 2 . 27 . 01 ,Jasa Tenaga Ahli/Instruktur/Narasumber ,2300000,
2.04 . 1.17.01 . 18 . 08 . 5 . 2 . 2 . 28 ,Belanja Hadiah atas Prestasi dan Penghargaan ,6000000,
2.04 . 1.17.01 . 18 . 08 . 5 . 2 . 2 . 28 . 01 ,Belanja Hadiah Atas Prestasi ,6000000,
2.04 . 1.17.01 . 18 . 09 ,Pengelolaan retribusi ,499301250,Sumber Dana :  Lokasi Kegiatan : Kulon Progo
2.04 . 1.17.01 . 18 . 09 . 5 . 2 . 1 ,Belanja Pegawai ,22215000,
2.04 . 1.17.01 . 18 . 09 . 5 . 2 . 1 . 01 ,Honorarium PNS ,13335000,
2.04 . 1.17.01 . 18 . 09 . 5 . 2 . 1 . 01 . 01 ,Honorarium Panitia Pelaksana Kegiatan ,13335000,
2.04 . 1.17.01 . 18 . 09 . 5 . 2 . 1 . 03 ,Uang Lembur ,8880000,
2.04 . 1.17.01 . 18 . 09 . 5 . 2 . 1 . 03 . 01 ,Uang Lembur PNS ,8880000,
2.04 . 1.17.01 . 18 . 09 . 5 . 2 . 2 ,Belanja Barang dan Jasa ,477086250,
2.04 . 1.17.01 . 18 . 09 . 5 . 2 . 2 . 01 ,Belanja Bahan Pakai Habis ,162000,
2.04 . 1.17.01 . 18 . 09 . 5 . 2 . 2 . 01 . 01 ,Belanja Alat Tulis Kantor ,162000,
2.04 . 1.17.01 . 18 . 09 . 5 . 2 . 2 . 03 ,Belanja Jasa Kantor ,381101250,
2.04 . 1.17.01 . 18 . 09 . 5 . 2 . 2 . 03 . 24 ,Belanja Jasa Pemungut Retribusi ,381101250,
2.04 . 1.17.01 . 18 . 09 . 5 . 2 . 2 . 04 ,Belanja Premi Asuransi ,39886000,
2.04 . 1.17.01 . 18 . 09 . 5 . 2 . 2 . 04 . 03 ,Belanja Premi Asuransi Jiwa ,39886000,
2.04 . 1.17.01 . 18 . 09 . 5 . 2 . 2 . 06 ,Belanja Cetak dan Penggandaan ,42675000,
2.04 . 1.17.01 . 18 . 09 . 5 . 2 . 2 . 06 . 01 ,Belanja Cetak ,42000000,
2.04 . 1.17.01 . 18 . 09 . 5 . 2 . 2 . 06 . 02 ,Belanja Penggandaan ,675000,
2.04 . 1.17.01 . 18 . 09 . 5 . 2 . 2 . 11 ,Belanja Makanan dan  Minuman ,9852000,
2.04 . 1.17.01 . 18 . 09 . 5 . 2 . 2 . 11 . 01 ,Belanja Makanan Dan Minuman Harian Pegawai ,2592000,
2.04 . 1.17.01 . 18 . 09 . 5 . 2 . 2 . 11 . 02 ,Belanja Makanan Dan Minuman Rapat ,7260000,
2.04 . 1.17.01 . 18 . 09 . 5 . 2 . 2 . 15 ,Belanja Perjalanan Dinas ,3410000,
2.04 . 1.17.01 . 18 . 09 . 5 . 2 . 2 . 15 . 01 ,Belanja Perjalanan Dinas Dalam Daerah ,2900000,
2.04 . 1.17.01 . 18 . 09 . 5 . 2 . 2 . 15 . 02 ,Belanja Perjalanan Dinas Luar Daerah ,510000,
2.04 . 1.17.01 . 18 . 10 ,Peningkatan peran serta masyarakat dalam pengembangan kemitraan pariwisata,19939400,Sumber Dana :  Lokasi Kegiatan : Kulon Progo
2.04 . 1.17.01 . 18 . 10 . 5 . 2 . 1 ,Belanja Pegawai ,9210000,
2.04 . 1.17.01 . 18 . 10 . 5 . 2 . 1 . 01 ,Honorarium PNS ,3210000,
2.04 . 1.17.01 . 18 . 10 . 5 . 2 . 1 . 01 . 01 ,Honorarium Panitia Pelaksana Kegiatan ,3210000,
2.04 . 1.17.01 . 18 . 10 . 5 . 2 . 1 . 02 ,Honorarium Non PNS ,6000000,
2.04 . 1.17.01 . 18 . 10 . 5 . 2 . 1 . 02 . 03 ,Honorarium Harian ,6000000,
2.04 . 1.17.01 . 18 . 10 . 5 . 2 . 2 ,Belanja Barang dan Jasa ,10729400,
2.04 . 1.17.01 . 18 . 10 . 5 . 2 . 2 . 01 ,Belanja Bahan Pakai Habis ,239400,
2.04 . 1.17.01 . 18 . 10 . 5 . 2 . 2 . 01 . 01 ,Belanja Alat Tulis Kantor ,239400,
2.04 . 1.17.01 . 18 . 10 . 5 . 2 . 2 . 03 ,Belanja Jasa Kantor ,40000,
2.04 . 1.17.01 . 18 . 10 . 5 . 2 . 2 . 03 . 14 ,Belanja Dekorasi ,40000,
2.04 . 1.17.01 . 18 . 10 . 5 . 2 . 2 . 06 ,Belanja Cetak dan Penggandaan ,630000,
2.04 . 1.17.01 . 18 . 10 . 5 . 2 . 2 . 06 . 01 ,Belanja Cetak ,180000,
2.04 . 1.17.01 . 18 . 10 . 5 . 2 . 2 . 06 . 02 ,Belanja Penggandaan ,450000,
2.04 . 1.17.01 . 18 . 10 . 5 . 2 . 2 . 07 ,Belanja Sewa Rumah/Gedung/Gudang/Parkir ,1500000,
2.04 . 1.17.01 . 18 . 10 . 5 . 2 . 2 . 07 . 02 ,Belanja Sewa Gedung/Kantor/Tempat ,1500000,
2.04 . 1.17.01 . 18 . 10 . 5 . 2 . 2 . 11 ,Belanja Makanan dan  Minuman ,6530000,
2.04 . 1.17.01 . 18 . 10 . 5 . 2 . 2 . 11 . 02 ,Belanja Makanan Dan Minuman Rapat ,780000,
"2.04 . 1.17.01 . 18 . 10 . 5 . 2 . 2 . 11 . 04 ,""Belanja makanan dan minuman pelatihan  sosialisasi  penyuluhan "",5750000,"
2.04 . 1.17.01 . 18 . 10 . 5 . 2 . 2 . 15 ,Belanja Perjalanan Dinas ,440000,
2.04 . 1.17.01 . 18 . 10 . 5 . 2 . 2 . 15 . 01 ,Belanja Perjalanan Dinas Dalam Daerah ,440000,
2.04 . 1.17.01 . 18 . 10 . 5 . 2 . 2 . 27 ,Belanja Tenaga Ahli/Instruktur/Narasumber ,1350000,
2.04 . 1.17.01 . 18 . 10 . 5 . 2 . 2 . 27 . 01 ,Jasa Tenaga Ahli/Instruktur/Narasumber ,1350000,
2.04 . 1.17.01 . 18 . 11 ,Pengembangan  Desa wisata ,30979700,Sumber Dana :  Lokasi Kegiatan : Kulon Progo
2.04 . 1.17.01 . 18 . 11 . 5 . 2 . 1 ,Belanja Pegawai ,3210000,
2.04 . 1.17.01 . 18 . 11 . 5 . 2 . 1 . 01 ,Honorarium PNS ,3210000,
2.04 . 1.17.01 . 18 . 11 . 5 . 2 . 1 . 01 . 01 ,Honorarium Panitia Pelaksana Kegiatan ,3210000,
2.04 . 1.17.01 . 18 . 11 . 5 . 2 . 2 ,Belanja Barang dan Jasa ,27769700,
2.04 . 1.17.01 . 18 . 11 . 5 . 2 . 2 . 01 ,Belanja Bahan Pakai Habis ,164700,
2.04 . 1.17.01 . 18 . 11 . 5 . 2 . 2 . 01 . 01 ,Belanja Alat Tulis Kantor ,164700,
2.04 . 1.17.01 . 18 . 11 . 5 . 2 . 2 . 03 ,Belanja Jasa Kantor ,16160000,
2.04 . 1.17.01 . 18 . 11 . 5 . 2 . 2 . 03 . 14 ,Belanja Dekorasi ,160000,
2.04 . 1.17.01 . 18 . 11 . 5 . 2 . 2 . 03 . 26 ,Belanja Jasa Event Organizer/Atraksi Kesenian ,16000000,
2.04 . 1.17.01 . 18 . 11 . 5 . 2 . 2 . 06 ,Belanja Cetak dan Penggandaan ,225000,
2.04 . 1.17.01 . 18 . 11 . 5 . 2 . 2 . 06 . 02 ,Belanja Penggandaan ,225000,
2.04 . 1.17.01 . 18 . 11 . 5 . 2 . 2 . 11 ,Belanja Makanan dan  Minuman ,10780000,
2.04 . 1.17.01 . 18 . 11 . 5 . 2 . 2 . 11 . 02 ,Belanja Makanan Dan Minuman Rapat ,780000,
"2.04 . 1.17.01 . 18 . 11 . 5 . 2 . 2 . 11 . 04 ,""Belanja makanan dan minuman pelatihan  sosialisasi  penyuluhan "",10000000,"
2.04 . 1.17.01 . 18 . 11 . 5 . 2 . 2 . 15 ,Belanja Perjalanan Dinas ,440000,
2.04 . 1.17.01 . 18 . 11 . 5 . 2 . 2 . 15 . 01 ,Belanja Perjalanan Dinas Dalam Daerah ,440000,
1.17 . 1.17.01 . 19 ,Program Pengelolaan Kekayaan dan Keragaman Budaya ,214079450,
"1.17 . 1.17.01 . 19 . 08 ,""Pembinaan  pelestarian dan aktualisasi budaya "",214079450,Sumber Dana :  Lokasi Kegiatan : Kulon Progo dan TMII Jakarta"
1.17 . 1.17.01 . 19 . 08 . 5 . 2 . 1 ,Belanja Pegawai ,34877500,
1.17 . 1.17.01 . 19 . 08 . 5 . 2 . 1 . 01 ,Honorarium PNS ,16577500,
1.17 . 1.17.01 . 19 . 08 . 5 . 2 . 1 . 01 . 01 ,Honorarium Panitia Pelaksana Kegiatan ,13877500,
1.17 . 1.17.01 . 19 . 08 . 5 . 2 . 1 . 01 . 05 ,Honorarium Penyelenggaraan Kegiatan ,2700000,
1.17 . 1.17.01 . 19 . 08 . 5 . 2 . 1 . 02 ,Honorarium Non PNS ,18300000,
1.17 . 1.17.01 . 19 . 08 . 5 . 2 . 1 . 02 . 03 ,Honorarium Harian ,18300000,
1.17 . 1.17.01 . 19 . 08 . 5 . 2 . 2 ,Belanja Barang dan Jasa ,51877200,
1.17 . 1.17.01 . 19 . 08 . 5 . 2 . 2 . 01 ,Belanja Bahan Pakai Habis ,109700,
1.17 . 1.17.01 . 19 . 08 . 5 . 2 . 2 . 01 . 01 ,Belanja Alat Tulis Kantor ,109700,
1.17 . 1.17.01 . 19 . 08 . 5 . 2 . 2 . 02 ,Belanja Bahan/Material ,7000000,
1.17 . 1.17.01 . 19 . 08 . 5 . 2 . 2 . 02 . 06 ,Belanja Bahan Percontohan ,7000000,
1.17 . 1.17.01 . 19 . 08 . 5 . 2 . 2 . 03 ,Belanja Jasa Kantor ,7804000,
1.17 . 1.17.01 . 19 . 08 . 5 . 2 . 2 . 03 . 13 ,Belanja Dokumentasi ,950000,
1.17 . 1.17.01 . 19 . 08 . 5 . 2 . 2 . 03 . 15 ,Belanja Publikasi ,4854000,
1.17 . 1.17.01 . 19 . 08 . 5 . 2 . 2 . 03 . 26 ,Belanja Jasa Event Organizer/Atraksi Kesenian ,2000000,
1.17 . 1.17.01 . 19 . 08 . 5 . 2 . 2 . 06 ,Belanja Cetak dan Penggandaan ,94500,
1.17 . 1.17.01 . 19 . 08 . 5 . 2 . 2 . 06 . 02 ,Belanja Penggandaan ,94500,
1.17 . 1.17.01 . 19 . 08 . 5 . 2 . 2 . 10 ,Belanja Sewa Perlengkapan dan Peralatan Kantor ,18037000,
1.17 . 1.17.01 . 19 . 08 . 5 . 2 . 2 . 10 . 01 ,Belanja Sewa Meja Kursi ,287000,
1.17 . 1.17.01 . 19 . 08 . 5 . 2 . 2 . 10 . 05 ,Belanja Sewa Tenda ,8750000,
1.17 . 1.17.01 . 19 . 08 . 5 . 2 . 2 . 10 . 06 ,Belanja Sewa Pakaian Adat/Tradisional ,7500000,
1.17 . 1.17.01 . 19 . 08 . 5 . 2 . 2 . 10 . 07 ,Belanja Sewa Sound System ,1500000,
1.17 . 1.17.01 . 19 . 08 . 5 . 2 . 2 . 11 ,Belanja Makanan dan  Minuman ,16632000,
1.17 . 1.17.01 . 19 . 08 . 5 . 2 . 2 . 11 . 02 ,Belanja Makanan Dan Minuman Rapat ,1740000,
1.17 . 1.17.01 . 19 . 08 . 5 . 2 . 2 . 11 . 03 ,Belanja Makanan Dan Minuman Tamu ,7368000,
"1.17 . 1.17.01 . 19 . 08 . 5 . 2 . 2 . 11 . 04 ,""Belanja makanan dan minuman pelatihan  sosialisasi  penyuluhan "",7524000,"
1.17 . 1.17.01 . 19 . 08 . 5 . 2 . 2 . 27 ,Belanja Tenaga Ahli/Instruktur/Narasumber ,2200000,
1.17 . 1.17.01 . 19 . 08 . 5 . 2 . 2 . 27 . 01 ,Jasa Tenaga Ahli/Instruktur/Narasumber ,2200000,
1.17 . 1.17.01 . 19 . 08 . 5 . 2 . 3 ,Belanja Modal ,127324750,
1.17 . 1.17.01 . 19 . 08 . 5 . 2 . 3 . 11 ,Belanja Modal Tanah - Pengadaan Tanah Untuk Bangunan Gedung ,127324750,
"1.17 . 1.17.01 . 19 . 08 . 5 . 2 . 3 . 11 . 05 ,Belanja Modal Tanah - Pengadaan Tanah Kosong ,127324750,Perencanaan Penggandaan ""5 422 lembar x 225 00 = 1.219.950 00"" Dokumentasi ""500 lembar x 2.500 00 = 1.250.000 00"" Kertas HVS folio 70 gram ""5 rim x 45.000 00 = 225.000 00"" Stopmap kertas ""200 buah x 800 00 = 160.000 00"" Kertas buram ""2 rim x 24.500 00 = 49.000 00"" Refill printer ""2 buah x 35.000 00 = 70.000 00"" Stappler No 10 Max ""1 buah x 17.000 00 = 17.000 00"" Staples No 10 Kenko ""5 dus x 3.600 00 = 18.000 00"" Papaer clip No 3 ""2 dus x 2.600 00 = 5.200 00"" Papaer clip No 5 ""2 dus x 4.000 00 = 8.000 00"" Binder clip No 105 ""2 dus x 3.200 00 = 6.400 00"" Binder clip No 111 ""2 dus x 5.500 00 = 11.000 00"" Bolpoint pilot ""2 buah x 14.500 00 = 29.000 00"" Amplop ukuran besar ""2 dus x 16.900 00 = 33.800 00"" Flash disk ""1 buah x 95.000 00 = 95.000 00"" Makan minum rapat sosialisasi dan koordinasi ""200 orang x 25.000 00 = 5.000.000 00"" Meteran ""1 buah x 100.000 00 = 100.000 00"" Kajian oleh Lembaga Profesional ""12 orang/paket x 450.000 00 = 5.400.000 00"" Uang rapat tim ""80 orang/paket x 25.000 00 = 2.000.000 00"" Patok ""100 buah x 115.000 00 = 11.500.000 00"" Uang saku peserta sosialisasi ""100 orang x 20.000 00 = 2.000.000 00"" Ketua Tim Perencanaan ""4 orang/paket/bulan x 250.000 00 = 1.000.000 00"" Sekretaris Tim Perencanaan ""4 orang/paket/bulan x 175.000 00 = 700.000 00"" Anggota Tim Perencanaan ""40 orang/paket/bulan x 150.000 00 = 6.000.000 00"" Staf Administrasi Tim Perencanaan ""8 orang/paket/bulan x 125.000 00 = 1.000.000 00"" Persiapan Penggandaan ""6 000 lembar x 225 00 = 1.350.000 00"" Makan minum konsultasi publik ""200 orang x 25.000 00 = 5.000.000 00"" Dokumentasi ""500 lembar x 2.500 00 = 1.250.000 00"" Kertas HVS Folio 70 gram ""5 rim x 45.000 00 = 225.000 00"" Stopmap kertas ""200 buah x 800 00 = 160.000 00"" Kertas buram ""2 rim x 24.500 00 = 49.000 00"" Refill printer ""2 buah x 35.000 00 = 70.000 00"" Stappler No 10 max ""1 buah x 17.000 00 = 17.000 00"" Stapples No 10 Kenko ""5 dus x 3.600 00 = 18.000 00"" Paper clip No 3 ""2 dus x 2.600 00 = 5.200 00"" Paper clip no 5 ""2 dus x 4.000 00 = 8.000 00"" Binder clip no 105 ""2 dus x 3.200 00 = 6.400 00"" Binder clip No 111 ""2 dus x 5.500 00 = 11.000 00"" Bolpoint pilot ""2 buah x 14.500 00 = 29.000 00"" Amplop ukuran besar ""2 dus x 16.900 00 = 33.800 00"" Flash disk ""1 buah x 95.000 00 = 95.000 00"" Uang makan minum rapat tim ""50 orang x 25.000 00 = 1.250.000 00"" Jasa Penilai Harga Tanah ""2 paket x 12.000.000 00 = 24.000.000 00"" Iklan di media massa ""2 kali x 1.500.000 00 = 3.000.000 00"" Uang saku peserta sosialisasi ""100 orang x 20.000 00 = 2.000.000 00"" Ketua Tim Persiapan ""2 orang/paket/bulan x 1.600.000 00 = 3.200.000 00"" Sekretaris Tim Persiapan ""2 orang/paket/bulan x 1.300.000 00 = 2.600.000 00"" Anggota Tim Persiapan ""30 orang/paket/bulan x 1.100.000 00 = 33.000.000 00"" Staf Administrasi Tim Persiapan ""8 orang/paket/bulan x 800.000 00 = 6.400.000 00"" Ketua Tim Kajian Keberatan ""1 orang/paket/bulan x 1.100.000 00 = 1.100.000 00"" Sekretaris Tim Kajian Keberatan ""1 orang/paket/bulan x 800.000 00 = 800.000 00"" Anggota Tim Kajian Keberatan ""5 orang/paket/bulan x 750.000 00 = 3.750.000 00"""
1.18 . 1.17.01 . 20 ,Program Pembinaan dan Pemasyarakatan Olah Raga ,118114500,
1.18 . 1.17.01 . 20 . 05 ,Peningkatan Kesegaran Jasmani dan Rekreasi ,91106100,Sumber Dana :  Lokasi Kegiatan : Kulon Progo
1.18 . 1.17.01 . 20 . 05 . 5 . 2 . 1 ,Belanja Pegawai ,26280000,
1.18 . 1.17.01 . 20 . 05 . 5 . 2 . 1 . 01 ,Honorarium PNS ,22520000,
1.18 . 1.17.01 . 20 . 05 . 5 . 2 . 1 . 01 . 01 ,Honorarium Panitia Pelaksana Kegiatan ,21420000,
1.18 . 1.17.01 . 20 . 05 . 5 . 2 . 1 . 01 . 05 ,Honorarium Penyelenggaraan Kegiatan ,1100000,
1.18 . 1.17.01 . 20 . 05 . 5 . 2 . 1 . 02 ,Honorarium Non PNS ,3760000,
1.18 . 1.17.01 . 20 . 05 . 5 . 2 . 1 . 02 . 04 ,Honorarium Tim ,3760000,
1.18 . 1.17.01 . 20 . 05 . 5 . 2 . 2 ,Belanja Barang dan Jasa ,64826100,
1.18 . 1.17.01 . 20 . 05 . 5 . 2 . 2 . 01 ,Belanja Bahan Pakai Habis ,1060600,
1.18 . 1.17.01 . 20 . 05 . 5 . 2 . 2 . 01 . 01 ,Belanja Alat Tulis Kantor ,600600,
"1.18 . 1.17.01 . 20 . 05 . 5 . 2 . 2 . 01 . 03 ,""Belanja Alat Listrik Dan Elektronik (Lampu Pijar  Battery Kering) "",460000,"
1.18 . 1.17.01 . 20 . 05 . 5 . 2 . 2 . 03 ,Belanja Jasa Kantor ,408000,
1.18 . 1.17.01 . 20 . 05 . 5 . 2 . 2 . 03 . 15 ,Belanja Publikasi ,408000,
1.18 . 1.17.01 . 20 . 05 . 5 . 2 . 2 . 06 ,Belanja Cetak dan Penggandaan ,972500,
1.18 . 1.17.01 . 20 . 05 . 5 . 2 . 2 . 06 . 01 ,Belanja Cetak ,860000,
1.18 . 1.17.01 . 20 . 05 . 5 . 2 . 2 . 06 . 02 ,Belanja Penggandaan ,112500,
1.18 . 1.17.01 . 20 . 05 . 5 . 2 . 2 . 10 ,Belanja Sewa Perlengkapan dan Peralatan Kantor ,21630000,
1.18 . 1.17.01 . 20 . 05 . 5 . 2 . 2 . 10 . 01 ,Belanja Sewa Meja Kursi ,280000,
1.18 . 1.17.01 . 20 . 05 . 5 . 2 . 2 . 10 . 05 ,Belanja Sewa Tenda ,600000,
1.18 . 1.17.01 . 20 . 05 . 5 . 2 . 2 . 10 . 07 ,Belanja Sewa Sound System ,20750000,
1.18 . 1.17.01 . 20 . 05 . 5 . 2 . 2 . 11 ,Belanja Makanan dan  Minuman ,11110000,
1.18 . 1.17.01 . 20 . 05 . 5 . 2 . 2 . 11 . 02 ,Belanja Makanan Dan Minuman Rapat ,2560000,
"1.18 . 1.17.01 . 20 . 05 . 5 . 2 . 2 . 11 . 04 ,""Belanja makanan dan minuman pelatihan  sosialisasi  penyuluhan "",8550000,"
1.18 . 1.17.01 . 20 . 05 . 5 . 2 . 2 . 14 ,Belanja Pakaian khusus dan hari-hari tertentu ,5625000,
1.18 . 1.17.01 . 20 . 05 . 5 . 2 . 2 . 14 . 04 ,Belanja Pakaian Olahraga ,5625000,
1.18 . 1.17.01 . 20 . 05 . 5 . 2 . 2 . 27 ,Belanja Tenaga Ahli/Instruktur/Narasumber ,17270000,
1.18 . 1.17.01 . 20 . 05 . 5 . 2 . 2 . 27 . 01 ,Jasa Tenaga Ahli/Instruktur/Narasumber ,17270000,
1.18 . 1.17.01 . 20 . 05 . 5 . 2 . 2 . 28 ,Belanja Hadiah atas Prestasi dan Penghargaan ,6750000,
1.18 . 1.17.01 . 20 . 05 . 5 . 2 . 2 . 28 . 01 ,Belanja Hadiah Atas Prestasi ,6750000,
"1.18 . 1.17.01 . 20 . 30 ,""Pemasyarakatan olah raga bagi pelajar  mahasiswa dan masyarakat "",27008400,Sumber Dana :  Lokasi Kegiatan : Kulon Progo"
1.18 . 1.17.01 . 20 . 30 . 5 . 2 . 1 ,Belanja Pegawai ,6960000,
1.18 . 1.17.01 . 20 . 30 . 5 . 2 . 1 . 01 ,Honorarium PNS ,3490000,
1.18 . 1.17.01 . 20 . 30 . 5 . 2 . 1 . 01 . 01 ,Honorarium Panitia Pelaksana Kegiatan ,3490000,
1.18 . 1.17.01 . 20 . 30 . 5 . 2 . 1 . 02 ,Honorarium Non PNS ,3470000,
1.18 . 1.17.01 . 20 . 30 . 5 . 2 . 1 . 02 . 04 ,Honorarium Tim ,3470000,
1.18 . 1.17.01 . 20 . 30 . 5 . 2 . 2 ,Belanja Barang dan Jasa ,20048400,
1.18 . 1.17.01 . 20 . 30 . 5 . 2 . 2 . 01 ,Belanja Bahan Pakai Habis ,183400,
1.18 . 1.17.01 . 20 . 30 . 5 . 2 . 2 . 01 . 01 ,Belanja Alat Tulis Kantor ,183400,
1.18 . 1.17.01 . 20 . 30 . 5 . 2 . 2 . 06 ,Belanja Cetak dan Penggandaan ,225000,
1.18 . 1.17.01 . 20 . 30 . 5 . 2 . 2 . 06 . 02 ,Belanja Penggandaan ,225000,
1.18 . 1.17.01 . 20 . 30 . 5 . 2 . 2 . 10 ,Belanja Sewa Perlengkapan dan Peralatan Kantor ,1725000,
1.18 . 1.17.01 . 20 . 30 . 5 . 2 . 2 . 10 . 01 ,Belanja Sewa Meja Kursi ,225000,
1.18 . 1.17.01 . 20 . 30 . 5 . 2 . 2 . 10 . 05 ,Belanja Sewa Tenda ,1000000,
1.18 . 1.17.01 . 20 . 30 . 5 . 2 . 2 . 10 . 07 ,Belanja Sewa Sound System ,500000,
1.18 . 1.17.01 . 20 . 30 . 5 . 2 . 2 . 11 ,Belanja Makanan dan  Minuman ,3240000,
1.18 . 1.17.01 . 20 . 30 . 5 . 2 . 2 . 11 . 02 ,Belanja Makanan Dan Minuman Rapat ,1800000,
"1.18 . 1.17.01 . 20 . 30 . 5 . 2 . 2 . 11 . 04 ,""Belanja makanan dan minuman pelatihan  sosialisasi  penyuluhan "",1440000,"
1.18 . 1.17.01 . 20 . 30 . 5 . 2 . 2 . 14 ,Belanja Pakaian khusus dan hari-hari tertentu ,9375000,
1.18 . 1.17.01 . 20 . 30 . 5 . 2 . 2 . 14 . 04 ,Belanja Pakaian Olahraga ,9375000,
1.18 . 1.17.01 . 20 . 30 . 5 . 2 . 2 . 15 ,Belanja Perjalanan Dinas ,1540000,
1.18 . 1.17.01 . 20 . 30 . 5 . 2 . 2 . 15 . 01 ,Belanja Perjalanan Dinas Dalam Daerah ,320000,
1.18 . 1.17.01 . 20 . 30 . 5 . 2 . 2 . 15 . 02 ,Belanja Perjalanan Dinas Luar Daerah ,1220000,
1.18 . 1.17.01 . 20 . 30 . 5 . 2 . 2 . 27 ,Belanja Tenaga Ahli/Instruktur/Narasumber ,3760000,
1.18 . 1.17.01 . 20 . 30 . 5 . 2 . 2 . 27 . 01 ,Jasa Tenaga Ahli/Instruktur/Narasumber ,3760000,
1.18 . 1.17.01 . 21 ,Program Peningkatan Sarana dan Prasarana Olah Raga ,619130500,
1.18 . 1.17.01 . 21 . 08 ,Pemeliharaan Sarana dan Prasarana Olahraga ,37738600,Sumber Dana :  Lokasi Kegiatan : Kulon Progo
1.18 . 1.17.01 . 21 . 08 . 5 . 2 . 1 ,Belanja Pegawai ,36000000,
1.18 . 1.17.01 . 21 . 08 . 5 . 2 . 1 . 02 ,Honorarium Non PNS ,36000000,
1.18 . 1.17.01 . 21 . 08 . 5 . 2 . 1 . 02 . 03 ,Honorarium Harian ,36000000,
1.18 . 1.17.01 . 21 . 08 . 5 . 2 . 2 ,Belanja Barang dan Jasa ,1738600,
1.18 . 1.17.01 . 21 . 08 . 5 . 2 . 2 . 01 ,Belanja Bahan Pakai Habis ,173600,
1.18 . 1.17.01 . 21 . 08 . 5 . 2 . 2 . 01 . 01 ,Belanja Alat Tulis Kantor ,173600,
1.18 . 1.17.01 . 21 . 08 . 5 . 2 . 2 . 06 ,Belanja Cetak dan Penggandaan ,45000,
1.18 . 1.17.01 . 21 . 08 . 5 . 2 . 2 . 06 . 02 ,Belanja Penggandaan ,45000,
1.18 . 1.17.01 . 21 . 08 . 5 . 2 . 2 . 11 ,Belanja Makanan dan  Minuman ,920000,
1.18 . 1.17.01 . 21 . 08 . 5 . 2 . 2 . 11 . 02 ,Belanja Makanan Dan Minuman Rapat ,920000,
1.18 . 1.17.01 . 21 . 08 . 5 . 2 . 2 . 13 ,Belanja Pakaian Kerja ,600000,
1.18 . 1.17.01 . 21 . 08 . 5 . 2 . 2 . 13 . 01 ,Belanja Pakaian Kerja Lapangan ,600000,
1.18 . 1.17.01 . 21 . 09 ,Pengadaan peralatan olah raga ,549335000,Sumber Dana :  Lokasi Kegiatan : Kulon Progo
1.18 . 1.17.01 . 21 . 09 . 5 . 2 . 1 ,Belanja Pegawai ,7100000,
1.18 . 1.17.01 . 21 . 09 . 5 . 2 . 1 . 01 ,Honorarium PNS ,7100000,
1.18 . 1.17.01 . 21 . 09 . 5 . 2 . 1 . 01 . 01 ,Honorarium Panitia Pelaksana Kegiatan ,7100000,
1.18 . 1.17.01 . 21 . 09 . 5 . 2 . 2 ,Belanja Barang dan Jasa ,42235000,
1.18 . 1.17.01 . 21 . 09 . 5 . 2 . 2 . 01 ,Belanja Bahan Pakai Habis ,339500,
1.18 . 1.17.01 . 21 . 09 . 5 . 2 . 2 . 01 . 01 ,Belanja Alat Tulis Kantor ,339500,
1.18 . 1.17.01 . 21 . 09 . 5 . 2 . 2 . 06 ,Belanja Cetak dan Penggandaan ,175500,
1.18 . 1.17.01 . 21 . 09 . 5 . 2 . 2 . 06 . 02 ,Belanja Penggandaan ,175500,
1.18 . 1.17.01 . 21 . 09 . 5 . 2 . 2 . 11 ,Belanja Makanan dan  Minuman ,1290000,
1.18 . 1.17.01 . 21 . 09 . 5 . 2 . 2 . 11 . 02 ,Belanja Makanan Dan Minuman Rapat ,1290000,
1.18 . 1.17.01 . 21 . 09 . 5 . 2 . 2 . 15 ,Belanja Perjalanan Dinas ,40430000,
1.18 . 1.17.01 . 21 . 09 . 5 . 2 . 2 . 15 . 02 ,Belanja Perjalanan Dinas Luar Daerah ,40430000,
1.18 . 1.17.01 . 21 . 09 . 5 . 2 . 3 ,Belanja Modal ,500000000,
1.18 . 1.17.01 . 21 . 09 . 5 . 2 . 3 . 86 ,Belanja Modal Aset Tetap Lainnya - Pengadaan Alat Olah Raga Lainnya ,500000000,
"1.18 . 1.17.01 . 21 . 09 . 5 . 2 . 3 . 86 . 01 ,Belanja Modal Aset Tetap Lainnya - Pengadaan Alat Olah Raga  Senam ,27000000,Senam Matras busa ""2 paket x 2.250.000 00 = 4.500.000 00"" Matras puzzle ""100 lembar x 200.000 00 = 20.000.000 00"" Trampolin ""2 set x 1.250.000 00 = 2.500.000 00"""
"1.18 . 1.17.01 . 21 . 09 . 5 . 2 . 3 . 86 . 04 ,Belanja Modal Aset Tetap Lainnya - Pengadaan Alat Olah Raga Lainnya ,473000000,Panjat tebing Board ""1 Paket x 22.000.000 00 = 22.000.000 00"" Biliar Paket meja (standar) ""1 paket x 20.000.000 00 = 20.000.000 00"" Pencak silat Body protector ""4 pasang x 450.000 00 = 1.800.000 00"" Pitching pad (tameng) ""3 buah x 450.000 00 = 1.350.000 00"" Pelindung kaki ""4 pasang x 225.000 00 = 900.000 00"" Pelindung tangan ""4 pasang x 200.000 00 = 800.000 00"" Genital protector pria ""4 buah x 100.000 00 = 400.000 00"" Genital protector putri ""4 buah x 200.000 00 = 800.000 00"" Samsak 1 m ""1 buah x 500.000 00 = 500.000 00"" Golok stainless ""3 set x 400.000 00 = 1.200.000 00"" Matras ""1 set x 24.000.000 00 = 24.000.000 00"" Basket Bola putra ""6 buah x 550.000 00 = 3.300.000 00"" Bola putri ""6 buah x 550.000 00 = 3.300.000 00"" Catur Jam catur ""6 buah x 475.000 00 = 2.850.000 00"" Papan catur ""6 buah x 500.000 00 = 3.000.000 00"" Bridge WLTS 102 cm ""5 pcs x 2.500.000 00 = 12.500.000 00"" Bidding Boxes Duo ""5 pcs x 540.000 00 = 2.700.000 00"" Baki bidding ""5 pcs x 150.000 00 = 750.000 00"" SDB 64 board duplimate ""1 pcs x 3.550.000 00 = 3.550.000 00"" Tenis meja Meja ""4 buah x 4.500.000 00 = 18.000.000 00"" Net ""4 buah x 350.000 00 = 1.400.000 00"" Panahan Busur chomphon ""1 buah x 52.500.000 00 = 52.500.000 00"" Anggar Senjata floret ""5 buah x 600.000 00 = 3.000.000 00"" Senjata degen ""5 buah x 600.000 00 = 3.000.000 00"" Senjata sabel ""5 buah x 600.000 00 = 3.000.000 00"" Masker floret ""5 buah x 1.000.000 00 = 5.000.000 00"" Masker degen ""5 buah x 1.000.000 00 = 5.000.000 00"" Masker sabel ""5 buah x 1.200.000 00 = 6.000.000 00"" Metalic jaket floret ""5 buah x 1.000.000 00 = 5.000.000 00"" Metalic jaket sabel ""5 buah x 1.200.000 00 = 6.000.000 00"" Fencing suits ""5 set x 1.100.000 00 = 5.500.000 00"" Recording unit lengkap ""1 set x 32.250.000 00 = 32.250.000 00"" Angkat besi Stick angkat besi putra ""1 batang x 2.250.000 00 = 2.250.000 00"" Stick angkat besi putri ""1 batang x 2.250.000 00 = 2.250.000 00"" Barbel karet ""1 set x 13.500.000 00 = 13.500.000 00"" Banded lutut ""1 set x 2.000.000 00 = 2.000.000 00"" Alat matras ""1 set x 7.000.000 00 = 7.000.000 00"" Atletik Busa lompat tinggi ""3 buah x 7.250.000 00 = 21.750.000 00"" Tiang lompat tinggi ""1 stel x 5.000.000 00 = 5.000.000 00"" Mistar lompat tinggi ""2 buah x 2.600.000 00 = 5.200.000 00"" Lembing standar putra ""2 buah x 1.250.000 00 = 2.500.000 00"" Lembing standar putri ""2 buah x 1.000.000 00 = 2.000.000 00"" Cakram standar putra ""2 buah x 400.000 00 = 800.000 00"" Cakram standar putri ""2 buah x 375.000 00 = 750.000 00"" Peluru standar putra ""2 buah x 375.000 00 = 750.000 00"" Peluru standar putri ""2 buah x 350.000 00 = 700.000 00"" Start blok ""8  buah x 400.000 00 = 3.200.000 00"" Karate Matras ""1 set x 24.000.000 00 = 24.000.000 00"" Menembak Senapan ""1 set x 30.000.000 00 = 30.000.000 00"" Gulat Matras ""1 set x 78.000.000 00 = 78.000.000 00"" Balap sepeda Road Race Bike ""2 buah x 10.000.000 00 = 20.000.000 00"""
1.18 . 1.17.01 . 21 . 11 ,Peningkatan pembangunan sarana dan prasarana olahraga ,32056900,Sumber Dana :  Lokasi Kegiatan : Kompleks Stadion Cangkring Kulon Progo
1.18 . 1.17.01 . 21 . 11 . 5 . 2 . 1 ,Belanja Pegawai ,2810000,
1.18 . 1.17.01 . 21 . 11 . 5 . 2 . 1 . 01 ,Honorarium PNS ,2810000,
1.18 . 1.17.01 . 21 . 11 . 5 . 2 . 1 . 01 . 01 ,Honorarium Panitia Pelaksana Kegiatan ,2810000,
1.18 . 1.17.01 . 21 . 11 . 5 . 2 . 2 ,Belanja Barang dan Jasa ,3496900,
1.18 . 1.17.01 . 21 . 11 . 5 . 2 . 2 . 01 ,Belanja Bahan Pakai Habis ,245250,
1.18 . 1.17.01 . 21 . 11 . 5 . 2 . 2 . 01 . 01 ,Belanja Alat Tulis Kantor ,245250,
1.18 . 1.17.01 . 21 . 11 . 5 . 2 . 2 . 06 ,Belanja Cetak dan Penggandaan ,151650,
1.18 . 1.17.01 . 21 . 11 . 5 . 2 . 2 . 06 . 02 ,Belanja Penggandaan ,151650,
1.18 . 1.17.01 . 21 . 11 . 5 . 2 . 2 . 11 ,Belanja Makanan dan  Minuman ,1030000,
1.18 . 1.17.01 . 21 . 11 . 5 . 2 . 2 . 11 . 02 ,Belanja Makanan Dan Minuman Rapat ,1030000,
1.18 . 1.17.01 . 21 . 11 . 5 . 2 . 2 . 15 ,Belanja Perjalanan Dinas ,2070000,
1.18 . 1.17.01 . 21 . 11 . 5 . 2 . 2 . 15 . 02 ,Belanja Perjalanan Dinas Luar Daerah ,2070000,
1.18 . 1.17.01 . 21 . 11 . 5 . 2 . 3 ,Belanja Modal ,25750000,
1.18 . 1.17.01 . 21 . 11 . 5 . 2 . 3 . 49 ,Belanja Modal Gedung dan Bangunan - Pengadaan Bangunan Gedung Tempat Kerja,25750000,
"1.18 . 1.17.01 . 21 . 11 . 5 . 2 . 3 . 49 . 11 ,Belanja Modal Gedung dan Bangunan - Pengadaan Bangunan Gedung Tempat Olah Raga,25750000,Pembangunan fasilitas Panjat tebing ""1 unit x 24.000.000 00 = 24.000.000 00"" Konsultan Perencanaan ""1 Paket x 1.000.000 00 = 1.000.000 00"" Konsultan Pengawasan ""1 Paket x 750.000 00 = 750.000 00"""
,SURPLUS / (DEFISIT) ,-3973051309.5,
