Judul,Penjabaran Perubahan Anggaran Pendapatan dan Belanja Daerah,,
Daerah,Kabupaten Kulon Progo,,
Tahun,2016,,
Kode Organisasi,2.04.01,,
Nama Organisasi,Dinas Pariwisata Pemuda dan Olah Raga,,
Kolom,4,,
No. Rekening,Uraian,Jumah,Keterangan
2.04 . 2.04.01 . 00 . 00 . 4,PENDAPATAN,"2190434000,00",
2.04 . 2.04.01 . 00 . 00 . 4 . 1,PENDAPATAN ASLI DAERAH,"2190434000,00",
2.04 . 2.04.01 . 00 . 00 . 4 . 1 . 2,Hasil Retribusi Daerah,"2190434000,00","Peraturan Daerah Kabupaten Kulon Progo Nomor 10 Tahun 2011 tentang Retribusi Pemakaian Kekayaan Daerah, Lembaran Daerah Kabupaten Kulon Progo Tahun 2011 Nomor 4 Seri C sebagaimana telah diubah dengan Peraturan Daerah Kabupaten Kulon Progo Nomor 8 Tahun 2014, Lembaran Daerah Kabupaten Kulon Progo Tahun 2014 Nomor 8, TLD Nomor 18 . Peraturan Daerah Kabupaten Kulon Progo Nomor 3 Tahun 2011 tentang Retribusi Tempat Khusus Parkir, Lembaran Daerah Kabupaten Kulon Progo Tahun 2011 Nomor 2 Seri C . Peraturan Daerah Kabupaten Kulon Progo Nomor 8 Tahun 2013 tentang Perubahan Atas Peraturan Daerah Kabupaten Kulon Progo Nomor 1 Tahun 2010 tentang Retribusi Tempat Rekreasi dan Olah Raga, Lembaran Daerah Kabupaten Kulon Progo Tahun 2013 Nomor 8"
2.04 . 2.04.01 . 00 . 00 . 5,BELANJA,"5679007861,00",
2.04 . 2.04.01 . 00 . 00 . 5 . 1,BELANJA TIDAK LANGSUNG,"3177089726,00",
2.04 . 2.04.01 . 00 . 00 . 5 . 1 . 1,Belanja Pegawai,"3177089726,00",
2.04 . 2.04.01 . 01 . 26 . 5 . 2,BELANJA LANGSUNG,"2501918135,00",
2.04 . 2.04.01 . 01,Program Pelayanan Administrasi Perkantoran,"77877500,00",
2.04 . 2.04.01 . 01 . 26,Penyediaan jasa dan peralatan perkantoran,"25446500,00",
2.04 . 2.04.01 . 01 . 26 . 5 . 2 . 2,Belanja Barang dan Jasa,"25446500,00",
2.04 . 2.04.01 . 01 . 27,Penyediaan jasa keuangan,"16948000,00",
2.04 . 2.04.01 . 01 . 27 . 5 . 2 . 1,Belanja Pegawai,"16800000,00",
2.04 . 2.04.01 . 01 . 27 . 5 . 2 . 2,Belanja Barang dan Jasa,"148000,00",
2.04 . 2.04.01 . 01 . 28,"Penyediaan rapat-rapat, konsultasi dan koordinasi","35483000,00",
2.04 . 2.04.01 . 01 . 28 . 5 . 2 . 2,Belanja Barang dan Jasa,"35483000,00",
2.04 . 2.04.01 . 11,Program Peningkatan Sarana dan Prasarana Perkantoran,"256655580,00",
2.04 . 2.04.01 . 11 . 01,Pengadaan sarana dan prasarana perkantoran,"58134000,00",
2.04 . 2.04.01 . 11 . 01 . 5 . 2 . 3,Belanja Modal,"58134000,00",
2.04 . 2.04.01 . 11 . 02,Pemeliharaan sarana dan prasarana perkantoran,"198521580,00",
2.04 . 2.04.01 . 11 . 02 . 5 . 2 . 2,Belanja Barang dan Jasa,"198521580,00",
2.04 . 2.04.01 . 12,"Program Perencanaan, Pengendalian dan Evaluasi Kinerja","10419350,00",
2.04 . 2.04.01 . 12 . 01,Penyusunan perencanaan kinerja SKPD,"5437000,00",
2.04 . 2.04.01 . 12 . 01 . 5 . 2 . 1,Belanja Pegawai,"696000,00",
2.04 . 2.04.01 . 12 . 01 . 5 . 2 . 2,Belanja Barang dan Jasa,"4741000,00",
2.04 . 2.04.01 . 12 . 02,Penyusunan laporan keuangan,"3053000,00",
2.04 . 2.04.01 . 12 . 02 . 5 . 2 . 1,Belanja Pegawai,"2356000,00",
2.04 . 2.04.01 . 12 . 02 . 5 . 2 . 2,Belanja Barang dan Jasa,"697000,00",
2.04 . 2.04.01 . 12 . 03,"Pengendalian, evaluasi dan pelaporan kinerja","1929350,00",
2.04 . 2.04.01 . 12 . 03 . 5 . 2 . 1,Belanja Pegawai,"440000,00",
2.04 . 2.04.01 . 12 . 03 . 5 . 2 . 2,Belanja Barang dan Jasa,"1489350,00",
2.04 . 2.04.01 . 13,Program Peningkatan Kapasitas Sumberdaya Manusia SKPD,"4000000,00",
2.04 . 2.04.01 . 13 . 01,Pendidikan dan pelatihan non formal,"4000000,00",
2.04 . 2.04.01 . 13 . 01 . 5 . 2 . 2,Belanja Barang dan Jasa,"4000000,00",
1.18 . 2.04.01 . 16,Program Peningkatan Peran Serta Kepemudaan,"129977375,00",
1.18 . 2.04.01 . 16 . 01,Pembinaan Organisasi Kepemudaan,"94979775,00",
1.18 . 2.04.01 . 16 . 01 . 5 . 2 . 1,Belanja Pegawai,"15760000,00",
1.18 . 2.04.01 . 16 . 01 . 5 . 2 . 2,Belanja Barang dan Jasa,"79219775,00",
1.18 . 2.04.01 . 16 . 22,Pemberian penyuluhan tentang bahaya narkoba bagi pemuda,"34997600,00",
1.18 . 2.04.01 . 16 . 22 . 5 . 2 . 1,Belanja Pegawai,"12195000,00",
1.18 . 2.04.01 . 16 . 22 . 5 . 2 . 2,Belanja Barang dan Jasa,"22802600,00",
2.04 . 2.04.01 . 18,Program Pengembangan Pariwisata,"1580713030,00",
2.04 . 2.04.01 . 18 . 04,Penyelenggaran Atraksi Wisata,"94345900,00",
2.04 . 2.04.01 . 18 . 04 . 5 . 2 . 1,Belanja Pegawai,"8790000,00",
2.04 . 2.04.01 . 18 . 04 . 5 . 2 . 2,Belanja Barang dan Jasa,"85555900,00",
2.04 . 2.04.01 . 18 . 11,Pengembangan  Desa wisata,"37592000,00",
2.04 . 2.04.01 . 18 . 11 . 5 . 2 . 1,Belanja Pegawai,"10310000,00",
2.04 . 2.04.01 . 18 . 11 . 5 . 2 . 2,Belanja Barang dan Jasa,"27282000,00",
2.04 . 2.04.01 . 18 . 13,"Peningkatan Pembangunan, Pemeliharaan, Pengelolaaan, Sarana dan Prasarana Pariwisata","395419700,00",
2.04 . 2.04.01 . 18 . 13 . 5 . 2 . 1,Belanja Pegawai,"7755000,00",
2.04 . 2.04.01 . 18 . 13 . 5 . 2 . 2,Belanja Barang dan Jasa,"113278700,00",
2.04 . 2.04.01 . 18 . 13 . 5 . 2 . 3,Belanja Modal,"274386000,00",
2.04 . 2.04.01 . 18 . 14,Pengelolaan Data dan Informasi Atraksi Wisata,"39899850,00",
2.04 . 2.04.01 . 18 . 14 . 5 . 2 . 1,Belanja Pegawai,"4575000,00",
2.04 . 2.04.01 . 18 . 14 . 5 . 2 . 2,Belanja Barang dan Jasa,"35324850,00",
2.04 . 2.04.01 . 18 . 15,"Pengembangan jaringan kerjasama Pemasaran, Promosi dan Edukasi Pariwisata","133828900,00",
2.04 . 2.04.01 . 18 . 15 . 5 . 2 . 1,Belanja Pegawai,"11750000,00",
2.04 . 2.04.01 . 18 . 15 . 5 . 2 . 2,Belanja Barang dan Jasa,"122078900,00",
2.04 . 2.04.01 . 18 . 16,Pelaksanaan pemasaran dan promosi pariwisata,"161977675,00",
2.04 . 2.04.01 . 18 . 16 . 5 . 2 . 1,Belanja Pegawai,"3480000,00",
2.04 . 2.04.01 . 18 . 16 . 5 . 2 . 2,Belanja Barang dan Jasa,"158497675,00",
2.04 . 2.04.01 . 18 . 17,Pengelolaan retribusi wisata,"684094005,00",
2.04 . 2.04.01 . 18 . 17 . 5 . 2 . 1,Belanja Pegawai,"17858000,00",
2.04 . 2.04.01 . 18 . 17 . 5 . 2 . 2,Belanja Barang dan Jasa,"666236005,00",
2.04 . 2.04.01 . 18 . 18,Pemberdayaan masyarakat dalam pengembangan pariwisata,"33555000,00",
2.04 . 2.04.01 . 18 . 18 . 5 . 2 . 1,Belanja Pegawai,"10980000,00",
2.04 . 2.04.01 . 18 . 18 . 5 . 2 . 2,Belanja Barang dan Jasa,"22575000,00",
1.18 . 2.04.01 . 20,Program Pembinaan dan Pemasyarakatan Olah Raga,"124922575,00",
1.18 . 2.04.01 . 20 . 05,Peningkatan Kesegaran Jasmani dan Rekreasi,"99943200,00",
1.18 . 2.04.01 . 20 . 05 . 5 . 2 . 1,Belanja Pegawai,"25754000,00",
1.18 . 2.04.01 . 20 . 05 . 5 . 2 . 2,Belanja Barang dan Jasa,"74189200,00",
1.18 . 2.04.01 . 20 . 30,"Pemasyarakatan olah raga bagi pelajar, mahasiswa dan masyarakat","24979375,00",
1.18 . 2.04.01 . 20 . 30 . 5 . 2 . 1,Belanja Pegawai,"7240000,00",
1.18 . 2.04.01 . 20 . 30 . 5 . 2 . 2,Belanja Barang dan Jasa,"17739375,00",
1.18 . 2.04.01 . 21,Program Peningkatan Sarana dan Prasarana Olah Raga,"317352725,00",
1.18 . 2.04.01 . 21 . 08,Pemeliharaan Sarana dan Prasarana Olahraga,"121119900,00",
1.18 . 2.04.01 . 21 . 08 . 5 . 2 . 1,Belanja Pegawai,"925000,00",
1.18 . 2.04.01 . 21 . 08 . 5 . 2 . 2,Belanja Barang dan Jasa,"120194900,00",
1.18 . 2.04.01 . 21 . 09,Pengadaan peralatan olah raga,"149655875,00",
1.18 . 2.04.01 . 21 . 09 . 5 . 2 . 1,Belanja Pegawai,"6025000,00",
1.18 . 2.04.01 . 21 . 09 . 5 . 2 . 2,Belanja Barang dan Jasa,"143630875,00",
1.18 . 2.04.01 . 21 . 11,Peningkatan pembangunan sarana dan prasarana olahraga,"46576950,00",
1.18 . 2.04.01 . 21 . 11 . 5 . 2 . 1,Belanja Pegawai,"675000,00",
1.18 . 2.04.01 . 21 . 11 . 5 . 2 . 2,Belanja Barang dan Jasa,"3621950,00",
1.18 . 2.04.01 . 21 . 11 . 5 . 2 . 3,Belanja Modal,"42280000,00",
,SURPLUS / (DEFISIT),"-3488573861,00",
