Judul,Penjabaran Anggaran Pendapatan dan Belanja Daerah,,,
Daerah,Kabupaten Kulonprogo,,,
Tahun,2015,,,
Kode Organisasi,1.15.01,,,
Nama Organisasi,Dinas Koperasi dan Usaha Mikro Kecil Menengah,,,
Kolom,4,,,
No. Rekening,Uraian,Jumlah,Keterangan,
1.15 . 1.15.01 . 00 . 00 . 4 ,PENDAPATAN ,186000000,,
1.15 . 1.15.01 . 00 . 00 . 4 . 1 ,PENDAPATAN ASLI DAERAH ,186000000,,
1.15 . 1.15.01 . 00 . 00 . 4 . 1 . 4 ,Lain-lain Pendapatan Asli Daerah yang Sah ,186000000,,
1.15 . 1.15.01 . 00 . 00 . 4 . 1 . 4 . 25 ,Pendapatan Bunga Penguatan Modal ,186000000,,
1.15 . 1.15.01 . 00 . 00 . 4 . 1 . 4 . 25 . 01 ,Penguatan Modal bagi Koperasi ,186000000,"Peraturan Daerah Kabupaten Kulon Progo Nomor 7 Tahun 2009 tentang Penyertaan Modal Pemerintah Daerah kepada Koperasi Kredit ""Pinunjul"" Koperasi KUB KUD Se Kulon Progo dan Koperasi Unit Desa""""""Sedyo ""Rahayu"", Lembaran Daerah Kabupaten Kulon Progo Tahun 2009 Nomor 4 Seri E"
1.15 . 1.15.01 . 00 . 00 . 5 ,BELANJA ,2462440229,,
1.15 . 1.15.01 . 00 . 00 . 5 . 1 ,BELANJA TIDAK LANGSUNG ,1832156154,,
1.15 . 1.15.01 . 00 . 00 ,Non Kegiatan ,1832156154,Sumber Dana : ,
1.15 . 1.15.01 . 00 . 00 . 5 . 1 . 1 ,Belanja Pegawai ,1832156154,,
1.15 . 1.15.01 . 00 . 00 . 5 . 1 . 1 . 01 ,Belanja Gaji dan Tunjangan ,1832156154,,
1.15 . 1.15.01 . 00 . 00 . 5 . 1 . 1 . 01 . 01 ,Gaji Pokok PNS/Uang Representasi ,1416323564,,
1.15 . 1.15.01 . 00 . 00 . 5 . 1 . 1 . 01 . 02 ,Tunjangan Keluarga ,126707617,,
1.15 . 1.15.01 . 00 . 00 . 5 . 1 . 1 . 01 . 03 ,Tunjangan Jabatan ,137085000,,
1.15 . 1.15.01 . 00 . 00 . 5 . 1 . 1 . 01 . 05 ,Tunjangan Fungsional Umum ,41366325,,
1.15 . 1.15.01 . 00 . 00 . 5 . 1 . 1 . 01 . 06 ,Tunjangan Beras ,66525927,,
1.15 . 1.15.01 . 00 . 00 . 5 . 1 . 1 . 01 . 07 ,Tunjangan PPh/Tunjangan Khusus ,44125535,,
1.15 . 1.15.01 . 00 . 00 . 5 . 1 . 1 . 01 . 08 ,Pembulatan Gaji ,22186,,
1.15 . 1.15.01 . 01 . 26 . 5 . 2 ,BELANJA LANGSUNG ,630284075,,
1.15 . 1.15.01 . 01 ,Program Pelayanan Administrasi Perkantoran ,94767025,,
1.15 . 1.15.01 . 01 . 26 ,Penyediaan Jasa dan Peralatan Perkantoran ,25902025,Sumber Dana : Lokasi Kegiatan : Dinas Koperasi dan UMKM,
1.15 . 1.15.01 . 01 . 26 . 5 . 2 . 1 ,Belanja Pegawai ,9100000,,
1.15 . 1.15.01 . 01 . 26 . 5 . 2 . 1 . 02 ,Honorarium Non PNS ,9100000,,
1.15 . 1.15.01 . 01 . 26 . 5 . 2 . 1 . 02 . 02 ,Honorarium Pegawai Honorer/Tidak Tetap ,9100000,,
1.15 . 1.15.01 . 01 . 26 . 5 . 2 . 2 ,Belanja Barang dan Jasa ,16802025,,
1.15 . 1.15.01 . 01 . 26 . 5 . 2 . 2 . 01 ,Belanja Bahan Pakai Habis ,7714000,,
1.15 . 1.15.01 . 01 . 26 . 5 . 2 . 2 . 01 . 01 ,Belanja Alat Tulis Kantor ,6934000,,
1.15 . 1.15.01 . 01 . 26 . 5 . 2 . 2 . 01 . 04 ,"Belanja Perangko Materai Dan Benda Pos Lainnya ",660000,,
1.15 . 1.15.01 . 01 . 26 . 5 . 2 . 2 . 01 . 09 ,Belanja Peralatan Pendukung Kantor ,120000,,
1.15 . 1.15.01 . 01 . 26 . 5 . 2 . 2 . 03 ,Belanja Jasa Kantor ,1140000,,
1.15 . 1.15.01 . 01 . 26 . 5 . 2 . 2 . 03 . 05 ,Belanja Surat Kabar/Majalah ,1140000,,
1.15 . 1.15.01 . 01 . 26 . 5 . 2 . 2 . 06 ,Belanja Cetak dan Penggandaan ,7948025,,
1.15 . 1.15.01 . 01 . 26 . 5 . 2 . 2 . 06 . 01 ,Belanja Cetak ,1756000,,
1.15 . 1.15.01 . 01 . 26 . 5 . 2 . 2 . 06 . 02 ,Belanja Penggandaan ,6192025,,
1.15 . 1.15.01 . 01 . 27 ,Penyediaan Jasa  keuangan ,15300000,Sumber Dana : Lokasi Kegiatan : Dinas Koperasi dan UMKM,
1.15 . 1.15.01 . 01 . 27 . 5 . 2 . 1 ,Belanja Pegawai ,15300000,,
1.15 . 1.15.01 . 01 . 27 . 5 . 2 . 1 . 01 ,Honorarium PNS ,15300000,,
1.15 . 1.15.01 . 01 . 27 . 5 . 2 . 1 . 01 . 04 ,Honorarium Bendahara/Pengurus Barang ,15300000,,
1.15 . 1.15.01 . 01 . 28 ,"Penyediaan Rapat-Rapat  Konsultasi dan Koordinasi ",53565000,Sumber Dana : Lokasi Kegiatan : Dinas Koperasi dan UMKM,
1.15 . 1.15.01 . 01 . 28 . 5 . 2 . 2 ,Belanja Barang dan Jasa ,53565000,,
1.15 . 1.15.01 . 01 . 28 . 5 . 2 . 2 . 11 ,Belanja Makanan dan  Minuman ,5400000,,
1.15 . 1.15.01 . 01 . 28 . 5 . 2 . 2 . 11 . 02 ,Belanja Makanan Dan Minuman Rapat ,2880000,,
1.15 . 1.15.01 . 01 . 28 . 5 . 2 . 2 . 11 . 03 ,Belanja Makanan Dan Minuman Tamu ,2520000,,
1.15 . 1.15.01 . 01 . 28 . 5 . 2 . 2 . 15 ,Belanja Perjalanan Dinas ,48165000,,
1.15 . 1.15.01 . 01 . 28 . 5 . 2 . 2 . 15 . 01 ,Belanja Perjalanan Dinas Dalam Daerah ,3920000,,
1.15 . 1.15.01 . 01 . 28 . 5 . 2 . 2 . 15 . 02 ,Belanja Perjalanan Dinas Luar Daerah ,44245000,,
1.15 . 1.15.01 . 11 ,Program Peningkatan Sarana dan Prasarana Perkantoran ,152381900,,
1.15 . 1.15.01 . 11 . 01 ,Pengadaan Sarana dan Prasarana Perkantoran ,71100000,Sumber Dana : Lokasi Kegiatan : Dinas Koperasi dan UMKM,
1.15 . 1.15.01 . 11 . 01 . 5 . 2 . 3 ,Belanja Modal ,71100000,,
1.15 . 1.15.01 . 11 . 01 . 5 . 2 . 3 . 17 ,Belanja Modal Peralatan dan Mesin - Pengadaan Alat Angkutan Darat Bermotor,37900000,,
1.15 . 1.15.01 . 11 . 01 . 5 . 2 . 3 . 17 . 05 ,Belanja Modal Peralatan dan Mesin - Pengadaan Kendaraan Bermotor Beroda Dua,37900000,Sepeda MotorPengadaan sepeda motor"2 unit x 18.000.00000 = 36.000.00000"Honorarium tim pengadaan barang dan jasaHonor pejabat pengadaan barang dan jasa"2 org/bln x 250.00000 = 500.00000"Honor pejabat penerima hasil pekerjaan"1 org/bln x 250.00000 = 250.00000"Belanja Alat Tulis KantorKertas HVS folio 70 grm	"1 rim x 45.00000 = 45.00000"Tinta refil printer"1 dos x 36.50000 = 36.50000"Stopmap kertas"32 bh x 80000 = 25.60000"Snelhekter kertas"33 bh x 1.10000 = 36.30000"Tipe ex"1 set x 5.10000 = 5.10000"Belanja Penggandaan	Foto copy"580 lbr x 17500 = 101.50000"Belanja makan dan minum rapatMakan dan minum rapat"36 org/kali x 25.00000 = 900.00000",
1.15 . 1.15.01 . 11 . 01 . 5 . 2 . 3 . 28 ,Belanja Modal Peralatan dan Mesin - Pengadaan Alat Rumah Tangga ,12750000,,
1.15 . 1.15.01 . 11 . 01 . 5 . 2 . 3 . 28 . 01 ,Belanja Modal Peralatan dan Mesin - Pengadaan Meubelair ,4150000,Lemari KayuPengadaan almari arsip kayu"1 buah x 4.150.00000 = 4.150.00000",
1.15 . 1.15.01 . 11 . 01 . 5 . 2 . 3 . 28 . 06 ,Belanja Modal Peralatan dan Mesin - Pengadaan Alat Rumah Tangga Lainnya (Home Use),8600000,WirelessPengadaan wireless"1 unit x 8.600.00000 = 8.600.00000",
1.15 . 1.15.01 . 11 . 01 . 5 . 2 . 3 . 29 ,Belanja Modal Peralatan dan Mesin - Pengadaan  Komputer ,16450000,,
1.15 . 1.15.01 . 11 . 01 . 5 . 2 . 3 . 29 . 02 ,Belanja Modal Peralatan dan Mesin - Pengadaan Personal Komputer ,12550000,P.C Unit/ Komputer PCKomputer PC"1 unit x 5.325.00000 = 5.325.000Lap TopPengadaan Laptop"1 unit x 7.225.00000 = 7.225.000,
1.15 . 1.15.01 . 11 . 01 . 5 . 2 . 3 . 29 . 05 ,Belanja Modal Peralatan dan Mesin - Pengadaan Peralatan Personal Komputer,3900000,PrinterPengadaan printer laser jet"3 unit x 1.300.00000 = 3.900.00000",
1.15 . 1.15.01 . 11 . 01 . 5 . 2 . 3 . 31 ,Belanja Modal Peralatan dan Mesin - Pengadaan Alat Studio ,4000000,,
1.15 . 1.15.01 . 11 . 01 . 5 . 2 . 3 . 31 . 01 ,Belanja Modal Peralatan dan Mesin - Pengadaan Peralatan Studio Visual ,4000000,Belanja pengadaan cameraBelanja pengadaan kamera"1 unit x 4.000.00000 = 4.000.00000",
1.15 . 1.15.01 . 11 . 02 ,Pemeliharaan Sarana dan Prasarana Perkantoran ,81281900,Sumber Dana : Lokasi Kegiatan : Dinas Koperasi dan UMKM,
1.15 . 1.15.01 . 11 . 02 . 5 . 2 . 2 ,Belanja Barang dan Jasa ,81281900,,
1.15 . 1.15.01 . 11 . 02 . 5 . 2 . 2 . 01 ,Belanja Bahan Pakai Habis ,1232100,,
1.15 . 1.15.01 . 11 . 02 . 5 . 2 . 2 . 01 . 03 ,"Belanja Alat Listrik Dan Elektronik (Lampu Pijar Battery Kering) ",413600,,
1.15 . 1.15.01 . 11 . 02 . 5 . 2 . 2 . 01 . 05 ,Belanja Peralatan Kebersihan Dan Bahan Pembersih ,818500,,
1.15 . 1.15.01 . 11 . 02 . 5 . 2 . 2 . 03 ,Belanja Jasa Kantor ,16500000,,
1.15 . 1.15.01 . 11 . 02 . 5 . 2 . 2 . 03 . 01 ,Belanja Telepon ,6600000,,
1.15 . 1.15.01 . 11 . 02 . 5 . 2 . 2 . 03 . 02 ,Belanja Air ,2100000,,
1.15 . 1.15.01 . 11 . 02 . 5 . 2 . 2 . 03 . 03 ,Belanja Listrik ,7800000,,
1.15 . 1.15.01 . 11 . 02 . 5 . 2 . 2 . 05 ,Belanja Perawatan Kendaraan Bermotor ,59039800,,
1.15 . 1.15.01 . 11 . 02 . 5 . 2 . 2 . 05 . 01 ,Belanja Jasa Service ,1560000,,
1.15 . 1.15.01 . 11 . 02 . 5 . 2 . 2 . 05 . 02 ,Belanja Penggantian Suku Cadang ,13080000,,
1.15 . 1.15.01 . 11 . 02 . 5 . 2 . 2 . 05 . 03 ,Belanja Bahan Bakar Minyak/Gas Dan Pelumas ,41570000,,
1.15 . 1.15.01 . 11 . 02 . 5 . 2 . 2 . 05 . 05 ,Belanja Pajak Kendaraan Bermotor ,2829800,,
1.15 . 1.15.01 . 11 . 02 . 5 . 2 . 2 . 20 ,Belanja Pemeliharaan ,4510000,,
1.15 . 1.15.01 . 11 . 02 . 5 . 2 . 2 . 20 . 07 ,Belanja Pemeliharaan Perlengkapan Kantor ,2000000,,
1.15 . 1.15.01 . 11 . 02 . 5 . 2 . 2 . 20 . 08 ,Belanja Pemeliharaan Peralatan Gedung Kantor ,2510000,,
1.15 . 1.15.01 . 12 ,"Program Perencanaan Pengendalian dan Evaluasi Kinerja ",12445875,,
1.15 . 1.15.01 . 12 . 01 ,Penyusunan Perencanaan Kinerja SKPD ,1946000,Sumber Dana : Lokasi Kegiatan : Dinas Koperasi dan UKM,
1.15 . 1.15.01 . 12 . 01 . 5 . 2 . 1 ,Belanja Pegawai ,608000,,
1.15 . 1.15.01 . 12 . 01 . 5 . 2 . 1 . 03 ,Uang Lembur ,608000,,
1.15 . 1.15.01 . 12 . 01 . 5 . 2 . 1 . 03 . 01 ,Uang Lembur PNS ,608000,,
1.15 . 1.15.01 . 12 . 01 . 5 . 2 . 2 ,Belanja Barang dan Jasa ,1338000,,
1.15 . 1.15.01 . 12 . 01 . 5 . 2 . 2 . 01 ,Belanja Bahan Pakai Habis ,208500,,
1.15 . 1.15.01 . 12 . 01 . 5 . 2 . 2 . 01 . 01 ,Belanja Alat Tulis Kantor ,208500,,
1.15 . 1.15.01 . 12 . 01 . 5 . 2 . 2 . 06 ,Belanja Cetak dan Penggandaan ,481500,,
1.15 . 1.15.01 . 12 . 01 . 5 . 2 . 2 . 06 . 02 ,Belanja Penggandaan ,481500,,
1.15 . 1.15.01 . 12 . 01 . 5 . 2 . 2 . 11 ,Belanja Makanan dan  Minuman ,648000,,
1.15 . 1.15.01 . 12 . 01 . 5 . 2 . 2 . 11 . 01 ,Belanja Makanan Dan Minuman Harian Pegawai ,648000,,
1.15 . 1.15.01 . 12 . 02 ,Penyusunan Laporan Keuangan ,3999875,Sumber Dana : Lokasi Kegiatan : Dinas Koperasi dan UMKM,
1.15 . 1.15.01 . 12 . 02 . 5 . 2 . 1 ,Belanja Pegawai ,1485000,,
1.15 . 1.15.01 . 12 . 02 . 5 . 2 . 1 . 03 ,Uang Lembur ,1485000,,
1.15 . 1.15.01 . 12 . 02 . 5 . 2 . 1 . 03 . 01 ,Uang Lembur PNS ,1485000,,
1.15 . 1.15.01 . 12 . 02 . 5 . 2 . 2 ,Belanja Barang dan Jasa ,2514875,,
1.15 . 1.15.01 . 12 . 02 . 5 . 2 . 2 . 01 ,Belanja Bahan Pakai Habis ,354550,,
1.15 . 1.15.01 . 12 . 02 . 5 . 2 . 2 . 01 . 01 ,Belanja Alat Tulis Kantor ,354550,,
1.15 . 1.15.01 . 12 . 02 . 5 . 2 . 2 . 06 ,Belanja Cetak dan Penggandaan ,540325,,
1.15 . 1.15.01 . 12 . 02 . 5 . 2 . 2 . 06 . 02 ,Belanja Penggandaan ,540325,,
1.15 . 1.15.01 . 12 . 02 . 5 . 2 . 2 . 11 ,Belanja Makanan dan  Minuman ,1620000,,
1.15 . 1.15.01 . 12 . 02 . 5 . 2 . 2 . 11 . 01 ,Belanja Makanan Dan Minuman Harian Pegawai ,1620000,,
1.15 . 1.15.01 . 12 . 03 ,"Pengendalian Evaluasi dan Pelaporan Kinerja ",6500000,Sumber Dana : ,
1.15 . 1.15.01 . 12 . 03 . 5 . 2 . 1 ,Belanja Pegawai ,1320000,,
1.15 . 1.15.01 . 12 . 03 . 5 . 2 . 1 . 03 ,Uang Lembur ,1320000,,
1.15 . 1.15.01 . 12 . 03 . 5 . 2 . 1 . 03 . 01 ,Uang Lembur PNS ,1320000,,
1.15 . 1.15.01 . 12 . 03 . 5 . 2 . 2 ,Belanja Barang dan Jasa ,5180000,,
1.15 . 1.15.01 . 12 . 03 . 5 . 2 . 2 . 01 ,Belanja Bahan Pakai Habis ,658500,,
1.15 . 1.15.01 . 12 . 03 . 5 . 2 . 2 . 01 . 01 ,Belanja Alat Tulis Kantor ,658500,,
1.15 . 1.15.01 . 12 . 03 . 5 . 2 . 2 . 06 ,Belanja Cetak dan Penggandaan ,651500,,
1.15 . 1.15.01 . 12 . 03 . 5 . 2 . 2 . 06 . 02 ,Belanja Penggandaan ,651500,,
1.15 . 1.15.01 . 12 . 03 . 5 . 2 . 2 . 11 ,Belanja Makanan dan  Minuman ,3870000,,
1.15 . 1.15.01 . 12 . 03 . 5 . 2 . 2 . 11 . 01 ,Belanja Makanan Dan Minuman Harian Pegawai ,1440000,,
1.15 . 1.15.01 . 12 . 03 . 5 . 2 . 2 . 11 . 02 ,Belanja Makanan Dan Minuman Rapat ,2430000,,
1.15 . 1.15.01 . 13 ,Program Peningkatan Kapasitas Sumber Daya Manusia SKPD ,5299000,,
1.15 . 1.15.01 . 13 . 05 ,Pengadaan Pakaian Dinas Harian (PDH) ,5299000,Sumber Dana : Lokasi Kegiatan : Dinas Koperasi dan UMKM,
1.15 . 1.15.01 . 13 . 05 . 5 . 2 . 2 ,Belanja Barang dan Jasa ,5299000,,
1.15 . 1.15.01 . 13 . 05 . 5 . 2 . 2 . 01 ,Belanja Bahan Pakai Habis ,49000,,
1.15 . 1.15.01 . 13 . 05 . 5 . 2 . 2 . 01 . 01 ,Belanja Alat Tulis Kantor ,49000,,
1.15 . 1.15.01 . 13 . 05 . 5 . 2 . 2 . 12 ,Belanja Pakaian Dinas dan Atributnya ,5250000,,
1.15 . 1.15.01 . 13 . 05 . 5 . 2 . 2 . 12 . 04 ,Belanja Pakaian Dinas Harian (PDH) ,5250000,,
1.15 . 1.15.01 . 16 ,Program Pengembangan Kewirausahaan dan Keunggulan Kompetitif dan Usaha Kecil Menengah,227289675,,
1.15 . 1.15.01 . 16 . 11 ,Penyelenggaraan promosi produk KUMKM ,52537400,Sumber Dana : Lokasi Kegiatan : Kabupaten Kulon Progo,
1.15 . 1.15.01 . 16 . 11 . 5 . 2 . 2 ,Belanja Barang dan Jasa ,52537400,,
1.15 . 1.15.01 . 16 . 11 . 5 . 2 . 2 . 01 ,Belanja Bahan Pakai Habis ,278650,,
1.15 . 1.15.01 . 16 . 11 . 5 . 2 . 2 . 01 . 01 ,Belanja Alat Tulis Kantor ,278650,,
1.15 . 1.15.01 . 16 . 11 . 5 . 2 . 2 . 03 ,Belanja Jasa Kantor ,3000000,,
1.15 . 1.15.01 . 16 . 11 . 5 . 2 . 2 . 03 . 14 ,Belanja Dekorasi ,3000000,,
1.15 . 1.15.01 . 16 . 11 . 5 . 2 . 2 . 06 ,Belanja Cetak dan Penggandaan ,2008750,,
1.15 . 1.15.01 . 16 . 11 . 5 . 2 . 2 . 06 . 01 ,Belanja Cetak ,2000000,,
1.15 . 1.15.01 . 16 . 11 . 5 . 2 . 2 . 06 . 02 ,Belanja Penggandaan ,8750,,
1.15 . 1.15.01 . 16 . 11 . 5 . 2 . 2 . 07 ,Belanja Sewa Rumah/Gedung/Gudang/Parkir ,25000000,,
1.15 . 1.15.01 . 16 . 11 . 5 . 2 . 2 . 07 . 02 ,Belanja Sewa Gedung/Kantor/Tempat ,25000000,,
1.15 . 1.15.01 . 16 . 11 . 5 . 2 . 2 . 08 ,Belanja Sewa Sarana Mobilitas ,4000000,,
1.15 . 1.15.01 . 16 . 11 . 5 . 2 . 2 . 08 . 01 ,Belanja Sewa Sarana Mobilitas Darat ,4000000,,
1.15 . 1.15.01 . 16 . 11 . 5 . 2 . 2 . 11 ,Belanja Makanan dan  Minuman ,550000,,
1.15 . 1.15.01 . 16 . 11 . 5 . 2 . 2 . 11 . 02 ,Belanja Makanan Dan Minuman Rapat ,550000,,
1.15 . 1.15.01 . 16 . 11 . 5 . 2 . 2 . 15 ,Belanja Perjalanan Dinas ,17700000,,
1.15 . 1.15.01 . 16 . 11 . 5 . 2 . 2 . 15 . 01 ,Belanja Perjalanan Dinas Dalam Daerah ,520000,,
1.15 . 1.15.01 . 16 . 11 . 5 . 2 . 2 . 15 . 02 ,Belanja Perjalanan Dinas Luar Daerah ,17180000,,
1.15 . 1.15.01 . 16 . 12 ,Peningkatan legalitas produk KUMKM ,24994000,Sumber Dana : Lokasi Kegiatan : Kabupaten Kulon Progo,
1.15 . 1.15.01 . 16 . 12 . 5 . 2 . 1 ,Belanja Pegawai ,5115000,,
1.15 . 1.15.01 . 16 . 12 . 5 . 2 . 1 . 01 ,Honorarium PNS ,4215000,,
1.15 . 1.15.01 . 16 . 12 . 5 . 2 . 1 . 01 . 01 ,Honorarium Panitia Pelaksana Kegiatan ,4215000,,
1.15 . 1.15.01 . 16 . 12 . 5 . 2 . 1 . 02 ,Honorarium Non PNS ,900000,,
1.15 . 1.15.01 . 16 . 12 . 5 . 2 . 1 . 02 . 03 ,Honorarium Harian ,900000,,
1.15 . 1.15.01 . 16 . 12 . 5 . 2 . 2 ,Belanja Barang dan Jasa ,19879000,,
1.15 . 1.15.01 . 16 . 12 . 5 . 2 . 2 . 01 ,Belanja Bahan Pakai Habis ,759000,,
1.15 . 1.15.01 . 16 . 12 . 5 . 2 . 2 . 01 . 01 ,Belanja Alat Tulis Kantor ,759000,,
1.15 . 1.15.01 . 16 . 12 . 5 . 2 . 2 . 03 ,Belanja Jasa Kantor ,8125000,,
1.15 . 1.15.01 . 16 . 12 . 5 . 2 . 2 . 03 . 14 ,Belanja Dekorasi ,125000,,
1.15 . 1.15.01 . 16 . 12 . 5 . 2 . 2 . 03 . 21 ,Belanja Pengurusan Hak Kekayaan Intelektual ,8000000,,
1.15 . 1.15.01 . 16 . 12 . 5 . 2 . 2 . 06 ,Belanja Cetak dan Penggandaan ,525000,,
1.15 . 1.15.01 . 16 . 12 . 5 . 2 . 2 . 06 . 02 ,Belanja Penggandaan ,525000,,
1.15 . 1.15.01 . 16 . 12 . 5 . 2 . 2 . 11 ,Belanja Makanan dan  Minuman ,2245000,,
1.15 . 1.15.01 . 16 . 12 . 5 . 2 . 2 . 11 . 02 ,Belanja Makanan Dan Minuman Rapat ,1125000,,
1.15 . 1.15.01 . 16 . 12 . 5 . 2 . 2 . 11 . 04 ,"Belanja makanan dan minuman pelatihan sosialisasi penyuluhan ",1120000,,
1.15 . 1.15.01 . 16 . 12 . 5 . 2 . 2 . 15 ,Belanja Perjalanan Dinas ,6825000,,
1.15 . 1.15.01 . 16 . 12 . 5 . 2 . 2 . 15 . 01 ,Belanja Perjalanan Dinas Dalam Daerah ,1260000,,
1.15 . 1.15.01 . 16 . 12 . 5 . 2 . 2 . 15 . 02 ,Belanja Perjalanan Dinas Luar Daerah ,5565000,,
1.15 . 1.15.01 . 16 . 12 . 5 . 2 . 2 . 27 ,Belanja Tenaga Ahli/Instruktur/Narasumber ,1400000,,
1.15 . 1.15.01 . 16 . 12 . 5 . 2 . 2 . 27 . 01 ,Jasa Tenaga Ahli/Instruktur/Narasumber ,1400000,,
1.15 . 1.15.01 . 16 . 13 ,Peningkatan dan pengembangan jaringan kerjasama Usaha KUMKM ,16894100,Sumber Dana : Lokasi Kegiatan : Kabupaten Kulon Progo,
1.15 . 1.15.01 . 16 . 13 . 5 . 2 . 1 ,Belanja Pegawai ,6990000,,
1.15 . 1.15.01 . 16 . 13 . 5 . 2 . 1 . 01 ,Honorarium PNS ,4740000,,
1.15 . 1.15.01 . 16 . 13 . 5 . 2 . 1 . 01 . 01 ,Honorarium Panitia Pelaksana Kegiatan ,4740000,,
1.15 . 1.15.01 . 16 . 13 . 5 . 2 . 1 . 02 ,Honorarium Non PNS ,2250000,,
1.15 . 1.15.01 . 16 . 13 . 5 . 2 . 1 . 02 . 03 ,Honorarium Harian ,2250000,,
1.15 . 1.15.01 . 16 . 13 . 5 . 2 . 2 ,Belanja Barang dan Jasa ,9904100,,
1.15 . 1.15.01 . 16 . 13 . 5 . 2 . 2 . 01 ,Belanja Bahan Pakai Habis ,1294550,,
1.15 . 1.15.01 . 16 . 13 . 5 . 2 . 2 . 01 . 01 ,Belanja Alat Tulis Kantor ,1294550,,
1.15 . 1.15.01 . 16 . 13 . 5 . 2 . 2 . 06 ,Belanja Cetak dan Penggandaan ,424550,,
1.15 . 1.15.01 . 16 . 13 . 5 . 2 . 2 . 06 . 02 ,Belanja Penggandaan ,424550,,
1.15 . 1.15.01 . 16 . 13 . 5 . 2 . 2 . 11 ,Belanja Makanan dan  Minuman ,3000000,,
1.15 . 1.15.01 . 16 . 13 . 5 . 2 . 2 . 11 . 02 ,Belanja Makanan Dan Minuman Rapat ,750000,,
1.15 . 1.15.01 . 16 . 13 . 5 . 2 . 2 . 11 . 04 ,"Belanja makanan dan minuman pelatihan sosialisasi penyuluhan ",2250000,,
1.15 . 1.15.01 . 16 . 13 . 5 . 2 . 2 . 15 ,Belanja Perjalanan Dinas ,3085000,,
1.15 . 1.15.01 . 16 . 13 . 5 . 2 . 2 . 15 . 01 ,Belanja Perjalanan Dinas Dalam Daerah ,2265000,,
1.15 . 1.15.01 . 16 . 13 . 5 . 2 . 2 . 15 . 02 ,Belanja Perjalanan Dinas Luar Daerah ,820000,,
1.15 . 1.15.01 . 16 . 13 . 5 . 2 . 2 . 27 ,Belanja Tenaga Ahli/Instruktur/Narasumber ,2100000,,
1.15 . 1.15.01 . 16 . 13 . 5 . 2 . 2 . 27 . 01 ,Jasa Tenaga Ahli/Instruktur/Narasumber ,2100000,,
1.15 . 1.15.01 . 16 . 14 ,Pengembangan Usaha KUMKM ,104669000,Sumber Dana : Lokasi Kegiatan : Kabupaten Kulon Progo,
1.15 . 1.15.01 . 16 . 14 . 5 . 2 . 1 ,Belanja Pegawai ,13150000,,
1.15 . 1.15.01 . 16 . 14 . 5 . 2 . 1 . 01 ,Honorarium PNS ,7150000,,
1.15 . 1.15.01 . 16 . 14 . 5 . 2 . 1 . 01 . 01 ,Honorarium Panitia Pelaksana Kegiatan ,7150000,,
1.15 . 1.15.01 . 16 . 14 . 5 . 2 . 1 . 02 ,Honorarium Non PNS ,6000000,,
1.15 . 1.15.01 . 16 . 14 . 5 . 2 . 1 . 02 . 03 ,Honorarium Harian ,6000000,,
1.15 . 1.15.01 . 16 . 14 . 5 . 2 . 2 ,Belanja Barang dan Jasa ,91519000,,
1.15 . 1.15.01 . 16 . 14 . 5 . 2 . 2 . 01 ,Belanja Bahan Pakai Habis ,3368500,,
1.15 . 1.15.01 . 16 . 14 . 5 . 2 . 2 . 01 . 01 ,Belanja Alat Tulis Kantor ,3368500,,
1.15 . 1.15.01 . 16 . 14 . 5 . 2 . 2 . 03 ,Belanja Jasa Kantor ,625000,,
1.15 . 1.15.01 . 16 . 14 . 5 . 2 . 2 . 03 . 14 ,Belanja Dekorasi ,625000,,
1.15 . 1.15.01 . 16 . 14 . 5 . 2 . 2 . 06 ,Belanja Cetak dan Penggandaan ,1050000,,
1.15 . 1.15.01 . 16 . 14 . 5 . 2 . 2 . 06 . 02 ,Belanja Penggandaan ,1050000,,
1.15 . 1.15.01 . 16 . 14 . 5 . 2 . 2 . 11 ,Belanja Makanan dan  Minuman ,9620000,,
1.15 . 1.15.01 . 16 . 14 . 5 . 2 . 2 . 11 . 02 ,Belanja Makanan Dan Minuman Rapat ,1940000,,
1.15 . 1.15.01 . 16 . 14 . 5 . 2 . 2 . 11 . 04 ,"Belanja makanan dan minuman pelatihan sosialisasi penyuluhan ",7680000,,
1.15 . 1.15.01 . 16 . 14 . 5 . 2 . 2 . 15 ,Belanja Perjalanan Dinas ,2330000,,
1.15 . 1.15.01 . 16 . 14 . 5 . 2 . 2 . 15 . 01 ,Belanja Perjalanan Dinas Dalam Daerah ,800000,,
1.15 . 1.15.01 . 16 . 14 . 5 . 2 . 2 . 15 . 02 ,Belanja Perjalanan Dinas Luar Daerah ,1530000,,
1.15 . 1.15.01 . 16 . 14 . 5 . 2 . 2 . 23 ,Belanja Barang Untuk Diserahkan kepada Masyarakat/Pihak Ketiga ,66125500,,
1.15 . 1.15.01 . 16 . 14 . 5 . 2 . 2 . 23 . 01 ,Belanja Barang Yang Akan Diserahkan Kepada Masyarakat ,66125500,"Ponijan (PronosutanKembang Nanggulan / mebel)"Pasah mesin"1 buah x 3.500.00000 = 3.500.00000""Yuni Indriyati (K.Karya Sukses	 Blumbang	 Karangsari	 Pengasih / konveksi)"Mesin jahit"2 unit x 3.500.00000 = 7.000.00000""Mei Kurnia (Klebakan	 salamrejo	 sentolo / Budidaya Jamur)"Deep frying"1 unit x 3.000.00000 = 3.000.00000""Een Nuraeni (Kedungrong	 Purwoharjo	 Samigaluh / Makanan olahan)"Tenda"1 unit x 3.000.00000 = 3.000.00000""Mujirah (Kedungrong	 Purwoharjo	 Samigaluh / Makanan olahan)"Frezer"1 buah x 3.000.00000 = 3.000.00000"Suparno (Jangkang Lor Sentolo / kelontong)Gondola"2 buah x 2.000.00000 = 4.000.00000""Sumarlia (Dukuh	 Purwoharjo	 Samigaluh / Angkringan)"Tenda"1 unit x 3.000.00000 = 3.000.00000""Yuli Samsiyah (Soronatan	 Banjararum	 Kalibawang / Angkringan mie rebus)"Tenda"1 unit x 3.000.00000 = 3.000.00000"Subandi (Sidowayah  Sukoreno Sentolo / Makanan olahan)Oven gas"1 set x 3.000.00000 = 3.000.00000""Nurudin Tri Zuono (Sentolo Lor	 Sentolo / Bengkel)"Inverter"1 unit x 3.000.00000 = 3.000.00000"Rifki Ali Hamidi  ( K. Busana Mandiri Siwalan Sentolo / konveksi)Mesin jahit"2 unit x 3.500.00000 = 7.000.00000""Utami  (Salon Syifa Kenteng	 Kembang	 Nanggulan / salon)"Etalase"1 buah x 2.000.00000 = 2.000.00000"Steamer"1 buah x 2.000.00000 = 2.000.00000""Kasilah  ( K. Sederhana Sigran	 Tirtorahayu	 Galur / Konveksi)"Mesin jahit"2 buah x 3.500.00000 = 7.000.00000""M. Arifin  ( K. D'Barokah Balak	 Pendoworejo	 Girimulyo / makanan olahan)"Pop Corn marker"1 unit x 5.000.00000 = 5.000.00000""Kemiran  ( K. Mekar Tani Tegiri	 Hargowilis	 Kokap / Tahu)"Penggilingan kedelai"1 unit x 7.000.00000 = 7.000.00000"Honorarium Tim pengadaan barang dan jasa	Pejabat pengadaan"1 org/bln x 250.00000 = 250.00000"Pejabat penerima.pemeriksaan barang"1 org/bln x 250.00000 = 250.00000"BelanjaATKStopmapkertas"15 buah x 80000 = 12.00000"Snelhekter plastik"5 buah x 6.95000 = 34.75000"Kertas HVS 70 gr folio"1 rim x 45.00000 = 45.00000"Lem kertas glukol"2 botol x 3.75000 = 7.50000"Belanja penggadaanfoto copy"150 lembar x 17500 = 26.25000",
1.15 . 1.15.01 . 16 . 14 . 5 . 2 . 2 . 27 ,Belanja Tenaga Ahli/Instruktur/Narasumber ,8400000,,
1.15 . 1.15.01 . 16 . 14 . 5 . 2 . 2 . 27 . 01 ,Jasa Tenaga Ahli/Instruktur/Narasumber ,8400000,,
1.15 . 1.15.01 . 16 . 15 ,Pemantauan pengelolaan penggunaan dana Pemerintah bagi KUMKM ,9999875,Sumber Dana : Lokasi Kegiatan : Kabupaten Kulon Progo,
1.15 . 1.15.01 . 16 . 15 . 5 . 2 . 1 ,Belanja Pegawai ,4740000,,
1.15 . 1.15.01 . 16 . 15 . 5 . 2 . 1 . 01 ,Honorarium PNS ,4740000,,
1.15 . 1.15.01 . 16 . 15 . 5 . 2 . 1 . 01 . 01 ,Honorarium Panitia Pelaksana Kegiatan ,4740000,,
1.15 . 1.15.01 . 16 . 15 . 5 . 2 . 2 ,Belanja Barang dan Jasa ,5259875,,
1.15 . 1.15.01 . 16 . 15 . 5 . 2 . 2 . 01 ,Belanja Bahan Pakai Habis ,818300,,
1.15 . 1.15.01 . 16 . 15 . 5 . 2 . 2 . 01 . 01 ,Belanja Alat Tulis Kantor ,818300,,
1.15 . 1.15.01 . 16 . 15 . 5 . 2 . 2 . 06 ,Belanja Cetak dan Penggandaan ,771575,,
1.15 . 1.15.01 . 16 . 15 . 5 . 2 . 2 . 06 . 02 ,Belanja Penggandaan ,771575,,
1.15 . 1.15.01 . 16 . 15 . 5 . 2 . 2 . 11 ,Belanja Makanan dan  Minuman ,1500000,,
1.15 . 1.15.01 . 16 . 15 . 5 . 2 . 2 . 11 . 02 ,Belanja Makanan Dan Minuman Rapat ,1500000,,
1.15 . 1.15.01 . 16 . 15 . 5 . 2 . 2 . 15 ,Belanja Perjalanan Dinas ,2170000,,
1.15 . 1.15.01 . 16 . 15 . 5 . 2 . 2 . 15 . 01 ,Belanja Perjalanan Dinas Dalam Daerah ,2170000,,
1.15 . 1.15.01 . 16 . 16 ,Pelatihan Kewirausahaan ,18195300,Sumber Dana : Lokasi Kegiatan : Kabupaten Kulon Progo,
1.15 . 1.15.01 . 16 . 16 . 5 . 2 . 1 ,Belanja Pegawai ,5955000,,
1.15 . 1.15.01 . 16 . 16 . 5 . 2 . 1 . 01 ,Honorarium PNS ,1455000,,
1.15 . 1.15.01 . 16 . 16 . 5 . 2 . 1 . 01 . 01 ,Honorarium Panitia Pelaksana Kegiatan ,1455000,,
1.15 . 1.15.01 . 16 . 16 . 5 . 2 . 1 . 02 ,Honorarium Non PNS ,4500000,,
1.15 . 1.15.01 . 16 . 16 . 5 . 2 . 1 . 02 . 03 ,Honorarium Harian ,4500000,,
1.15 . 1.15.01 . 16 . 16 . 5 . 2 . 2 ,Belanja Barang dan Jasa ,12240300,,
1.15 . 1.15.01 . 16 . 16 . 5 . 2 . 2 . 01 ,Belanja Bahan Pakai Habis ,770300,,
1.15 . 1.15.01 . 16 . 16 . 5 . 2 . 2 . 01 . 01 ,Belanja Alat Tulis Kantor ,770300,,
1.15 . 1.15.01 . 16 . 16 . 5 . 2 . 2 . 03 ,Belanja Jasa Kantor ,125000,,
1.15 . 1.15.01 . 16 . 16 . 5 . 2 . 2 . 03 . 14 ,Belanja Dekorasi ,125000,,
1.15 . 1.15.01 . 16 . 16 . 5 . 2 . 2 . 06 ,Belanja Cetak dan Penggandaan ,705000,,
1.15 . 1.15.01 . 16 . 16 . 5 . 2 . 2 . 06 . 01 ,Belanja Cetak ,180000,,
1.15 . 1.15.01 . 16 . 16 . 5 . 2 . 2 . 06 . 02 ,Belanja Penggandaan ,525000,,
1.15 . 1.15.01 . 16 . 16 . 5 . 2 . 2 . 07 ,Belanja Sewa Rumah/Gedung/Gudang/Parkir ,1250000,,
1.15 . 1.15.01 . 16 . 16 . 5 . 2 . 2 . 07 . 02 ,Belanja Sewa Gedung/Kantor/Tempat ,1250000,,
1.15 . 1.15.01 . 16 . 16 . 5 . 2 . 2 . 11 ,Belanja Makanan dan  Minuman ,5300000,,
1.15 . 1.15.01 . 16 . 16 . 5 . 2 . 2 . 11 . 02 ,Belanja Makanan Dan Minuman Rapat ,500000,,
1.15 . 1.15.01 . 16 . 16 . 5 . 2 . 2 . 11 . 04 ,"Belanja makanan dan minuman pelatihan sosialisasi penyuluhan ",4800000,,
1.15 . 1.15.01 . 16 . 16 . 5 . 2 . 2 . 15 ,Belanja Perjalanan Dinas ,1390000,,
1.15 . 1.15.01 . 16 . 16 . 5 . 2 . 2 . 15 . 01 ,Belanja Perjalanan Dinas Dalam Daerah ,1200000,,
1.15 . 1.15.01 . 16 . 16 . 5 . 2 . 2 . 15 . 02 ,Belanja Perjalanan Dinas Luar Daerah ,190000,,
1.15 . 1.15.01 . 16 . 16 . 5 . 2 . 2 . 27 ,Belanja Tenaga Ahli/Instruktur/Narasumber ,2700000,,
1.15 . 1.15.01 . 16 . 16 . 5 . 2 . 2 . 27 . 01 ,Jasa Tenaga Ahli/Instruktur/Narasumber ,2700000,,
1.15 . 1.15.01 . 18 ,Program Peningkatan Kualitas Kelembagaan Koperasi ,138100600,,
1.15 . 1.15.01 . 18 . 10 ,Revitalisasi/pendataan KUMKM ,12905100,Sumber Dana : Lokasi Kegiatan : Kabupaten Kulon Progo,
1.15 . 1.15.01 . 18 . 10 . 5 . 2 . 1 ,Belanja Pegawai ,3765000,,
1.15 . 1.15.01 . 18 . 10 . 5 . 2 . 1 . 01 ,Honorarium PNS ,3765000,,
1.15 . 1.15.01 . 18 . 10 . 5 . 2 . 1 . 01 . 01 ,Honorarium Panitia Pelaksana Kegiatan ,3765000,,
1.15 . 1.15.01 . 18 . 10 . 5 . 2 . 2 ,Belanja Barang dan Jasa ,9140100,,
1.15 . 1.15.01 . 18 . 10 . 5 . 2 . 2 . 01 ,Belanja Bahan Pakai Habis ,674200,,
1.15 . 1.15.01 . 18 . 10 . 5 . 2 . 2 . 01 . 01 ,Belanja Alat Tulis Kantor ,674200,,
1.15 . 1.15.01 . 18 . 10 . 5 . 2 . 2 . 06 ,Belanja Cetak dan Penggandaan ,760900,,
1.15 . 1.15.01 . 18 . 10 . 5 . 2 . 2 . 06 . 02 ,Belanja Penggandaan ,760900,,
1.15 . 1.15.01 . 18 . 10 . 5 . 2 . 2 . 11 ,Belanja Makanan dan  Minuman ,1125000,,
1.15 . 1.15.01 . 18 . 10 . 5 . 2 . 2 . 11 . 02 ,Belanja Makanan Dan Minuman Rapat ,1125000,,
1.15 . 1.15.01 . 18 . 10 . 5 . 2 . 2 . 15 ,Belanja Perjalanan Dinas ,6580000,,
1.15 . 1.15.01 . 18 . 10 . 5 . 2 . 2 . 15 . 01 ,Belanja Perjalanan Dinas Dalam Daerah ,5680000,,
1.15 . 1.15.01 . 18 . 10 . 5 . 2 . 2 . 15 . 02 ,Belanja Perjalanan Dinas Luar Daerah ,900000,,
1.15 . 1.15.01 . 18 . 12 ,Penilaian Kesehatan KSP/USP ,29225000,Sumber Dana : Lokasi Kegiatan : Kabupaten Kulon Progo,
1.15 . 1.15.01 . 18 . 12 . 5 . 2 . 1 ,Belanja Pegawai ,9320000,,
1.15 . 1.15.01 . 18 . 12 . 5 . 2 . 1 . 01 ,Honorarium PNS ,9320000,,
1.15 . 1.15.01 . 18 . 12 . 5 . 2 . 1 . 01 . 01 ,Honorarium Panitia Pelaksana Kegiatan ,9320000,,
1.15 . 1.15.01 . 18 . 12 . 5 . 2 . 2 ,Belanja Barang dan Jasa ,19905000,,
1.15 . 1.15.01 . 18 . 12 . 5 . 2 . 2 . 01 ,Belanja Bahan Pakai Habis ,1975500,,
1.15 . 1.15.01 . 18 . 12 . 5 . 2 . 2 . 01 . 01 ,Belanja Alat Tulis Kantor ,1975500,,
1.15 . 1.15.01 . 18 . 12 . 5 . 2 . 2 . 06 ,Belanja Cetak dan Penggandaan ,2807500,,
1.15 . 1.15.01 . 18 . 12 . 5 . 2 . 2 . 06 . 01 ,Belanja Cetak ,1320000,,
1.15 . 1.15.01 . 18 . 12 . 5 . 2 . 2 . 06 . 02 ,Belanja Penggandaan ,1487500,,
1.15 . 1.15.01 . 18 . 12 . 5 . 2 . 2 . 11 ,Belanja Makanan dan  Minuman ,1652000,,
1.15 . 1.15.01 . 18 . 12 . 5 . 2 . 2 . 11 . 02 ,Belanja Makanan Dan Minuman Rapat ,1652000,,
1.15 . 1.15.01 . 18 . 12 . 5 . 2 . 2 . 15 ,Belanja Perjalanan Dinas ,13470000,,
1.15 . 1.15.01 . 18 . 12 . 5 . 2 . 2 . 15 . 01 ,Belanja Perjalanan Dinas Dalam Daerah ,13470000,,
1.15 . 1.15.01 . 18 . 16 ,Peningkatan Pemasyarakatan Perkoperasian ,39642400,Sumber Dana : Lokasi Kegiatan : Kabupaten Kulon Progo,
1.15 . 1.15.01 . 18 . 16 . 5 . 2 . 1 ,Belanja Pegawai ,7980000,,
1.15 . 1.15.01 . 18 . 16 . 5 . 2 . 1 . 01 ,Honorarium PNS ,4215000,,
1.15 . 1.15.01 . 18 . 16 . 5 . 2 . 1 . 01 . 01 ,Honorarium Panitia Pelaksana Kegiatan ,4215000,,
1.15 . 1.15.01 . 18 . 16 . 5 . 2 . 1 . 02 ,Honorarium Non PNS ,3765000,,
1.15 . 1.15.01 . 18 . 16 . 5 . 2 . 1 . 02 . 03 ,Honorarium Harian ,3600000,,
1.15 . 1.15.01 . 18 . 16 . 5 . 2 . 1 . 02 . 04 ,Honorarium Tim ,165000,,
1.15 . 1.15.01 . 18 . 16 . 5 . 2 . 2 ,Belanja Barang dan Jasa ,31662400,,
1.15 . 1.15.01 . 18 . 16 . 5 . 2 . 2 . 01 ,Belanja Bahan Pakai Habis ,2506400,,
1.15 . 1.15.01 . 18 . 16 . 5 . 2 . 2 . 01 . 01 ,Belanja Alat Tulis Kantor ,2506400,,
1.15 . 1.15.01 . 18 . 16 . 5 . 2 . 2 . 03 ,Belanja Jasa Kantor ,775000,,
1.15 . 1.15.01 . 18 . 16 . 5 . 2 . 2 . 03 . 13 ,Belanja Dokumentasi ,150000,,
1.15 . 1.15.01 . 18 . 16 . 5 . 2 . 2 . 03 . 14 ,Belanja Dekorasi ,375000,,
1.15 . 1.15.01 . 18 . 16 . 5 . 2 . 2 . 03 . 15 ,Belanja Publikasi ,250000,,
1.15 . 1.15.01 . 18 . 16 . 5 . 2 . 2 . 06 ,Belanja Cetak dan Penggandaan ,2296000,,
1.15 . 1.15.01 . 18 . 16 . 5 . 2 . 2 . 06 . 02 ,Belanja Penggandaan ,2296000,,
1.15 . 1.15.01 . 18 . 16 . 5 . 2 . 2 . 07 ,Belanja Sewa Rumah/Gedung/Gudang/Parkir ,1500000,,
1.15 . 1.15.01 . 18 . 16 . 5 . 2 . 2 . 07 . 02 ,Belanja Sewa Gedung/Kantor/Tempat ,1500000,,
1.15 . 1.15.01 . 18 . 16 . 5 . 2 . 2 . 10 ,Belanja Sewa Perlengkapan dan Peralatan Kantor ,1500000,,
1.15 . 1.15.01 . 18 . 16 . 5 . 2 . 2 . 10 . 07 ,Belanja Sewa Sound System ,1200000,,
1.15 . 1.15.01 . 18 . 16 . 5 . 2 . 2 . 10 . 09 ,Belanja Sewa Perlengkapan dan Peralatan Kantor Lain ,300000,,
1.15 . 1.15.01 . 18 . 16 . 5 . 2 . 2 . 11 ,Belanja Makanan dan  Minuman ,11250000,,
1.15 . 1.15.01 . 18 . 16 . 5 . 2 . 2 . 11 . 02 ,Belanja Makanan Dan Minuman Rapat ,2000000,,
1.15 . 1.15.01 . 18 . 16 . 5 . 2 . 2 . 11 . 04 ,"Belanja makanan dan minuman pelatihan sosialisasi penyuluhan ",9250000,,
1.15 . 1.15.01 . 18 . 16 . 5 . 2 . 2 . 15 ,Belanja Perjalanan Dinas ,1360000,,
1.15 . 1.15.01 . 18 . 16 . 5 . 2 . 2 . 15 . 01 ,Belanja Perjalanan Dinas Dalam Daerah ,720000,,
1.15 . 1.15.01 . 18 . 16 . 5 . 2 . 2 . 15 . 02 ,Belanja Perjalanan Dinas Luar Daerah ,640000,,
1.15 . 1.15.01 . 18 . 16 . 5 . 2 . 2 . 27 ,Belanja Tenaga Ahli/Instruktur/Narasumber ,5975000,,
1.15 . 1.15.01 . 18 . 16 . 5 . 2 . 2 . 27 . 01 ,Jasa Tenaga Ahli/Instruktur/Narasumber ,5975000,,
1.15 . 1.15.01 . 18 . 16 . 5 . 2 . 2 . 28 ,Belanja Hadiah atas Prestasi dan Penghargaan ,4500000,,
1.15 . 1.15.01 . 18 . 16 . 5 . 2 . 2 . 28 . 01 ,Belanja Hadiah Atas Prestasi ,4500000,,
1.15 . 1.15.01 . 18 . 18 ,Pelayanan Legalitas dan Kualitas Kelembagaan Koperasi ,28174100,Sumber Dana : Lokasi Kegiatan : Kabupaten Kulon Progo,
1.15 . 1.15.01 . 18 . 18 . 5 . 2 . 1 ,Belanja Pegawai ,11240000,,
1.15 . 1.15.01 . 18 . 18 . 5 . 2 . 1 . 01 ,Honorarium PNS ,11240000,,
1.15 . 1.15.01 . 18 . 18 . 5 . 2 . 1 . 01 . 01 ,Honorarium Panitia Pelaksana Kegiatan ,11240000,,
1.15 . 1.15.01 . 18 . 18 . 5 . 2 . 2 ,Belanja Barang dan Jasa ,16934100,,
1.15 . 1.15.01 . 18 . 18 . 5 . 2 . 2 . 01 ,Belanja Bahan Pakai Habis ,629100,,
1.15 . 1.15.01 . 18 . 18 . 5 . 2 . 2 . 01 . 01 ,Belanja Alat Tulis Kantor ,629100,,
1.15 . 1.15.01 . 18 . 18 . 5 . 2 . 2 . 06 ,Belanja Cetak dan Penggandaan ,700000,,
1.15 . 1.15.01 . 18 . 18 . 5 . 2 . 2 . 06 . 02 ,Belanja Penggandaan ,700000,,
1.15 . 1.15.01 . 18 . 18 . 5 . 2 . 2 . 11 ,Belanja Makanan dan  Minuman ,5350000,,
1.15 . 1.15.01 . 18 . 18 . 5 . 2 . 2 . 11 . 02 ,Belanja Makanan Dan Minuman Rapat ,5350000,,
1.15 . 1.15.01 . 18 . 18 . 5 . 2 . 2 . 15 ,Belanja Perjalanan Dinas ,10255000,,
1.15 . 1.15.01 . 18 . 18 . 5 . 2 . 2 . 15 . 01 ,Belanja Perjalanan Dinas Dalam Daerah ,6795000,,
1.15 . 1.15.01 . 18 . 18 . 5 . 2 . 2 . 15 . 02 ,Belanja Perjalanan Dinas Luar Daerah ,3460000,,
1.15 . 1.15.01 . 18 . 19 ,"Pelatihan Organisasi Manajemen Usaha dan Keuangan Koperasi ",28154000,Sumber Dana : Lokasi Kegiatan : Kabupaten Kulon Progo,
1.15 . 1.15.01 . 18 . 19 . 5 . 2 . 1 ,Belanja Pegawai ,8955000,,
1.15 . 1.15.01 . 18 . 19 . 5 . 2 . 1 . 01 ,Honorarium PNS ,1455000,,
1.15 . 1.15.01 . 18 . 19 . 5 . 2 . 1 . 01 . 01 ,Honorarium Panitia Pelaksana Kegiatan ,1455000,,
1.15 . 1.15.01 . 18 . 19 . 5 . 2 . 1 . 02 ,Honorarium Non PNS ,7500000,,
1.15 . 1.15.01 . 18 . 19 . 5 . 2 . 1 . 02 . 03 ,Honorarium Harian ,7500000,,
1.15 . 1.15.01 . 18 . 19 . 5 . 2 . 2 ,Belanja Barang dan Jasa ,19199000,,
1.15 . 1.15.01 . 18 . 19 . 5 . 2 . 2 . 01 ,Belanja Bahan Pakai Habis ,959900,,
1.15 . 1.15.01 . 18 . 19 . 5 . 2 . 2 . 01 . 01 ,Belanja Alat Tulis Kantor ,959900,,
1.15 . 1.15.01 . 18 . 19 . 5 . 2 . 2 . 06 ,Belanja Cetak dan Penggandaan ,719100,,
1.15 . 1.15.01 . 18 . 19 . 5 . 2 . 2 . 06 . 01 ,Belanja Cetak ,360000,,
1.15 . 1.15.01 . 18 . 19 . 5 . 2 . 2 . 06 . 02 ,Belanja Penggandaan ,359100,,
1.15 . 1.15.01 . 18 . 19 . 5 . 2 . 2 . 07 ,Belanja Sewa Rumah/Gedung/Gudang/Parkir ,2500000,,
1.15 . 1.15.01 . 18 . 19 . 5 . 2 . 2 . 07 . 02 ,Belanja Sewa Gedung/Kantor/Tempat ,2500000,,
1.15 . 1.15.01 . 18 . 19 . 5 . 2 . 2 . 11 ,Belanja Makanan dan  Minuman ,9960000,,
1.15 . 1.15.01 . 18 . 19 . 5 . 2 . 2 . 11 . 02 ,Belanja Makanan Dan Minuman Rapat ,360000,,
1.15 . 1.15.01 . 18 . 19 . 5 . 2 . 2 . 11 . 04 ,"Belanja makanan dan minuman pelatihan sosialisasi penyuluhan ",9600000,,
1.15 . 1.15.01 . 18 . 19 . 5 . 2 . 2 . 15 ,Belanja Perjalanan Dinas ,560000,,
1.15 . 1.15.01 . 18 . 19 . 5 . 2 . 2 . 15 . 01 ,Belanja Perjalanan Dinas Dalam Daerah ,560000,,
1.15 . 1.15.01 . 18 . 19 . 5 . 2 . 2 . 27 ,Belanja Tenaga Ahli/Instruktur/Narasumber ,4500000,,
1.15 . 1.15.01 . 18 . 19 . 5 . 2 . 2 . 27 . 01 ,Jasa Tenaga Ahli/Instruktur/Narasumber ,4500000,,
,SURPLUS / (DEFISIT) ,-2276440229,,
