Judul,"Rincian Apbd Menurut Urusan Pemerintahan Daerah, Organisasi, Pendapatan, Belanja Dan Pembiayaan",,
Daerah,Kabupaten Kulon Progo,,
Tahun,2016,,
Kode Organisasi,1.08.01,,
Nama Organisasi,KLH,,
Kolom,4,,
,,,
No. Rekening,Uraian,Jumlah,Keterangan
1.08 . 1.08.01 . 00 . 00 . 4,PENDAPATAN,215708000.00,
1.08 . 1.08.01 . 00 . 00 . 4 . 1,PENDAPATAN ASLI DAERAH,215708000.00,
1.08 . 1.08.01 . 00 . 00 . 4 . 1 . 2,Hasil Retribusi Daerah,215708000.00,"Peraturan Daerah Kabupatan Kulon Progo Nomor 8 Tahun 2012 tentang Retribusi Izin Gangguan, Lembaran Daerah Kabupaten Kulon Progo Tahun 2012 Nomor 8"
1.08 . 1.08.01 . 00 . 00 . 5,BELANJA,2663569677.00,
1.08 . 1.08.01 . 00 . 00 . 5 . 1,BELANJA TIDAK LANGSUNG,986805602.00,
1.08 . 1.08.01 . 00 . 00 . 5 . 1 . 1,Belanja Pegawai,986805602.00,
1.08 . 1.08.01 . 01 . 26 . 5 . 2,BELANJA LANGSUNG,1676764075.00,
1.08 . 1.08.01 . 01,Program Pelayanan Administrasi Perkantoran,76132000.00,
1.08 . 1.08.01 . 01 . 26,Penyediaan Jasa dan Peralatan Perkantoran,28304500.00,
1.08 . 1.08.01 . 01 . 26 . 5 . 2 . 2,Belanja Barang dan Jasa,28304500.00,
1.08 . 1.08.01 . 01 . 27,Penyediaan Jasa  keuangan,19595500.00,
1.08 . 1.08.01 . 01 . 27 . 5 . 2 . 1,Belanja Pegawai,19500000.00,
1.08 . 1.08.01 . 01 . 27 . 5 . 2 . 2,Belanja Barang dan Jasa,95500.00,
1.08 . 1.08.01 . 01 . 28,"Penyediaan Rapat-Rapat,  Konsultasi dan Koordinasi",28232000.00,
1.08 . 1.08.01 . 01 . 28 . 5 . 2 . 2,Belanja Barang dan Jasa,28232000.00,
1.08 . 1.08.01 . 11,Program Peningkatan Sarana dan Prasarana Perkantoran,117637000.00,
1.08 . 1.08.01 . 11 . 01,Pengadaan Sarana dan Prasarana Perkantoran,38599000.00,
1.08 . 1.08.01 . 11 . 01 . 5 . 2 . 3,Belanja Modal,38599000.00,
1.08 . 1.08.01 . 11 . 02,Pemeliharaan Sarana dan Prasarana Perkantoran,79038000.00,
1.08 . 1.08.01 . 11 . 02 . 5 . 2 . 2,Belanja Barang dan Jasa,79038000.00,
1.08 . 1.08.01 . 12,"Program Perencanaan, Pengendalian dan Evaluasi Kinerja",4599800.00,
1.08 . 1.08.01 . 12 . 01,Penyusunan Perencanaan Kinerja SKPD,1000000.00,
1.08 . 1.08.01 . 12 . 01 . 5 . 2 . 1,Belanja Pegawai,279000.00,
1.08 . 1.08.01 . 12 . 01 . 5 . 2 . 2,Belanja Barang dan Jasa,721000.00,
1.08 . 1.08.01 . 12 . 02,Penyusunan Laporan Keuangan,1099900.00,
1.08 . 1.08.01 . 12 . 02 . 5 . 2 . 1,Belanja Pegawai,279000.00,
1.08 . 1.08.01 . 12 . 02 . 5 . 2 . 2,Belanja Barang dan Jasa,820900.00,
1.08 . 1.08.01 . 12 . 03,"Pengendalian, Evaluasi dan Pelaporan Kinerja",2499900.00,
1.08 . 1.08.01 . 12 . 03 . 5 . 2 . 1,Belanja Pegawai,372000.00,
1.08 . 1.08.01 . 12 . 03 . 5 . 2 . 2,Belanja Barang dan Jasa,2127900.00,
1.08 . 1.08.01 . 13,Program Peningkatan Kapasitas Sumber Daya Manusia SKPD,6000000.00,
1.08 . 1.08.01 . 13 . 03,Pendidikan dan Pelatihan Non Formal,6000000.00,
1.08 . 1.08.01 . 13 . 03 . 5 . 2 . 2,Belanja Barang dan Jasa,6000000.00,
1.08 . 1.08.01 . 16,Program Pengendalian Pencemaran dan Perusakan Lingkungan Hidup,556723400.00,
1.08 . 1.08.01 . 16 . 03,Pemantauan Kualitas Lingkungan,129914900.00,
1.08 . 1.08.01 . 16 . 03 . 5 . 2 . 1,Belanja Pegawai,14624000.00,
1.08 . 1.08.01 . 16 . 03 . 5 . 2 . 2,Belanja Barang dan Jasa,81365900.00,
1.08 . 1.08.01 . 16 . 03 . 5 . 2 . 3,Belanja Modal,33925000.00,
1.08 . 1.08.01 . 16 . 07,Pengkajian Dampak Lingkungan,67193450.00,
1.08 . 1.08.01 . 16 . 07 . 5 . 2 . 1,Belanja Pegawai,19919000.00,
1.08 . 1.08.01 . 16 . 07 . 5 . 2 . 2,Belanja Barang dan Jasa,47274450.00,
1.08 . 1.08.01 . 16 . 24,Pengembangan Kapasitas Pengelolaan Lingkungan Hidup,127715000.00,
1.08 . 1.08.01 . 16 . 24 . 5 . 2 . 1,Belanja Pegawai,16880000.00,
1.08 . 1.08.01 . 16 . 24 . 5 . 2 . 2,Belanja Barang dan Jasa,16731000.00,
1.08 . 1.08.01 . 16 . 24 . 5 . 2 . 3,Belanja Modal,94104000.00,
1.08 . 1.08.01 . 16 . 25,Pembangunan Biodigester Biogas Limbah,156281250.00,
1.08 . 1.08.01 . 16 . 25 . 5 . 2 . 1,Belanja Pegawai,1067000.00,
1.08 . 1.08.01 . 16 . 25 . 5 . 2 . 2,Belanja Barang dan Jasa,155214250.00,
1.08 . 1.08.01 . 16 . 26,Penanganan Kasus Lingkungan Hidup,15000000.00,
1.08 . 1.08.01 . 16 . 26 . 5 . 2 . 2,Belanja Barang dan Jasa,15000000.00,
1.08 . 1.08.01 . 16 . 27,Pengawasan Kebijakan Pengelolaan Lingkungan Hidup,60618800.00,
1.08 . 1.08.01 . 16 . 27 . 5 . 2 . 1,Belanja Pegawai,20095000.00,
1.08 . 1.08.01 . 16 . 27 . 5 . 2 . 2,Belanja Barang dan Jasa,40523800.00,
1.08 . 1.08.01 . 17,Program Perlindungan dan Konservasi Sumber Daya Alam,915671875.00,
1.08 . 1.08.01 . 17 . 07,Peningkatan Konservasi Daerah Tangkapan Air dan Sumber-Sumber Air,335671750.00,
1.08 . 1.08.01 . 17 . 07 . 5 . 2 . 1,Belanja Pegawai,2016000.00,
1.08 . 1.08.01 . 17 . 07 . 5 . 2 . 2,Belanja Barang dan Jasa,35115750.00,
1.08 . 1.08.01 . 17 . 07 . 5 . 2 . 3,Belanja Modal,298540000.00,
1.08 . 1.08.01 . 17 . 19,Pembangunan Ruang Terbuka Hijau,283239700.00,
1.08 . 1.08.01 . 17 . 19 . 5 . 2 . 1,Belanja Pegawai,2716000.00,
1.08 . 1.08.01 . 17 . 19 . 5 . 2 . 2,Belanja Barang dan Jasa,7787700.00,
1.08 . 1.08.01 . 17 . 19 . 5 . 2 . 3,Belanja Modal,272736000.00,
1.08 . 1.08.01 . 17 . 24,Penyusunan Profil Tutupan Vegetasi,24792300.00,
1.08 . 1.08.01 . 17 . 24 . 5 . 2 . 1,Belanja Pegawai,10556000.00,
1.08 . 1.08.01 . 17 . 24 . 5 . 2 . 2,Belanja Barang dan Jasa,14236300.00,
1.08 . 1.08.01 . 17 . 25,Penyusunan Status Lingkungan Hidup Daerah,19809325.00,
1.08 . 1.08.01 . 17 . 25 . 5 . 2 . 1,Belanja Pegawai,6420000.00,
1.08 . 1.08.01 . 17 . 25 . 5 . 2 . 2,Belanja Barang dan Jasa,13389325.00,
1.08 . 1.08.01 . 17 . 27,Pemberdayaan Masyarakat Dalam Perlindungan Dan Konservasi Sumber Daya Alam,252158800.00,
1.08 . 1.08.01 . 17 . 27 . 5 . 2 . 1,Belanja Pegawai,58686000.00,
1.08 . 1.08.01 . 17 . 27 . 5 . 2 . 2,Belanja Barang dan Jasa,157047800.00,
1.08 . 1.08.01 . 17 . 27 . 5 . 2 . 3,Belanja Modal,36425000.00,
,SURPLUS / (DEFISIT),-2447861677.00,
