Judul,"Ringkasan Apbd Berdasarkan Rincian Obyek Pendapatan, Belanja Dan Pembiayaan",,
Daerah,Kabupaten Kulon Progo,,,
Tahun,2015,,,
Kode Organisasi,,,,
Kolom,4,,,
,,,,
No. Rekening,Uraian,Jumlah,Keterangan,
4,PENDAPATAN ,1242007552099.06,,
4 . 1 ,PENDAPATAN ASLI DAERAH ,187802916833.82,,
4 . 1 . 1 ,Pendapatan Pajak Daerah ,35342785434.6,,
4 . 1 . 1 . 01 ,Pajak Hotel ,99900000,,
4 . 1 . 1 . 01 . 09 ,Hotel Melati Satu ,20000000,"Peraturan Daerah Kabupaten Kulon Progo Nomor 6 Tahun 2011  tentang Pajak Daerah  tanggal 30 Juni 2011  Lembaran Daerah Kabupaten Kulon Progo Tahun 2011 Nomor 1 Seri B",
4 . 1 . 1 . 01 . 12 ,Losmen/Rumah Penginapan/Pesanggrahan/Hostel/Rumah Kos ,79900000,"Peraturan Daerah Kabupaten Kulon Progo Nomor 6 Tahun 2011  tentang Pajak Daerah  tanggal 30 Juni 2011  Lembaran Daerah Kabupaten Kulon Progo Tahun 2011 Nomor 1 Seri B",
4 . 1 . 1 . 02 ,Pajak Restoran ,580000000,,
4 . 1 . 1 . 02 . 02 ,Rumah Makan ,350129016,"Peraturan Daerah Kabupaten Kulon Progo Nomor 6 Tahun 2011  tentang Pajak Daerah  tanggal 30 Juni 2011  Lembaran Daerah Kabupaten Kulon Progo Tahun 2011 Nomor 1 Seri B",
4 . 1 . 1 . 02 . 05 ,Katering ,229870984,"Peraturan Daerah Kabupaten Kulon Progo Nomor 6 Tahun 2011  tentang Pajak Daerah  tanggal 30 Juni 2011  Lembaran Daerah Kabupaten Kulon Progo Tahun 2011 Nomor 1 Seri B",
4 . 1 . 1 . 03 ,Pajak Hiburan ,8070500,,
4 . 1 . 1 . 03 . 02 ,Pagelaran Kesenian/Musik/Tari/Busana ,4252500,"Peraturan Daerah Kabupaten Kulon Progo Nomor 6 Tahun 2011  tentang Pajak Daerah  tanggal 30 Juni 2011  Lembaran Daerah Kabupaten Kulon Progo Tahun 2011 Nomor 1 Seri B",
4 . 1 . 1 . 03 . 05 ,Pameran ,1875500,"Peraturan Daerah Kabupaten Kulon Progo Nomor 6 Tahun 2011  tentang Pajak Daerah  tanggal 30 Juni 2011  Lembaran Daerah Kabupaten Kulon Progo Tahun 2011 Nomor 1 Seri B",
4 . 1 . 1 . 03 . 14 ,Balap Kendaraan Bermotor ,1942500,"Peraturan Daerah Kabupaten Kulon Progo Nomor 6 Tahun 2011  tentang Pajak Daerah  tanggal 30 Juni 2011  Lembaran Daerah Kabupaten Kulon Progo Tahun 2011 Nomor 1 Seri B",
4 . 1 . 1 . 04 ,Pajak Reklame ,550262948.6,,
4 . 1 . 1 . 04 . 01 ,Reklame Papan/BillBoard/Videotron/Megatron ,514600300,"Peraturan Daerah Kabupaten Kulon Progo Nomor 6 Tahun 2011  tentang Pajak Daerah  tanggal 30 Juni 2011  Lembaran Daerah Kabupaten Kulon Progo Tahun 2011 Nomor 1 Seri B",
4 . 1 . 1 . 04 . 02 ,Reklame Kain ,33905900,"Peraturan Daerah Kabupaten Kulon Progo Nomor 6 Tahun 2011  tentang Pajak Daerah  tanggal 30 Juni 2011  Lembaran Daerah Kabupaten Kulon Progo Tahun 2011 Nomor 1 Seri B",
4 . 1 . 1 . 04 . 03 ,Reklame Melekat/Stiker ,1756748.6,"Peraturan Daerah Kabupaten Kulon Progo Nomor 6 Tahun 2011  tentang Pajak Daerah  tanggal 30 Juni 2011  Lembaran Daerah Kabupaten Kulon Progo Tahun 2011 Nomor 1 Seri B",
4 . 1 . 1 . 05 ,Pajak Penerangan Jalan ,5226897236.3,,
4 . 1 . 1 . 05 . 01 ,Pajak Penerangan Jalan PLN ,5226897236.3,"Peraturan Daerah Kabupaten Kulon Progo Nomor 6 Tahun 2011  tentang Pajak Daerah  tanggal 30 Juni 2011  Lembaran Daerah Kabupaten Kulon Progo Tahun 2011 Nomor 1 Seri B",
4 . 1 . 1 . 06 ,Pajak Mineral Bukan Logam dan Batuan ,1500000000,,
4 . 1 . 1 . 06 . 04 ,Batu Kapur ,2000000,"Peraturan Daerah Kabupaten Kulon Progo Nomor 6 Tahun 2011  tentang Pajak Daerah  tanggal 30 Juni 2011  Lembaran Daerah Kabupaten Kulon Progo Tahun 2011 Nomor 1 Seri B",
4 . 1 . 1 . 06 . 17 ,Batu Belah/Andesit ,1220398350,"Peraturan Daerah Kabupaten Kulon Progo Nomor 6 Tahun 2011  tentang Pajak Daerah  tanggal 30 Juni 2011  Lembaran Daerah Kabupaten Kulon Progo Tahun 2011 Nomor 1 Seri B",
4 . 1 . 1 . 06 . 28 ,Pasir Pasang Bangunan ,262026650,"Peraturan Daerah Kabupaten Kulon Progo Nomor 6 Tahun 2011  tentang Pajak Daerah  tanggal 30 Juni 2011  Lembaran Daerah Kabupaten Kulon Progo Tahun 2011 Nomor 1 Seri B",
4 . 1 . 1 . 06 . 33 ,Tanah Urug/Permukaan ,15575000,"Peraturan Daerah Kabupaten Kulon Progo Nomor 6 Tahun 2011  tentang Pajak Daerah  tanggal 30 Juni 2011  Lembaran Daerah Kabupaten Kulon Progo Tahun 2011 Nomor 1 Seri B",
4 . 1 . 1 . 07 ,Pajak Parkir ,16785702.2,,
4 . 1 . 1 . 07 . 01 ,Pajak Parkir ,16785702.2,"Peraturan Daerah Kabupaten Kulon Progo Nomor 6 Tahun 2011  tentang Pajak Daerah  tanggal 30 Juni 2011  Lembaran Daerah Kabupaten Kulon Progo Tahun 2011 Nomor 1 Seri B",
4 . 1 . 1 . 08 ,Pajak Air Tanah ,10869047.5,,
4 . 1 . 1 . 08 . 01 ,Pajak Air Tanah ,10869047.5,"Peraturan Daerah Kabupaten Kulon Progo Nomor 6 Tahun 2011  tentang Pajak Daerah  tanggal 30 Juni 2011  Lembaran Daerah Kabupaten Kulon Progo Tahun 2011 Nomor 1 Seri B",
4 . 1 . 1 . 11 ,Pajak Bumi dan Bangunan (PBB) ,10650000000,,
4 . 1 . 1 . 11 . 03 ,Pajak Bumi dan Bangunan Perdesaan dan Perkotaan ,10650000000,"Peraturan Daerah Kabupaten Kulon Progo Nomor 2 Tahun 2013 tentang Pajak Bumi dan Bangunan Perdesaan dan Perkotaan  Lembaran Daerah Kabupaten Kulon Progo Tahun 2013 Nomor 2",
4 . 1 . 1 . 12 ,Bea Perolehan Hak atas Tanah dan Bangunan (BPHTB) ,16700000000,,
4 . 1 . 1 . 12 . 03 ,Bea Perolehan Hak atas Tanah dan Bangunan ,16700000000,"Peraturan Daerah Kabupaten Kulon Progo Nomor 9 Tahun 2010 tentang Bea Perolehan Hak Atas Tanah dan Bangunan  tanggal 26 November 2010  Lembaran Daerah Kabupaten Kulon Progo Tahun 2010 Nomor 1 Seri B",
4 . 1 . 2 ,Hasil Retribusi Daerah ,20096133796,,
4 . 1 . 2 . 01 ,Retribusi Jasa Umum ,4507445412,,
4 . 1 . 2 . 01 . 05 ,Retribusi Pelayanan Kesehatan Rumah Sakit Umum Daerah ,1968547650,"Peraturan Daerah Kabupaten Kulon Progo Nomor 14 Tahun 2013 tentang Penyelenggaraan Rumah Sakit Umum Daerah Nyi Ageng Serang  Lembaran Daerah Kabupaten Kulon Progo Tahun 2013 Nomor 14",
4 . 1 . 2 . 01 . 06 ,Retribusi Pelayanan Kesehatan Tempat Pelayanan Kesehatan Lainnya yang Sejenis yang Dimiliki dan/atau Dikelola oleh Pemda ,49070000,"Peraturan Daerah Kabupaten Kulon Progo Nomor 4 Tahun 2012 tentang Retribusi Pelayanan Kesehatan pada UPT Dinas Kesehatan Kabupaten Kulon Progo  Lembaran Daerah Kabupaten Kulon Progo Tahun 2012 Nomor 4",
4 . 1 . 2 . 01 . 07 ,Retribusi Pelayanan Persampahan/Kebersihan ,214322300,"Peraturan Daerah Kabupaten Kulon Progo Nomor 5 Tahun 2012 tentang Retribusi Pelayanan Persampahan/Kebersihan  Lembaran Daerah Kabupaten Kulon Progo Tahun 2012 Nomor 5",
4 . 1 . 2 . 01 . 19 ,Retribusi Pelayanan Parkir Di Tepi Jalan Umum ,155886000,"Peraturan Daerah Kabupaten Kulon Progo Nomor 2 Tahun 2011 tanggal 11 Mei 2011 Tahun 2011 tentang Retribusi Pelayanan Parkir di Tepi Jalan Umum  Lembaran Daerah Kabupaten Kulon Progo Tahun 2011 Nomor 1 Seri C",
4 . 1 . 2 . 01 . 20 ,Retribusi Pelayanan Pasar - Pelataran ,329505900,"Peraturan Daerah Kabupaten Kulon Progo Nomor 13 Tahun 2011 tentang Retribusi Pelayanan Pasar  Lembaran Daerah Kabupaten Kulon Progo Tahun 2011 Nomor 5 Seri C",
4 . 1 . 2 . 01 . 21 ,Retribusi Pelayanan Pasar - Los ,321252100,"Peraturan Daerah Kabupaten Kulon Progo Nomor 13 Tahun 2011 tentang Retribusi Pelayanan Pasar  Lembaran Daerah Kabupaten Kulon Progo Tahun 2011 Nomor 5 Seri C",
4 . 1 . 2 . 01 . 22 ,Retribusi Pelayanan Pasar - Kios ,284617800,"Peraturan Daerah Kabupaten Kulon Progo Nomor 13 Tahun 2011 tentang Retribusi Pelayanan Pasar  Lembaran Daerah Kabupaten Kulon Progo Tahun 2011 Nomor 5 Seri C",
4 . 1 . 2 . 01 . 25 ,Retribusi PKB - Mobil Penumpang - Minibus ,7055000,"Peraturan Daerah Kabupaten Kulon Progo Nomor 9 Tahun 2013 tentang Perubahan Atas Peraturan Daerah Kabupaten Kulon Progo Nomor 6 Tahun 2012 tentang Retribusi Pengujian Kendaraan Bermotor Lembaran Daerah Kabupaten Kulon Progo Tahun 2013 Nomor 9",
4 . 1 . 2 . 01 . 26 ,Retribusi PKB - Mobil Bus - Microbus ,6580000,"Peraturan Daerah Kabupaten Kulon Progo Nomor 9 Tahun 2013 tentang Perubahan Atas Peraturan Daerah Kabupaten Kulon Progo Nomor 6 Tahun 2012 tentang Retribusi Pengujian Kendaraan Bermotor Lembaran Daerah Kabupaten Kulon Progo Tahun 2013 Nomor 9",
4 . 1 . 2 . 01 . 27 ,Retribusi PKB - Mobil Bus - Bus ,21939000,"Peraturan Daerah Kabupaten Kulon Progo Nomor 9 Tahun 2013 tentang Perubahan Atas Peraturan Daerah Kabupaten Kulon Progo Nomor 6 Tahun 2012 tentang Retribusi Pengujian Kendaraan Bermotor Lembaran Daerah Kabupaten Kulon Progo Tahun 2013 Nomor 9",
4 . 1 . 2 . 01 . 28 ,Retribusi PKB - Mobil Barang/ Beban - Pick Up ,135193500,"Peraturan Daerah Kabupaten Kulon Progo Nomor 9 Tahun 2013 tentang Perubahan Atas Peraturan Daerah Kabupaten Kulon Progo Nomor 6 Tahun 2012 tentang Retribusi Pengujian Kendaraan Bermotor Lembaran Daerah Kabupaten Kulon Progo Tahun 2013 Nomor 9",
4 . 1 . 2 . 01 . 29 ,Retribusi PKB - Mobil Barang/ Beban - Light Truck ,124807000,"Peraturan Daerah Kabupaten Kulon Progo Nomor 9 Tahun 2013 tentang Perubahan Atas Peraturan Daerah Kabupaten Kulon Progo Nomor 6 Tahun 2012 tentang Retribusi Pengujian Kendaraan Bermotor Lembaran Daerah Kabupaten Kulon Progo Tahun 2013 Nomor 9",
4 . 1 . 2 . 01 . 30 ,Retribusi PKB - Mobil Barang/ Beban - Truck ,14340000,"Peraturan Daerah Kabupaten Kulon Progo Nomor 9 Tahun 2013 tentang Perubahan Atas Peraturan Daerah Kabupaten Kulon Progo Nomor 6 Tahun 2012 tentang Retribusi Pengujian Kendaraan Bermotor Lembaran Daerah Kabupaten Kulon Progo Tahun 2013 Nomor 9",
4 . 1 . 2 . 01 . 44 ,Retribusi Pengendalian Menara Telekomunikasi ,698821662,"Peraturan Daerah Kabupatan Kulon Progo Nomor 9 Tahun 2011 tentang Retribusi Pengendalian Menara Telekomunikasi  Lembaran Daerah Tahun 2011 Nomor 3 Seri C",
4 . 1 . 2 . 01 . 45 ,Retribusi Pelayanan Kesehatan Hewan ,175507500,"Peraturan Daerah Kabupaten Kulon Progo Nomor 20 Tahun 2012 tentang Retribusi Pelayanan Kesehatan Pada UPTD Puskeswan Dinas Kelautan Perikanan dan Peternakan Kabupaten Kulon Progo  Lembaran Daerah Kabupaten Kulon Progo Tahun 2012 Nomor 20",
4 . 1 . 2 . 02 ,Retribusi Jasa Usaha ,2529742000,,
4 . 1 . 2 . 02 . 02 ,Retribusi Pemakaian Kekayaan Daerah - Laboratorium ,77375000,"Peraturan Daerah Kabupaten Kulon Progo Nomor 10 Tahun 2011 tentang Retribusi Pemakaian Kekayaan Daerah  Lembaran Daerah Kabupaten Kulon Progo Tahun 2011 Nomor 4 Seri C sebagaimana telah diubah dengan Peraturan Daerah Kabupaten Kulon Progo Nomor 8 Tahun 2014  Lembaran Daerah Kabupaten Kulon Progo Tahun 2014 Nomor 8  TLD Nomor 18",
4 . 1 . 2 . 02 . 03 ,Retribusi Pemakaian Kekayaan Daerah - Ruangan ,80525000,"Peraturan Daerah Kabupaten Kulon Progo Nomor 10 Tahun 2011 tentang Retribusi Pemakaian Kekayaan Daerah  Lembaran Daerah Kabupaten Kulon Progo Tahun 2011 Nomor 4 Seri C sebagaimana telah diubah dengan Peraturan Daerah Kabupaten Kulon Progo Nomor 8 Tahun 2014  Lembaran Daerah Kabupaten Kulon Progo Tahun 2014 Nomor 8  TLD Nomor 18",
4 . 1 . 2 . 02 . 04 ,Retribusi Pemakaian Kekayaan Daerah - Kendaraan Bermotor ,286780000,"Peraturan Daerah Kabupaten Kulon Progo Nomor 10 Tahun 2011 tentang Retribusi Pemakaian Kekayaan Daerah  Lembaran Daerah Kabupaten Kulon Progo Tahun 2011 Nomor 4 Seri C sebagaimana telah diubah dengan Peraturan Daerah Kabupaten Kulon Progo Nomor 8 Tahun 2014  Lembaran Daerah Kabupaten Kulon Progo Tahun 2014 Nomor 8  TLD Nomor 18",
4 . 1 . 2 . 02 . 08 ,Retribusi Tempat Pelelangan Ikan ,20000000,"Peraturan Daerah Kabupaten Kulon Progo Nomor 19 Tahun 2012 tentang Retribusi Tempat Pelelangan pada Tempat Pelelangan Ikan  Lembaran Daerah Kabupaten Kulon Progo Tahun 2012 Nomor ",
4 . 1 . 2 . 02 . 13 ,Retribusi Terminal - Tempat Parkir untuk Kendaraan Penumpang dan Bis Umum ,9120000,"Peraturan Daerah Kabupaten Kulon Progo Nomor 10 Tahun 2012 tentang Retribusi Terminal  Lembaran Daerah Kabupaten Kulon Progo Tahun 2012 Nomor 10",
4 . 1 . 2 . 02 . 14 ,Retribusi Terminal - Tempat Kegiatan Usaha ,212256000,"Peraturan Daerah Kabupaten Kulon Progo Nomor 10 Tahun 2012 tentang Retribusi Terminal  Lembaran Daerah Kabupaten Kulon Progo Tahun 2012 Nomor 10",
4 . 1 . 2 . 02 . 15 ,Retribusi Terminal - Fasilitas Lainnya di Lingkungan Terminal ,11196000,"Peraturan Daerah Kabupaten Kulon Progo Nomor 10 Tahun 2012 tentang Retribusi Terminal  Lembaran Daerah Kabupaten Kulon Progo Tahun 2012 Nomor 10",
4 . 1 . 2 . 02 . 16 ,Retribusi Tempat Khusus Parkir ,89690000,"Peraturan Daerah Kabupaten Kulon Progo Nomor 3 Tahun 2011 tentang Retribusi Tempat Khusus Parkir  Lembaran Daerah Kabupaten Kulon Progo Tahun 2011 Nomor 2 Seri C",
4 . 1 . 2 . 02 . 21 ,Retribusi Tempat Rekreasi dan Olahraga ,1686150000,"Peraturan Daerah Kabupaten Kulon Progo Nomor 8 Tahun 2013 tentang Perubahan Atas Peraturan Daerah Kabupaten Kulon Progo Nomor 1 Tahun 2010 tentang Retribusi Tempat Rekreasi dan Olah Raga  Lembaran Daerah Kabupaten Kulon Progo Tahun 2013 Nomor 8",
4 . 1 . 2 . 02 . 26 ,Retribusi Penjualan Produksi Usaha Daerah ,56650000,"Peraturan Daerah Kabupaten Kulon Progo Nomor 13 Tahun 2012 tentang Retribusi Penjualan Produk Usaha Daerah  Lembaran Daerah Kabupaten Kulon Progo Tahun 2012 Nomor 13",
4 . 1 . 2 . 03 ,Retribusi Perizinan Tertentu ,13058946384,,
4 . 1 . 2 . 03 . 01 ,Retribusi Izin Mendirikan Bangunan ,12800000000,"Peraturan Daerah Kabupatan Kulon Progo Nomor 15 Tahun 2011 tentang Retribusi Izin Mendirikan Bangunan  Lembaran Daerah Kabupaten Kulon Progo Tahun 2011 Nomor 6 Seri C",
4 . 1 . 2 . 03 . 03 ,Retribusi Izin Gangguan tempat Usaha/Kegiatan kepada Orang Pribadi ,61217596,"Peraturan Daerah Kabupatan Kulon Progo Nomor 8 Tahun 2012 tentang Retribusi Izin Gangguan  Lembaran Daerah Kabupaten Kulon Progo Tahun 2012 Nomor 8",
4 . 1 . 2 . 03 . 04 ,Retribusi Izin Gangguan tempat Usaha/Kegiatan kepada Badan ,183652788,"Peraturan Daerah Kabupatan Kulon Progo Nomor 8 Tahun 2012 tentang Retribusi Izin Gangguan  Lembaran Daerah Kabupaten Kulon Progo Tahun 2012 Nomor 8",
4 . 1 . 2 . 03 . 06 ,Retribusi Pemberian Izin Trayek kepada Badan ,14076000,"Peraturan Daerah Kabupaten Kulon Progo Nomor 9 Tahun 2012 tentang Retribusi Izin Trayek  Lembaran Daerah Kabupaten Kulon Progo Tahun 2012 Nomor 9",
4 . 1 . 3 ,Hasil Pengelolaan Kekayaan Daerah yang Dipisahkan ,12055937754.66,,
4 . 1 . 3 . 01 ,Bagian Laba atas Penyertaan Modal pada Perusahaan Milik Daerah/BUMD ,12055937754.66,,
4 . 1 . 3 . 01 . 01 ,PD BPR Bank Pasar ,2708383639,"Peraturan Daerah Kabupaten Kulon Progo Nomor 13 Tahun 2010 tentang Perubahan Atas Peraturan Daerah Kabupaten Kulon Progo Nomor 19 Tahun 2003 tentang Perusahaan Daerah Bank Perkreditan Rakyat Bank Pasar Kulon Progo  tanggal 31 Desember 2010 Lembaran Daerah Kabupaten Kulon Progo Tahun 2010 Nomor 3 Seri D",
4 . 1 . 3 . 01 . 03 ,PD Aneka Usaha ,800000000,"Peraturan Daerah Kabupaten Kulon Progo Nomor 3 Tahun 2009 tentang Perubahan Peraturan Daerah Nomor 6 Tahun 2003 tentang Perusahaan Umum Daerah ""Aneka Usaha Kulon Progo"" tanggal 28 Februari 2009  Lembaran Daerah Kabupaten Kulon Progo Tahun 2009 Nomor 2 Seri D",
4 . 1 . 3 . 01 . 04 ,PT Selo Adikarto (SAK) ,2000000000,"Peraturan Daerah Kabupaten Kulon Progo Nomor 7 Tahun 2003 tanggal 11 April 2003 tentang Penyertaan Modal Dalam Rangka Pendirian Perusahaan Daerah (PERSERODA) bidang Produksi dan perdagangan hasil Aspal Mixing Plant (AMP) Lembaran Daerah Kabupaten Kulon Progo Tahun 2003 Nomor 3 Seri D",
4 . 1 . 3 . 01 . 05 ,Bank Pembangunan Daerah Provinsi DIY ,6477360254.84,Peraturan Daerah Daerah Istimewa Yogyakarta Nomor 11 Tahun 2012 tentang Perubahan Bentuk Badan Hukum Bank Pembangunan Daerah Provinsi Daerah Istimewa Yogyakarta menjadi Perseroan Terbatas Bank Pembangunan Daerah Daerah Istimewa Yogyakarta Lembaran Daerah Daerah Istimewa Yogyakarta Tahun 2012 Nomor ,
4 . 1 . 3 . 01 . 06 ,Badan Usaha Kredit Pedesaan (BUKP) ,70193860.82,"Peraturan Daerah Propinsi Daerah Istimewa Yogyakarta Nomor 1 Tahun 1989 tentang BUKP Propinsi Daerah Istimewa Yogyakarta  Lembaran Daerah Tahun 1990 Seri C",
4 . 1 . 4 ,Lain-lain Pendapatan Asli Daerah yang Sah ,120308059848.56,,
4 . 1 . 4 . 01 ,Hasil Penjualan Aset Daerah yang Tidak Dipisahkan ,124760000,,
4 . 1 . 4 . 01 . 02 ,Penjualan Peralatan/Perlengkapan Kantor Tidak Terpakai ,20000000,"Peraturan Daerah Kabupaten Kulon Progo Nomor 3 Tahun 2013 tentang Pengelolaan Barang Milik Daerah  Lembaran Daerah Kabupaten Kulon Progo Tahun 2013 Nomor 3",
4 . 1 . 4 . 01 . 05 ,Penjualan Kendaraan Dinas Roda Dua ,15000000,"Peraturan Daerah Kabupaten Kulon Progo Nomor 3 Tahun 2013 tentang Pengelolaan Barang Milik Daerah  Lembaran Daerah Kabupaten Kulon Progo Tahun 2013 Nomor 3",
4 . 1 . 4 . 01 . 06 ,Penjualan Kendaraan Dinas Roda Empat ,30000000,"Peraturan Daerah Kabupaten Kulon Progo Nomor 3 Tahun 2013 tentang Pengelolaan Barang Milik Daerah  Lembaran Daerah Kabupaten Kulon Progo Tahun 2013 Nomor 3",
4 . 1 . 4 . 01 . 07 ,Penjualan Drum Bekas ,5760000,"Peraturan Daerah Kabupaten Kulon Progo Nomor 13 Tahun 1990 tentang Uang Pengganti Drum Aspal Bekas  Lembaran Daerah Kabupaten Kulon Progo Tahun 1991 Nomor 2 Seri D",
4 . 1 . 4 . 01 . 10 ,Penjualan Bahan-bahan Bekas Bangunan ,50000000,"Peraturan Daerah Kabupaten Kulon Progo Nomor 3 Tahun 2013 tentang Pengelolaan Barang Milik Daerah  Lembaran Daerah Kabupaten Kulon Progo Tahun 2013 Nomor 3",
4 . 1 . 4 . 01 . 13 ,Penjualan Hasil Pertanian ,4000000,"Peraturan Daerah Kabupaten Kulon Progo Nomor 3 Tahun 2013 tentang Pengelolaan Barang Milik Daerah  Lembaran Daerah Kabupaten Kulon Progo Tahun 2013 Nomor 3",
4 . 1 . 4 . 02 ,Penerimaan Jasa Giro ,192728815,,
4 . 1 . 4 . 02 . 01 ,Jasa Giro Kas Daerah ,184728815,Perjanjian Antara Bendahara Umum Daerah (BUD) Kabupaten Kulon Progo dengan Bank Pembangunan Daerah Provinsi Daerah Istimewa Yogyakarta Cabang Wates Tentang Pengelolaan Penyimpanan dan Pengeluaran Uang Daerah Nomor: 900/1962/Nomor 9827/OM0004,
4 . 1 . 4 . 02 . 02 ,Jasa Giro Pemegang Kas ,8000000,Perjanjian Antara Bendahara Umum Daerah (BUD) Kabupaten Kulon Progo dengan Bank Pembangunan Daerah Provinsi Daerah Istimewa Yogyakarta Cabang Wates Tentang Pengelolaan Penyimpanan dan Pengeluaran Uang Daerah Nomor: 900/1962/Nomor 9827/OM0004,
4 . 1 . 4 . 03 ,Penerimaan Bunga Deposito ,9427623278,,
4 . 1 . 4 . 03 . 01 ,Rekening Deposito ,9427623278,Perjanjian Antara Bendahara Umum Daerah (BUD) Kabupaten Kulon Progo dengan Bank Pembangunan Daerah Provinsi Daerah Istimewa Yogyakarta Cabang Wates Tentang Pengelolaan Penyimpanan dan Pengeluaran Uang Daerah Nomor: 900/1962/Nomor 9827/OM0004,
4 . 1 . 4 . 16 ,Pendapatan BLUD ,109683284188.38,,
4 . 1 . 4 . 16 . 01 ,Pendapatan Jasa Layanan Umum BLUD RSUD Wates ,81672515949,"Peraturan Daerah Kabupaten Kulon Progo Nomor 3 Tahun 2012 tentang Tarif Pelayanan Kesehatan Kelas III Di Rumah Sakit Umum Daerah Wates  Lembaran Daerah Kabupaten Kulon Progo Tahun 2012 Nomor 3",
4 . 1 . 4 . 16 . 04 ,Pendapatan Lain-lain BLUD RSUD Wates ,763075396,"Peraturan Bupati Kulon Progo Nomor 55 Tahun 2012 tentang Tarif Pelayanan Kesehatan di Rumah Sakit Umum Daerah Wates  Berita Daerah Kabupaten Kulon Progo Tahun 2012 Nomor 55",
4 . 1 . 4 . 16 . 05 ,Pendapatan Jasa Layanan Kesehatan UPTD Puskesmas ,27247692843.38,"Peraturan Bupati Kulon Progo Nomor 84 Tahun 2013 tentang Tarif Pelayanan Pada Badan Layanan Umum Daerah UPTD Puskesmas Kabupaten Kulon Progo  Berita Daerah Kabupaten Kulon Progo Tahun 2013 Nomor 84",
4 . 1 . 4 . 18 ,Lain-lain PAD yang Sah Lainnya ,611529550,,
4 . 1 . 4 . 18 . 01 ,Lain-lain PAD yang Sah Lainnya ,611529550,,
4 . 1 . 4 . 24 ,Pendapatan Dari Pengelolaan BUKP ,67634017.18,,
4 . 1 . 4 . 24 . 01 ,Dana Pembinaan ,38648009.82,"Peraturan Daerah Propinsi Daerah Istimewa Yogyakarta Nomor 1 Tahun 1989 tentang Badan Usaha Kredit Pedesaaan Provinsi Daerah Istimewa Yogyakarta  Lembaran Daerah Tahun 1990 Nomor 37 Seri D",
4 . 1 . 4 . 24 . 02 ,Jasa Produksi ,28986007.36,"Peraturan Daerah Propinsi Daerah Istimewa Yogyakarta Nomor 1 Tahun 1989 tentang Badan Usaha Kredit Pedesaaan Provinsi Daerah Istimewa Yogyakarta  Lembaran Daerah Tahun 1990 Nomor 37 Seri D",
4 . 1 . 4 . 25 ,Pendapatan Bunga Penguatan Modal ,200500000,,
4 . 1 . 4 . 25 . 01 ,Penguatan Modal bagi Koperasi ,186000000,"Peraturan Daerah Kabupaten Kulon Progo Nomor 7 Tahun 2009 tentang Penyertaan Modal Pemerintah Daerah kepada Koperasi Kredit ""Pinunjul"" Koperasi KUB KUD Se Kulon Progo dan Koperasi Unit Desa ""Sedyo Rahayu""  Lembaran Daerah Kabupaten Kulon Progo Tahun 2009 Nomor 4 Seri E",
4 . 1 . 4 . 25 . 02 ,Penguatan Modal sektor Industri ,14500000,Peraturan Daerah Kabupaten Kulon Progo Nomor 5 Tahun 2009 tentang Pokok-pokok Pengelolaan Keuangan Daerah Lembaran Daerah Kabupaten Kulon Progo Tahun 2009 Nomor 2 seri E,
4 . 2 ,DANA PERIMBANGAN ,734892173000,,
4 . 2 . 1 ,Bagi Hasil Pajak/Bagi Hasil Bukan Pajak ,23826034000,,
4 . 2 . 1 . 01 ,Bagi Hasil Pajak ,22871981000,,
4 . 2 . 1 . 01 . 01 ,Bagi Hasil dari Pajak Bumi dan Bangunan Sektor Pertambangan ,6000306000,Peraturan Presiden Republik Indonesia Nomor 162 Tahun 2014 tentang Rincian Anggaran Pendapatan dan Belanja Negara Tahun Anggaran 2015,
4 . 2 . 1 . 01 . 03 ,Bagi Hasil dari Pajak Penghasilan Orang Pribadi ,10675208000,Peraturan Presiden Republik Indonesia Nomor 162 Tahun 2014 tentang Rincian Anggaran Pendapatan dan Belanja Negara Tahun Anggaran 2015,
4 . 2 . 1 . 01 . 04 ,Bagi Hasil dari Pajak Bumi dan Bangunan Sektor Perkebunan ,3286000,Peraturan Presiden Republik Indonesia Nomor 162 Tahun 2014 tentang Rincian Anggaran Pendapatan dan Belanja Negara Tahun Anggaran 2015,
4 . 2 . 1 . 01 . 06 ,Bagi Hasil Cukai Hasil Tembakau ,2565219000,PMK Nomor 106/PMK.07/2014 tentang Perkiraan Alokasi Dana Bagi Hasil Cukai Hasil Tembakau TA 2014,
4 . 2 . 1 . 01 . 07 ,Bagi Hasil dari Pajak Bumi dan Bangunan Bagian Pemerintah Pusat ,3427799000,Peraturan Presiden Republik Indonesia Nomor 162 Tahun 2014 tentang Rincian Anggaran Pendapatan dan Belanja Negara Tahun Anggaran 2015,
4 . 2 . 1 . 01 . 08 ,Biaya Pemungutan Pajak Bumi dan Bangunan Bagian Daerah ,200163000,Peraturan Presiden Republik Indonesia Nomor 162 Tahun 2014 tentang Rincian Anggaran Pendapatan dan Belanja Negara Tahun Anggaran 2015,
4 . 2 . 1 . 02 ,Bagi Hasil Bukan Pajak/Sumber Daya Alam ,954053000,,
4 . 2 . 1 . 02 . 01 ,Bagi Hasil Dari Iuran Hak Pengusahaan Hutan ,2019000,Peraturan Presiden Republik Indonesia Nomor 162 Tahun 2014 tentang Rincian Anggaran Pendapatan dan Belanja Negara Tahun Anggaran 2015,
4 . 2 . 1 . 02 . 04 ,Bagi Hasil Dari Iuran Tetap (Land-Rent) ,556777000,Peraturan Presiden Republik Indonesia Nomor 162 Tahun 2014 tentang Rincian Anggaran Pendapatan dan Belanja Negara Tahun Anggaran 2015,
4 . 2 . 1 . 02 . 07 ,Bagi Hasil Dari Pungutan Hasil Perikanan ,395257000,Peraturan Presiden Republik Indonesia Nomor 162 Tahun 2014 tentang Rincian Anggaran Pendapatan dan Belanja Negara Tahun Anggaran 2015,
4 . 2 . 2 ,Dana Alokasi Umum ,657260489000,,
4 . 2 . 2 . 01 ,Dana Alokasi Umum ,657260489000,,
4 . 2 . 2 . 01 . 01 ,Dana Alokasi Umum ,657260489000,Peraturan Presiden Republik Indonesia Nomor 162 Tahun 2014 tentang Rincian Anggaran Pendapatan dan Belanja Negara Tahun Anggaran 2015,
4 . 2 . 3 ,Dana Alokasi Khusus ,53805650000,,
4 . 2 . 3 . 01 ,Dana Alokasi Khusus (DAK) ,53805650000,,
4 . 2 . 3 . 01 . 01 ,DAK Bidang Pendidikan ,14934540000,Peraturan Presiden Republik Indonesia Nomor 162 Tahun 2014 tentang Rincian Anggaran Pendapatan dan Belanja Negara Tahun Anggaran 2015,
4 . 2 . 3 . 01 . 02 ,DAK Bidang Kesehatan ,5659850000,Peraturan Presiden Republik Indonesia Nomor 162 Tahun 2014 tentang Rincian Anggaran Pendapatan dan Belanja Negara Tahun Anggaran 2015,
4 . 2 . 3 . 01 . 04 ,DAK Bidang Infrastruktur Irigasi ,2178060000,Peraturan Presiden Republik Indonesia Nomor 162 Tahun 2014 tentang Rincian Anggaran Pendapatan dan Belanja Negara Tahun Anggaran 2015,
4 . 2 . 3 . 01 . 05 ,DAK Bidang Infrastruktur Air Minum dan Sanitasi ,4034230000,Peraturan Presiden Republik Indonesia Nomor 162 Tahun 2014 tentang Rincian Anggaran Pendapatan dan Belanja Negara Tahun Anggaran 2015,
4 . 2 . 3 . 01 . 07 ,DAK Bidang Prasarana Pemerintahan Daerah ,1819680000,Peraturan Presiden Republik Indonesia Nomor 162 Tahun 2014 tentang Rincian Anggaran Pendapatan dan Belanja Negara Tahun Anggaran 2015,
4 . 2 . 3 . 01 . 08 ,DAK Bidang Kelautan dan Perikanan ,3383310000,Peraturan Presiden Republik Indonesia Nomor 162 Tahun 2014 tentang Rincian Anggaran Pendapatan dan Belanja Negara Tahun Anggaran 2015,
4 . 2 . 3 . 01 . 09 ,DAK Bidang Pertanian ,6695900000,Peraturan Presiden Republik Indonesia Nomor 162 Tahun 2014 tentang Rincian Anggaran Pendapatan dan Belanja Negara Tahun Anggaran 2015,
4 . 2 . 3 . 01 . 10 ,DAK Bidang Lingkungan Hidup ,1041780000,Peraturan Presiden Republik Indonesia Nomor 162 Tahun 2014 tentang Rincian Anggaran Pendapatan dan Belanja Negara Tahun Anggaran 2015,
4 . 2 . 3 . 01 . 11 ,DAK Bidang Keluarga Berencana ,1126150000,Peraturan Presiden Republik Indonesia Nomor 162 Tahun 2014 tentang Rincian Anggaran Pendapatan dan Belanja Negara Tahun Anggaran 2015,
4 . 2 . 3 . 01 . 12 ,DAK Bidang Kehutanan ,1382160000,Peraturan Presiden Republik Indonesia Nomor 162 Tahun 2014 tentang Rincian Anggaran Pendapatan dan Belanja Negara Tahun Anggaran 2015,
4 . 2 . 3 . 01 . 14 ,DAK Bidang Perdagangan ,1415960000,Peraturan Presiden Republik Indonesia Nomor 162 Tahun 2014 tentang Rincian Anggaran Pendapatan dan Belanja Negara Tahun Anggaran 2015,
4 . 2 . 3 . 01 . 15 ,DAK Bidang Transportasi ,10134030000,Peraturan Presiden Republik Indonesia Nomor 162 Tahun 2014 tentang Rincian Anggaran Pendapatan dan Belanja Negara Tahun Anggaran 2015,
4 . 3 ,LAIN-LAIN PENDAPATAN DAERAH YANG SAH ,319312462265.24,,
4 . 3 . 1 ,Pendapatan Hibah ,2722690000,,
4 . 3 . 1 . 01 ,Pendapatan Hibah Dari Pemerintah ,2722690000,,
4 . 3 . 1 . 01 . 04 ,Hibah Water Resources and Irrigation Sector Management Program (WISMP 2) ,1472690000,Perjanjian Hibah Daerah antara Pemerintah Pusat dan Pemerintah Daerah Kabupaten Kulon Progo Untuk Kegiatan Water Resources and Irrigation Sector Management Program (WISMP) Nomor : PHD-058/PK/2012 tanggal 27 Februari 2012,
4 . 3 . 1 . 01 . 06 ,Hibah PKP SPM DIKDAS ,1250000000,Perjanjian Penerusan Hibah (PPH) untuk Hibah Pengembangan Kapasitas Penerapan Standar Pelayanan Minimal Pendidikan Dasar (PKP-SPM Dikdas) antara Pemerintah Pusat dan Pemerintah Kulon Progo Nomor : PPH-056/MK-7/2014 tanggal 31 Oktober 2014,
4 . 3 . 3 ,Dana Bagi Hasil Pajak dari Provinsi dan Pemerintah Daerah Lainnya ,58760599265.24,,
4 . 3 . 3 . 01 ,Dana Bagi Hasil Pajak Dari Provinsi ,58760599265.24,,
4 . 3 . 3 . 01 . 01 ,Bagi Hasil Dari Pajak Kendaraan Bermotor ,15535863162.72,"Peraturan Daerah Daerah Istimewa Yogyakarta Nomor 9 Tahun 2014 tentang Perubahan Anggaran Pendapatan dan Belanja Daerah Daerah Istimewa Yogyakarta Tahun Anggaran 2014  Lembaran Daerah Daerah Istimewa Yogyakarta Tahun 2014 Nomor 9",
4 . 3 . 3 . 01 . 03 ,Bagi Hasil Dari Bea Balik Nama Kendaraan Bermotor ,13629382523.46,"Peraturan Daerah Daerah Istimewa Yogyakarta Nomor 9 Tahun 2014 tentang Perubahan Anggaran Pendapatan dan Belanja Daerah Daerah Istimewa Yogyakarta Tahun Anggaran 2014  Lembaran Daerah Daerah Istimewa Yogyakarta Tahun 2014 Nomor 9",
4 . 3 . 3 . 01 . 05 ,Bagi Hasil Dari Pajak Bahan Bakar Kendaraan Bermotor ,12845471380,"Peraturan Daerah Daerah Istimewa Yogyakarta Nomor 9 Tahun 2014 tentang Perubahan Anggaran Pendapatan dan Belanja Daerah Daerah Istimewa Yogyakarta Tahun Anggaran 2014  Lembaran Daerah Daerah Istimewa Yogyakarta Tahun 2014 Nomor 9",
4 . 3 . 3 . 01 . 07 ,Bagi Hasil Dari Pajak Pengambilan dan Pemanfaatan Air Permukaan ,25608000,"Peraturan Daerah Daerah Istimewa Yogyakarta Nomor 9 Tahun 2014 tentang Perubahan Anggaran Pendapatan dan Belanja Daerah Daerah Istimewa Yogyakarta Tahun Anggaran 2014  Lembaran Daerah Daerah Istimewa Yogyakarta Tahun 2014 Nomor 9",
4 . 3 . 3 . 01 . 10 ,Bagi Hasil Pajak Rokok Daerah ,16724274199.06,,
4 . 3 . 4 ,Dana Penyesuaian dan Otonomi Khusus ,238623273000,,
4 . 3 . 4 . 01 ,Dana Penyesuaian ,238623273000,,
4 . 3 . 4 . 01 . 01 ,Tunjangan Profesi Guru PNSD ,208841571000,Peraturan Presiden Republik Indonesia Nomor 162 Tahun 2014 tentang Rincian Anggaran Pendapatan dan Belanja Negara Tahun Anggaran 2015,
4 . 3 . 4 . 01 . 02 ,Dana Tambahan Penghasilan Guru PNSD ,1773000000,Peraturan Presiden Republik Indonesia Nomor 162 Tahun 2014 tentang Rincian Anggaran Pendapatan dan Belanja Negara Tahun Anggaran 2015,
4 . 3 . 4 . 01 . 03 ,Dana Insentif Daerah ,3000000000,Peraturan Presiden Republik Indonesia Nomor 162 Tahun 2014 tentang Rincian Anggaran Pendapatan dan Belanja Negara Tahun Anggaran 2015,
4 . 3 . 4 . 01 . 06 ,Dana Desa ,25008702000,Peraturan Presiden Republik Indonesia Nomor 162 Tahun 2014 tentang Rincian Anggaran Pendapatan dan Belanja Negara Tahun Anggaran 2015,
4 . 3 . 5 ,Bantuan Keuangan dari Provinsi atau Pemerintah Daerah Lainnya ,19205900000,,
4 . 3 . 5 . 01 ,Bantuan Keuangan Dari Provinsi ,19205900000,,
4 . 3 . 5 . 01 . 02 ,Bantuan Keuangan kepada Pemerintah Daerah ,14349900000,"Peraturan Daerah Daerah Istimewa Yogyakarta Nomor 9 Tahun 2014 tentang Perubahan Anggaran Pendapatan dan Belanja Daerah Daerah Istimewa Yogyakarta Tahun Anggaran 2014  Lembaran Daerah Daerah Istimewa Yogyakarta Tahun 2014 Nomor 9",
4 . 3 . 5 . 01 . 03 ,Bantuan Keuangan kepada Pemerintah Desa/Kelurahan ,4856000000,"Peraturan Daerah Daerah Istimewa Yogyakarta Nomor 9 Tahun 2014 tentang Perubahan Anggaran Pendapatan dan Belanja Daerah Daerah Istimewa Yogyakarta Tahun Anggaran 2014  Lembaran Daerah Daerah Istimewa Yogyakarta Tahun 2014 Nomor 9",
5,BELANJA ,1306477084425.57,,
5 . 1 ,BELANJA TIDAK LANGSUNG ,849962651041.57,,
5 . 1 . 1 ,Belanja Pegawai ,722384750254.23,,
5 . 1 . 1 . 01 ,Belanja Gaji dan Tunjangan ,490536217049,,
5 . 1 . 1 . 01 . 01 ,Gaji Pokok PNS/Uang Representasi ,371297149170,,
5 . 1 . 1 . 01 . 02 ,Tunjangan Keluarga ,34093815613,,
5 . 1 . 1 . 01 . 03 ,Tunjangan Jabatan ,7416394000,,
5 . 1 . 1 . 01 . 04 ,Tunjangan Fungsional ,27565741849,,
5 . 1 . 1 . 01 . 05 ,Tunjangan Fungsional Umum ,5396363090,,
5 . 1 . 1 . 01 . 06 ,Tunjangan Beras ,19340446215,,
5 . 1 . 1 . 01 . 07 ,Tunjangan PPh/Tunjangan Khusus ,11306048443,,
5 . 1 . 1 . 01 . 08 ,Pembulatan Gaji ,5621626,,
5 . 1 . 1 . 01 . 09 ,Iuran Asuransi Jaminan Kesehatan BPJS Ketenagakerjaan ,11520327593,,
5 . 1 . 1 . 01 . 10 ,Uang Paket ,76482000,,
5 . 1 . 1 . 01 . 11 ,Tunjangan Badan Musyawarah ,26491500,,
5 . 1 . 1 . 01 . 12 ,Tunjangan Komisi ,54810000,,
5 . 1 . 1 . 01 . 13 ,Tunjangan Badan Anggaran ,26491500,,
5 . 1 . 1 . 01 . 14 ,Tunjangan Badan Kehormatan ,7856100,,
5 . 1 . 1 . 01 . 15 ,Tunjangan Alat Kelengkapan Lainnya ,58007250,,
5 . 1 . 1 . 01 . 16 ,Tunjangan Perumahan ,1990800000,,
5 . 1 . 1 . 01 . 17 ,Uang Duka Wafat/Tewas ,17600000,,
5 . 1 . 1 . 01 . 18 ,Uang Jasa Pengabdian ,6300000,,
5 . 1 . 1 . 01 . 19 ,Belanja Penunjang Operasional Pimpinan DPRD ,312480000,,
5 . 1 . 1 . 01 . 21 ,Tunjangan Badan Legislasi ,16991100,,
5 . 1 . 1 . 02 ,Belanja Tambahan Penghasilan PNS ,223805831000,,
5 . 1 . 1 . 02 . 01 ,Tambahan Penghasilan Berdasarkan Beban Kerja ,14901860000,,
5 . 1 . 1 . 02 . 03 ,Tambahan Penghasilan Berdasarkan Kondisi Kerja ,26400000,,
5 . 1 . 1 . 02 . 05 ,Tambahan Penghasilan Berdasarkan Prestasi Kerja ,208841571000,,
5 . 1 . 1 . 02 . 07 ,Tambahan Penghasilan Berdasarkan Resiko Kerja ,36000000,,
5 . 1 . 1 . 03 ,Belanja Penerimaan lainnya Pimpinan dan anggota DPRD serta KDH/WKDH ,3624000000,,
5 . 1 . 1 . 03 . 01 ,Tunjangan Komunikasi Intensif Pimpinan Dan Anggota DPRD ,3024000000,,
5 . 1 . 1 . 03 . 02 ,Belanja Penunjang Operasional KDH/WKDH ,600000000,,
5 . 1 . 1 . 05 ,Insentif Pemungutan Pajak Daerah ,1633121616.6,,
5 . 1 . 1 . 05 . 07 ,Insentif Pemungutan Pajak Daerah - Pajak Hotel ,4995000,,
5 . 1 . 1 . 05 . 08 ,Insentif Pemungutan Pajak Daerah - Pajak Restoran ,29000000,,
5 . 1 . 1 . 05 . 09 ,Insentif Pemungutan Pajak Daerah - Pajak Hiburan ,403525,,
5 . 1 . 1 . 05 . 10 ,Insentif Pemungutan Pajak Daerah - Pajak Reklame ,27513147.43,,
5 . 1 . 1 . 05 . 11 ,Insentif Pemungutan Pajak Daerah - Pajak Penerangan Jalan ,104537944.73,,
5 . 1 . 1 . 05 . 12 ,Insentif Pemungutan Pajak Daerah - Pajak Parkir ,839285.11,,
5 . 1 . 1 . 05 . 13 ,Insentif Pemungutan Pajak Daerah - Pajak Air Tanah ,543452.38,,
5 . 1 . 1 . 05 . 15 ,Insentif Pemungutan Pajak Daerah - Pajak Mineral Bukan Logam dan Batuan ,75000000,,
5 . 1 . 1 . 05 . 16 ,Insentif Pemungutan Pajak Daerah - Pajak Bumi dan Bangunan Pedesaan dan Perkotaan ,555289261.95,,
5 . 1 . 1 . 05 . 17 ,Insentif Pemungutan Pajak Daerah - Bea Perolehan Hak Atas Tanah dan Bangunan ,835000000,,
5 . 1 . 1 . 06 ,Insentif Pemungutan Retribusi Daerah ,848058979.8,,
5 . 1 . 1 . 06 . 03 ,Insentif Pemungutan Retribusi Daerah - Pelayanan Persampahan/ Kebersihan ,10716115,,
5 . 1 . 1 . 06 . 06 ,Insentif Pemungutan Retribusi Daerah - Pelayanan Parkir di Tepi Jalan Umum ,1558860,,
5 . 1 . 1 . 06 . 07 ,Insentif Pemungutan Retribusi Daerah - Pelayanan Pasar ,48902190,,
5 . 1 . 1 . 06 . 08 ,Insentif Pemungutan Retribusi Daerah - Pengujian Kendaraan Bermotor ,15495725,,
5 . 1 . 1 . 06 . 15 ,Insentif Pemungutan Retribusi Daerah - Pengendalian Menara Telekomunikasi ,34174083.1,,
5 . 1 . 1 . 06 . 16 ,Insentif Pemungutan Retribusi Daerah - Pemakaian Kekayaan Daerah ,27249000,,
5 . 1 . 1 . 06 . 18 ,Insentif Pemungutan Retribusi Daerah - Tempat Pelelangan ,1000000,,
5 . 1 . 1 . 06 . 19 ,Insentif Pemungutan Retribusi Daerah - Terminal ,11628600,,
5 . 1 . 1 . 06 . 20 ,Insentif Pemungutan Retribusi Daerah - Tempat Khusus Parkir ,1163900,,
5 . 1 . 1 . 06 . 24 ,Insentif Pemungutan Retribusi Daerah - Tempat Rekreasi dan Olah raga ,31615312.5,,
5 . 1 . 1 . 06 . 26 ,Insentif Pemungutan Retribusi Daerah - Penjualan Produksi Usaha Daerah ,2832500,,
5 . 1 . 1 . 06 . 27 ,Insentif Pemungutan Retribusi Daerah - Izin Mendirikan Bangunan ,640000000,,
5 . 1 . 1 . 06 . 29 ,Insentif Pemungutan Retribusi Daerah - Izin Gangguan ,12243519.2,,
5 . 1 . 1 . 06 . 30 ,Insentif Pemungutan Retribusi Daerah - Izin Trayek ,703800,,
5 . 1 . 1 . 06 . 34 ,Insentif Pemungutan Retribusi Daerah - Pelayanan Kesehatan Hewan ,8775375,,
5 . 1 . 1 . 07 ,Iuran Asuransi Jaminan  Kecelakaan BPJS Ketenagakerjaan ,861454935.83,,
5 . 1 . 1 . 07 . 01 ,Iuran Asuransi Jaminan  Kecelakaan BPJS Ketenagakerjaan. ,861454935.83,,
5 . 1 . 1 . 08 ,Iuran Asuransi  Jaminan Kematian BPJS Ketenagakerjaan ,1076066673,,
5 . 1 . 1 . 08 . 01 ,Iuran Asuransi  Jaminan Kematian BPJS Ketenagakerjaan. ,1076066673,,
5 . 1 . 2 ,Belanja Bunga ,13631302.02,,
5 . 1 . 2 . 01 ,Bunga Utang Pinjaman ,13631302.02,,
5 . 1 . 2 . 01 . 03 ,Bunga Utang Pinjaman Kepada Lembaga Keuangan Bank ,13631302.02,,
5 . 1 . 4 ,Belanja Hibah ,9269314372,,
5 . 1 . 4 . 06 ,Belanja Hibah kepada Kelompok/Anggota Masyarakat ,9269314372,,
5 . 1 . 4 . 06 . 01 ,Belanja Hibah kepada Kelompok/Anggota Masyarakat ,9269314372,,
5 . 1 . 5 ,Belanja Bantuan Sosial ,8633400000,,
5 . 1 . 5 . 03 ,Belanja Bantuan Sosial Kepada Anggota Masyarakat ...... ,8633400000,,
5 . 1 . 5 . 03 . 01 ,Belanja Bantuan Sosial Kepada Masyarakat ,8633400000,,
5 . 1 . 6 ,Belanja Bagi Hasil kepada Provinsi/Kabupaten/Kota dan Pemerintah Desa ,5315005482,,
5 . 1 . 6 . 03 ,Belanja Bagi Hasil Pajak Daerah Kepada Pemerintahan Desa ,3493857067,,
5 . 1 . 6 . 03 . 01 ,Belanja Bagi Hasil Pajak Daerah Kepada Pemerintahan Desa Jangkaran ,0,,
5 . 1 . 6 . 03 . 02 ,Belanja Bagi Hasil Pajak Daerah Kepada Pemerintahan Desa Sindutan ,0,,
5 . 1 . 6 . 03 . 03 ,Belanja Bagi Hasil Pajak Daerah Kepada Pemerintahan Desa Palihan ,0,,
5 . 1 . 6 . 03 . 04 ,Belanja Bagi Hasil Pajak Daerah Kepada Pemerintahan Desa Glagah ,0,,
5 . 1 . 6 . 03 . 05 ,Belanja Bagi Hasil Pajak Daerah Kepada Pemerintahan Desa Kalidengen ,0,,
5 . 1 . 6 . 03 . 06 ,Belanja Bagi Hasil Pajak Daerah Kepada Pemerintahan Desa Plumbon ,0,,
5 . 1 . 6 . 03 . 07 ,Belanja Bagi Hasil Pajak Daerah Kepada Pemerintahan Desa Kedundang ,0,,
5 . 1 . 6 . 03 . 08 ,Belanja Bagi Hasil Pajak Daerah Kepada Pemerintahan Desa Demen ,0,,
5 . 1 . 6 . 03 . 09 ,Belanja Bagi Hasil Pajak Daerah Kepada Pemerintahan Desa Kulur ,0,,
5 . 1 . 6 . 03 . 10 ,Belanja Bagi Hasil Pajak Daerah Kepada Pemerintahan Desa Kaligintung ,0,,
5 . 1 . 6 . 03 . 11 ,Belanja Bagi Hasil Pajak Daerah Kepada Pemerintahan Desa Temon Wetan ,0,,
5 . 1 . 6 . 03 . 12 ,Belanja Bagi Hasil Pajak Daerah Kepada Pemerintahan Desa Temon Kulon ,0,,
5 . 1 . 6 . 03 . 13 ,Belanja Bagi Hasil Pajak Daerah Kepada Pemerintahan Desa Kebonrejo ,0,,
5 . 1 . 6 . 03 . 14 ,Belanja Bagi Hasil Pajak Daerah Kepada Pemerintahan Desa Janten ,0,,
5 . 1 . 6 . 03 . 15 ,Belanja Bagi Hasil Pajak Daerah Kepada Pemerintahan Desa Karangwuluh ,0,,
5 . 1 . 6 . 03 . 16 ,Belanja Bagi Hasil Pajak Daerah Kepada Pemerintahan Desa Karangwuni ,0,,
5 . 1 . 6 . 03 . 17 ,Belanja Bagi Hasil Pajak Daerah Kepada Pemerintahan Desa Sogan ,0,,
5 . 1 . 6 . 03 . 18 ,Belanja Bagi Hasil Pajak Daerah Kepada Pemerintahan Desa Kulwaru ,0,,
5 . 1 . 6 . 03 . 19 ,Belanja Bagi Hasil Pajak Daerah Kepada Pemerintahan Desa Ngestiharjo ,0,,
5 . 1 . 6 . 03 . 20 ,Belanja Bagi Hasil Pajak Daerah Kepada Pemerintahan Desa Bendungan ,0,,
5 . 1 . 6 . 03 . 21 ,Belanja Bagi Hasil Pajak Daerah Kepada Pemerintahan Desa Triharjo ,0,,
5 . 1 . 6 . 03 . 22 ,Belanja Bagi Hasil Pajak Daerah Kepada Pemerintahan Desa Giripeni ,0,,
5 . 1 . 6 . 03 . 23 ,Belanja Bagi Hasil Pajak Daerah Kepada Pemerintahan Desa Wates ,0,,
5 . 1 . 6 . 03 . 24 ,Belanja Bagi Hasil Pajak Daerah Kepada Pemerintahan Desa Garongan ,0,,
5 . 1 . 6 . 03 . 25 ,Belanja Bagi Hasil Pajak Daerah Kepada Pemerintahan Desa Pleret ,0,,
5 . 1 . 6 . 03 . 26 ,Belanja Bagi Hasil Pajak Daerah Kepada Pemerintahan Desa Bugel ,0,,
5 . 1 . 6 . 03 . 27 ,Belanja Bagi Hasil Pajak Daerah Kepada Pemerintahan Desa Kanoman ,0,,
5 . 1 . 6 . 03 . 28 ,Belanja Bagi Hasil Pajak Daerah Kepada Pemerintahan Desa Depok ,0,,
5 . 1 . 6 . 03 . 29 ,Belanja Bagi Hasil Pajak Daerah Kepada Pemerintahan Desa Bojong ,0,,
5 . 1 . 6 . 03 . 30 ,Belanja Bagi Hasil Pajak Daerah Kepada Pemerintahan Desa Tayuban ,0,,
5 . 1 . 6 . 03 . 31 ,Belanja Bagi Hasil Pajak Daerah Kepada Pemerintahan Desa Gotakan ,0,,
5 . 1 . 6 . 03 . 32 ,Belanja Bagi Hasil Pajak Daerah Kepada Pemerintahan Desa Panjatan ,0,,
5 . 1 . 6 . 03 . 33 ,Belanja Bagi Hasil Pajak Daerah Kepada Pemerintahan Desa Cerme ,0,,
5 . 1 . 6 . 03 . 34 ,Belanja Bagi Hasil Pajak Daerah Kepada Pemerintahan Desa Krembangan ,0,,
5 . 1 . 6 . 03 . 35 ,Belanja Bagi Hasil Pajak Daerah Kepada Pemerintahan Desa Banaran ,0,,
5 . 1 . 6 . 03 . 36 ,Belanja Bagi Hasil Pajak Daerah Kepada Pemerintahan Desa Kranggan ,0,,
5 . 1 . 6 . 03 . 37 ,Belanja Bagi Hasil Pajak Daerah Kepada Pemerintahan Desa Nomporejo ,0,,
5 . 1 . 6 . 03 . 38 ,Belanja Bagi Hasil Pajak Daerah Kepada Pemerintahan Desa Karangsewu ,0,,
5 . 1 . 6 . 03 . 39 ,Belanja Bagi Hasil Pajak Daerah Kepada Pemerintahan Desa Tirtorahayu ,0,,
5 . 1 . 6 . 03 . 40 ,Belanja Bagi Hasil Pajak Daerah Kepada Pemerintahan Desa Pandowan ,0,,
5 . 1 . 6 . 03 . 41 ,Belanja Bagi Hasil Pajak Daerah Kepada Pemerintahan Desa Brosot ,0,,
5 . 1 . 6 . 03 . 42 ,Belanja Bagi Hasil Pajak Daerah Kepada Pemerintahan Desa Wahyuharjo ,0,,
5 . 1 . 6 . 03 . 43 ,Belanja Bagi Hasil Pajak Daerah Kepada Pemerintahan Desa Bumirejo ,0,,
5 . 1 . 6 . 03 . 44 ,Belanja Bagi Hasil Pajak Daerah Kepada Pemerintahan Desa Jatirejo ,0,,
5 . 1 . 6 . 03 . 45 ,Belanja Bagi Hasil Pajak Daerah Kepada Pemerintahan Desa Sidorejo ,0,,
5 . 1 . 6 . 03 . 46 ,Belanja Bagi Hasil Pajak Daerah Kepada Pemerintahan Desa Gulurejo ,0,,
5 . 1 . 6 . 03 . 47 ,Belanja Bagi Hasil Pajak Daerah Kepada Pemerintahan Desa Ngentakrejo ,0,,
5 . 1 . 6 . 03 . 48 ,Belanja Bagi Hasil Pajak Daerah Kepada Pemerintahan Desa Demangrejo ,0,,
5 . 1 . 6 . 03 . 49 ,Belanja Bagi Hasil Pajak Daerah Kepada Pemerintahan Desa Srikayangan ,0,,
5 . 1 . 6 . 03 . 50 ,Belanja Bagi Hasil Pajak Daerah Kepada Pemerintahan Desa Tuksono ,0,,
5 . 1 . 6 . 03 . 51 ,Belanja Bagi Hasil Pajak Daerah Kepada Pemerintahan Desa Salamrejo ,0,,
5 . 1 . 6 . 03 . 52 ,Belanja Bagi Hasil Pajak Daerah Kepada Pemerintahan Desa Sukoreno ,0,,
5 . 1 . 6 . 03 . 53 ,Belanja Bagi Hasil Pajak Daerah Kepada Pemerintahan Desa Kaliagung ,0,,
5 . 1 . 6 . 03 . 54 ,Belanja Bagi Hasil Pajak Daerah Kepada Pemerintahan Desa Sentolo ,0,,
5 . 1 . 6 . 03 . 55 ,Belanja Bagi Hasil Pajak Daerah Kepada Pemerintahan Desa Banguncipto ,0,,
5 . 1 . 6 . 03 . 56 ,Belanja Bagi Hasil Pajak Daerah Kepada Pemerintahan Desa Tawangsari ,0,,
5 . 1 . 6 . 03 . 57 ,Belanja Bagi Hasil Pajak Daerah Kepada Pemerintahan Desa Karangsari ,0,,
5 . 1 . 6 . 03 . 58 ,Belanja Bagi Hasil Pajak Daerah Kepada Pemerintahan Desa Kedungsari ,0,,
5 . 1 . 6 . 03 . 59 ,Belanja Bagi Hasil Pajak Daerah Kepada Pemerintahan Desa Margosari ,0,,
5 . 1 . 6 . 03 . 60 ,Belanja Bagi Hasil Pajak Daerah Kepada Pemerintahan Desa Pengasih ,0,,
5 . 1 . 6 . 03 . 61 ,Belanja Bagi Hasil Pajak Daerah Kepada Pemerintahan Desa Sendangsari ,0,,
5 . 1 . 6 . 03 . 62 ,Belanja Bagi Hasil Pajak Daerah Kepada Pemerintahan Desa Sidomulyo ,0,,
5 . 1 . 6 . 03 . 63 ,Belanja Bagi Hasil Pajak Daerah Kepada Pemerintahan Desa Hargomulyo ,0,,
5 . 1 . 6 . 03 . 64 ,Belanja Bagi Hasil Pajak Daerah Kepada Pemerintahan Desa Hargorejo ,0,,
5 . 1 . 6 . 03 . 65 ,Belanja Bagi Hasil Pajak Daerah Kepada Pemerintahan Desa Hargowilis ,0,,
5 . 1 . 6 . 03 . 66 ,Belanja Bagi Hasil Pajak Daerah Kepada Pemerintahan Desa Kalirejo ,0,,
5 . 1 . 6 . 03 . 67 ,Belanja Bagi Hasil Pajak Daerah Kepada Pemerintahan Desa Hargotirto ,0,,
5 . 1 . 6 . 03 . 68 ,Belanja Bagi Hasil Pajak Daerah Kepada Pemerintahan Desa Jatimulyo ,0,,
5 . 1 . 6 . 03 . 69 ,Belanja Bagi Hasil Pajak Daerah Kepada Pemerintahan Desa Giripurwo ,0,,
5 . 1 . 6 . 03 . 70 ,Belanja Bagi Hasil Pajak Daerah Kepada Pemerintahan Desa Pendoworejo ,0,,
5 . 1 . 6 . 03 . 71 ,Belanja Bagi Hasil Pajak Daerah Kepada Pemerintahan Desa Purwosari ,0,,
5 . 1 . 6 . 03 . 72 ,Belanja Bagi Hasil Pajak Daerah Kepada Pemerintahan Desa Ban uroto ,0,,
5 . 1 . 6 . 03 . 73 ,Belanja Bagi Hasil Pajak Daerah Kepada Pemerintahan Desa Donomulyo ,0,,
5 . 1 . 6 . 03 . 74 ,Belanja Bagi Hasil Pajak Daerah Kepada Pemerintahan Desa Wijimulyo ,0,,
5 . 1 . 6 . 03 . 75 ,Belanja Bagi Hasil Pajak Daerah Kepada Pemerintahan Desa Tanjungharjo ,0,,
5 . 1 . 6 . 03 . 76 ,Belanja Bagi Hasil Pajak Daerah Kepada Pemerintahan Desa Jatisarono ,0,,
5 . 1 . 6 . 03 . 77 ,Belanja Bagi Hasil Pajak Daerah Kepada Pemerintahan Desa Kembang ,0,,
5 . 1 . 6 . 03 . 78 ,Belanja Bagi Hasil Pajak Daerah Kepada Pemerintahan Desa Kebonharjo ,0,,
5 . 1 . 6 . 03 . 79 ,Belanja Bagi Hasil Pajak Daerah Kepada Pemerintahan Desa Banjarsari ,0,,
5 . 1 . 6 . 03 . 80 ,Belanja Bagi Hasil Pajak Daerah Kepada Pemerintahan Desa Purwoharjo ,0,,
5 . 1 . 6 . 03 . 81 ,Belanja Bagi Hasil Pajak Daerah Kepada Pemerintahan Desa Sidoharjo ,0,,
5 . 1 . 6 . 03 . 82 ,Belanja Bagi Hasil Pajak Daerah Kepada Pemerintahan Desa Gerbosari ,0,,
5 . 1 . 6 . 03 . 83 ,Belanja Bagi Hasil Pajak Daerah Kepada Pemerintahan Desa Ngargosari ,0,,
5 . 1 . 6 . 03 . 84 ,Belanja Bagi Hasil Pajak Daerah Kepada Pemerintahan Desa Pagerharjo ,0,,
5 . 1 . 6 . 03 . 85 ,Belanja Bagi Hasil Pajak Daerah Kepada Pemerintahan Desa Banjararum ,0,,
5 . 1 . 6 . 03 . 86 ,Belanja Bagi Hasil Pajak Daerah Kepada Pemerintahan Desa Banjarasri ,0,,
5 . 1 . 6 . 03 . 87 ,Belanja Bagi Hasil Pajak Daerah Kepada Pemerintahan Desa Banjarharjo ,0,,
5 . 1 . 6 . 03 . 88 ,Belanja Bagi Hasil Pajak Daerah Kepada Pemerintahan Desa Banjaroyo ,0,,
5 . 1 . 6 . 03 . 90 ,Belanja Bagi Hasil Pajak Daerah Kepada Pemerintahan Desa ...... ,3493857067,,
5 . 1 . 6 . 05 ,Belanja Bagi Hasil Retribusi Daerah Kepada Pemerintah Desa ,1821148415,,
5 . 1 . 6 . 05 . 01 ,Belanja Bagi Hasil Retribusi Daerah Kepada Pemerintahan Desa Jangkaran ,0,,
5 . 1 . 6 . 05 . 02 ,Belanja Bagi Hasil Retribusi Daerah Kepada Pemerintahan Desa Sindutan ,0,,
5 . 1 . 6 . 05 . 03 ,Belanja Bagi Hasil Retribusi Daerah Kepada Pemerintahan Desa Palihan ,0,,
5 . 1 . 6 . 05 . 04 ,Belanja Bagi Hasil Retribusi Daerah Kepada Pemerintahan Desa Glagah ,0,,
5 . 1 . 6 . 05 . 05 ,Belanja Bagi Hasil Retribusi Daerah Kepada Pemerintahan Desa Kalidengen ,0,,
5 . 1 . 6 . 05 . 06 ,Belanja Bagi Hasil Retribusi Daerah Kepada Pemerintahan Desa Plumbon ,0,,
5 . 1 . 6 . 05 . 07 ,Belanja Bagi Hasil Retribusi Daerah Kepada Pemerintahan Desa Kedundang ,0,,
5 . 1 . 6 . 05 . 08 ,Belanja Bagi Hasil Retribusi Daerah Kepada Pemerintahan Desa Demen ,0,,
5 . 1 . 6 . 05 . 09 ,Belanja Bagi Hasil Retribusi Daerah Kepada Pemerintahan Desa Kulur ,0,,
5 . 1 . 6 . 05 . 10 ,Belanja Bagi Hasil Retribusi Daerah Kepada Pemerintahan Desa Kaligintung ,0,,
5 . 1 . 6 . 05 . 11 ,Belanja Bagi Hasil Retribusi Daerah Kepada Pemerintahan Desa Temon Wetan ,0,,
5 . 1 . 6 . 05 . 12 ,Belanja Bagi Hasil Retribusi Daerah Kepada Pemerintahan Desa Temon Kulon ,0,,
5 . 1 . 6 . 05 . 13 ,Belanja Bagi Hasil Retribusi Daerah Kepada Pemerintahan Desa Kebonrejo ,0,,
5 . 1 . 6 . 05 . 14 ,Belanja Bagi Hasil Retribusi Daerah Kepada Pemerintahan Desa Janten ,0,,
5 . 1 . 6 . 05 . 15 ,Belanja Bagi Hasil Retribusi Daerah Kepada Pemerintahan Desa Karangwuluh ,0,,
5 . 1 . 6 . 05 . 16 ,Belanja Bagi Hasil Retribusi Daerah Kepada Pemerintahan Desa Karangwuni ,0,,
5 . 1 . 6 . 05 . 17 ,Belanja Bagi Hasil Retribusi Daerah Kepada Pemerintahan Desa Sogan ,0,,
5 . 1 . 6 . 05 . 18 ,Belanja Bagi Hasil Retribusi Daerah Kepada Pemerintahan Desa Kulwaru ,0,,
5 . 1 . 6 . 05 . 19 ,Belanja Bagi Hasil Retribusi Daerah Kepada Pemerintahan Desa Ngestiharjo ,0,,
5 . 1 . 6 . 05 . 20 ,Belanja Bagi Hasil Retribusi Daerah Kepada Pemerintahan Desa Bendungan ,0,,
5 . 1 . 6 . 05 . 21 ,Belanja Bagi Hasil Retribusi Daerah Kepada Pemerintahan Desa Triharjo ,0,,
5 . 1 . 6 . 05 . 22 ,Belanja Bagi Hasil Retribusi Daerah Kepada Pemerintahan Desa Giripeni ,0,,
5 . 1 . 6 . 05 . 23 ,Belanja Bagi Hasil Retribusi Daerah Kepada Pemerintahan Desa Wates ,0,,
5 . 1 . 6 . 05 . 24 ,Belanja Bagi Hasil Retribusi Daerah Kepada Pemerintahan Desa Garongan ,0,,
5 . 1 . 6 . 05 . 25 ,Belanja Bagi Hasil Retribusi Daerah Kepada Pemerintahan Desa Pleret ,0,,
5 . 1 . 6 . 05 . 26 ,Belanja Bagi Hasil Retribusi Daerah Kepada Pemerintahan Desa Bugel ,0,,
5 . 1 . 6 . 05 . 27 ,Belanja Bagi Hasil Retribusi Daerah Kepada Pemerintahan Desa Kanoman ,0,,
5 . 1 . 6 . 05 . 28 ,Belanja Bagi Hasil Retribusi Daerah Kepada Pemerintahan Desa Depok ,0,,
5 . 1 . 6 . 05 . 29 ,Belanja Bagi Hasil Retribusi Daerah Kepada Pemerintahan Desa Bojong ,0,,
5 . 1 . 6 . 05 . 30 ,Belanja Bagi Hasil Retribusi Daerah Kepada Pemerintahan Desa Tayuban ,0,,
5 . 1 . 6 . 05 . 31 ,Belanja Bagi Hasil Retribusi Daerah Kepada Pemerintahan Desa Gotakan ,0,,
5 . 1 . 6 . 05 . 32 ,Belanja Bagi Hasil Retribusi Daerah Kepada Pemerintahan Desa Panjatan ,0,,
5 . 1 . 6 . 05 . 33 ,Belanja Bagi Hasil Retribusi Daerah Kepada Pemerintahan Desa Cerme ,0,,
5 . 1 . 6 . 05 . 34 ,Belanja Bagi Hasil Retribusi Daerah Kepada Pemerintahan Desa Krembangan ,0,,
5 . 1 . 6 . 05 . 35 ,Belanja Bagi Hasil Retribusi Daerah Kepada Pemerintahan Desa Banaran ,0,,
5 . 1 . 6 . 05 . 36 ,Belanja Bagi Hasil Retribusi Daerah Kepada Pemerintahan Desa Kranggan ,0,,
5 . 1 . 6 . 05 . 37 ,Belanja Bagi Hasil Retribusi Daerah Kepada Pemerintahan Desa Nomporejo ,0,,
5 . 1 . 6 . 05 . 38 ,Belanja Bagi Hasil Retribusi Daerah Kepada Pemerintahan Desa Karangsewu ,0,,
5 . 1 . 6 . 05 . 39 ,Belanja Bagi Hasil Retribusi Daerah Kepada Pemerintahan Desa Tirtorahayu ,0,,
5 . 1 . 6 . 05 . 40 ,Belanja Bagi Hasil Retribusi Daerah Kepada Pemerintahan Desa Pandowan ,0,,
5 . 1 . 6 . 05 . 41 ,Belanja Bagi Hasil Retribusi Daerah Kepada Pemerintahan Desa Brosot ,0,,
5 . 1 . 6 . 05 . 42 ,Belanja Bagi Hasil Retribusi Daerah Kepada Pemerintahan Desa Wahyuharjo ,0,,
5 . 1 . 6 . 05 . 43 ,Belanja Bagi Hasil Retribusi Daerah Kepada Pemerintahan Desa Bumirejo ,0,,
5 . 1 . 6 . 05 . 44 ,Belanja Bagi Hasil Retribusi Daerah Kepada Pemerintahan Desa Jatirejo ,0,,
5 . 1 . 6 . 05 . 45 ,Belanja Bagi Hasil Retribusi Daerah Kepada Pemerintahan Desa Sidorejo ,0,,
5 . 1 . 6 . 05 . 46 ,Belanja Bagi Hasil Retribusi Daerah Kepada Pemerintahan Desa Gulurejo ,0,,
5 . 1 . 6 . 05 . 47 ,Belanja Bagi Hasil Retribusi Daerah Kepada Pemerintahan Desa Ngentakrejo ,0,,
5 . 1 . 6 . 05 . 48 ,Belanja Bagi Hasil Retribusi Daerah Kepada Pemerintahan Desa Demangrejo ,0,,
5 . 1 . 6 . 05 . 49 ,Belanja Bagi Hasil Retribusi Daerah Kepada Pemerintahan Desa Srikayangan ,0,,
5 . 1 . 6 . 05 . 50 ,Belanja Bagi Hasil Retribusi Daerah Kepada Pemerintahan Desa Tuksono ,0,,
5 . 1 . 6 . 05 . 51 ,Belanja Bagi Hasil Retribusi Daerah Kepada Pemerintahan Desa Salamrejo ,0,,
5 . 1 . 6 . 05 . 52 ,Belanja Bagi Hasil Retribusi Daerah Kepada Pemerintahan Desa Sukoreno ,0,,
5 . 1 . 6 . 05 . 53 ,Belanja Bagi Hasil Retribusi Daerah Kepada Pemerintahan Desa Kaliagung ,0,,
5 . 1 . 6 . 05 . 54 ,Belanja Bagi Hasil Retribusi Daerah Kepada Pemerintahan Desa Sentolo ,0,,
5 . 1 . 6 . 05 . 55 ,Belanja Bagi Hasil Retribusi Daerah Kepada Pemerintahan Desa Banguncipto ,0,,
5 . 1 . 6 . 05 . 56 ,Belanja Bagi Hasil Retribusi Daerah Kepada Pemerintahan Desa Tawangsari ,0,,
5 . 1 . 6 . 05 . 57 ,Belanja Bagi Hasil Retribusi Daerah Kepada Pemerintahan Desa Karangsari ,0,,
5 . 1 . 6 . 05 . 58 ,Belanja Bagi Hasil Retribusi Daerah Kepada Pemerintahan Desa Kedungsari ,0,,
5 . 1 . 6 . 05 . 59 ,Belanja Bagi Hasil Retribusi Daerah Kepada Pemerintahan Desa Margosari ,0,,
5 . 1 . 6 . 05 . 60 ,Belanja Bagi Hasil Retribusi Daerah Kepada Pemerintahan Desa Pengasih ,0,,
5 . 1 . 6 . 05 . 61 ,Belanja Bagi Hasil Retribusi Daerah Kepada Pemerintahan Desa Sendangsari ,0,,
5 . 1 . 6 . 05 . 62 ,Belanja Bagi Hasil Retribusi Daerah Kepada Pemerintahan Desa Sidomulyo ,0,,
5 . 1 . 6 . 05 . 63 ,Belanja Bagi Hasil Retribusi Daerah Kepada Pemerintahan Desa Hargomulyo ,0,,
5 . 1 . 6 . 05 . 64 ,Belanja Bagi Hasil Retribusi Daerah Kepada Pemerintahan Desa Hargorejo ,0,,
5 . 1 . 6 . 05 . 65 ,Belanja Bagi Hasil Retribusi Daerah Kepada Pemerintahan Desa Hargowilis ,0,,
5 . 1 . 6 . 05 . 66 ,Belanja Bagi Hasil Retribusi Daerah Kepada Pemerintahan Desa Kalirejo ,0,,
5 . 1 . 6 . 05 . 67 ,Belanja Bagi Hasil Retribusi Daerah Kepada Pemerintahan Desa Hargotirto ,0,,
5 . 1 . 6 . 05 . 68 ,Belanja Bagi Hasil Retribusi Daerah Kepada Pemerintahan Desa Jatimulyo ,0,,
5 . 1 . 6 . 05 . 69 ,Belanja Bagi Hasil Retribusi Daerah Kepada Pemerintahan Desa Giripurwo ,0,,
5 . 1 . 6 . 05 . 70 ,Belanja Bagi Hasil Retribusi Daerah Kepada Pemerintahan Desa Pendoworejo ,0,,
5 . 1 . 6 . 05 . 71 ,Belanja Bagi Hasil Retribusi Daerah Kepada Pemerintahan Desa Purwosari ,0,,
5 . 1 . 6 . 05 . 72 ,Belanja Bagi Hasil Retribusi Daerah Kepada Pemerintahan Desa Banyuroto ,0,,
5 . 1 . 6 . 05 . 73 ,Belanja Bagi Hasil Retribusi Daerah Kepada Pemerintahan Desa Donomulyo ,0,,
5 . 1 . 6 . 05 . 74 ,Belanja Bagi Hasil Retribusi Daerah Kepada Pemerintahan Desa Wijimulyo ,0,,
5 . 1 . 6 . 05 . 75 ,Belanja Bagi Hasil Retribusi Daerah Kepada Pemerintahan Desa Tanjungharjo ,0,,
5 . 1 . 6 . 05 . 76 ,Belanja Bagi Hasil Retribusi Daerah Kepada Pemerintahan Desa Jatisarono ,0,,
5 . 1 . 6 . 05 . 77 ,Belanja Bagi Hasil Retribusi Daerah Kepada Pemerintahan Desa Kembang ,0,,
5 . 1 . 6 . 05 . 78 ,Belanja Bagi Hasil Retribusi Daerah Kepada Pemerintahan Desa Kebonharjo ,0,,
5 . 1 . 6 . 05 . 79 ,Belanja Bagi Hasil Retribusi Daerah Kepada Pemerintahan Desa Banjarsari ,0,,
5 . 1 . 6 . 05 . 80 ,Belanja Bagi Hasil Retribusi Daerah Kepada Pemerintahan Desa Purwoharjo ,0,,
5 . 1 . 6 . 05 . 81 ,Belanja Bagi Hasil Retribusi Daerah Kepada Pemerintahan Desa Sidoharjo ,0,,
5 . 1 . 6 . 05 . 82 ,Belanja Bagi Hasil Retribusi Daerah Kepada Pemerintahan Desa Gerbosari ,0,,
5 . 1 . 6 . 05 . 83 ,Belanja Bagi Hasil Retribusi Daerah Kepada Pemerintahan Desa Ngargosari ,0,,
5 . 1 . 6 . 05 . 84 ,Belanja Bagi Hasil Retribusi Daerah Kepada Pemerintahan Desa Pagerharjo ,0,,
5 . 1 . 6 . 05 . 85 ,Belanja Bagi Hasil Retribusi Daerah Kepada Pemerintahan Desa Banjararum ,0,,
5 . 1 . 6 . 05 . 86 ,Belanja Bagi Hasil Retribusi Daerah Kepada Pemerintahan Desa Banjarasri ,0,,
5 . 1 . 6 . 05 . 87 ,Belanja Bagi Hasil Retribusi Daerah Kepada Pemerintahan Desa Banjarharjo ,0,,
5 . 1 . 6 . 05 . 88 ,Belanja Bagi Hasil Retribusi Daerah Kepada Pemerintahan Desa Banjaroyo ,0,,
5 . 1 . 6 . 05 . 90 ,Belanja Bagi Hasil Retribusi Daerah Kepada Pemerintahan Desa ...... ,1821148415,,
5 . 1 . 7 ,"Belanja Bantuan Keuangan kepada Provinsi/Kabupaten/Kota  Pemerintahan Desa dan Partai Politik",98918401601,,
5 . 1 . 7 . 03 ,Belanja Bantuan Keuangan kepada Desa ,4856000000,,
5 . 1 . 7 . 03 . 01 ,Belanja Bantuan Keuangan Kepada Desa Jangkaran ,0,,
5 . 1 . 7 . 03 . 02 ,Belanja Bantuan Keuangan Kepada Desa Sindutan ,0,,
5 . 1 . 7 . 03 . 03 ,Belanja Bantuan Keuangan Kepada Desa Palihan ,0,,
5 . 1 . 7 . 03 . 04 ,Belanja Bantuan Keuangan Kepada Desa Glagah ,0,,
5 . 1 . 7 . 03 . 05 ,Belanja Bantuan Keuangan Kepada Desa Kalidengen ,0,,
5 . 1 . 7 . 03 . 06 ,Belanja Bantuan Keuangan Kepada Desa Plumbon ,0,,
5 . 1 . 7 . 03 . 07 ,Belanja Bantuan Keuangan Kepada Desa Kedundang ,0,,
5 . 1 . 7 . 03 . 08 ,Belanja Bantuan Keuangan Kepada Desa Demen ,0,,
5 . 1 . 7 . 03 . 09 ,Belanja Bantuan Keuangan Kepada Desa Kulur ,0,,
5 . 1 . 7 . 03 . 10 ,Belanja Bantuan Keuangan Kepada Desa Kaligintung ,0,,
5 . 1 . 7 . 03 . 11 ,Belanja Bantuan Keuangan Kepada Desa Temon Wetan ,0,,
5 . 1 . 7 . 03 . 12 ,Belanja Bantuan Keuangan Kepada Desa Temon Kulon ,0,,
5 . 1 . 7 . 03 . 13 ,Belanja Bantuan Keuangan Kepada Desa Kebonrejo ,0,,
5 . 1 . 7 . 03 . 14 ,Belanja Bantuan Keuangan Kepada Desa Janten ,0,,
5 . 1 . 7 . 03 . 15 ,Belanja Bantuan Keuangan Kepada Desa Karangwuluh ,0,,
5 . 1 . 7 . 03 . 16 ,Belanja Bantuan Keuangan Kepada Desa Karangwuni ,0,,
5 . 1 . 7 . 03 . 17 ,Belanja Bantuan Keuangan Kepada Desa Sogan ,0,,
5 . 1 . 7 . 03 . 18 ,Belanja Bantuan Keuangan Kepada Desa Kulwaru ,0,,
5 . 1 . 7 . 03 . 19 ,Belanja Bantuan Keuangan Kepada Desa Ngestiharjo ,0,,
5 . 1 . 7 . 03 . 20 ,Belanja Bantuan Keuangan Kepada Desa Bendungan ,0,,
5 . 1 . 7 . 03 . 21 ,Belanja Bantuan Keuangan Kepada Desa Triharjo ,0,,
5 . 1 . 7 . 03 . 22 ,Belanja Bantuan Keuangan Kepada Desa Giripeni ,0,,
5 . 1 . 7 . 03 . 23 ,Belanja Bantuan Keuangan Kepada Desa Wates ,0,,
5 . 1 . 7 . 03 . 24 ,Belanja Bantuan Keuangan Kepada Desa Garongan ,0,,
5 . 1 . 7 . 03 . 25 ,Belanja Bantuan Keuangan Kepada Desa Pleret ,0,,
5 . 1 . 7 . 03 . 26 ,Belanja Bantuan Keuangan Kepada Desa Bugel ,0,,
5 . 1 . 7 . 03 . 27 ,Belanja Bantuan Keuangan Kepada Desa Kanoman ,0,,
5 . 1 . 7 . 03 . 28 ,Belanja Bantuan Keuangan Kepada Desa Depok ,0,,
5 . 1 . 7 . 03 . 29 ,Belanja Bantuan Keuangan Kepada Desa Bojong ,0,,
5 . 1 . 7 . 03 . 30 ,Belanja Bantuan Keuangan Kepada Desa Tayuban ,0,,
5 . 1 . 7 . 03 . 31 ,Belanja Bantuan Keuangan Kepada Desa Gotakan ,0,,
5 . 1 . 7 . 03 . 32 ,Belanja Bantuan Keuangan Kepada Desa Panjatan ,0,,
5 . 1 . 7 . 03 . 33 ,Belanja Bantuan Keuangan Kepada Desa Cerme ,0,,
5 . 1 . 7 . 03 . 34 ,Belanja Bantuan Keuangan Kepada Desa Krembangan ,0,,
5 . 1 . 7 . 03 . 35 ,Belanja Bantuan Keuangan Kepada Desa Banaran ,0,,
5 . 1 . 7 . 03 . 36 ,Belanja Bantuan Keuangan Kepada Desa Kranggan ,0,,
5 . 1 . 7 . 03 . 37 ,Belanja Bantuan Keuangan Kepada Desa Nomporejo ,0,,
5 . 1 . 7 . 03 . 38 ,Belanja Bantuan Keuangan Kepada Desa Karangsewu ,0,,
5 . 1 . 7 . 03 . 39 ,Belanja Bantuan Keuangan Kepada Desa Tirtorahayu ,0,,
5 . 1 . 7 . 03 . 40 ,Belanja Bantuan Keuangan Kepada Desa Pandowan ,0,,
5 . 1 . 7 . 03 . 41 ,Belanja Bantuan Keuangan Kepada Desa Brosot ,0,,
5 . 1 . 7 . 03 . 42 ,Belanja Bantuan Keuangan Kepada Desa Wahyuharjo ,0,,
5 . 1 . 7 . 03 . 43 ,Belanja Bantuan Keuangan Kepada Desa Bumirejo ,0,,
5 . 1 . 7 . 03 . 44 ,Belanja Bantuan Keuangan Kepada Desa Jatirejo ,0,,
5 . 1 . 7 . 03 . 45 ,Belanja Bantuan Keuangan Kepada Desa Sidorejo ,0,,
5 . 1 . 7 . 03 . 46 ,Belanja Bantuan Keuangan Kepada Desa Gulurejo ,0,,
5 . 1 . 7 . 03 . 47 ,Belanja Bantuan Keuangan Kepada Desa Ngentakrejo ,0,,
5 . 1 . 7 . 03 . 48 ,Belanja Bantuan Keuangan Kepada Desa Demangrejo ,0,,
5 . 1 . 7 . 03 . 49 ,Belanja Bantuan Keuangan Kepada Desa Srikayangan ,0,,
5 . 1 . 7 . 03 . 50 ,Belanja Bantuan Keuangan Kepada Desa Tuksono ,0,,
5 . 1 . 7 . 03 . 51 ,Belanja Bantuan Keuangan Kepada Desa Salamrejo ,0,,
5 . 1 . 7 . 03 . 52 ,Belanja Bantuan Keuangan Kepada Desa Sukoreno ,0,,
5 . 1 . 7 . 03 . 53 ,Belanja Bantuan Keuangan Kepada Desa Kaliagung ,0,,
5 . 1 . 7 . 03 . 54 ,Belanja Bantuan Keuangan Kepada Desa Sentolo ,0,,
5 . 1 . 7 . 03 . 55 ,Belanja Bantuan Keuangan Kepada Desa Banguncipto ,0,,
5 . 1 . 7 . 03 . 56 ,Belanja Bantuan Keuangan Kepada Desa Tawangsari ,0,,
5 . 1 . 7 . 03 . 57 ,Belanja Bantuan Keuangan Kepada Desa Karangsari ,0,,
5 . 1 . 7 . 03 . 58 ,Belanja Bantuan Keuangan Kepada Desa Kedungsari ,0,,
5 . 1 . 7 . 03 . 59 ,Belanja Bantuan Keuangan Kepada Desa Margosari ,0,,
5 . 1 . 7 . 03 . 60 ,Belanja Bantuan Keuangan Kepada Desa Pengasih ,0,,
5 . 1 . 7 . 03 . 61 ,Belanja Bantuan Keuangan Kepada Desa Sendangsari ,0,,
5 . 1 . 7 . 03 . 62 ,Belanja Bantuan Keuangan Kepada Desa Sidomulyo ,0,,
5 . 1 . 7 . 03 . 63 ,Belanja Bantuan Keuangan Kepada Desa Hargomulyo ,0,,
5 . 1 . 7 . 03 . 64 ,Belanja Bantuan Keuangan Kepada Desa Hargorejo ,0,,
5 . 1 . 7 . 03 . 65 ,Belanja Bantuan Keuangan Kepada Desa Hargowilis ,0,,
5 . 1 . 7 . 03 . 66 ,Belanja Bantuan Keuangan Kepada Desa Kalirejo ,0,,
5 . 1 . 7 . 03 . 67 ,Belanja Bantuan Keuangan Kepada Desa Hargotirto ,0,,
5 . 1 . 7 . 03 . 68 ,Belanja Bantuan Keuangan Kepada Desa Jatimulyo ,0,,
5 . 1 . 7 . 03 . 69 ,Belanja Bantuan Keuangan Kepada Desa Giripurwo ,0,,
5 . 1 . 7 . 03 . 70 ,Belanja Bantuan Keuangan Kepada Desa Pendoworejo ,0,,
5 . 1 . 7 . 03 . 71 ,Belanja Bantuan Keuangan Kepada Desa Purwosari ,0,,
5 . 1 . 7 . 03 . 72 ,Belanja Bantuan Keuangan Kepada Desa Banyuroto ,0,,
5 . 1 . 7 . 03 . 73 ,Belanja Bantuan Keuangan Kepada Desa Donomulyo ,0,,
5 . 1 . 7 . 03 . 74 ,Belanja Bantuan Keuangan Kepada Desa Wijimulyo ,0,,
5 . 1 . 7 . 03 . 75 ,Belanja Bantuan Keuangan Kepada Desa Tanjungharjo ,0,,
5 . 1 . 7 . 03 . 76 ,Belanja Bantuan Keuangan Kepada Desa Jatisarono ,0,,
5 . 1 . 7 . 03 . 77 ,Belanja Bantuan Keuangan Kepada Desa Kembang ,0,,
5 . 1 . 7 . 03 . 78 ,Belanja Bantuan Keuangan Kepada Desa Kebonharjo ,0,,
5 . 1 . 7 . 03 . 79 ,Belanja Bantuan Keuangan Kepada Desa Banjarsari ,0,,
5 . 1 . 7 . 03 . 80 ,Belanja Bantuan Keuangan Kepada Desa Purwoharjo ,0,,
5 . 1 . 7 . 03 . 81 ,Belanja Bantuan Keuangan Kepada Desa Sidoharjo ,0,,
5 . 1 . 7 . 03 . 82 ,Belanja Bantuan Keuangan Kepada Desa Gerbosari ,0,,
5 . 1 . 7 . 03 . 83 ,Belanja Bantuan Keuangan Kepada Desa Ngargosari ,0,,
5 . 1 . 7 . 03 . 84 ,Belanja Bantuan Keuangan Kepada Desa Pagerharjo ,0,,
5 . 1 . 7 . 03 . 85 ,Belanja Bantuan Keuangan Kepada Desa Banjararum ,0,,
5 . 1 . 7 . 03 . 86 ,Belanja Bantuan Keuangan Kepada Desa Banjarasri ,0,,
5 . 1 . 7 . 03 . 87 ,Belanja Bantuan Keuangan Kepada Desa Banjarharjo ,0,,
5 . 1 . 7 . 03 . 88 ,Belanja Bantuan Keuangan Kepada Desa Banjaroyo ,0,,
5 . 1 . 7 . 03 . 89 ,Belanja Bantuan Keuangan Kepada Desa ,4856000000,,
5 . 1 . 7 . 05 ,Belanja Bantuan Kepada Partai Politik ,873080000,,
5 . 1 . 7 . 05 . 01 ,Belanja Bantuan Kepada Partai Politik Partai  Gerakan Indonesia Raya ,112046386,,
5 . 1 . 7 . 05 . 02 ,Belanja Bantuan Kepada Partai Politik Partai Keadilan Sejahtera ,75507988,,
5 . 1 . 7 . 05 . 03 ,Belanja Bantuan Kepada Partai Politik Partai Amanat Nasional ,153185244,,
5 . 1 . 7 . 05 . 04 ,Belanja Bantuan Kepada Partai Politik Partai Kebangkitan Bangsa ,95071696,,
5 . 1 . 7 . 05 . 05 ,Belanja Bantuan Kepada Partai Politik Partai Golongan Karya ,100101980,,
5 . 1 . 7 . 05 . 06 ,Belanja Bantuan Kepada Partai Politik Partai Persatuan Pembangunan ,26796840,,
5 . 1 . 7 . 05 . 07 ,Belanja Bantuan Kepada Partai Politik Partai  Demokrasi Indonesia Perjuangan ,187326030,,
5 . 1 . 7 . 05 . 08 ,Belanja Bantuan Kepada Partai Politik Partai Demokrat ,47979104,,
5 . 1 . 7 . 05 . 09 ,Belanja Bantuan Kepada Partai Politik Partai Nasional Demokrasi ,37525650,,
5 . 1 . 7 . 05 . 10 ,Belanja Bantuan Kepada Partai Politik Partai Hati Nurani Rakyat ,37539082,,
5 . 1 . 7 . 07 ,Belanja Bantuan Keuangan kepada Desa (Alokasi Dana Desa) ,68180619601,,
5 . 1 . 7 . 07 . 01 ,Alokasi Dana Desa Jangkaran ,0,,
5 . 1 . 7 . 07 . 02 ,Alokasi Dana Desa Sindutan ,0,,
5 . 1 . 7 . 07 . 03 ,Alokasi Dana Desa Palihan ,0,,
5 . 1 . 7 . 07 . 04 ,Alokasi Dana Desa Glagah ,0,,
5 . 1 . 7 . 07 . 05 ,Alokasi Dana Desa Kalidengen ,0,,
5 . 1 . 7 . 07 . 06 ,Alokasi Dana Desa Plumbon ,0,,
5 . 1 . 7 . 07 . 07 ,Alokasi Dana Desa Kedundang ,0,,
5 . 1 . 7 . 07 . 08 ,Alokasi Dana Desa Demen ,0,,
5 . 1 . 7 . 07 . 09 ,Alokasi Dana Desa Kulur ,0,,
5 . 1 . 7 . 07 . 10 ,Alokasi Dana Desa Kaligintung ,0,,
5 . 1 . 7 . 07 . 11 ,Alokasi Dana Desa Temon Wetan ,0,,
5 . 1 . 7 . 07 . 12 ,Alokasi Dana Desa Temon Kulon ,0,,
5 . 1 . 7 . 07 . 13 ,Alokasi Dana Desa Kebonrejo ,0,,
5 . 1 . 7 . 07 . 14 ,Alokasi Dana Desa Janten ,0,,
5 . 1 . 7 . 07 . 15 ,Alokasi Dana Desa Karangwuluh ,0,,
5 . 1 . 7 . 07 . 16 ,Alokasi Dana Desa Karangwuni ,0,,
5 . 1 . 7 . 07 . 17 ,Alokasi Dana Desa Sogan ,0,,
5 . 1 . 7 . 07 . 18 ,Alokasi Dana Desa Kulwaru ,0,,
5 . 1 . 7 . 07 . 19 ,Alokasi Dana Desa Ngestiharjo ,0,,
5 . 1 . 7 . 07 . 20 ,Alokasi Dana Desa Bendungan ,0,,
5 . 1 . 7 . 07 . 21 ,Alokasi Dana Desa Triharjo ,0,,
5 . 1 . 7 . 07 . 22 ,Alokasi Dana Desa Giripeni ,0,,
5 . 1 . 7 . 07 . 23 ,Alokasi Dana Desa Wates ,0,,
5 . 1 . 7 . 07 . 24 ,Alokasi Dana Desa Garongan ,0,,
5 . 1 . 7 . 07 . 25 ,Alokasi Dana Desa Pleret ,0,,
5 . 1 . 7 . 07 . 26 ,Alokasi Dana Desa Bugel ,0,,
5 . 1 . 7 . 07 . 27 ,Alokasi Dana Desa Kanoman ,0,,
5 . 1 . 7 . 07 . 28 ,Alokasi Dana Desa Depok ,0,,
5 . 1 . 7 . 07 . 29 ,Alokasi Dana Desa Bojong ,0,,
5 . 1 . 7 . 07 . 30 ,Alokasi Dana Desa Tayuban ,0,,
5 . 1 . 7 . 07 . 31 ,Alokasi Dana Desa Gotakan ,0,,
5 . 1 . 7 . 07 . 32 ,Alokasi Dana Desa Panjatan ,0,,
5 . 1 . 7 . 07 . 33 ,Alokasi Dana Desa Cerme ,0,,
5 . 1 . 7 . 07 . 34 ,Alokasi Dana Desa Krembangan ,0,,
5 . 1 . 7 . 07 . 35 ,Alokasi Dana Desa Banaran ,0,,
5 . 1 . 7 . 07 . 36 ,Alokasi Dana Desa Kranggan ,0,,
5 . 1 . 7 . 07 . 37 ,Alokasi Dana Desa Nomporejo ,0,,
5 . 1 . 7 . 07 . 38 ,Alokasi Dana Desa Karangsewu ,0,,
5 . 1 . 7 . 07 . 39 ,Alokasi Dana Desa Tirtorahayu ,0,,
5 . 1 . 7 . 07 . 40 ,Alokasi Dana Desa Pandowan ,0,,
5 . 1 . 7 . 07 . 41 ,Alokasi Dana Desa Brosot ,0,,
5 . 1 . 7 . 07 . 42 ,Alokasi Dana Desa Wahyuharjo ,0,,
5 . 1 . 7 . 07 . 43 ,Alokasi Dana Desa Bumirejo ,0,,
5 . 1 . 7 . 07 . 44 ,Alokasi Dana Desa Jatirejo ,0,,
5 . 1 . 7 . 07 . 45 ,Alokasi Dana Desa Sidorejo ,0,,
5 . 1 . 7 . 07 . 46 ,Alokasi Dana Desa Gulurejo ,0,,
5 . 1 . 7 . 07 . 47 ,Alokasi Dana Desa Ngentakrejo ,0,,
5 . 1 . 7 . 07 . 48 ,Alokasi Dana Desa Demangrejo ,0,,
5 . 1 . 7 . 07 . 49 ,Alokasi Dana Desa Srikayangan ,0,,
5 . 1 . 7 . 07 . 50 ,Alokasi Dana Desa Tuksono ,0,,
5 . 1 . 7 . 07 . 51 ,Alokasi Dana Desa Salamrejo ,0,,
5 . 1 . 7 . 07 . 52 ,Alokasi Dana Desa Sukoreno ,0,,
5 . 1 . 7 . 07 . 53 ,Alokasi Dana Desa Kaliagung ,0,,
5 . 1 . 7 . 07 . 54 ,Alokasi Dana Desa Sentolo ,0,,
5 . 1 . 7 . 07 . 55 ,Alokasi Dana Desa Banguncipto ,0,,
5 . 1 . 7 . 07 . 56 ,Alokasi Dana Desa Tawangsari ,0,,
5 . 1 . 7 . 07 . 57 ,Alokasi Dana Desa Karangsari ,0,,
5 . 1 . 7 . 07 . 58 ,Alokasi Dana Desa Kedungsari ,0,,
5 . 1 . 7 . 07 . 59 ,Alokasi Dana Desa Margosari ,0,,
5 . 1 . 7 . 07 . 60 ,Alokasi Dana Desa Pengasih ,0,,
5 . 1 . 7 . 07 . 61 ,Alokasi Dana Desa Sendangsari ,0,,
5 . 1 . 7 . 07 . 62 ,Alokasi Dana Desa Sidomulyo ,0,,
5 . 1 . 7 . 07 . 63 ,Alokasi Dana Desa Hargomulyo ,0,,
5 . 1 . 7 . 07 . 64 ,Alokasi Dana Desa Hargorejo ,0,,
5 . 1 . 7 . 07 . 65 ,Alokasi Dana Desa Hargowilis ,0,,
5 . 1 . 7 . 07 . 66 ,Alokasi Dana Desa Kalirejo ,0,,
5 . 1 . 7 . 07 . 67 ,Alokasi Dana Desa Hargotirto ,0,,
5 . 1 . 7 . 07 . 68 ,Alokasi Dana Desa Jatimulyo ,0,,
5 . 1 . 7 . 07 . 69 ,Alokasi Dana Desa Giripurwo ,0,,
5 . 1 . 7 . 07 . 70 ,Alokasi Dana Desa Pendoworejo ,0,,
5 . 1 . 7 . 07 . 71 ,Alokasi Dana Desa Purwosari ,0,,
5 . 1 . 7 . 07 . 72 ,Alokasi Dana Desa Banyuroto ,0,,
5 . 1 . 7 . 07 . 73 ,Alokasi Dana Desa Donomulyo ,0,,
5 . 1 . 7 . 07 . 74 ,Alokasi Dana Desa Wijimulyo ,0,,
5 . 1 . 7 . 07 . 75 ,Alokasi Dana Desa Tanjungharjo ,0,,
5 . 1 . 7 . 07 . 76 ,Alokasi Dana Desa Jatisarono ,0,,
5 . 1 . 7 . 07 . 77 ,Alokasi Dana Desa Kembang ,0,,
5 . 1 . 7 . 07 . 78 ,Alokasi Dana Desa Kebonharjo ,0,,
5 . 1 . 7 . 07 . 79 ,Alokasi Dana Desa Banjarsari ,0,,
5 . 1 . 7 . 07 . 80 ,Alokasi Dana Desa Purwoharjo ,0,,
5 . 1 . 7 . 07 . 81 ,Alokasi Dana Desa Sidoharjo ,0,,
5 . 1 . 7 . 07 . 82 ,Alokasi Dana Desa Gerbosari ,0,,
5 . 1 . 7 . 07 . 83 ,Alokasi Dana Desa Ngargosari ,0,,
5 . 1 . 7 . 07 . 84 ,Alokasi Dana Desa Pagerharjo ,0,,
5 . 1 . 7 . 07 . 85 ,Alokasi Dana Desa Banjararum ,0,,
5 . 1 . 7 . 07 . 86 ,Alokasi Dana Desa Banjarasri ,0,,
5 . 1 . 7 . 07 . 87 ,Alokasi Dana Desa Banjarharjo ,0,,
5 . 1 . 7 . 07 . 88 ,Alokasi Dana Desa Banjaroyo ,0,,
5 . 1 . 7 . 07 . 89 ,Alokasi Dana Desa ,68180619601,,
5 . 1 . 7 . 08 ,Belanja Bantuan Keuangan kepada Desa (Dana Desa) ,25008702000,,
5 . 1 . 7 . 08 . 01 ,Dana Desa Jangkaran ,0,,
5 . 1 . 7 . 08 . 02 ,Dana Desa Sindutan ,0,,
5 . 1 . 7 . 08 . 03 ,Dana Desa Palihan ,0,,
5 . 1 . 7 . 08 . 04 ,Dana Desa Glagah ,0,,
5 . 1 . 7 . 08 . 05 ,Dana Desa Kalidengen ,0,,
5 . 1 . 7 . 08 . 06 ,Dana Desa Plumbon ,0,,
5 . 1 . 7 . 08 . 07 ,Dana Desa Kedundang ,0,,
5 . 1 . 7 . 08 . 08 ,Dana Desa Demen ,0,,
5 . 1 . 7 . 08 . 09 ,Dana Desa Kulur ,0,,
5 . 1 . 7 . 08 . 10 ,Dana Desa Kaligintung ,0,,
5 . 1 . 7 . 08 . 11 ,Dana Desa Temon Wetan ,0,,
5 . 1 . 7 . 08 . 12 ,Dana Desa Temon Kulon ,0,,
5 . 1 . 7 . 08 . 13 ,Dana Desa Kebonrejo ,0,,
5 . 1 . 7 . 08 . 14 ,Dana Desa Janten ,0,,
5 . 1 . 7 . 08 . 15 ,Dana Desa Karangwuluh ,0,,
5 . 1 . 7 . 08 . 16 ,Dana Desa Karangwuni ,0,,
5 . 1 . 7 . 08 . 17 ,Dana Desa Sogan ,0,,
5 . 1 . 7 . 08 . 18 ,Dana Desa Kulwaru ,0,,
5 . 1 . 7 . 08 . 19 ,Dana Desa Ngestiharjo ,0,,
5 . 1 . 7 . 08 . 20 ,Dana Desa Bendungan ,0,,
5 . 1 . 7 . 08 . 21 ,Dana Desa Triharjo ,0,,
5 . 1 . 7 . 08 . 22 ,Dana Desa Giripeni ,0,,
5 . 1 . 7 . 08 . 23 ,Dana Desa Wates ,0,,
5 . 1 . 7 . 08 . 24 ,Dana Desa Garongan ,0,,
5 . 1 . 7 . 08 . 25 ,Dana Desa Pleret ,0,,
5 . 1 . 7 . 08 . 26 ,Dana Desa Bugel ,0,,
5 . 1 . 7 . 08 . 27 ,Dana Desa Kanoman ,0,,
5 . 1 . 7 . 08 . 28 ,Dana Desa Depok ,0,,
5 . 1 . 7 . 08 . 29 ,Dana Desa Bojong ,0,,
5 . 1 . 7 . 08 . 30 ,Dana Desa Tayuban ,0,,
5 . 1 . 7 . 08 . 31 ,Dana Desa Gotakan ,0,,
5 . 1 . 7 . 08 . 32 ,Dana Desa Panjatan ,0,,
5 . 1 . 7 . 08 . 33 ,Dana Desa Cerme ,0,,
5 . 1 . 7 . 08 . 34 ,Dana Desa Krembangan ,0,,
5 . 1 . 7 . 08 . 35 ,Dana Desa Banaran ,0,,
5 . 1 . 7 . 08 . 36 ,Dana Desa Kranggan ,0,,
5 . 1 . 7 . 08 . 37 ,Dana Desa Nomporejo ,0,,
5 . 1 . 7 . 08 . 38 ,Dana Desa Karangsewu ,0,,
5 . 1 . 7 . 08 . 39 ,Dana Desa Tirtorahayu ,0,,
5 . 1 . 7 . 08 . 40 ,Dana Desa Pandowan ,0,,
5 . 1 . 7 . 08 . 41 ,Dana Desa Brosot ,0,,
5 . 1 . 7 . 08 . 42 ,Dana Desa Wahyuharjo ,0,,
5 . 1 . 7 . 08 . 43 ,Dana Desa Bumirejo ,0,,
5 . 1 . 7 . 08 . 44 ,Dana Desa Jatirejo ,0,,
5 . 1 . 7 . 08 . 45 ,Dana Desa Sidorejo ,0,,
5 . 1 . 7 . 08 . 46 ,Dana Desa Gulurejo ,0,,
5 . 1 . 7 . 08 . 47 ,Dana Desa Ngentakrejo ,0,,
5 . 1 . 7 . 08 . 48 ,Dana Desa Demangrejo ,0,,
5 . 1 . 7 . 08 . 49 ,Dana Desa Srikayangan ,0,,
5 . 1 . 7 . 08 . 50 ,Dana Desa Tuksono ,0,,
5 . 1 . 7 . 08 . 51 ,Dana Desa Salamrejo ,0,,
5 . 1 . 7 . 08 . 52 ,Dana Desa Sukoreno ,0,,
5 . 1 . 7 . 08 . 53 ,Dana Desa Kaliagung ,0,,
5 . 1 . 7 . 08 . 54 ,Dana Desa Sentolo ,0,,
5 . 1 . 7 . 08 . 55 ,Dana Desa Banguncipto ,0,,
5 . 1 . 7 . 08 . 56 ,Dana Desa Tawangsari ,0,,
5 . 1 . 7 . 08 . 57 ,Dana Desa Karangsari ,0,,
5 . 1 . 7 . 08 . 58 ,Dana Desa Kedungsari ,0,,
5 . 1 . 7 . 08 . 59 ,Dana Desa Margosari ,0,,
5 . 1 . 7 . 08 . 60 ,Dana Desa Pengasih ,0,,
5 . 1 . 7 . 08 . 61 ,Dana Desa Sendangsari ,0,,
5 . 1 . 7 . 08 . 62 ,Dana Desa Sidomulyo ,0,,
5 . 1 . 7 . 08 . 63 ,Dana Desa Hargomulyo ,0,,
5 . 1 . 7 . 08 . 64 ,Dana Desa Hargorejo ,0,,
5 . 1 . 7 . 08 . 65 ,Dana Desa Hargowilis ,0,,
5 . 1 . 7 . 08 . 66 ,Dana Desa Kalirejo ,0,,
5 . 1 . 7 . 08 . 67 ,Dana Desa Hargotirto ,0,,
5 . 1 . 7 . 08 . 68 ,Dana Desa Jatimulyo ,0,,
5 . 1 . 7 . 08 . 69 ,Dana Desa Giripurwo ,0,,
5 . 1 . 7 . 08 . 70 ,Dana Desa Pendoworejo ,0,,
5 . 1 . 7 . 08 . 71 ,Dana Desa Purwosari ,0,,
5 . 1 . 7 . 08 . 72 ,Dana Desa Banyuroto ,0,,
5 . 1 . 7 . 08 . 73 ,Dana Desa Donomulyo ,0,,
5 . 1 . 7 . 08 . 74 ,Dana Desa Wijimulyo ,0,,
5 . 1 . 7 . 08 . 75 ,Dana Desa Tanjungharjo ,0,,
5 . 1 . 7 . 08 . 76 ,Dana Desa Jatisarono ,0,,
5 . 1 . 7 . 08 . 77 ,Dana Desa Kembang ,0,,
5 . 1 . 7 . 08 . 78 ,Dana Desa Kebonharjo ,0,,
5 . 1 . 7 . 08 . 79 ,Dana Desa Banjarsari ,0,,
5 . 1 . 7 . 08 . 80 ,Dana Desa Purwoharjo ,0,,
5 . 1 . 7 . 08 . 81 ,Dana Desa Sidoharjo ,0,,
5 . 1 . 7 . 08 . 82 ,Dana Desa Gerbosari ,0,,
5 . 1 . 7 . 08 . 83 ,Dana Desa Ngargosari ,0,,
5 . 1 . 7 . 08 . 84 ,Dana Desa Pagerharjo ,0,,
5 . 1 . 7 . 08 . 85 ,Dana Desa Banjararum ,0,,
5 . 1 . 7 . 08 . 86 ,Dana Desa Banjarasri ,0,,
5 . 1 . 7 . 08 . 87 ,Dana Desa Banjarharjo ,0,,
5 . 1 . 7 . 08 . 88 ,Dana Desa Banjaroyo ,0,,
5 . 1 . 7 . 08 . 89 ,Dana Desa ,25008702000,,
5 . 1 . 8 ,Belanja Tidak Terduga ,5428148030.32,,
5 . 1 . 8 . 01 ,Belanja Tak Terduga ,5428148030.32,,
5 . 1 . 8 . 01 . 01 ,Belanja Tidak Terduga ,5428148030.32,,
5 . 2 ,BELANJA LANGSUNG ,456514433384,,
5 . 2 . 1 ,Belanja Pegawai ,49965680112,,
5 . 2 . 1 . 01 ,Honorarium PNS ,9405877850,,
5 . 2 . 1 . 01 . 01 ,Honorarium Panitia Pelaksana Kegiatan ,7271112850,,
5 . 2 . 1 . 01 . 02 ,Honorarium Tim Pengadaan Barang Dan Jasa ,433600000,,
5 . 2 . 1 . 01 . 04 ,Honorarium Bendahara/Pengurus Barang ,1233630000,,
5 . 2 . 1 . 01 . 05 ,Honorarium Penyelenggaraan Kegiatan ,467535000,,
5 . 2 . 1 . 02 ,Honorarium Non PNS ,20880062102,,
5 . 2 . 1 . 02 . 02 ,Honorarium Pegawai Honorer/Tidak Tetap ,5870343000,,
5 . 2 . 1 . 02 . 03 ,Honorarium Harian ,13145733102,,
5 . 2 . 1 . 02 . 04 ,Honorarium Tim ,1863986000,,
5 . 2 . 1 . 03 ,Uang Lembur ,1014719600,,
5 . 2 . 1 . 03 . 01 ,Uang Lembur PNS ,1014719600,,
5 . 2 . 1 . 06 ,Honorarium Pelayanan Kesehatan ,781544700,,
5 . 2 . 1 . 06 . 01 ,Honorarium Pelayanan Kesehatan ,781544700,,
5 . 2 . 1 . 07 ,Belanja Pegawai BLUD ,17883475860,,
5 . 2 . 1 . 07 . 01 ,Belanja Pegawai BLUD ,17883475860,,
5 . 2 . 2 ,Belanja Barang dan Jasa ,185074225087,,
5 . 2 . 2 . 01 ,Belanja Bahan Pakai Habis ,5563559280,,
5 . 2 . 2 . 01 . 01 ,Belanja Alat Tulis Kantor ,3757642115,,
5 . 2 . 2 . 01 . 03 ,"Belanja Alat Listrik Dan Elektronik (Lampu Pijar  Battery Kering) ",668903655,,
5 . 2 . 2 . 01 . 04 ,"Belanja Perangko  Materai Dan Benda Pos Lainnya ",79622000,,
5 . 2 . 2 . 01 . 05 ,Belanja Peralatan Kebersihan Dan Bahan Pembersih ,627482885,,
5 . 2 . 2 . 01 . 06 ,Belanja Bahan Bakar Minyak/Gas ,49243000,,
5 . 2 . 2 . 01 . 07 ,Belanja Pengisian Tabung Pemadam Kebakaran ,1500000,,
5 . 2 . 2 . 01 . 08 ,Belanja Pengisian Tabung Gas ,13400000,,
5 . 2 . 2 . 01 . 09 ,Belanja Peralatan Pendukung Kantor ,21981500,,
5 . 2 . 2 . 01 . 10 ,Belanja Peralatan Pendukung Rumah Tangga ,1500000,,
5 . 2 . 2 . 01 . 11 ,Belanja BBM/Gas dan pelumas Peralatan Bermesin/Bermotor ,150000,,
5 . 2 . 2 . 01 . 12 ,Belanja Peralatan Pendukung Pengobatan ,235267700,,
5 . 2 . 2 . 01 . 13 ,Belanja alat peraga dan praktik sekolah ,55993575,,
5 . 2 . 2 . 01 . 14 ,Belanja Pendukung Perlengkapan Lalu Lintas ,1400000,,
5 . 2 . 2 . 01 . 15 ,Belanja Perawatan Kesehatan ,14442750,,
5 . 2 . 2 . 01 . 16 ,Belanja Penunjang Pemeriksaan Laboratorium Kesehatan ,19929800,,
5 . 2 . 2 . 01 . 17 ,Belanja Pendukung Pengobatan ,2400000,,
5 . 2 . 2 . 01 . 19 ,Belanja Bahan Praktek Sekolah ,4440300,,
5 . 2 . 2 . 01 . 20 ,Belanja Peralatan Penunjang Pemeriksaan ,8260000,,
5 . 2 . 2 . 02 ,Belanja Bahan/Material ,22929810784,,
5 . 2 . 2 . 02 . 01 ,Belanja Bahan Baku Bangunan ,20413145037,,
5 . 2 . 2 . 02 . 02 ,Belanja Bahan/Bibit Tanaman ,138380000,,
5 . 2 . 2 . 02 . 04 ,Belanja Bahan Obat-Obatan ,2106678697,,
5 . 2 . 2 . 02 . 05 ,Belanja Bahan Kimia dan Pupuk ,43240500,,
5 . 2 . 2 . 02 . 06 ,Belanja Bahan Percontohan ,152230850,,
5 . 2 . 2 . 02 . 07 ,Belanja Bibit/Benih Ikan ,882000,,
5 . 2 . 2 . 02 . 08 ,Belanja Bahan Peralatan Diklat/Kursus ,66503700,,
5 . 2 . 2 . 02 . 10 ,Belanja Persediaan Makanan Pokok ,8750000,,
5 . 2 . 2 . 03 ,Belanja Jasa Kantor ,16889775238,,
5 . 2 . 2 . 03 . 01 ,Belanja Telepon ,446782000,,
5 . 2 . 2 . 03 . 02 ,Belanja Air ,175850000,,
5 . 2 . 2 . 03 . 03 ,Belanja Listrik ,4113591588,,
5 . 2 . 2 . 03 . 05 ,Belanja Surat Kabar/Majalah ,127729250,,
5 . 2 . 2 . 03 . 06 ,Belanja Kawat/Faksimili/Internet/Intranet/TV Kabel/TV Satelit ,563340000,,
5 . 2 . 2 . 03 . 07 ,Belanja Paket/Pengiriman ,2210000,,
5 . 2 . 2 . 03 . 08 ,Belanja Sertifikasi ,80000000,,
5 . 2 . 2 . 03 . 13 ,Belanja Dokumentasi ,116004000,,
5 . 2 . 2 . 03 . 14 ,Belanja Dekorasi ,118447500,,
5 . 2 . 2 . 03 . 15 ,Belanja Publikasi ,461125000,,
5 . 2 . 2 . 03 . 16 ,Belanja Pelayanan Kesehatan ,9004542000,,
5 . 2 . 2 . 03 . 20 ,Belanja Rehabilitasi/Visum ,4000000,,
5 . 2 . 2 . 03 . 21 ,Belanja Pengurusan Hak Kekayaan Intelektual ,8000000,,
5 . 2 . 2 . 03 . 23 ,Belanja Jasa Analisa/Pemeriksaan Laboratorium ,100404150,,
5 . 2 . 2 . 03 . 24 ,Belanja Jasa Pemungut Retribusi ,542261250,,
5 . 2 . 2 . 03 . 25 ,Belanja Jasa Penyelesaian Perkara ,85000000,,
5 . 2 . 2 . 03 . 26 ,Belanja Jasa Event Organizer/Atraksi Kesenian ,316725000,,
5 . 2 . 2 . 03 . 27 ,Belanja Jasa Kebersihan Kantor ,244260000,,
5 . 2 . 2 . 03 . 28 ,Belanja Iuran Kerjasama ,61000000,,
5 . 2 . 2 . 03 . 29 ,Belanja Jasa Komunikasi ,9894000,,
5 . 2 . 2 . 03 . 30 ,Belanja Jasa Pengamanan ,9006000,,
5 . 2 . 2 . 03 . 32 ,Belanja Jasa Uji Kesehatan ,63800000,,
5 . 2 . 2 . 03 . 34 ,Belanja Jasa Rias ,1800000,,
5 . 2 . 2 . 03 . 36 ,Belanja Jasa Penyusunan Naskah Akademik ,150000000,,
5 . 2 . 2 . 03 . 37 ,Belanja Retribusi/Pajak ,50510000,,
5 . 2 . 2 . 03 . 38 ,Belanja Jasa Pengolahan Limbah ,33493500,,
5 . 2 . 2 . 04 ,Belanja Premi Asuransi ,42136000,,
5 . 2 . 2 . 04 . 03 ,Belanja Premi Asuransi Jiwa ,42136000,,
5 . 2 . 2 . 05 ,Belanja Perawatan Kendaraan Bermotor ,5559930715,,
5 . 2 . 2 . 05 . 01 ,Belanja Jasa Service ,212978000,,
5 . 2 . 2 . 05 . 02 ,Belanja Penggantian Suku Cadang ,1172834600,,
5 . 2 . 2 . 05 . 03 ,Belanja Bahan Bakar Minyak/Gas Dan Pelumas ,3901102305,,
5 . 2 . 2 . 05 . 04 ,Belanja Jasa KIR ,7660000,,
5 . 2 . 2 . 05 . 05 ,Belanja Pajak Kendaraan Bermotor ,265355810,,
5 . 2 . 2 . 06 ,Belanja Cetak dan Penggandaan ,4585210009,,
5 . 2 . 2 . 06 . 01 ,Belanja Cetak ,1951926875,,
5 . 2 . 2 . 06 . 02 ,Belanja Penggandaan ,2633283134,,
5 . 2 . 2 . 07 ,Belanja Sewa Rumah/Gedung/Gudang/Parkir ,1880582250,,
5 . 2 . 2 . 07 . 01 ,Belanja Sewa Rumah Jabatan/Rumah Dinas ,6000000,,
5 . 2 . 2 . 07 . 02 ,Belanja Sewa Gedung/Kantor/Tempat ,1848382250,,
5 . 2 . 2 . 07 . 03 ,Belanja Sewa Ruang Rapat/Pertemuan ,26200000,,
5 . 2 . 2 . 08 ,Belanja Sewa Sarana Mobilitas ,331460000,,
5 . 2 . 2 . 08 . 01 ,Belanja Sewa Sarana Mobilitas Darat ,291460000,,
5 . 2 . 2 . 08 . 02 ,Belanja Sewa Sarana Mobilitas Air ,40000000,,
5 . 2 . 2 . 09 ,Belanja Sewa Alat Berat ,5000000,,
5 . 2 . 2 . 09 . 02 ,Belanja Sewa Buldoser ,5000000,,
5 . 2 . 2 . 10 ,Belanja Sewa Perlengkapan dan Peralatan Kantor ,988652450,,
5 . 2 . 2 . 10 . 01 ,Belanja Sewa Meja Kursi ,108593750,,
5 . 2 . 2 . 10 . 02 ,Belanja Sewa Komputer Dan Printer ,319200000,,
5 . 2 . 2 . 10 . 04 ,Belanja Sewa Generator ,10000000,,
5 . 2 . 2 . 10 . 05 ,Belanja Sewa Tenda ,214925000,,
5 . 2 . 2 . 10 . 06 ,Belanja Sewa Pakaian Adat/Tradisional ,69770000,,
5 . 2 . 2 . 10 . 07 ,Belanja Sewa Sound System ,166425200,,
5 . 2 . 2 . 10 . 08 ,Belanja Sewa Panggung ,27988500,,
5 . 2 . 2 . 10 . 09 ,Belanja Sewa Perlengkapan dan Peralatan Kantor Lain ,71750000,,
5 . 2 . 2 . 11 ,Belanja Makanan dan  Minuman ,11386473120,,
5 . 2 . 2 . 11 . 01 ,Belanja Makanan Dan Minuman Harian Pegawai ,1142274225,,
5 . 2 . 2 . 11 . 02 ,Belanja Makanan Dan Minuman Rapat ,6003453395,,
5 . 2 . 2 . 11 . 03 ,Belanja Makanan Dan Minuman Tamu ,631126500,,
5 . 2 . 2 . 11 . 04 ,"Belanja makanan dan minuman pelatihan  sosialisasi  penyuluhan ",2551670000,,
5 . 2 . 2 . 11 . 05 ,Belanja Makanan dan minuman pasien ,60000000,,
5 . 2 . 2 . 11 . 06 ,"Belanja Makanan dan Minuman Tambahan bagi Balita  Anak Sekolah dan Lansia ",891577000,,
5 . 2 . 2 . 11 . 07 ,Belanja Makanan dan Minuman Harian Umum ,106372000,,
5 . 2 . 2 . 12 ,Belanja Pakaian Dinas dan Atributnya ,1668200400,,
5 . 2 . 2 . 12 . 01 ,Belanja Pakaian Dinas KDH Dan WKDH ,6000000,,
5 . 2 . 2 . 12 . 02 ,Belanja Pakaian Sipil Harian (PSH) ,214000000,,
5 . 2 . 2 . 12 . 03 ,Belanja Pakaian Sipil Lengkap (PSL) ,7600000,,
5 . 2 . 2 . 12 . 04 ,Belanja Pakaian Dinas Harian (PDH) ,1327900000,,
5 . 2 . 2 . 12 . 06 ,Belanja Pakaian Dinas Sipil Resmi (PSR) ,11200400,,
5 . 2 . 2 . 12 . 07 ,Belanja Kelengkapan Pakaian DInas ,101500000,,
5 . 2 . 2 . 13 ,Belanja Pakaian Kerja ,94887700,,
5 . 2 . 2 . 13 . 01 ,Belanja Pakaian Kerja Lapangan ,62180200,,
5 . 2 . 2 . 13 . 02 ,Belanja Pakaian Kerja Lapangan dan Atributnya ,32707500,,
5 . 2 . 2 . 14 ,Belanja Pakaian khusus dan hari-hari tertentu ,187024000,,
5 . 2 . 2 . 14 . 02 ,Belanja Pakaian Adat Daerah ,6800000,,
5 . 2 . 2 . 14 . 03 ,Belanja Pakaian Batik Tradisional ,26500000,,
5 . 2 . 2 . 14 . 04 ,Belanja Pakaian Olahraga ,82305000,,
5 . 2 . 2 . 14 . 06 ,Belanja Pakaian Paskibra/Tonti ,71419000,,
5 . 2 . 2 . 15 ,Belanja Perjalanan Dinas ,12549440000,,
5 . 2 . 2 . 15 . 01 ,Belanja Perjalanan Dinas Dalam Daerah ,2210382975,,
5 . 2 . 2 . 15 . 02 ,Belanja Perjalanan Dinas Luar Daerah ,10339057025,,
5 . 2 . 2 . 16 ,Belanja Beasiswa Pendidikan PNS ,30000000,,
5 . 2 . 2 . 16 . 03 ,Belanja Beasiswa Tugas Belajar S2 ,30000000,,
5 . 2 . 2 . 17 ,"Belanja kursus  pelatihan  sosialisasi dan bimbingan teknis PNS ",2692299000,,
5 . 2 . 2 . 17 . 01 ,Belanja Kursus-Kursus Singkat/Pelatihan ,1986299000,,
5 . 2 . 2 . 17 . 02 ,Belanja Sosialisasi ,10000000,,
5 . 2 . 2 . 17 . 03 ,Belanja Bimbingan Teknis ,696000000,,
5 . 2 . 2 . 20 ,Belanja Pemeliharaan ,1286843240,,
5 . 2 . 2 . 20 . 04 ,Belanja Pemeliharan Peralatan dan Mesin ,111201000,,
5 . 2 . 2 . 20 . 05 ,Belanja Pemeliharan Gedung dan Bangunan ,324799740,,
5 . 2 . 2 . 20 . 06 ,Belanja Pemeliharan Aset Tetap Lainnya ,8732500,,
5 . 2 . 2 . 20 . 07 ,Belanja Pemeliharaan Perlengkapan Kantor ,181630000,,
5 . 2 . 2 . 20 . 08 ,Belanja Pemeliharaan Peralatan Gedung Kantor ,313290000,,
5 . 2 . 2 . 20 . 09 ,Belanja Pemeliharaan Alat Pengatur Lalu Lintas ,70000000,,
5 . 2 . 2 . 20 . 19 ,Belanja Pemeliharaan Bangunan/Sarana Prasarana RTH ,30000000,,
5 . 2 . 2 . 20 . 21 ,Belanja Pemeliharaan Lampu Penerangan Jalan Umum ,165000000,,
5 . 2 . 2 . 20 . 22 ,Belanja Pemeliharaan Alat Pengujian Kendaraan Bermotor ,43500000,,
5 . 2 . 2 . 20 . 23 ,Belanja Pemeliharaan Alat-Alat Rumah Tangga ,500000,,
5 . 2 . 2 . 20 . 25 ,Belanja Pemeliharaan Alat-Alat Komunikasi ,3190000,,
5 . 2 . 2 . 20 . 26 ,Belanja Pemeliharaan Alat-Alat Laboratorium ,16500000,,
5 . 2 . 2 . 20 . 27 ,Belanja Pemeliharaan Software/Aplikasi ,15000000,,
5 . 2 . 2 . 20 . 28 ,Belanja Pemeliharaan Alat Kesehatan ,3500000,,
5 . 2 . 2 . 21 ,Belanja Jasa Konsultansi ,3111869200,,
5 . 2 . 2 . 21 . 01 ,Belanja Jasa Konsultansi Penelitian ,46500000,,
5 . 2 . 2 . 21 . 02 ,Belanja Jasa Konsultansi Perencanaan ,2801669600,,
5 . 2 . 2 . 21 . 03 ,Belanja Jasa Konsultansi Pengawasan ,240299600,,
5 . 2 . 2 . 21 . 04 ,Belanja Jasa Konsultansi Aplikasi/Software ,23400000,,
5 . 2 . 2 . 23 ,Belanja Barang Untuk Diserahkan kepada Masyarakat/Pihak Ketiga ,24821409800,,
5 . 2 . 2 . 23 . 01 ,Belanja Barang Yang Akan Diserahkan Kepada Masyarakat ,16314894800,,
5 . 2 . 2 . 23 . 02 ,Belanja Barang Yang Akan Diserahkan Kepada Pihak Ketiga ,8506515000,,
5 . 2 . 2 . 26 ,Belanja Sarana Prasarana Lalu Lintas dan Angkutan Jalan ,156184001,,
5 . 2 . 2 . 26 . 01 ,Belanja Perlengkapan Jalan ,156184001,,
5 . 2 . 2 . 27 ,Belanja Tenaga Ahli/Instruktur/Narasumber ,3099957000,,
5 . 2 . 2 . 27 . 01 ,Jasa Tenaga Ahli/Instruktur/Narasumber ,3099957000,,
5 . 2 . 2 . 28 ,Belanja Hadiah atas Prestasi dan Penghargaan ,476859000,,
5 . 2 . 2 . 28 . 01 ,Belanja Hadiah Atas Prestasi ,439359000,,
5 . 2 . 2 . 28 . 02 ,Belanja Hadiah Atas Penghargaan ,37500000,,
5 . 2 . 2 . 29 ,Belanja Jasa Produksi ,4500000,,
5 . 2 . 2 . 29 . 02 ,Dana Pembinaan BUKP Kabupaten Kulon Progo ,4500000,,
5 . 2 . 2 . 32 ,Belanja Barang dan Jasa BLUD ,64732161900,,
5 . 2 . 2 . 32 . 01 ,Belanja Barang dan Jasa BLUD ,64732161900,,
5 . 2 . 3 ,Belanja Modal ,221474528185,,
5 . 2 . 3 . 11 ,Belanja Modal Tanah - Pengadaan Tanah Untuk Bangunan Gedung ,348725200,,
5 . 2 . 3 . 11 . 02 ,Belanja Modal Tanah - Pengadaan Tanah Untuk Bangunan Gedung Perdagangan/Perusahaan ,108456200,,
5 . 2 . 3 . 11 . 04 ,Belanja Modal Tanah - Pengadaan Tanah Untuk Bangunan Tempat Kerja/Jasa ,112944250,,
5 . 2 . 3 . 11 . 05 ,Belanja Modal Tanah - Pengadaan Tanah Kosong ,127324750,,
5 . 2 . 3 . 13 ,Belanja Modal Tanah - Pengadaan Tanah Untuk Bangunan Bukan Gedung ,17060244545,,
5 . 2 . 3 . 13 . 07 ,Belanja Modal Tanah - Pengadaan Tanah Untuk Bangunan Jalan ,14674576300,,
5 . 2 . 3 . 13 . 08 ,Belanja Modal Tanah - Pengadaan Tanah Untuk Bangunan Air ,2385668245,,
5 . 2 . 3 . 16 ,Belanja Modal Peralatan dan Mesin - Pengadaan Alat-alat Bantu ,807516369,,
5 . 2 . 3 . 16 . 03 ,Belanja Modal Peralatan dan Mesin - Pengadaan Compressor ,15000000,,
5 . 2 . 3 . 16 . 04 ,Belanja Modal Peralatan dan Mesin - Pengadaan Electric Generating Set ,773366369,,
5 . 2 . 3 . 16 . 05 ,Belanja Modal Peralatan dan Mesin - Pengadaan Pompa ,19150000,,
5 . 2 . 3 . 17 ,Belanja Modal Peralatan dan Mesin - Pengadaan Alat Angkutan Darat Bermotor ,2679452735,,
5 . 2 . 3 . 17 . 01 ,Belanja Modal Peralatan dan Mesin - Pengadaan Kendaraan Dinas Bermotor Perorangan ,441451975,,
5 . 2 . 3 . 17 . 03 ,Belanja Modal Peralatan dan Mesin - Pengadaan Kendaraan Bermotor Angkutan Barang ,163300250,,
5 . 2 . 3 . 17 . 04 ,Belanja Modal Peralatan dan Mesin - Pengadaan Kendaraan Bermotor Khusus ,544147460,,
5 . 2 . 3 . 17 . 05 ,Belanja Modal Peralatan dan Mesin - Pengadaan Kendaraan Bermotor Beroda Dua ,1382474350,,
5 . 2 . 3 . 17 . 06 ,Belanja Modal Peralatan dan Mesin - Pengadaan Kendaraan Bermotor Beroda Tiga ,148078700,,
5 . 2 . 3 . 18 ,Belanja Modal Peralatan dan Mesin - Pengadaan Alat Angkutan Darat Tak Bermotor ,5500000,,
5 . 2 . 3 . 18 . 01 ,Belanja Modal Peralatan dan Mesin - Pengadaan Kendaraan Bermotor Angkutan Barang ,5500000,,
5 . 2 . 3 . 22 ,Belanja Modal Peralatan dan Mesin - Pengadaan Alat Bengkel Bermesin ,57994950,,
5 . 2 . 3 . 22 . 04 ,Belanja Modal Peralatan dan Mesin - Perkakas Bengkel Service ,57994950,,
5 . 2 . 3 . 24 ,Belanja Modal Peralatan dan Mesin - Pengadaan Alat Ukur ,67980000,,
5 . 2 . 3 . 24 . 01 ,Belanja Modal Peralatan dan Mesin - Pengadaan Alat Ukur Universal ,6680000,,
5 . 2 . 3 . 24 . 09 ,Belanja Modal Peralatan dan Mesin - Pengadaan Alat Ukur Lainnya ,6000000,,
5 . 2 . 3 . 24 . 10 ,Belanja Modal Peralatan dan Mesin - Pengadaan Alat Timbangan/Blora ,55300000,,
5 . 2 . 3 . 25 ,Belanja Modal Peralatan dan Mesin - Pengadaan Alat Pengolahan ,25321500,,
5 . 2 . 3 . 25 . 01 ,Belanja Modal Peralatan dan Mesin - Pengadaan Alat Pengolahan Tanah dan Tanaman ,25321500,,
5 . 2 . 3 . 26 ,Belanja Modal Peralatan dan Mesin - Pengadaan Alat Pemeliharaan Tanaman/Alat Penyimpan ,132735000,,
5 . 2 . 3 . 26 . 01 ,Belanja Modal Peralatan dan Mesin - Pengadaan Alat Pemeliharaan Tanaman ,122735000,,
5 . 2 . 3 . 26 . 03 ,Belanja Modal Peralatan dan Mesin - Pengadaan Alat Penyimpanan ,10000000,,
5 . 2 . 3 . 27 ,Belanja Modal Peralatan dan Mesin - Pengadaan Alat Kantor ,279216725,,
5 . 2 . 3 . 27 . 01 ,Belanja Modal Peralatan dan Mesin - Pengadaan Mesin Ketik ,4340000,,
5 . 2 . 3 . 27 . 02 ,Belanja Modal Peralatan dan Mesin - Pengadaan Mesin Hitung/Jumlah ,474000,,
5 . 2 . 3 . 27 . 04 ,Belanja Modal Peralatan dan Mesin - Pengadaan Alat Penyimpanan Perlengkapan Kantor ,214904725,,
5 . 2 . 3 . 27 . 05 ,Belanja Modal Peralatan dan Mesin - Pengadaan Alat Kantor Lainnya ,59498000,,
5 . 2 . 3 . 28 ,Belanja Modal Peralatan dan Mesin - Pengadaan Alat Rumah Tangga ,2264656125,,
5 . 2 . 3 . 28 . 01 ,Belanja Modal Peralatan dan Mesin - Pengadaan Meubelair ,1629084925,,
5 . 2 . 3 . 28 . 03 ,Belanja Modal Peralatan dan Mesin - Pengadaan Alat Pembersih ,5500000,,
5 . 2 . 3 . 28 . 04 ,Belanja Modal Peralatan dan Mesin - Pengadaan Alat Pendingin ,345844575,,
5 . 2 . 3 . 28 . 06 ,Belanja Modal Peralatan dan Mesin - Pengadaan Alat Rumah Tangga Lainnya (Home Use) ,281226625,,
5 . 2 . 3 . 28 . 07 ,Belanja Modal Peralatan dan Mesin - Pengadaan Alat Pemadam Kebakaran ,3000000,,
5 . 2 . 3 . 29 ,Belanja Modal Peralatan dan Mesin - Pengadaan  Komputer ,2340450625,,
5 . 2 . 3 . 29 . 01 ,Belanja Modal Peralatan dan Mesin - Pengadaan Komputer Unit Jaringan ,436000000,,
5 . 2 . 3 . 29 . 02 ,Belanja Modal Peralatan dan Mesin - Pengadaan Personal Komputer ,1512076925,,
5 . 2 . 3 . 29 . 03 ,Belanja Modal Peralatan dan Mesin - Pengadaan Peralatan Komputer Mainframe ,15600000,,
5 . 2 . 3 . 29 . 04 ,Belanja Modal Peralatan dan Mesin - Pengadaan Peralatan Mini Komputer ,82445000,,
5 . 2 . 3 . 29 . 05 ,Belanja Modal Peralatan dan Mesin - Pengadaan Peralatan Personal Komputer ,167712000,,
5 . 2 . 3 . 29 . 06 ,Belanja Modal Peralatan dan Mesin - Pengadaan Peralatan Jaringan ,126616700,,
5 . 2 . 3 . 30 ,Belanja Modal Peralatan dan Mesin - Pengadaan Meja Dan Kursi Kerja/Rapat Pejabat ,296353700,,
5 . 2 . 3 . 30 . 02 ,Belanja Modal Peralatan dan Mesin - Pengadaan Meja Rapat Pejabat ,77145700,,
5 . 2 . 3 . 30 . 03 ,Belanja Modal Peralatan dan Mesin - Pengadaan Kursi Kerja Pejabat ,32000000,,
5 . 2 . 3 . 30 . 04 ,Belanja Modal Peralatan dan Mesin - Pengadaan Kursi Rapat Pejabat ,175958000,,
5 . 2 . 3 . 30 . 06 ,Belanja Modal Peralatan dan Mesin - Pengadaan Kursi Tamu di Ruangan Pejabat ,11250000,,
5 . 2 . 3 . 31 ,Belanja Modal Peralatan dan Mesin - Pengadaan Alat Studio ,405681480,,
5 . 2 . 3 . 31 . 01 ,Belanja Modal Peralatan dan Mesin - Pengadaan Peralatan Studio Visual ,401181480,,
5 . 2 . 3 . 31 . 02 ,Belanja Modal Peralatan dan Mesin - Pengadaan Peralatan Studio Video dan Film ,4500000,,
5 . 2 . 3 . 32 ,Belanja Modal Peralatan dan Mesin - Pengadaan Alat Komunikasi ,136292550,,
5 . 2 . 3 . 32 . 01 ,Belanja Modal Peralatan dan Mesin - Pengadaan Alat Komunikasi Telephone ,136292550,,
5 . 2 . 3 . 33 ,Belanja Modal Peralatan dan Mesin - Pengadaan Peralatan Pemancar ,137250000,,
5 . 2 . 3 . 33 . 08 ,Belanja Modal Peralatan dan Mesin - Pengadaan Peralatan Antena VHF/FM ,137250000,,
5 . 2 . 3 . 34 ,Belanja Modal Peralatan dan Mesin - Pengadaan Alat Kedokteran ,4967343780,,
5 . 2 . 3 . 34 . 01 ,Belanja Modal Peralatan dan Mesin - Pengadaan Alat Kedokteran Umum ,4967343780,,
5 . 2 . 3 . 35 ,Belanja Modal Peralatan dan Mesin - Pengadaan Alat Kesehatan ,45000000,,
5 . 2 . 3 . 35 . 01 ,Belanja Modal Peralatan dan Mesin - Pengadaan Alat Kesehatan Perawatan ,45000000,,
5 . 2 . 3 . 36 ,Belanja Modal Peralatan dan Mesin - Pengadaan Unit-Unit Laboratorium ,366894500,,
5 . 2 . 3 . 36 . 01 ,Belanja Modal Peralatan dan Mesin - Pengadaan Alat Laboratorium Kimia Air ,9800000,,
5 . 2 . 3 . 36 . 05 ,Belanja Modal Peralatan dan Mesin - Pengadaan Alat laboratorium Buatan/Geologi ,45703000,,
5 . 2 . 3 . 36 . 06 ,Belanja Modal Peralatan dan Mesin - Pengadaan Alat Laboratorium Bahan Bangunan Konstruksi ,89135500,,
5 . 2 . 3 . 36 . 16 ,Belanja Modal Peralatan dan Mesin - Pengadaan Alat Laboratorium Kimia ,188287000,,
5 . 2 . 3 . 36 . 63 ,Belanja Modal Peralatan dan Mesin - Pengadaan Alat Laboratorium Lainnya ,33969000,,
5 . 2 . 3 . 37 ,Belanja Modal Peralatan dan Mesin - Pengadaan Alat Peraga/Praktek Sekolah ,2652528546,,
5 . 2 . 3 . 37 . 13 ,Belanja Modal Peralatan dan Mesin - Pengadaan Bidang Pendidikan/Ketrampilan Lain-lain ,2652528546,,
5 . 2 . 3 . 42 ,Belanja Modal Peralatan dan Mesin - Pengadaan Alat Laboratorium Lingkungan Hidup ,55680000,,
5 . 2 . 3 . 42 . 02 ,Belanja Modal Peralatan dan Mesin - Pengadaan Alat Laboratorium Kualitas Udara ,55680000,,
5 . 2 . 3 . 45 ,Belanja Modal Peralatan dan Mesin - Pengadaan Persenjataan Non Senjata Api ,60812500,,
5 . 2 . 3 . 45 . 01 ,Belanja Modal Peralatan dan Mesin - Pengadaan Alat Keamanan ,60812500,,
5 . 2 . 3 . 49 ,Belanja Modal Gedung dan Bangunan - Pengadaan Bangunan Gedung Tempat Kerja ,40494985050,,
5 . 2 . 3 . 49 . 01 ,Belanja Modal Gedung dan Bangunan - Pengadaan Bangunan Gedung Kantor ,24236821625,,
5 . 2 . 3 . 49 . 02 ,Belanja Modal Gedung dan Bangunan - Pengadaan Bangunan Gudang ,194494500,,
5 . 2 . 3 . 49 . 06 ,Belanja Modal Gedung dan Bangunan - Pengadaan Bangunan Kesehatan ,10000000,,
5 . 2 . 3 . 49 . 10 ,Belanja Modal Gedung dan Bangunan - Pengadaan Bangunan Gedung Tempat Pendidikan ,2678556450,,
5 . 2 . 3 . 49 . 11 ,Belanja Modal Gedung dan Bangunan - Pengadaan Bangunan Gedung Tempat Olah Raga ,1151750000,,
5 . 2 . 3 . 49 . 12 ,Belanja Modal Gedung dan Bangunan - Pengadaan Bangunan Gedung Pertokoan/Koperasi/Pasar,8103557500,,
5 . 2 . 3 . 49 . 14 ,Belanja Modal Gedung dan Bangunan - Pengadaan Bangunan Gedung Garasi/Pool ,30029250,,
5 . 2 . 3 . 49 . 21 ,Belanja Modal Gedung dan Bangunan - Pengadaan Bangunan Gedung Terminal/Pelabuhan/Bandar,706409000,,
5 . 2 . 3 . 49 . 27 ,Belanja Modal Gedung dan Bangunan - Pengadaan Bangunan Gedung Tempat Kerja Lainnya ,3383366725,,
5 . 2 . 3 . 53 ,Belanja Modal Gedung dan Bangunan - Pengadaan Bangunan Tugu Peringatan/Taman ,2439112750,,
5 . 2 . 3 . 53 . 03 ,Belanja Modal Gedung dan Bangunan - Pengadaan Bangunan Taman ,2439112750,,
5 . 2 . 3 . 57 ,Belanja Modal Gedung dan Bangunan - Pengadaan Bangunan Rambu-Rambu ,428818950,,
5 . 2 . 3 . 57 . 02 ,Belanja Modal Gedung dan Bangunan - Pengadaan Bangunan Rambu Tidak Bersuar ,428818950,,
5 . 2 . 3 . 59 ,"Belanja Modal Jalan  Irigasi dan Jaringan - Pengadaan Jalan ",63938367464,,
5 . 2 . 3 . 59 . 03 ,"Belanja Modal Jalan  Irigasi dan Jaringan - Pengadaan Jalan Kabupaten/Kota ",39405446664,,
5 . 2 . 3 . 59 . 04 ,"Belanja Modal Jalan  Irigasi dan Jaringan - Pengadaan Jalan Desa ",24532920800,,
5 . 2 . 3 . 60 ,"Belanja Modal Jalan  Irigasi dan Jaringan - Pengadaan Jembatan ",24267387200,,
5 . 2 . 3 . 60 . 03 ,"Belanja Modal Jalan  Irigasi dan Jaringan - Pengadaan Jembatan Kabupaten/Kota ",23516387200,,
5 . 2 . 3 . 60 . 04 ,"Belanja Modal Jalan  Irigasi dan Jaringan - Pengadaan Jembatan Desa ",751000000,,
5 . 2 . 3 . 61 ,"Belanja Modal Jalan  Irigasi dan Jaringan - Pengadaan Bangunan Air Irigasi ",5314072650,,
5 . 2 . 3 . 61 . 02 ,"Belanja Modal Jalan  Irigasi dan Jaringan - Pengadaan Bangunan Pengambilan Irigasi ",1275165300,,
5 . 2 . 3 . 61 . 03 ,"Belanja Modal Jalan  Irigasi dan Jaringan - Pengadaan Bangunan Pembawa Irigasi ",4038907350,,
5 . 2 . 3 . 64 ,"Belanja Modal Jalan  Irigasi dan Jaringan - Pengadaan Bangunan Pengaman Sungai dan Penanggulangan Be",3018194450,,
5 . 2 . 3 . 64 . 04 ,"Belanja Modal Jalan  Irigasi dan Jaringan - Pengadaan Bangunan Pembuang Pengaman Sungai ",1645197750,,
5 . 2 . 3 . 64 . 05 ,"Belanja Modal Jalan  Irigasi dan Jaringan - Pengadaan Bangunan Pengaman Pengamanan Sungai",1372996700,,
5 . 2 . 3 . 66 ,"Belanja Modal Jalan  Irigasi dan Jaringan - Pengadaan Bangunan Air Bersih/Baku ",2793499105,,
5 . 2 . 3 . 66 . 03 ,"Belanja Modal Jalan  Irigasi dan Jaringan - Pengadaan Bangunan Pembawa Air Bersih ",2743149105,,
5 . 2 . 3 . 66 . 05 ,"Belanja Modal Jalan  Irigasi dan Jaringan - Pengadaan Bangunan Pelengkap Air Bersih/Air Baku ",50350000,,
5 . 2 . 3 . 71 ,"Belanja Modal Jalan  Irigasi dan Jaringan - Pengadaan Instalasi Pengolahan Sampah ",6875000,,
5 . 2 . 3 . 71 . 01 ,"Belanja Modal Jalan  Irigasi dan Jaringan - Pengadaan Instalasi Pengolahan Sampah Organik ",6875000,,
5 . 2 . 3 . 79 ,"Belanja Modal Jalan  Irigasi dan Jaringan - Pengadaan Jaringan Listrik ",2193267150,,
5 . 2 . 3 . 79 . 02 ,"Belanja Modal Jalan  Irigasi dan Jaringan - Pengadaan Jaringan Distribusi ",2193267150,,
5 . 2 . 3 . 82 ,Belanja Modal Aset Tetap Lainnya - Pengadaan Buku ,2634507968,,
5 . 2 . 3 . 82 . 01 ,Belanja Modal Aset Tetap Lainnya - Pengadaan Buku Ilmu Pengetahuan Umum ,2608857968,,
5 . 2 . 3 . 82 . 03 ,Belanja Modal Aset Tetap Lainnya - Pengadaan Buku Keagamaan ,500000,,
5 . 2 . 3 . 82 . 04 ,Belanja Modal Aset Tetap Lainnya - Pengadaan Buku Ilmu Sosial ,9050000,,
5 . 2 . 3 . 82 . 05 ,Belanja Modal Aset Tetap Lainnya - Pengadaan Buku Ilmu Bahasa ,10500000,,
5 . 2 . 3 . 82 . 06 ,Belanja Modal Aset Tetap Lainnya - Pengadaan Buku Matematika & Pengetahuan alam ,5600000,,
5 . 2 . 3 . 85 ,Belanja Modal Aset Tetap Lainnya - Pengadaan Barang Bercorak Kebudayaan ,340926200,,
5 . 2 . 3 . 85 . 03 ,Belanja Modal Aset Tetap Lainnya - Pengadaan Barang Bercorak Kebudayaan Alat Kesenian ,340926200,,
5 . 2 . 3 . 86 ,Belanja Modal Aset Tetap Lainnya - Pengadaan Alat Olah Raga Lainnya ,500000000,,
5 . 2 . 3 . 86 . 01 ,Belanja Modal Aset Tetap Lainnya - Pengadaan Alat Olah Raga  Senam ,27000000,,
5 . 2 . 3 . 86 . 04 ,Belanja Modal Aset Tetap Lainnya - Pengadaan Alat Olah Raga Lainnya ,473000000,,
5 . 2 . 3 . 90 ,Belanja Modal BLUD ,37854533418,,
5 . 2 . 3 . 90 . 01 ,Belanja Modal BLUD ,37854533418,,
5 . 2 . 3 . 91 ,Belanja Modal Software ,56350000,,
5 . 2 . 3 . 91 . 01 ,Belanja Modal Software ,56350000,,
,SURPLUS / (DEFISIT) ,-64469532326.51,,
6,PEMBIAYAAN DAERAH,,,
6 . 1 ,PENERIMAAN PEMBIAYAAN DAERAH ,79722917011.31,,
6 . 1 . 1 ,Sisa Lebih Perhitungan Anggaran Tahun Anggaran Sebelumnya ,79070279011.31,,
6 . 1 . 1 . 01 ,Pelampauan Penerimaan PAD ,12519827012,,
6 . 1 . 1 . 01 . 04 ,Lain-Lain PAD yang Sah ,12519827012,,
6 . 1 . 1 . 03 ,Pelampauan Penerimaan Lain-lain Pendapatan Daerah yang Sah ,7736060449.31,,
6 . 1 . 1 . 03 . 01 ,Pelampauan Penerimaan Lain-lain Pendapatan Daerah yang Sah ,7736060449.31,,
6 . 1 . 1 . 04 ,Sisa Penghematan Belanja atau Akibat Lainnya ,58814391550,,
6 . 1 . 1 . 04 . 01 ,Belanja Pegawai Dari Belanja Tidak Langsung ,38052141847,,
6 . 1 . 1 . 04 . 02 ,Belanja Pegawai Dari Belanja Langsung ,2235719030,,
6 . 1 . 1 . 04 . 03 ,Belanja Barang dan Jasa ,8210511487,,
6 . 1 . 1 . 04 . 04 ,Belanja Modal ,10316019186,,
6 . 1 . 6 ,Penerimaan Piutang Daerah ,652638000,,
6 . 1 . 6 . 05 ,Penerimaan Piutang Daerah Dari Lembaga Keuangan Bukan Bank ,652638000,,
6 . 1 . 6 . 05 . 01 , Dinas Koperasi dan UMKM ,652638000,"Peraturan Daerah Kabupaten Kulon Progo Nomor 7 Tahun 2009 tentang Penyertaan Modal Pemerintah Daerah kepada Koperasi Kredit ""Pinunjul"" Koperasi KUB KUD Se Kulon Progo dan Koperasi Unit Desa ""Sedyo Rahayu""  Lembaran Daerah Kabupaten Kulon Progo Tahun 2009 Nomor 4 Seri E",
6 . 2 ,PENGELUARAN PEMBIAYAAN DAERAH ,15253387284.8,,
6 . 2 . 2 ,Penyertaan Modal (Investasi) Pemerintah Daerah ,15162000000,,
6 . 2 . 2 . 02 ,Badan Usaha Milik Daerah (BUMD) ,15162000000,,
6 . 2 . 2 . 02 . 01 ,Bank Pembangunan Daerah (BPD DIY) ,12862000000,"Peraturan Daerah Kabupaten Kulon Progo Nomor 13 Tahun 2009 Tentang Penyertaan Modal Pemerintah Daerah Kepada Perusahaan Daerah Air Minum Tirta Binangun  Perusahaan Daerah Bank Perkreditan Rakyat Bank Pasar Kulon Progo  Perusahaan Umum Daerah ""Aneka Usaha Kulon Progo""  Dan Bank Pembangunan Daerah Provinsi Daerah Istimewa Yogyakarta Yang Telah Diubah Dengan Peraturan Daerah Kabupaten Kulon Progo Nomor 12 Tahun 2013 tentang Perubahan Atas Peraturan Daerah Kabupaten Kulon Progo Nomor 13 Tahun 2009 Lembaran Daerah Kabupaten Kulon Progo Tahun 2013 Nomor 12",
6 . 2 . 2 . 02 . 03 ,PD Bank Pasar ,1200000000,"Peraturan Daerah Kabupaten Kulon Progo Nomor 13 Tahun 2009 Tentang Penyertaan Modal Pemerintah Daerah Kepada Perusahaan Daerah Air Minum Tirta Binangun  Perusahaan Daerah Bank Perkreditan Rakyat Bank Pasar Kulon Progo  Perusahaan Umum Daerah ""Aneka Usaha Kulon Progo""  Dan Bank Pembangunan Daerah Provinsi Daerah Istimewa Yogyakarta Yang Telah Diubah Dengan Peraturan Daerah Kabupaten Kulon Progo Nomor 12 Tahun 2013 tentang Perubahan Atas Peraturan Daerah Kabupaten Kulon Progo Nomor 13 Tahun 2009 Lembaran Daerah Kabupaten Kulon Progo Tahun 2013 Nomor 12",
6 . 2 . 2 . 02 . 04 ,PDAM ,1100000000,"Peraturan Daerah Kabupaten Kulon Progo Nomor 13 Tahun 2009 Tentang Penyertaan Modal Pemerintah Daerah Kepada Perusahaan Daerah Air Minum Tirta Binangun  Perusahaan Daerah Bank Perkreditan Rakyat Bank Pasar Kulon Progo  Perusahaan Umum Daerah ""Aneka Usaha Kulon Progo""  Dan Bank Pembangunan Daerah Provinsi Daerah Istimewa Yogyakarta Yang Telah Diubah Dengan Peraturan Daerah Kabupaten Kulon Progo Nomor 12 Tahun 2013 tentang Perubahan Atas Peraturan Daerah Kabupaten Kulon Progo Nomor 13 Tahun 2009 Lembaran Daerah Kabupaten Kulon Progo Tahun 2013 Nomor 12",
6 . 2 . 3 ,Pembayaran Pokok Utang ,91387284.8,,
6 . 2 . 3 . 03 ,Pembayaran Pokok Utang yang Jatuh Tempo Kepada Lembaga Keuangan Bank ,91387284.8,,
6 . 2 . 3 . 03 . 01 ,Bank Asian Development Bank (ADB) ,91387284.8,Perjanjian Penerusan Pinjaman Antara Republik Indonesia dan Pemerintah Kabupaten Tingkat II Kulon Progo DI Yogyakarta Nomor SLA-845/DP3/1996 tanggal 19 Januari 1996 Dalam Rangka Pembiayaan Central Java and Daerah Istimewa Yogyakarta Urban Development (Sector) Project (Asian Development Bank Loand Agreement Nomor 198-INO tanggal 10 Pebruari 1993),
,PEMBIAYAAN NETTO ,64469529726.51,,
,SISA LEBIH PEMBIAYAAN ANGGARAN TAHUN BERKENAAN ,-2600,,
,,,"BUPATI KULON PROGO, "
,,,HASTO WARDOYO,
