Judul,"Rincian Anggaran Pendapatan dan Belanja Daerah Menurut Urusan Pemerintahan Daerah, Organisasi, Pendapatan, Belanja Dan Pembiayaan",,
Daerah,Kabupaten Kulon Progo,,
Tahun,2016,,
Kode Organisasi,1.22.01,,
Nama Organisasi,Badan Pemberdayaan Masyarakat Pemerintahan Desa Perempuan dan Keluarga Berencana,,
Kolom,4,,
No. Rekening,Uraian,Jumlah,Keterangan
1.22 . 1.22.01 . 00 . 00 . 5,BELANJA,11445277507.00,
1.22 . 1.22.01 . 00 . 00 . 5 . 1,BELANJA TIDAK LANGSUNG,6190235137.00,
1.22 . 1.22.01 . 00 . 00 . 5 . 1 . 1,Belanja Pegawai,6190235137.00,
1.22 . 1.22.01 . 01 . 26 . 5 . 2,BELANJA LANGSUNG,5255042370.00,
1.22 . 1.22.01 . 01,Program Pelayanan Administrasi Perkantoran,125568700.00,
1.22 . 1.22.01 . 01 . 26,Penyediaan Jasa dan Peralatan Perkantoran,34097400.00,
1.22 . 1.22.01 . 01 . 26 . 5 . 2 . 2,Belanja Barang dan Jasa,34097400.00,
1.22 . 1.22.01 . 01 . 27,Penyediaan Jasa  keuangan,26623300.00,
1.22 . 1.22.01 . 01 . 27 . 5 . 2 . 1,Belanja Pegawai,26400000.00,
1.22 . 1.22.01 . 01 . 27 . 5 . 2 . 2,Belanja Barang dan Jasa,223300.00,
1.22 . 1.22.01 . 01 . 28,"Penyediaan Rapat-Rapat,  Konsultasi dan Koordinasi",64848000.00,
1.22 . 1.22.01 . 01 . 28 . 5 . 2 . 2,Belanja Barang dan Jasa,64848000.00,
1.22 . 1.22.01 . 11,Program Peningkatan Sarana dan Prasarana Perkantoran,485275700.00,
1.22 . 1.22.01 . 11 . 01,Pengadaan Sarana dan Prasarana Perkantoran,35545000.00,
1.22 . 1.22.01 . 11 . 01 . 5 . 2 . 1,Belanja Pegawai,675000.00,
1.22 . 1.22.01 . 11 . 01 . 5 . 2 . 3,Belanja Modal,34870000.00,
1.22 . 1.22.01 . 11 . 02,Pemeliharaan Sarana dan Prasarana Perkantoran,449730700.00,
1.22 . 1.22.01 . 11 . 02 . 5 . 2 . 2,Belanja Barang dan Jasa,449730700.00,
1.22 . 1.22.01 . 12,"Program Perencanaan, Pengendalian dan Evaluasi Kinerja",22348900.00,
1.22 . 1.22.01 . 12 . 01,Penyusunan Perencanaan Kinerja SKPD,4000000.00,
1.22 . 1.22.01 . 12 . 01 . 5 . 2 . 1,Belanja Pegawai,680000.00,
1.22 . 1.22.01 . 12 . 01 . 5 . 2 . 2,Belanja Barang dan Jasa,3320000.00,
1.22 . 1.22.01 . 12 . 02,Penyusunan Laporan Keuangan,8900000.00,
1.22 . 1.22.01 . 12 . 02 . 5 . 2 . 1,Belanja Pegawai,2752000.00,
1.22 . 1.22.01 . 12 . 02 . 5 . 2 . 2,Belanja Barang dan Jasa,6148000.00,
1.22 . 1.22.01 . 12 . 03,"Pengendalian, Evaluasi dan Pelaporan Kinerja",9448900.00,
1.22 . 1.22.01 . 12 . 03 . 5 . 2 . 1,Belanja Pegawai,800000.00,
1.22 . 1.22.01 . 12 . 03 . 5 . 2 . 2,Belanja Barang dan Jasa,8648900.00,
1.22 . 1.22.01 . 13,Program Peningkatan Kapasitas Sumber Daya Manusia SKPD,27809875.00,
1.22 . 1.22.01 . 13 . 01,Penilaian Prestasi Kerja Pegawai Fungsional Lewat Angka Kredit,7809875.00,
1.22 . 1.22.01 . 13 . 01 . 5 . 2 . 1,Belanja Pegawai,3620000.00,
1.22 . 1.22.01 . 13 . 01 . 5 . 2 . 2,Belanja Barang dan Jasa,4189875.00,
1.22 . 1.22.01 . 13 . 03,Pendidikan dan Pelatihan Non Formal,20000000.00,
1.22 . 1.22.01 . 13 . 03 . 5 . 2 . 2,Belanja Barang dan Jasa,20000000.00,
1.12 . 1.22.01 . 15,Program Keluarga Berencana,930783525.00,
1.12 . 1.22.01 . 15 . 11,Penyediaan sarana dan prasarana program KB,301911000.00,
1.12 . 1.22.01 . 15 . 11 . 5 . 2 . 1,Belanja Pegawai,1055000.00,
1.12 . 1.22.01 . 15 . 11 . 5 . 2 . 2,Belanja Barang dan Jasa,14146000.00,
1.12 . 1.22.01 . 15 . 11 . 5 . 2 . 3,Belanja Modal,286710000.00,
1.12 . 1.22.01 . 15 . 12,Peningkatan Pelayanan KB,51745400.00,
1.12 . 1.22.01 . 15 . 12 . 5 . 2 . 1,Belanja Pegawai,5030000.00,
1.12 . 1.22.01 . 15 . 12 . 5 . 2 . 2,Belanja Barang dan Jasa,46715400.00,
1.12 . 1.22.01 . 15 . 14,Advokasi dan KIE kepesertaan KB dan KRR,565733625.00,
1.12 . 1.22.01 . 15 . 14 . 5 . 2 . 1,Belanja Pegawai,301726000.00,
1.12 . 1.22.01 . 15 . 14 . 5 . 2 . 2,Belanja Barang dan Jasa,264007625.00,
1.12 . 1.22.01 . 15 . 15,Pembinaan Kelompok Masyarakat Peduli KB,11393500.00,
1.12 . 1.22.01 . 15 . 15 . 5 . 2 . 1,Belanja Pegawai,2555000.00,
1.12 . 1.22.01 . 15 . 15 . 5 . 2 . 2,Belanja Barang dan Jasa,8838500.00,
1.11 . 1.22.01 . 18,Program Peningkatan Peran Serta dan Kesetaraan Gender Dalam Pembangunan,286179200.00,
1.11 . 1.22.01 . 18 . 07,Pemberdayaan lembaga berbasis gender,191504400.00,
1.11 . 1.22.01 . 18 . 07 . 5 . 2 . 1,Belanja Pegawai,20250000.00,
1.11 . 1.22.01 . 18 . 07 . 5 . 2 . 2,Belanja Barang dan Jasa,171254400.00,
1.11 . 1.22.01 . 18 . 10,Peningkatan implementasi PPRG dan ARG,22935000.00,
1.11 . 1.22.01 . 18 . 10 . 5 . 2 . 1,Belanja Pegawai,840000.00,
1.11 . 1.22.01 . 18 . 10 . 5 . 2 . 2,Belanja Barang dan Jasa,22095000.00,
1.11 . 1.22.01 . 18 . 11,Pemutakhiran data pilah gender dan anak,31739875.00,
1.11 . 1.22.01 . 18 . 11 . 5 . 2 . 1,Belanja Pegawai,16560000.00,
1.11 . 1.22.01 . 18 . 11 . 5 . 2 . 2,Belanja Barang dan Jasa,15179875.00,
1.11 . 1.22.01 . 18 . 13,Pembinaan Gerakan Sayang Ibu (GSI),39999925.00,
1.11 . 1.22.01 . 18 . 13 . 5 . 2 . 1,Belanja Pegawai,11540000.00,
1.11 . 1.22.01 . 18 . 13 . 5 . 2 . 2,Belanja Barang dan Jasa,28459925.00,
1.11 . 1.22.01 . 20,Program Peningkatan Kualitas Hidup dan Perlindungan Perempuan dan Anak,701379400.00,
1.11 . 1.22.01 . 20 . 06,Pendampingan dan perlindungan perempuan dan anak,130359500.00,
1.11 . 1.22.01 . 20 . 06 . 5 . 2 . 1,Belanja Pegawai,45080000.00,
1.11 . 1.22.01 . 20 . 06 . 5 . 2 . 2,Belanja Barang dan Jasa,85279500.00,
1.11 . 1.22.01 . 20 . 07,Peningkatan kualitas hidup anak,545849900.00,
1.11 . 1.22.01 . 20 . 07 . 5 . 2 . 1,Belanja Pegawai,31310000.00,
1.11 . 1.22.01 . 20 . 07 . 5 . 2 . 2,Belanja Barang dan Jasa,514539900.00,
1.11 . 1.22.01 . 20 . 08,Peningkatan peranan wanita,25170000.00,
1.11 . 1.22.01 . 20 . 08 . 5 . 2 . 2,Belanja Barang dan Jasa,25170000.00,
1.22 . 1.22.01 . 21,Program Pengembangan Kapasitas Otonomi Desa,1789868325.00,
1.22 . 1.22.01 . 21 . 04,Pendampingan Pemilihan Kepala Desa dan Pengisian Perangkat Desa,26999850.00,
1.22 . 1.22.01 . 21 . 04 . 5 . 2 . 1,Belanja Pegawai,6720000.00,
1.22 . 1.22.01 . 21 . 04 . 5 . 2 . 2,Belanja Barang dan Jasa,20279850.00,
1.22 . 1.22.01 . 21 . 07,Pembinaan pengelolaan keuangan desa,66553700.00,
1.22 . 1.22.01 . 21 . 07 . 5 . 2 . 1,Belanja Pegawai,33620000.00,
1.22 . 1.22.01 . 21 . 07 . 5 . 2 . 2,Belanja Barang dan Jasa,32933700.00,
1.22 . 1.22.01 . 21 . 08,Pembinaan pengelolaan asset  desa,44229800.00,
1.22 . 1.22.01 . 21 . 08 . 5 . 2 . 1,Belanja Pegawai,25720000.00,
1.22 . 1.22.01 . 21 . 08 . 5 . 2 . 2,Belanja Barang dan Jasa,18509800.00,
1.22 . 1.22.01 . 21 . 09,Pembinaan tata pemerintahan desa,179226800.00,
1.22 . 1.22.01 . 21 . 09 . 5 . 2 . 1,Belanja Pegawai,96200000.00,
1.22 . 1.22.01 . 21 . 09 . 5 . 2 . 2,Belanja Barang dan Jasa,53026800.00,
1.22 . 1.22.01 . 21 . 09 . 5 . 2 . 3,Belanja Modal,30000000.00,
1.22 . 1.22.01 . 21 . 11,Penyusunan dan sosialisasi produk hukum tentang desa,90328275.00,
1.22 . 1.22.01 . 21 . 11 . 5 . 2 . 1,Belanja Pegawai,29020000.00,
1.22 . 1.22.01 . 21 . 11 . 5 . 2 . 2,Belanja Barang dan Jasa,61308275.00,
1.22 . 1.22.01 . 21 . 15,Penggunaan tanah untuk kepentingan umum,1355529900.00,
1.22 . 1.22.01 . 21 . 15 . 5 . 2 . 1,Belanja Pegawai,4815000.00,
1.22 . 1.22.01 . 21 . 15 . 5 . 2 . 2,Belanja Barang dan Jasa,1350714900.00,
1.22 . 1.22.01 . 21 . 19,Pembinaan peningkatan pendapatan desa,27000000.00,
1.22 . 1.22.01 . 21 . 19 . 5 . 2 . 1,Belanja Pegawai,2112000.00,
1.22 . 1.22.01 . 21 . 19 . 5 . 2 . 2,Belanja Barang dan Jasa,24888000.00,
1.12 . 1.22.01 . 25,Program Keluarga Sejahtera,184752845.00,
1.12 . 1.22.01 . 25 . 02,Pendataan Keluarga Sejahtera,21788850.00,
1.12 . 1.22.01 . 25 . 02 . 5 . 2 . 1,Belanja Pegawai,7150000.00,
1.12 . 1.22.01 . 25 . 02 . 5 . 2 . 2,Belanja Barang dan Jasa,14638850.00,
1.12 . 1.22.01 . 25 . 03,Pembinaan Kelompok UPPKS,44042695.00,
1.12 . 1.22.01 . 25 . 03 . 5 . 2 . 1,Belanja Pegawai,8434000.00,
1.12 . 1.22.01 . 25 . 03 . 5 . 2 . 2,Belanja Barang dan Jasa,35608695.00,
1.12 . 1.22.01 . 25 . 12,Pembinaan Kelompok Bina Keluarga Sejahtera (BKS),87281300.00,
1.12 . 1.22.01 . 25 . 12 . 5 . 2 . 1,Belanja Pegawai,17550000.00,
1.12 . 1.22.01 . 25 . 12 . 5 . 2 . 2,Belanja Barang dan Jasa,69731300.00,
1.12 . 1.22.01 . 25 . 13,Peningkatan pemberdayaan ekonomi keluarga,31640000.00,
1.12 . 1.22.01 . 25 . 13 . 5 . 2 . 1,Belanja Pegawai,8548000.00,
1.12 . 1.22.01 . 25 . 13 . 5 . 2 . 2,Belanja Barang dan Jasa,23092000.00,
1.22 . 1.22.01 . 26,Program Peningkatan Partisipasi Masyarakat,380915800.00,
1.22 . 1.22.01 . 26 . 01,Penyelenggaraan Bulan Bhakti Gotong Royong Masyarakat,55742900.00,
1.22 . 1.22.01 . 26 . 01 . 5 . 2 . 2,Belanja Barang dan Jasa,55742900.00,
1.22 . 1.22.01 . 26 . 05,Pelaksanaan TNI Manunggal Membangun Desa (TMMD),113455500.00,
1.22 . 1.22.01 . 26 . 05 . 5 . 2 . 1,Belanja Pegawai,11930000.00,
1.22 . 1.22.01 . 26 . 05 . 5 . 2 . 2,Belanja Barang dan Jasa,101525500.00,
1.22 . 1.22.01 . 26 . 06,Peningkatan peran serta masyarakat dalam pengembangan Teknologi Tepat Guna (TTG ),44132400.00,
1.22 . 1.22.01 . 26 . 06 . 5 . 2 . 2,Belanja Barang dan Jasa,44132400.00,
1.22 . 1.22.01 . 26 . 08,Pembinaan Peningkatan Pemberdayaan Masyarakat,167585000.00,
1.22 . 1.22.01 . 26 . 08 . 5 . 2 . 1,Belanja Pegawai,137800000.00,
1.22 . 1.22.01 . 26 . 08 . 5 . 2 . 2,Belanja Barang dan Jasa,29785000.00,
1.22 . 1.22.01 . 27,Program Penguatan Kelembagaan Masyarakat,320160100.00,
1.22 . 1.22.01 . 27 . 01,Pembinaan dan Pengembangan Pasar Desa,20177500.00,
1.22 . 1.22.01 . 27 . 01 . 5 . 2 . 1,Belanja Pegawai,2340000.00,
1.22 . 1.22.01 . 27 . 01 . 5 . 2 . 2,Belanja Barang dan Jasa,17837500.00,
1.22 . 1.22.01 . 27 . 02,Penyusunan data dan evaluasi pembangunan desa,95851300.00,
1.22 . 1.22.01 . 27 . 02 . 5 . 2 . 1,Belanja Pegawai,23940000.00,
1.22 . 1.22.01 . 27 . 02 . 5 . 2 . 2,Belanja Barang dan Jasa,71911300.00,
1.22 . 1.22.01 . 27 . 03,Pemberdayaan Lembaga dan Organisasi Masyarakat Pedesaan,148015000.00,
1.22 . 1.22.01 . 27 . 03 . 5 . 2 . 1,Belanja Pegawai,47760000.00,
1.22 . 1.22.01 . 27 . 03 . 5 . 2 . 2,Belanja Barang dan Jasa,100255000.00,
1.22 . 1.22.01 . 27 . 06,Pembinaan Penyusunan Perencanaan Pembangunan Desa,56116300.00,
1.22 . 1.22.01 . 27 . 06 . 5 . 2 . 1,Belanja Pegawai,17850000.00,
1.22 . 1.22.01 . 27 . 06 . 5 . 2 . 2,Belanja Barang dan Jasa,38266300.00,
,SURPLUS / (DEFISIT),-11445277507.00,
