Judul,Penjabaran APBD,,
Daerah,Kabupaten Kulon Progo,,
Tahun,2015,,
Kode Organisasi,1.10.01,,
Nama Organisasi,Dinas Kependudukan dan Catatan Sipil,,
Kolom,4,,
,,,
No. Rekening,Uraian,Jumlah,Keterangan
1.10 . 1.10.01 . 00 . 00 . 5 ,BELANJA ,3910514527,
1.10 . 1.10.01 . 00 . 00 . 5 . 1 ,BELANJA TIDAK LANGSUNG ,2919852327,
1.10 . 1.10.01 . 00 . 00 ,Non Kegiatan ,2919852327,Sumber Dana : 
1.10 . 1.10.01 . 00 . 00 . 5 . 1 . 1 ,Belanja Pegawai ,2919852327,
1.10 . 1.10.01 . 00 . 00 . 5 . 1 . 1 . 01 ,Belanja Gaji dan Tunjangan ,2919852327,
1.10 . 1.10.01 . 00 . 00 . 5 . 1 . 1 . 01 . 01 ,Gaji Pokok PNS/Uang Representasi ,2297854933,
1.10 . 1.10.01 . 00 . 00 . 5 . 1 . 1 . 01 . 02 ,Tunjangan Keluarga ,197485911,
1.10 . 1.10.01 . 00 . 00 . 5 . 1 . 1 . 01 . 03 ,Tunjangan Jabatan ,144105000,
1.10 . 1.10.01 . 00 . 00 . 5 . 1 . 1 . 01 . 05 ,Tunjangan Fungsional Umum ,91515250,
1.10 . 1.10.01 . 00 . 00 . 5 . 1 . 1 . 01 . 06 ,Tunjangan Beras ,128327706,
1.10 . 1.10.01 . 00 . 00 . 5 . 1 . 1 . 01 . 07 ,Tunjangan PPh/Tunjangan Khusus ,60522843,
1.10 . 1.10.01 . 00 . 00 . 5 . 1 . 1 . 01 . 08 ,Pembulatan Gaji ,40684,
1.10 . 1.10.01 . 01 . 26 . 5 . 2 ,BELANJA LANGSUNG ,990662200,
1.10 . 1.10.01 . 01 ,Program Pelayanan Administrasi Perkantoran ,155645800,
1.10 . 1.10.01 . 01 . 26 ,Penyediaan Jasa dan Peralatan Perkantoran ,102153400,Sumber Dana : Lokasi Kegiatan : Kabupaten Kulon Progo
1.10 . 1.10.01 . 01 . 26 . 5 . 2 . 1 ,Belanja Pegawai ,45000000,
1.10 . 1.10.01 . 01 . 26 . 5 . 2 . 1 . 02 ,Honorarium Non PNS ,45000000,
1.10 . 1.10.01 . 01 . 26 . 5 . 2 . 1 . 02 . 02 ,Honorarium Pegawai Honorer/Tidak Tetap ,9120000,
1.10 . 1.10.01 . 01 . 26 . 5 . 2 . 1 . 02 . 03 ,Honorarium Harian ,35880000,
1.10 . 1.10.01 . 01 . 26 . 5 . 2 . 2 ,Belanja Barang dan Jasa ,57153400,
1.10 . 1.10.01 . 01 . 26 . 5 . 2 . 2 . 01 ,Belanja Bahan Pakai Habis ,26599000,
1.10 . 1.10.01 . 01 . 26 . 5 . 2 . 2 . 01 . 01 ,Belanja Alat Tulis Kantor ,14359000,
"1.10 . 1.10.01 . 01 . 26 . 5 . 2 . 2 . 01 . 04 ,""Belanja Perangko Materai Dan Benda Pos Lainnya "",12240000,"
1.10 . 1.10.01 . 01 . 26 . 5 . 2 . 2 . 03 ,Belanja Jasa Kantor ,1540000,
1.10 . 1.10.01 . 01 . 26 . 5 . 2 . 2 . 03 . 05 ,Belanja Surat Kabar/Majalah ,1540000,
1.10 . 1.10.01 . 01 . 26 . 5 . 2 . 2 . 06 ,Belanja Cetak dan Penggandaan ,29014400,
1.10 . 1.10.01 . 01 . 26 . 5 . 2 . 2 . 06 . 01 ,Belanja Cetak ,25019000,
1.10 . 1.10.01 . 01 . 26 . 5 . 2 . 2 . 06 . 02 ,Belanja Penggandaan ,3995400,
1.10 . 1.10.01 . 01 . 27 ,Penyediaan Jasa  keuangan ,24180000,Sumber Dana : Lokasi Kegiatan : Kabupaten Kulon Progo
1.10 . 1.10.01 . 01 . 27 . 5 . 2 . 1 ,Belanja Pegawai ,24180000,
1.10 . 1.10.01 . 01 . 27 . 5 . 2 . 1 . 01 ,Honorarium PNS ,24180000,
1.10 . 1.10.01 . 01 . 27 . 5 . 2 . 1 . 01 . 04 ,Honorarium Bendahara/Pengurus Barang ,24180000,
"1.10 . 1.10.01 . 01 . 28 ,""Penyediaan Rapat-Rapat  Konsultasi dan Koordinasi "",29312400,Sumber Dana : Lokasi Kegiatan : Kabupaten Kulon Progo"
1.10 . 1.10.01 . 01 . 28 . 5 . 2 . 2 ,Belanja Barang dan Jasa ,29312400,
1.10 . 1.10.01 . 01 . 28 . 5 . 2 . 2 . 11 ,Belanja Makanan dan  Minuman ,7925000,
1.10 . 1.10.01 . 01 . 28 . 5 . 2 . 2 . 11 . 02 ,Belanja Makanan Dan Minuman Rapat ,7925000,
1.10 . 1.10.01 . 01 . 28 . 5 . 2 . 2 . 15 ,Belanja Perjalanan Dinas ,21387400,
1.10 . 1.10.01 . 01 . 28 . 5 . 2 . 2 . 15 . 01 ,Belanja Perjalanan Dinas Dalam Daerah ,3710000,
1.10 . 1.10.01 . 01 . 28 . 5 . 2 . 2 . 15 . 02 ,Belanja Perjalanan Dinas Luar Daerah ,17677400,
1.10 . 1.10.01 . 11 ,Program Peningkatan Sarana dan Prasarana Perkantoran ,187605000,
1.10 . 1.10.01 . 11 . 01 ,Pengadaan Sarana dan Prasarana Perkantoran ,62725000,Sumber Dana : Lokasi Kegiatan : Kabupaten Kulon Progo
1.10 . 1.10.01 . 11 . 01 . 5 . 2 . 3 ,Belanja Modal ,62725000,
1.10 . 1.10.01 . 11 . 01 . 5 . 2 . 3 . 17 ,Belanja Modal Peralatan dan Mesin - Pengadaan Alat Angkutan Darat Bermotor,32675000,
"1.10 . 1.10.01 . 11 . 01 . 5 . 2 . 3 . 17 . 05 ,Belanja Modal Peralatan dan Mesin - Pengadaan Kendaraan Bermotor Beroda Dua,32675000,Belanja Modal Kendaraan Dinas Roda 2Kendaraan dinas roda 2 (2 unit)""1 paket x 32.000.00000 = 32.000.00000""Tim Pengadaan Honorarium Pejabat Pembuat Komitmen""1 OB x 250.00000 = 250.00000""Honorarium Pejabat Pengadaan""1 OB x 250.00000 = 250.00000""Honorarium Pejabat Penerima""1 OB x 175.00000 = 175.00000"""
1.10 . 1.10.01 . 11 . 01 . 5 . 2 . 3 . 28 ,Belanja Modal Peralatan dan Mesin - Pengadaan Alat Rumah Tangga ,18100000,
"1.10 . 1.10.01 . 11 . 01 . 5 . 2 . 3 . 28 . 01 ,Belanja Modal Peralatan dan Mesin - Pengadaan Meubelair ,5550000,Belanja Modal MebelairLemari Knockdown""1 unit x 750.00000 = 750.00000"" Kursi tunggu""3 unit x 1.600.00000 = 4.800.00000"""
"1.10 . 1.10.01 . 11 . 01 . 5 . 2 . 3 . 28 . 06 ,Belanja Modal Peralatan dan Mesin - Pengadaan Alat Rumah Tangga Lainnya (Home Use),12550000,TelevisiTelevisi ruang pelayanan""1 unit x 3.950.00000 = 3.950.00000""Wireless TOA""1 unit x 8.600.00000 = 8.600.00000"""
1.10 . 1.10.01 . 11 . 01 . 5 . 2 . 3 . 29 ,Belanja Modal Peralatan dan Mesin - Pengadaan  Komputer ,11950000,
"1.10 . 1.10.01 . 11 . 01 . 5 . 2 . 3 . 29 . 02 ,Belanja Modal Peralatan dan Mesin - Pengadaan Personal Komputer ,7225000,Belanja notebookNotebook untuk e-plan""1 unit x 7.225.00000 = 7.225.00000"""
"1.10 . 1.10.01 . 11 . 01 . 5 . 2 . 3 . 29 . 05 ,Belanja Modal Peralatan dan Mesin - Pengadaan Peralatan Personal Komputer,4725000,Peralatan Personal KomputerHarddisk eksternal""1 unit x 750.00000 = 750.00000""Printer dot matrik""1 unit x 2.475.00000 = 2.475.00000""Printer laser jet""1 unit x 1.500.00000 = 1.500.00000"""
1.10 . 1.10.01 . 11 . 02 ,Pemeliharaan Sarana dan Prasarana Perkantoran ,124880000,Sumber Dana : Lokasi Kegiatan : Kabupaten Kulon Progo
1.10 . 1.10.01 . 11 . 02 . 5 . 2 . 1 ,Belanja Pegawai ,1837000,
1.10 . 1.10.01 . 11 . 02 . 5 . 2 . 1 . 02 ,Honorarium Non PNS ,1837000,
1.10 . 1.10.01 . 11 . 02 . 5 . 2 . 1 . 02 . 03 ,Honorarium Harian ,1837000,
1.10 . 1.10.01 . 11 . 02 . 5 . 2 . 2 ,Belanja Barang dan Jasa ,123043000,
1.10 . 1.10.01 . 11 . 02 . 5 . 2 . 2 . 01 ,Belanja Bahan Pakai Habis ,2420000,
"1.10 . 1.10.01 . 11 . 02 . 5 . 2 . 2 . 01 . 03 ,""Belanja Alat Listrik Dan Elektronik (Lampu Pijar Battery Kering) "",1340000,"
1.10 . 1.10.01 . 11 . 02 . 5 . 2 . 2 . 01 . 05 ,Belanja Peralatan Kebersihan Dan Bahan Pembersih ,1080000,
1.10 . 1.10.01 . 11 . 02 . 5 . 2 . 2 . 02 ,Belanja Bahan/Material ,5994000,
1.10 . 1.10.01 . 11 . 02 . 5 . 2 . 2 . 02 . 01 ,Belanja Bahan Baku Bangunan ,5994000,
1.10 . 1.10.01 . 11 . 02 . 5 . 2 . 2 . 03 ,Belanja Jasa Kantor ,52260000,
1.10 . 1.10.01 . 11 . 02 . 5 . 2 . 2 . 03 . 01 ,Belanja Telepon ,8640000,
1.10 . 1.10.01 . 11 . 02 . 5 . 2 . 2 . 03 . 02 ,Belanja Air ,3000000,
1.10 . 1.10.01 . 11 . 02 . 5 . 2 . 2 . 03 . 03 ,Belanja Listrik ,40200000,
1.10 . 1.10.01 . 11 . 02 . 5 . 2 . 2 . 03 . 27 ,Belanja Jasa Kebersihan Kantor ,420000,
1.10 . 1.10.01 . 11 . 02 . 5 . 2 . 2 . 05 ,Belanja Perawatan Kendaraan Bermotor ,60279000,
1.10 . 1.10.01 . 11 . 02 . 5 . 2 . 2 . 05 . 01 ,Belanja Jasa Service ,725000,
1.10 . 1.10.01 . 11 . 02 . 5 . 2 . 2 . 05 . 02 ,Belanja Penggantian Suku Cadang ,8915000,
1.10 . 1.10.01 . 11 . 02 . 5 . 2 . 2 . 05 . 03 ,Belanja Bahan Bakar Minyak/Gas Dan Pelumas ,46139000,
1.10 . 1.10.01 . 11 . 02 . 5 . 2 . 2 . 05 . 05 ,Belanja Pajak Kendaraan Bermotor ,4500000,
1.10 . 1.10.01 . 11 . 02 . 5 . 2 . 2 . 20 ,Belanja Pemeliharaan ,2090000,
1.10 . 1.10.01 . 11 . 02 . 5 . 2 . 2 . 20 . 07 ,Belanja Pemeliharaan Perlengkapan Kantor ,600000,
1.10 . 1.10.01 . 11 . 02 . 5 . 2 . 2 . 20 . 08 ,Belanja Pemeliharaan Peralatan Gedung Kantor ,1490000,
"1.10 . 1.10.01 . 12 ,""Program Perencanaan Pengendalian dan Evaluasi Kinerja "",19500000,"
1.10 . 1.10.01 . 12 . 01 ,Penyusunan Perencanaan Kinerja SKPD ,4000000,Sumber Dana : Lokasi Kegiatan : Kabupaten Kulon Progo
1.10 . 1.10.01 . 12 . 01 . 5 . 2 . 1 ,Belanja Pegawai ,1134000,
1.10 . 1.10.01 . 12 . 01 . 5 . 2 . 1 . 03 ,Uang Lembur ,1134000,
1.10 . 1.10.01 . 12 . 01 . 5 . 2 . 1 . 03 . 01 ,Uang Lembur PNS ,1134000,
1.10 . 1.10.01 . 12 . 01 . 5 . 2 . 2 ,Belanja Barang dan Jasa ,2866000,
1.10 . 1.10.01 . 12 . 01 . 5 . 2 . 2 . 01 ,Belanja Bahan Pakai Habis ,474900,
1.10 . 1.10.01 . 12 . 01 . 5 . 2 . 2 . 01 . 01 ,Belanja Alat Tulis Kantor ,474900,
1.10 . 1.10.01 . 12 . 01 . 5 . 2 . 2 . 06 ,Belanja Cetak dan Penggandaan ,381100,
1.10 . 1.10.01 . 12 . 01 . 5 . 2 . 2 . 06 . 02 ,Belanja Penggandaan ,381100,
1.10 . 1.10.01 . 12 . 01 . 5 . 2 . 2 . 11 ,Belanja Makanan dan  Minuman ,2010000,
1.10 . 1.10.01 . 12 . 01 . 5 . 2 . 2 . 11 . 01 ,Belanja Makanan Dan Minuman Harian Pegawai ,1260000,
1.10 . 1.10.01 . 12 . 01 . 5 . 2 . 2 . 11 . 02 ,Belanja Makanan Dan Minuman Rapat ,750000,
1.10 . 1.10.01 . 12 . 02 ,Penyusunan Laporan Keuangan ,7500000,Sumber Dana : Lokasi Kegiatan : Kabupaten Kulon Progo
1.10 . 1.10.01 . 12 . 02 . 5 . 2 . 1 ,Belanja Pegawai ,1264000,
1.10 . 1.10.01 . 12 . 02 . 5 . 2 . 1 . 03 ,Uang Lembur ,1264000,
1.10 . 1.10.01 . 12 . 02 . 5 . 2 . 1 . 03 . 01 ,Uang Lembur PNS ,1264000,
1.10 . 1.10.01 . 12 . 02 . 5 . 2 . 2 ,Belanja Barang dan Jasa ,6236000,
1.10 . 1.10.01 . 12 . 02 . 5 . 2 . 2 . 01 ,Belanja Bahan Pakai Habis ,1771000,
1.10 . 1.10.01 . 12 . 02 . 5 . 2 . 2 . 01 . 01 ,Belanja Alat Tulis Kantor ,1771000,
1.10 . 1.10.01 . 12 . 02 . 5 . 2 . 2 . 06 ,Belanja Cetak dan Penggandaan ,2025000,
1.10 . 1.10.01 . 12 . 02 . 5 . 2 . 2 . 06 . 02 ,Belanja Penggandaan ,2025000,
1.10 . 1.10.01 . 12 . 02 . 5 . 2 . 2 . 11 ,Belanja Makanan dan  Minuman ,2440000,
1.10 . 1.10.01 . 12 . 02 . 5 . 2 . 2 . 11 . 01 ,Belanja Makanan Dan Minuman Harian Pegawai ,1440000,
1.10 . 1.10.01 . 12 . 02 . 5 . 2 . 2 . 11 . 02 ,Belanja Makanan Dan Minuman Rapat ,1000000,
"1.10 . 1.10.01 . 12 . 03 ,""Pengendalian Evaluasi dan Pelaporan Kinerja "",8000000,Sumber Dana : Lokasi Kegiatan : Kabupaten Kulon Progo"
1.10 . 1.10.01 . 12 . 03 . 5 . 2 . 1 ,Belanja Pegawai ,2232000,
1.10 . 1.10.01 . 12 . 03 . 5 . 2 . 1 . 03 ,Uang Lembur ,2232000,
1.10 . 1.10.01 . 12 . 03 . 5 . 2 . 1 . 03 . 01 ,Uang Lembur PNS ,2232000,
1.10 . 1.10.01 . 12 . 03 . 5 . 2 . 2 ,Belanja Barang dan Jasa ,5768000,
1.10 . 1.10.01 . 12 . 03 . 5 . 2 . 2 . 01 ,Belanja Bahan Pakai Habis ,582500,
1.10 . 1.10.01 . 12 . 03 . 5 . 2 . 2 . 01 . 01 ,Belanja Alat Tulis Kantor ,582500,
1.10 . 1.10.01 . 12 . 03 . 5 . 2 . 2 . 06 ,Belanja Cetak dan Penggandaan ,487500,
1.10 . 1.10.01 . 12 . 03 . 5 . 2 . 2 . 06 . 02 ,Belanja Penggandaan ,487500,
1.10 . 1.10.01 . 12 . 03 . 5 . 2 . 2 . 11 ,Belanja Makanan dan  Minuman ,4698000,
1.10 . 1.10.01 . 12 . 03 . 5 . 2 . 2 . 11 . 01 ,Belanja Makanan Dan Minuman Harian Pegawai ,2448000,
1.10 . 1.10.01 . 12 . 03 . 5 . 2 . 2 . 11 . 02 ,Belanja Makanan Dan Minuman Rapat ,2250000,
1.10 . 1.10.01 . 13 ,Program Peningkatan Kapasitas Sumber Daya Manusia SKPD ,17149000,
1.10 . 1.10.01 . 13 . 03 ,Pendidikan dan Pelatihan Non Formal ,8000000,Sumber Dana : Lokasi Kegiatan : Kabupaten Kulon Progo
1.10 . 1.10.01 . 13 . 03 . 5 . 2 . 2 ,Belanja Barang dan Jasa ,8000000,
"1.10 . 1.10.01 . 13 . 03 . 5 . 2 . 2 . 17 ,""Belanja kursus pelatihan sosialisasi dan bimbingan teknis PNS "",8000000,"
1.10 . 1.10.01 . 13 . 03 . 5 . 2 . 2 . 17 . 01 ,Belanja Kursus-Kursus Singkat/Pelatihan ,8000000,
1.10 . 1.10.01 . 13 . 05 ,Pengadaan Pakaian Dinas Harian (PDH) ,9149000,Sumber Dana : Lokasi Kegiatan : Kabupaten Kulon Progo
1.10 . 1.10.01 . 13 . 05 . 5 . 2 . 2 ,Belanja Barang dan Jasa ,9149000,
1.10 . 1.10.01 . 13 . 05 . 5 . 2 . 2 . 01 ,Belanja Bahan Pakai Habis ,49000,
1.10 . 1.10.01 . 13 . 05 . 5 . 2 . 2 . 01 . 01 ,Belanja Alat Tulis Kantor ,49000,
1.10 . 1.10.01 . 13 . 05 . 5 . 2 . 2 . 12 ,Belanja Pakaian Dinas dan Atributnya ,9100000,
1.10 . 1.10.01 . 13 . 05 . 5 . 2 . 2 . 12 . 04 ,Belanja Pakaian Dinas Harian (PDH) ,9100000,
1.10 . 1.10.01 . 15 ,Program Penataan Administrasi Kependudukan ,610762400,
"1.10 . 1.10.01 . 15 . 03 ,""Implementasi Sistem Administrasi Kependudukan (Membangun Updating dan Pemeliharaan)"",160800000,Sumber Dana : Lokasi Kegiatan : Kabupaten Kulon Progo"
1.10 . 1.10.01 . 15 . 03 . 5 . 2 . 1 ,Belanja Pegawai ,32245000,
1.10 . 1.10.01 . 15 . 03 . 5 . 2 . 1 . 01 ,Honorarium PNS ,30250000,
1.10 . 1.10.01 . 15 . 03 . 5 . 2 . 1 . 01 . 01 ,Honorarium Panitia Pelaksana Kegiatan ,29475000,
1.10 . 1.10.01 . 15 . 03 . 5 . 2 . 1 . 01 . 02 ,Honorarium Tim Pengadaan Barang Dan Jasa ,775000,
1.10 . 1.10.01 . 15 . 03 . 5 . 2 . 1 . 03 ,Uang Lembur ,1995000,
1.10 . 1.10.01 . 15 . 03 . 5 . 2 . 1 . 03 . 01 ,Uang Lembur PNS ,1995000,
1.10 . 1.10.01 . 15 . 03 . 5 . 2 . 2 ,Belanja Barang dan Jasa ,128555000,
1.10 . 1.10.01 . 15 . 03 . 5 . 2 . 2 . 01 ,Belanja Bahan Pakai Habis ,46404400,
1.10 . 1.10.01 . 15 . 03 . 5 . 2 . 2 . 01 . 01 ,Belanja Alat Tulis Kantor ,46404400,
1.10 . 1.10.01 . 15 . 03 . 5 . 2 . 2 . 06 ,Belanja Cetak dan Penggandaan ,51600200,
1.10 . 1.10.01 . 15 . 03 . 5 . 2 . 2 . 06 . 01 ,Belanja Cetak ,50000000,
1.10 . 1.10.01 . 15 . 03 . 5 . 2 . 2 . 06 . 02 ,Belanja Penggandaan ,1600200,
1.10 . 1.10.01 . 15 . 03 . 5 . 2 . 2 . 11 ,Belanja Makanan dan  Minuman ,5228000,
1.10 . 1.10.01 . 15 . 03 . 5 . 2 . 2 . 11 . 01 ,Belanja Makanan Dan Minuman Harian Pegawai ,1728000,
1.10 . 1.10.01 . 15 . 03 . 5 . 2 . 2 . 11 . 02 ,Belanja Makanan Dan Minuman Rapat ,3500000,
1.10 . 1.10.01 . 15 . 03 . 5 . 2 . 2 . 15 ,Belanja Perjalanan Dinas ,25322400,
1.10 . 1.10.01 . 15 . 03 . 5 . 2 . 2 . 15 . 01 ,Belanja Perjalanan Dinas Dalam Daerah ,10010000,
1.10 . 1.10.01 . 15 . 03 . 5 . 2 . 2 . 15 . 02 ,Belanja Perjalanan Dinas Luar Daerah ,15312400,
"1.10 . 1.10.01 . 15 . 13 ,""Monitoring Evaluasi dan Pelaporan Kependudukan "",36000000,Sumber Dana : Lokasi Kegiatan : Kabupaten Kulon Progo"
1.10 . 1.10.01 . 15 . 13 . 5 . 2 . 1 ,Belanja Pegawai ,31860000,
1.10 . 1.10.01 . 15 . 13 . 5 . 2 . 1 . 01 ,Honorarium PNS ,12500000,
1.10 . 1.10.01 . 15 . 13 . 5 . 2 . 1 . 01 . 01 ,Honorarium Panitia Pelaksana Kegiatan ,12500000,
1.10 . 1.10.01 . 15 . 13 . 5 . 2 . 1 . 02 ,Honorarium Non PNS ,19360000,
1.10 . 1.10.01 . 15 . 13 . 5 . 2 . 1 . 02 . 04 ,Honorarium Tim ,19360000,
1.10 . 1.10.01 . 15 . 13 . 5 . 2 . 2 ,Belanja Barang dan Jasa ,4140000,
1.10 . 1.10.01 . 15 . 13 . 5 . 2 . 2 . 01 ,Belanja Bahan Pakai Habis ,382400,
1.10 . 1.10.01 . 15 . 13 . 5 . 2 . 2 . 01 . 01 ,Belanja Alat Tulis Kantor ,382400,
1.10 . 1.10.01 . 15 . 13 . 5 . 2 . 2 . 06 ,Belanja Cetak dan Penggandaan ,532600,
1.10 . 1.10.01 . 15 . 13 . 5 . 2 . 2 . 06 . 02 ,Belanja Penggandaan ,532600,
1.10 . 1.10.01 . 15 . 13 . 5 . 2 . 2 . 11 ,Belanja Makanan dan  Minuman ,1350000,
1.10 . 1.10.01 . 15 . 13 . 5 . 2 . 2 . 11 . 02 ,Belanja Makanan Dan Minuman Rapat ,1350000,
1.10 . 1.10.01 . 15 . 13 . 5 . 2 . 2 . 15 ,Belanja Perjalanan Dinas ,1875000,
1.10 . 1.10.01 . 15 . 13 . 5 . 2 . 2 . 15 . 01 ,Belanja Perjalanan Dinas Dalam Daerah ,785000,
1.10 . 1.10.01 . 15 . 13 . 5 . 2 . 2 . 15 . 02 ,Belanja Perjalanan Dinas Luar Daerah ,1090000,
1.10 . 1.10.01 . 15 . 15 ,Pengelolaan sarana dan prasarana SIAK ,223962400,Sumber Dana : Lokasi Kegiatan : Kabupaten Kulon Progo
1.10 . 1.10.01 . 15 . 15 . 5 . 2 . 1 ,Belanja Pegawai ,30070000,
1.10 . 1.10.01 . 15 . 15 . 5 . 2 . 1 . 01 ,Honorarium PNS ,30070000,
1.10 . 1.10.01 . 15 . 15 . 5 . 2 . 1 . 01 . 01 ,Honorarium Panitia Pelaksana Kegiatan ,29295000,
1.10 . 1.10.01 . 15 . 15 . 5 . 2 . 1 . 01 . 02 ,Honorarium Tim Pengadaan Barang Dan Jasa ,775000,
1.10 . 1.10.01 . 15 . 15 . 5 . 2 . 2 ,Belanja Barang dan Jasa ,113858500,
1.10 . 1.10.01 . 15 . 15 . 5 . 2 . 2 . 01 ,Belanja Bahan Pakai Habis ,996900,
1.10 . 1.10.01 . 15 . 15 . 5 . 2 . 2 . 01 . 01 ,Belanja Alat Tulis Kantor ,996900,
1.10 . 1.10.01 . 15 . 15 . 5 . 2 . 2 . 06 ,Belanja Cetak dan Penggandaan ,319200,
1.10 . 1.10.01 . 15 . 15 . 5 . 2 . 2 . 06 . 02 ,Belanja Penggandaan ,319200,
1.10 . 1.10.01 . 15 . 15 . 5 . 2 . 2 . 15 ,Belanja Perjalanan Dinas ,23542400,
1.10 . 1.10.01 . 15 . 15 . 5 . 2 . 2 . 15 . 01 ,Belanja Perjalanan Dinas Dalam Daerah ,2700000,
1.10 . 1.10.01 . 15 . 15 . 5 . 2 . 2 . 15 . 02 ,Belanja Perjalanan Dinas Luar Daerah ,20842400,
1.10 . 1.10.01 . 15 . 15 . 5 . 2 . 2 . 20 ,Belanja Pemeliharaan ,89000000,
1.10 . 1.10.01 . 15 . 15 . 5 . 2 . 2 . 20 . 08 ,Belanja Pemeliharaan Peralatan Gedung Kantor ,89000000,
1.10 . 1.10.01 . 15 . 15 . 5 . 2 . 3 ,Belanja Modal ,80033900,
1.10 . 1.10.01 . 15 . 15 . 5 . 2 . 3 . 27 ,Belanja Modal Peralatan dan Mesin - Pengadaan Alat Kantor ,9000000,
"1.10 . 1.10.01 . 15 . 15 . 5 . 2 . 3 . 27 . 04 ,Belanja Modal Peralatan dan Mesin - Pengadaan Alat Penyimpanan Perlengkapan Kantor,9000000,Pembelian rak server- Rak server""1 unit x 9.000.00000 = 9.000.00000"""
1.10 . 1.10.01 . 15 . 15 . 5 . 2 . 3 . 29 ,Belanja Modal Peralatan dan Mesin - Pengadaan  Komputer ,71033900,
"1.10 . 1.10.01 . 15 . 15 . 5 . 2 . 3 . 29 . 06 ,Belanja Modal Peralatan dan Mesin - Pengadaan Peralatan Jaringan ,71033900,Belanja Tower dan repeaterPengembangan Repeater Dinas di SD Sermo""1 unit x 35.000.00000 = 35.000.00000""Pembangunan tower di Kecamatan Lendah""1 unit x 35.000.00000 = 35.000.00000""Honorarium Tim Pengadaan dan PemeriksaPPK""1 0rqng x 275.00000 = 275.00000""Pejabat Pengadaan""1 orang x 250.00000 = 250.00000""Pejabat Pemeriksa""1 orang x 175.00000 = 175.00000""Alat Tulis Kantor  Kertas HVS 70 gr""2 rim x 45.00000 = 90.00000""Refill Toner laserjet""1 buah x 179.00000 = 179.00000""Stopmap kertas""10 buah x 80000 = 8.00000""Snellhechter kertas""4 buah x 1.10000 = 4.40000""PenggandanFotocopy""300 lembar x 175 00 = 52.50000"""
1.10 . 1.10.01 . 15 . 17 ,Pengelolaan Dokumen Kependudukan dan Akta Catatan Sipil ,16000000,Sumber Dana : Lokasi Kegiatan : Kabupaten Kulon Progo
1.10 . 1.10.01 . 15 . 17 . 5 . 2 . 1 ,Belanja Pegawai ,7520000,
1.10 . 1.10.01 . 15 . 17 . 5 . 2 . 1 . 01 ,Honorarium PNS ,4245000,
1.10 . 1.10.01 . 15 . 17 . 5 . 2 . 1 . 01 . 01 ,Honorarium Panitia Pelaksana Kegiatan ,4245000,
1.10 . 1.10.01 . 15 . 17 . 5 . 2 . 1 . 02 ,Honorarium Non PNS ,3275000,
1.10 . 1.10.01 . 15 . 17 . 5 . 2 . 1 . 02 . 03 ,Honorarium Harian ,3275000,
1.10 . 1.10.01 . 15 . 17 . 5 . 2 . 2 ,Belanja Barang dan Jasa ,8480000,
1.10 . 1.10.01 . 15 . 17 . 5 . 2 . 2 . 01 ,Belanja Bahan Pakai Habis ,3910000,
1.10 . 1.10.01 . 15 . 17 . 5 . 2 . 2 . 01 . 01 ,Belanja Alat Tulis Kantor ,3910000,
1.10 . 1.10.01 . 15 . 17 . 5 . 2 . 2 . 06 ,Belanja Cetak dan Penggandaan ,4570000,
1.10 . 1.10.01 . 15 . 17 . 5 . 2 . 2 . 06 . 02 ,Belanja Penggandaan ,4570000,
1.10 . 1.10.01 . 15 . 23 ,Pencatatan dan Penerbitan Akta Kelahiran dan Kematian ,61000000,Sumber Dana : Lokasi Kegiatan : Kabupaten Kulon Progo
1.10 . 1.10.01 . 15 . 23 . 5 . 2 . 1 ,Belanja Pegawai ,18975000,
1.10 . 1.10.01 . 15 . 23 . 5 . 2 . 1 . 01 ,Honorarium PNS ,13975000,
1.10 . 1.10.01 . 15 . 23 . 5 . 2 . 1 . 01 . 01 ,Honorarium Panitia Pelaksana Kegiatan ,13300000,
1.10 . 1.10.01 . 15 . 23 . 5 . 2 . 1 . 01 . 02 ,Honorarium Tim Pengadaan Barang Dan Jasa ,675000,
1.10 . 1.10.01 . 15 . 23 . 5 . 2 . 1 . 02 ,Honorarium Non PNS ,5000000,
1.10 . 1.10.01 . 15 . 23 . 5 . 2 . 1 . 02 . 03 ,Honorarium Harian ,5000000,
1.10 . 1.10.01 . 15 . 23 . 5 . 2 . 2 ,Belanja Barang dan Jasa ,42025000,
1.10 . 1.10.01 . 15 . 23 . 5 . 2 . 2 . 01 ,Belanja Bahan Pakai Habis ,4905300,
1.10 . 1.10.01 . 15 . 23 . 5 . 2 . 2 . 01 . 01 ,Belanja Alat Tulis Kantor ,4905300,
1.10 . 1.10.01 . 15 . 23 . 5 . 2 . 2 . 06 ,Belanja Cetak dan Penggandaan ,34829700,
1.10 . 1.10.01 . 15 . 23 . 5 . 2 . 2 . 06 . 01 ,Belanja Cetak ,34640000,
1.10 . 1.10.01 . 15 . 23 . 5 . 2 . 2 . 06 . 02 ,Belanja Penggandaan ,189700,
1.10 . 1.10.01 . 15 . 23 . 5 . 2 . 2 . 15 ,Belanja Perjalanan Dinas ,2290000,
1.10 . 1.10.01 . 15 . 23 . 5 . 2 . 2 . 15 . 01 ,Belanja Perjalanan Dinas Dalam Daerah ,840000,
1.10 . 1.10.01 . 15 . 23 . 5 . 2 . 2 . 15 . 02 ,Belanja Perjalanan Dinas Luar Daerah ,1450000,
1.10 . 1.10.01 . 15 . 24 ,Pencatatan dan Penerbitan Akta Catatan Sipil ,14000000,Sumber Dana : Lokasi Kegiatan : Kabupaten Kulon Progo
1.10 . 1.10.01 . 15 . 24 . 5 . 2 . 1 ,Belanja Pegawai ,8610000,
1.10 . 1.10.01 . 15 . 24 . 5 . 2 . 1 . 01 ,Honorarium PNS ,8610000,
1.10 . 1.10.01 . 15 . 24 . 5 . 2 . 1 . 01 . 01 ,Honorarium Panitia Pelaksana Kegiatan ,8610000,
1.10 . 1.10.01 . 15 . 24 . 5 . 2 . 2 ,Belanja Barang dan Jasa ,5390000,
1.10 . 1.10.01 . 15 . 24 . 5 . 2 . 2 . 01 ,Belanja Bahan Pakai Habis ,1235050,
1.10 . 1.10.01 . 15 . 24 . 5 . 2 . 2 . 01 . 01 ,Belanja Alat Tulis Kantor ,1235050,
1.10 . 1.10.01 . 15 . 24 . 5 . 2 . 2 . 06 ,Belanja Cetak dan Penggandaan ,1154950,
1.10 . 1.10.01 . 15 . 24 . 5 . 2 . 2 . 06 . 01 ,Belanja Cetak ,1100000,
1.10 . 1.10.01 . 15 . 24 . 5 . 2 . 2 . 06 . 02 ,Belanja Penggandaan ,54950,
1.10 . 1.10.01 . 15 . 24 . 5 . 2 . 2 . 15 ,Belanja Perjalanan Dinas ,3000000,
1.10 . 1.10.01 . 15 . 24 . 5 . 2 . 2 . 15 . 01 ,Belanja Perjalanan Dinas Dalam Daerah ,3000000,
"1.10 . 1.10.01 . 15 . 25 ,""Pencatatan dan Penerbitan Akta Perkawinan Perceraian Pengakuan dan Pengesahan Anak"",40000000,Sumber Dana : Lokasi Kegiatan : Kabupaten Kulon Progo"
1.10 . 1.10.01 . 15 . 25 . 5 . 2 . 1 ,Belanja Pegawai ,26780000,
1.10 . 1.10.01 . 15 . 25 . 5 . 2 . 1 . 01 ,Honorarium PNS ,6750000,
1.10 . 1.10.01 . 15 . 25 . 5 . 2 . 1 . 01 . 01 ,Honorarium Panitia Pelaksana Kegiatan ,6750000,
1.10 . 1.10.01 . 15 . 25 . 5 . 2 . 1 . 02 ,Honorarium Non PNS ,20030000,
1.10 . 1.10.01 . 15 . 25 . 5 . 2 . 1 . 02 . 03 ,Honorarium Harian ,20030000,
1.10 . 1.10.01 . 15 . 25 . 5 . 2 . 2 ,Belanja Barang dan Jasa ,13220000,
1.10 . 1.10.01 . 15 . 25 . 5 . 2 . 2 . 01 ,Belanja Bahan Pakai Habis ,2527850,
1.10 . 1.10.01 . 15 . 25 . 5 . 2 . 2 . 01 . 01 ,Belanja Alat Tulis Kantor ,2527850,
1.10 . 1.10.01 . 15 . 25 . 5 . 2 . 2 . 06 ,Belanja Cetak dan Penggandaan ,3797150,
1.10 . 1.10.01 . 15 . 25 . 5 . 2 . 2 . 06 . 01 ,Belanja Cetak ,3640000,
1.10 . 1.10.01 . 15 . 25 . 5 . 2 . 2 . 06 . 02 ,Belanja Penggandaan ,157150,
1.10 . 1.10.01 . 15 . 25 . 5 . 2 . 2 . 11 ,Belanja Makanan dan  Minuman ,1125000,
1.10 . 1.10.01 . 15 . 25 . 5 . 2 . 2 . 11 . 02 ,Belanja Makanan Dan Minuman Rapat ,1125000,
1.10 . 1.10.01 . 15 . 25 . 5 . 2 . 2 . 15 ,Belanja Perjalanan Dinas ,5770000,
1.10 . 1.10.01 . 15 . 25 . 5 . 2 . 2 . 15 . 01 ,Belanja Perjalanan Dinas Dalam Daerah ,4755000,
1.10 . 1.10.01 . 15 . 25 . 5 . 2 . 2 . 15 . 02 ,Belanja Perjalanan Dinas Luar Daerah ,1015000,
1.10 . 1.10.01 . 15 . 28 ,Penyusunan Profil / Proyeksi Kependudukan ,16000000,Sumber Dana : Lokasi Kegiatan : Kabupaten Kulon Progo
1.10 . 1.10.01 . 15 . 28 . 5 . 2 . 1 ,Belanja Pegawai ,9500000,
1.10 . 1.10.01 . 15 . 28 . 5 . 2 . 1 . 01 ,Honorarium PNS ,9500000,
1.10 . 1.10.01 . 15 . 28 . 5 . 2 . 1 . 01 . 01 ,Honorarium Panitia Pelaksana Kegiatan ,9500000,
1.10 . 1.10.01 . 15 . 28 . 5 . 2 . 2 ,Belanja Barang dan Jasa ,6500000,
1.10 . 1.10.01 . 15 . 28 . 5 . 2 . 2 . 01 ,Belanja Bahan Pakai Habis ,691300,
1.10 . 1.10.01 . 15 . 28 . 5 . 2 . 2 . 01 . 01 ,Belanja Alat Tulis Kantor ,691300,
1.10 . 1.10.01 . 15 . 28 . 5 . 2 . 2 . 06 ,Belanja Cetak dan Penggandaan ,1623700,
1.10 . 1.10.01 . 15 . 28 . 5 . 2 . 2 . 06 . 02 ,Belanja Penggandaan ,1623700,
1.10 . 1.10.01 . 15 . 28 . 5 . 2 . 2 . 11 ,Belanja Makanan dan  Minuman ,1500000,
1.10 . 1.10.01 . 15 . 28 . 5 . 2 . 2 . 11 . 02 ,Belanja Makanan Dan Minuman Rapat ,1500000,
1.10 . 1.10.01 . 15 . 28 . 5 . 2 . 2 . 15 ,Belanja Perjalanan Dinas ,2685000,
1.10 . 1.10.01 . 15 . 28 . 5 . 2 . 2 . 15 . 02 ,Belanja Perjalanan Dinas Luar Daerah ,2685000,
1.10 . 1.10.01 . 15 . 29 ,Sosialisasi Kebijakan Kependudukan dan Catatan Sipil ,43000000,Sumber Dana : Lokasi Kegiatan : Kabupaten Kulon Progo
1.10 . 1.10.01 . 15 . 29 . 5 . 2 . 1 ,Belanja Pegawai ,19235000,
1.10 . 1.10.01 . 15 . 29 . 5 . 2 . 1 . 01 ,Honorarium PNS ,7065000,
1.10 . 1.10.01 . 15 . 29 . 5 . 2 . 1 . 01 . 01 ,Honorarium Panitia Pelaksana Kegiatan ,7065000,
1.10 . 1.10.01 . 15 . 29 . 5 . 2 . 1 . 02 ,Honorarium Non PNS ,12170000,
1.10 . 1.10.01 . 15 . 29 . 5 . 2 . 1 . 02 . 03 ,Honorarium Harian ,12170000,
1.10 . 1.10.01 . 15 . 29 . 5 . 2 . 2 ,Belanja Barang dan Jasa ,23765000,
1.10 . 1.10.01 . 15 . 29 . 5 . 2 . 2 . 01 ,Belanja Bahan Pakai Habis ,1217000,
1.10 . 1.10.01 . 15 . 29 . 5 . 2 . 2 . 01 . 01 ,Belanja Alat Tulis Kantor ,1217000,
1.10 . 1.10.01 . 15 . 29 . 5 . 2 . 2 . 03 ,Belanja Jasa Kantor ,187500,
1.10 . 1.10.01 . 15 . 29 . 5 . 2 . 2 . 03 . 14 ,Belanja Dekorasi ,187500,
1.10 . 1.10.01 . 15 . 29 . 5 . 2 . 2 . 06 ,Belanja Cetak dan Penggandaan ,5303500,
1.10 . 1.10.01 . 15 . 29 . 5 . 2 . 2 . 06 . 01 ,Belanja Cetak ,4040000,
1.10 . 1.10.01 . 15 . 29 . 5 . 2 . 2 . 06 . 02 ,Belanja Penggandaan ,1263500,
1.10 . 1.10.01 . 15 . 29 . 5 . 2 . 2 . 10 ,Belanja Sewa Perlengkapan dan Peralatan Kantor ,900000,
1.10 . 1.10.01 . 15 . 29 . 5 . 2 . 2 . 10 . 01 ,Belanja Sewa Meja Kursi ,900000,
1.10 . 1.10.01 . 15 . 29 . 5 . 2 . 2 . 11 ,Belanja Makanan dan  Minuman ,11507000,
1.10 . 1.10.01 . 15 . 29 . 5 . 2 . 2 . 11 . 01 ,Belanja Makanan Dan Minuman Harian Pegawai ,392000,
1.10 . 1.10.01 . 15 . 29 . 5 . 2 . 2 . 11 . 02 ,Belanja Makanan Dan Minuman Rapat ,315000,
"1.10 . 1.10.01 . 15 . 29 . 5 . 2 . 2 . 11 . 04 ,""Belanja makanan dan minuman pelatihan sosialisasi penyuluhan "",10800000,"
1.10 . 1.10.01 . 15 . 29 . 5 . 2 . 2 . 15 ,Belanja Perjalanan Dinas ,2130000,
1.10 . 1.10.01 . 15 . 29 . 5 . 2 . 2 . 15 . 01 ,Belanja Perjalanan Dinas Dalam Daerah ,2130000,
1.10 . 1.10.01 . 15 . 29 . 5 . 2 . 2 . 27 ,Belanja Tenaga Ahli/Instruktur/Narasumber ,2520000,
1.10 . 1.10.01 . 15 . 29 . 5 . 2 . 2 . 27 . 01 ,Jasa Tenaga Ahli/Instruktur/Narasumber ,2520000,
,SURPLUS / (DEFISIT) ,-3910514527,
