Judul,Penjabaran Anggaran Pendapatan dan Belanja Daerah,,
Daerah,Kabupaten Kulonprogo,,
Tahun,2015,,
Kode Organisasi,1.22.01,,
Nama Organisasi,Badan Pemberdayaan Masyarakat Pemerintah Desa Perempuan dan Keluarga Berencana,,
Kolom,4,,
No. Rekening,Uraian,Jumlah,Keterangan
1.22 . 1.22.01 . 00 . 00 . 5 ,BELANJA ,13273123711,
1.22 . 1.22.01 . 00 . 00 . 5 . 1 ,BELANJA TIDAK LANGSUNG ,6049184036,
1.22 . 1.22.01 . 00 . 00 ,Non Kegiatan ,6049184036,Sumber Dana : 
1.22 . 1.22.01 . 00 . 00 . 5 . 1 . 1 ,Belanja Pegawai ,6049184036,
1.22 . 1.22.01 . 00 . 00 . 5 . 1 . 1 . 01 ,Belanja Gaji dan Tunjangan ,6049184036,
1.22 . 1.22.01 . 00 . 00 . 5 . 1 . 1 . 01 . 01 ,Gaji Pokok PNS/Uang Representasi ,4604442204,
1.22 . 1.22.01 . 00 . 00 . 5 . 1 . 1 . 01 . 02 ,Tunjangan Keluarga ,403641848,
1.22 . 1.22.01 . 00 . 00 . 5 . 1 . 1 . 01 . 03 ,Tunjangan Jabatan ,204685000,
1.22 . 1.22.01 . 00 . 00 . 5 . 1 . 1 . 01 . 04 ,Tunjangan Fungsional ,386612134,
1.22 . 1.22.01 . 00 . 00 . 5 . 1 . 1 . 01 . 05 ,Tunjangan Fungsional Umum ,79860200,
1.22 . 1.22.01 . 00 . 00 . 5 . 1 . 1 . 01 . 06 ,Tunjangan Beras ,228592358,
1.22 . 1.22.01 . 00 . 00 . 5 . 1 . 1 . 01 . 07 ,Tunjangan PPh/Tunjangan Khusus ,141270799,
1.22 . 1.22.01 . 00 . 00 . 5 . 1 . 1 . 01 . 08 ,Pembulatan Gaji ,79493,
1.22 . 1.22.01 . 01 . 26 . 5 . 2 ,BELANJA LANGSUNG ,7223939675,
1.22 . 1.22.01 . 01 ,Program Pelayanan Administrasi Perkantoran ,126421000,
1.22 . 1.22.01 . 01 . 26 ,Penyediaan Jasa dan Peralatan Perkantoran ,34321000,Sumber Dana :  Lokasi Kegiatan : Badan PMPDPKB Kab. Kulon Progo 
1.22 . 1.22.01 . 01 . 26 . 5 . 2 . 1 ,Belanja Pegawai ,4550000,
1.22 . 1.22.01 . 01 . 26 . 5 . 2 . 1 . 02 ,Honorarium Non PNS ,4550000,
1.22 . 1.22.01 . 01 . 26 . 5 . 2 . 1 . 02 . 02 ,Honorarium Pegawai Honorer/Tidak Tetap ,4550000,
1.22 . 1.22.01 . 01 . 26 . 5 . 2 . 2 ,Belanja Barang dan Jasa ,29771000,
1.22 . 1.22.01 . 01 . 26 . 5 . 2 . 2 . 01 ,Belanja Bahan Pakai Habis ,15270000,
1.22 . 1.22.01 . 01 . 26 . 5 . 2 . 2 . 01 . 01 ,Belanja Alat Tulis Kantor ,13770000,
1.22 . 1.22.01 . 01 . 26 . 5 . 2 . 2 . 01 . 04 ,"Belanja Perangko  Materai Dan Benda Pos Lainnya ",1500000,
1.22 . 1.22.01 . 01 . 26 . 5 . 2 . 2 . 03 ,Belanja Jasa Kantor ,1770000,
1.22 . 1.22.01 . 01 . 26 . 5 . 2 . 2 . 03 . 05 ,Belanja Surat Kabar/Majalah ,1770000,
1.22 . 1.22.01 . 01 . 26 . 5 . 2 . 2 . 06 ,Belanja Cetak dan Penggandaan ,12731000,
1.22 . 1.22.01 . 01 . 26 . 5 . 2 . 2 . 06 . 01 ,Belanja Cetak ,6680000,
1.22 . 1.22.01 . 01 . 26 . 5 . 2 . 2 . 06 . 02 ,Belanja Penggandaan ,6051000,
1.22 . 1.22.01 . 01 . 27 ,Penyediaan Jasa  keuangan ,26100000,Sumber Dana :  Lokasi Kegiatan : Kabupaten Kulon Progo 
1.22 . 1.22.01 . 01 . 27 . 5 . 2 . 1 ,Belanja Pegawai ,26100000,
1.22 . 1.22.01 . 01 . 27 . 5 . 2 . 1 . 01 ,Honorarium PNS ,26100000,
1.22 . 1.22.01 . 01 . 27 . 5 . 2 . 1 . 01 . 04 ,Honorarium Bendahara/Pengurus Barang ,26100000,
1.22 . 1.22.01 . 01 . 28 ,"Penyediaan Rapat-Rapat   Konsultasi dan Koordinasi ",66000000,Sumber Dana :  Lokasi Kegiatan : Badan PMPDPKB Kab. Kulon Progo 
1.22 . 1.22.01 . 01 . 28 . 5 . 2 . 2 ,Belanja Barang dan Jasa ,66000000,
1.22 . 1.22.01 . 01 . 28 . 5 . 2 . 2 . 11 ,Belanja Makanan dan  Minuman ,14000000,
1.22 . 1.22.01 . 01 . 28 . 5 . 2 . 2 . 11 . 02 ,Belanja Makanan Dan Minuman Rapat ,14000000,
1.22 . 1.22.01 . 01 . 28 . 5 . 2 . 2 . 15 ,Belanja Perjalanan Dinas ,52000000,
1.22 . 1.22.01 . 01 . 28 . 5 . 2 . 2 . 15 . 01 ,Belanja Perjalanan Dinas Dalam Daerah ,1975000,
1.22 . 1.22.01 . 01 . 28 . 5 . 2 . 2 . 15 . 02 ,Belanja Perjalanan Dinas Luar Daerah ,50025000,
1.22 . 1.22.01 . 11 ,Program Peningkatan Sarana dan Prasarana Perkantoran ,397305000,
1.22 . 1.22.01 . 11 . 01 ,Pengadaan Sarana dan Prasarana Perkantoran ,53840000,Sumber Dana :  Lokasi Kegiatan : Badan PMPDPKB Kab. Kulon Progo 
1.22 . 1.22.01 . 11 . 01 . 5 . 2 . 3 ,Belanja Modal ,53840000,
1.22 . 1.22.01 . 11 . 01 . 5 . 2 . 3 . 27 ,Belanja Modal Peralatan dan Mesin - Pengadaan Alat Kantor ,14000000,
1.22 . 1.22.01 . 11 . 01 . 5 . 2 . 3 . 27 . 04 ,Belanja Modal Peralatan dan Mesin - Pengadaan Alat Penyimpanan Perlengkapan Kantor,14000000,Rak Rak Arsip "4 buah x 3.500.000 00 = 14.000.000 00"
1.22 . 1.22.01 . 11 . 01 . 5 . 2 . 3 . 28 ,Belanja Modal Peralatan dan Mesin - Pengadaan Alat Rumah Tangga ,10000000,
1.22 . 1.22.01 . 11 . 01 . 5 . 2 . 3 . 28 . 06 ,Belanja Modal Peralatan dan Mesin - Pengadaan Alat Rumah Tangga Lainnya (Home Use),10000000,Sound System "1 unit x 10.000.000 00 = 10.000.000 00"
1.22 . 1.22.01 . 11 . 01 . 5 . 2 . 3 . 29 ,Belanja Modal Peralatan dan Mesin - Pengadaan  Komputer ,21700000,
1.22 . 1.22.01 . 11 . 01 . 5 . 2 . 3 . 29 . 02 ,Belanja Modal Peralatan dan Mesin - Pengadaan Personal Komputer ,18700000,Belanja pengadaan peralatan gedung kantor PC Beserta operasiWindows asli "2 unit x 5.325.000 00 = 10.650.000 00" Laptop beserta sistem operasi windows asli "1 unit x 7.225.000 00 = 7.225.000 00" Honorarium pejabat pengadaan "3 orang/bulan x 150.000 00 = 450.000 00" Honorarium pejabat penerima "3 orang/bulan x 125.000 00 = 375.000 00"
1.22 . 1.22.01 . 11 . 01 . 5 . 2 . 3 . 29 . 05 ,Belanja Modal Peralatan dan Mesin - Pengadaan Peralatan Personal Komputer,3000000,Pengadaan Printer Printer "2 unit x 1.500.000 00 = 3.000.000 00"
1.22 . 1.22.01 . 11 . 01 . 5 . 2 . 3 . 31 ,Belanja Modal Peralatan dan Mesin - Pengadaan Alat Studio ,8140000,
1.22 . 1.22.01 . 11 . 01 . 5 . 2 . 3 . 31 . 01 ,Belanja Modal Peralatan dan Mesin - Pengadaan Peralatan Studio Visual ,8140000,LCD Proyektor LCD "1 unit x 8.140.000 00 = 8.140.000 00"
1.22 . 1.22.01 . 11 . 02 ,Pemeliharaan Sarana dan Prasarana Perkantoran ,343465000,Sumber Dana :  Lokasi Kegiatan : Badan PMPDPKB Kab. Kulon Progo 
1.22 . 1.22.01 . 11 . 02 . 5 . 2 . 1 ,Belanja Pegawai ,12675000,
1.22 . 1.22.01 . 11 . 02 . 5 . 2 . 1 . 02 ,Honorarium Non PNS ,12675000,
1.22 . 1.22.01 . 11 . 02 . 5 . 2 . 1 . 02 . 03 ,Honorarium Harian ,12675000,
1.22 . 1.22.01 . 11 . 02 . 5 . 2 . 2 ,Belanja Barang dan Jasa ,330790000,
1.22 . 1.22.01 . 11 . 02 . 5 . 2 . 2 . 01 ,Belanja Bahan Pakai Habis ,5256500,
1.22 . 1.22.01 . 11 . 02 . 5 . 2 . 2 . 01 . 03 ,"Belanja Alat Listrik Dan Elektronik (Lampu Pijar  Battery Kering) ",2500000,
1.22 . 1.22.01 . 11 . 02 . 5 . 2 . 2 . 01 . 05 ,Belanja Peralatan Kebersihan Dan Bahan Pembersih ,2756500,
1.22 . 1.22.01 . 11 . 02 . 5 . 2 . 2 . 03 ,Belanja Jasa Kantor ,72180000,
1.22 . 1.22.01 . 11 . 02 . 5 . 2 . 2 . 03 . 01 ,Belanja Telepon ,20400000,"12 kali/bulan x 1.350.000 00 = 16.200.000 00"
1.22 . 1.22.01 . 11 . 02 . 5 . 2 . 2 . 03 . 02 ,Belanja Air ,10980000,
1.22 . 1.22.01 . 11 . 02 . 5 . 2 . 2 . 03 . 03 ,Belanja Listrik ,40800000,
1.22 . 1.22.01 . 11 . 02 . 5 . 2 . 2 . 05 ,Belanja Perawatan Kendaraan Bermotor ,252103500,
1.22 . 1.22.01 . 11 . 02 . 5 . 2 . 2 . 05 . 01 ,Belanja Jasa Service ,9710000,
1.22 . 1.22.01 . 11 . 02 . 5 . 2 . 2 . 05 . 02 ,Belanja Penggantian Suku Cadang ,33800000,
1.22 . 1.22.01 . 11 . 02 . 5 . 2 . 2 . 05 . 03 ,Belanja Bahan Bakar Minyak/Gas Dan Pelumas ,195460000,
1.22 . 1.22.01 . 11 . 02 . 5 . 2 . 2 . 05 . 05 ,Belanja Pajak Kendaraan Bermotor ,13133500,
1.22 . 1.22.01 . 11 . 02 . 5 . 2 . 2 . 20 ,Belanja Pemeliharaan ,1250000,
1.22 . 1.22.01 . 11 . 02 . 5 . 2 . 2 . 20 . 07 ,Belanja Pemeliharaan Perlengkapan Kantor ,1250000,
1.22 . 1.22.01 . 12 ,"Program Perencanaan  Pengendalian dan Evaluasi Kinerja ",22350000,
1.22 . 1.22.01 . 12 . 01 ,Penyusunan Perencanaan Kinerja SKPD ,4000000,Sumber Dana :  Lokasi Kegiatan : Badan PMPDPKB
1.22 . 1.22.01 . 12 . 01 . 5 . 2 . 1 ,Belanja Pegawai ,504000,
1.22 . 1.22.01 . 12 . 01 . 5 . 2 . 1 . 03 ,Uang Lembur ,504000,
1.22 . 1.22.01 . 12 . 01 . 5 . 2 . 1 . 03 . 01 ,Uang Lembur PNS ,504000,
1.22 . 1.22.01 . 12 . 01 . 5 . 2 . 2 ,Belanja Barang dan Jasa ,3496000,
1.22 . 1.22.01 . 12 . 01 . 5 . 2 . 2 . 01 ,Belanja Bahan Pakai Habis ,308850,
1.22 . 1.22.01 . 12 . 01 . 5 . 2 . 2 . 01 . 01 ,Belanja Alat Tulis Kantor ,308850,
1.22 . 1.22.01 . 12 . 01 . 5 . 2 . 2 . 06 ,Belanja Cetak dan Penggandaan ,483150,
1.22 . 1.22.01 . 12 . 01 . 5 . 2 . 2 . 06 . 02 ,Belanja Penggandaan ,483150,
1.22 . 1.22.01 . 12 . 01 . 5 . 2 . 2 . 11 ,Belanja Makanan dan  Minuman ,2704000,
1.22 . 1.22.01 . 12 . 01 . 5 . 2 . 2 . 11 . 01 ,Belanja Makanan Dan Minuman Harian Pegawai ,504000,
1.22 . 1.22.01 . 12 . 01 . 5 . 2 . 2 . 11 . 02 ,Belanja Makanan Dan Minuman Rapat ,2200000,
1.22 . 1.22.01 . 12 . 02 ,Penyusunan Laporan Keuangan ,8900000,Sumber Dana :  Lokasi Kegiatan : Badan PMPDPKB Kab. Kulon Progo 
1.22 . 1.22.01 . 12 . 02 . 5 . 2 . 1 ,Belanja Pegawai ,1680000,
1.22 . 1.22.01 . 12 . 02 . 5 . 2 . 1 . 03 ,Uang Lembur ,1680000,
1.22 . 1.22.01 . 12 . 02 . 5 . 2 . 1 . 03 . 01 ,Uang Lembur PNS ,1680000,
1.22 . 1.22.01 . 12 . 02 . 5 . 2 . 2 ,Belanja Barang dan Jasa ,7220000,
1.22 . 1.22.01 . 12 . 02 . 5 . 2 . 2 . 01 ,Belanja Bahan Pakai Habis ,3895450,
1.22 . 1.22.01 . 12 . 02 . 5 . 2 . 2 . 01 . 01 ,Belanja Alat Tulis Kantor ,3895450,
1.22 . 1.22.01 . 12 . 02 . 5 . 2 . 2 . 06 ,Belanja Cetak dan Penggandaan ,1434550,
1.22 . 1.22.01 . 12 . 02 . 5 . 2 . 2 . 06 . 02 ,Belanja Penggandaan ,1434550,
1.22 . 1.22.01 . 12 . 02 . 5 . 2 . 2 . 11 ,Belanja Makanan dan  Minuman ,1890000,
1.22 . 1.22.01 . 12 . 02 . 5 . 2 . 2 . 11 . 01 ,Belanja Makanan Dan Minuman Harian Pegawai ,1890000,
1.22 . 1.22.01 . 12 . 03 ,"Pengendalian  Evaluasi dan Pelaporan Kinerja ",9450000,Sumber Dana :  Lokasi Kegiatan : BPMPDPKB
1.22 . 1.22.01 . 12 . 03 . 5 . 2 . 1 ,Belanja Pegawai ,364000,
1.22 . 1.22.01 . 12 . 03 . 5 . 2 . 1 . 03 ,Uang Lembur ,364000,
1.22 . 1.22.01 . 12 . 03 . 5 . 2 . 1 . 03 . 01 ,Uang Lembur PNS ,364000,
1.22 . 1.22.01 . 12 . 03 . 5 . 2 . 2 ,Belanja Barang dan Jasa ,9086000,
1.22 . 1.22.01 . 12 . 03 . 5 . 2 . 2 . 01 ,Belanja Bahan Pakai Habis ,1217900,
1.22 . 1.22.01 . 12 . 03 . 5 . 2 . 2 . 01 . 01 ,Belanja Alat Tulis Kantor ,1217900,
1.22 . 1.22.01 . 12 . 03 . 5 . 2 . 2 . 06 ,Belanja Cetak dan Penggandaan ,1124100,
1.22 . 1.22.01 . 12 . 03 . 5 . 2 . 2 . 06 . 02 ,Belanja Penggandaan ,1124100,
1.22 . 1.22.01 . 12 . 03 . 5 . 2 . 2 . 11 ,Belanja Makanan dan  Minuman ,4904000,
1.22 . 1.22.01 . 12 . 03 . 5 . 2 . 2 . 11 . 01 ,Belanja Makanan Dan Minuman Harian Pegawai ,504000,
1.22 . 1.22.01 . 12 . 03 . 5 . 2 . 2 . 11 . 02 ,Belanja Makanan Dan Minuman Rapat ,4400000,
1.22 . 1.22.01 . 12 . 03 . 5 . 2 . 2 . 15 ,Belanja Perjalanan Dinas ,1840000,
1.22 . 1.22.01 . 12 . 03 . 5 . 2 . 2 . 15 . 01 ,Belanja Perjalanan Dinas Dalam Daerah ,1840000,
1.22 . 1.22.01 . 13 ,Program Peningkatan Kapasitas Sumber Daya Manusia SKPD ,27120500,
1.22 . 1.22.01 . 13 . 01 ,Penilaian Prestasi Kerja Pegawai Fungsional Lewat Angka Kredit ,4810000,Sumber Dana :  Lokasi Kegiatan : Badan PMPDPKB Kab. Kulon Progo 
1.22 . 1.22.01 . 13 . 01 . 5 . 2 . 1 ,Belanja Pegawai ,2400000,
1.22 . 1.22.01 . 13 . 01 . 5 . 2 . 1 . 01 ,Honorarium PNS ,2400000,
1.22 . 1.22.01 . 13 . 01 . 5 . 2 . 1 . 01 . 01 ,Honorarium Panitia Pelaksana Kegiatan ,2400000,
1.22 . 1.22.01 . 13 . 01 . 5 . 2 . 2 ,Belanja Barang dan Jasa ,2410000,
1.22 . 1.22.01 . 13 . 01 . 5 . 2 . 2 . 01 ,Belanja Bahan Pakai Habis ,245000,
1.22 . 1.22.01 . 13 . 01 . 5 . 2 . 2 . 01 . 01 ,Belanja Alat Tulis Kantor ,245000,
1.22 . 1.22.01 . 13 . 01 . 5 . 2 . 2 . 06 ,Belanja Cetak dan Penggandaan ,305000,
1.22 . 1.22.01 . 13 . 01 . 5 . 2 . 2 . 06 . 01 ,Belanja Cetak ,180000,
1.22 . 1.22.01 . 13 . 01 . 5 . 2 . 2 . 06 . 02 ,Belanja Penggandaan ,125000,
1.22 . 1.22.01 . 13 . 01 . 5 . 2 . 2 . 15 ,Belanja Perjalanan Dinas ,1860000,
1.22 . 1.22.01 . 13 . 01 . 5 . 2 . 2 . 15 . 01 ,Belanja Perjalanan Dinas Dalam Daerah ,390000,
1.22 . 1.22.01 . 13 . 01 . 5 . 2 . 2 . 15 . 02 ,Belanja Perjalanan Dinas Luar Daerah ,1470000,
1.22 . 1.22.01 . 13 . 03 ,Pendidikan dan Pelatihan Non Formal ,5000000,Sumber Dana :  Lokasi Kegiatan : Badan PMPDPKB Kab. Kulon Progo 
1.22 . 1.22.01 . 13 . 03 . 5 . 2 . 2 ,Belanja Barang dan Jasa ,5000000,
1.22 . 1.22.01 . 13 . 03 . 5 . 2 . 2 . 17 ,"Belanja kursus  pelatihan  sosialisasi dan bimbingan teknis PNS ",5000000,
1.22 . 1.22.01 . 13 . 03 . 5 . 2 . 2 . 17 . 03 ,Belanja Bimbingan Teknis ,5000000,
1.22 . 1.22.01 . 13 . 05 ,Pengadaan Pakaian Dinas Harian (PDH) ,17310500,Sumber Dana :  Lokasi Kegiatan : Badan PMPDPKB Kab. Kulon Progo 
1.22 . 1.22.01 . 13 . 05 . 5 . 2 . 1 ,Belanja Pegawai ,425000,
1.22 . 1.22.01 . 13 . 05 . 5 . 2 . 1 . 01 ,Honorarium PNS ,425000,
1.22 . 1.22.01 . 13 . 05 . 5 . 2 . 1 . 01 . 02 ,Honorarium Tim Pengadaan Barang Dan Jasa ,425000,
1.22 . 1.22.01 . 13 . 05 . 5 . 2 . 2 ,Belanja Barang dan Jasa ,16885500,
1.22 . 1.22.01 . 13 . 05 . 5 . 2 . 2 . 01 ,Belanja Bahan Pakai Habis ,85500,
1.22 . 1.22.01 . 13 . 05 . 5 . 2 . 2 . 01 . 01 ,Belanja Alat Tulis Kantor ,85500,
1.22 . 1.22.01 . 13 . 05 . 5 . 2 . 2 . 12 ,Belanja Pakaian Dinas dan Atributnya ,16800000,
1.22 . 1.22.01 . 13 . 05 . 5 . 2 . 2 . 12 . 04 ,Belanja Pakaian Dinas Harian (PDH) ,16800000,
1.12 . 1.22.01 . 15 ,Program Keluarga Berencana ,1572134425,
1.12 . 1.22.01 . 15 . 11 ,Penyediaan sarana dan prasarana program KB ,1293389425,Sumber Dana :  Lokasi Kegiatan : Badan PMPDPKB Kab. Kulon Progo 
1.12 . 1.22.01 . 15 . 11 . 5 . 2 . 1 ,Belanja Pegawai ,15825000,
1.12 . 1.22.01 . 15 . 11 . 5 . 2 . 1 . 01 ,Honorarium PNS ,15825000,
1.12 . 1.22.01 . 15 . 11 . 5 . 2 . 1 . 01 . 01 ,Honorarium Panitia Pelaksana Kegiatan ,15825000,
1.12 . 1.22.01 . 15 . 11 . 5 . 2 . 2 ,Belanja Barang dan Jasa ,37823800,
1.12 . 1.22.01 . 15 . 11 . 5 . 2 . 2 . 01 ,Belanja Bahan Pakai Habis ,1111150,
1.12 . 1.22.01 . 15 . 11 . 5 . 2 . 2 . 01 . 01 ,Belanja Alat Tulis Kantor ,1111150,
1.12 . 1.22.01 . 15 . 11 . 5 . 2 . 2 . 03 ,Belanja Jasa Kantor ,100000,
1.12 . 1.22.01 . 15 . 11 . 5 . 2 . 2 . 03 . 13 ,Belanja Dokumentasi ,100000,
1.12 . 1.22.01 . 15 . 11 . 5 . 2 . 2 . 06 ,Belanja Cetak dan Penggandaan ,440250,
1.12 . 1.22.01 . 15 . 11 . 5 . 2 . 2 . 06 . 02 ,Belanja Penggandaan ,440250,
1.12 . 1.22.01 . 15 . 11 . 5 . 2 . 2 . 11 ,Belanja Makanan dan  Minuman ,1800000,
1.12 . 1.22.01 . 15 . 11 . 5 . 2 . 2 . 11 . 02 ,Belanja Makanan Dan Minuman Rapat ,1800000,
1.12 . 1.22.01 . 15 . 11 . 5 . 2 . 2 . 15 ,Belanja Perjalanan Dinas ,34372400,
1.12 . 1.22.01 . 15 . 11 . 5 . 2 . 2 . 15 . 01 ,Belanja Perjalanan Dinas Dalam Daerah ,700000,
1.12 . 1.22.01 . 15 . 11 . 5 . 2 . 2 . 15 . 02 ,Belanja Perjalanan Dinas Luar Daerah ,33672400,
1.12 . 1.22.01 . 15 . 11 . 5 . 2 . 3 ,Belanja Modal ,1239740625,
1.12 . 1.22.01 . 15 . 11 . 5 . 2 . 3 . 27 ,Belanja Modal Peralatan dan Mesin - Pengadaan Alat Kantor ,6000000,
1.12 . 1.22.01 . 15 . 11 . 5 . 2 . 3 . 27 . 05 ,Belanja Modal Peralatan dan Mesin - Pengadaan Alat Kantor Lainnya ,6000000,Tempat sampah Tempat sampah fiberglass "4 buah x 1.500.000 00 = 6.000.000 00"
1.12 . 1.22.01 . 15 . 11 . 5 . 2 . 3 . 28 ,Belanja Modal Peralatan dan Mesin - Pengadaan Alat Rumah Tangga ,155650000,
1.12 . 1.22.01 . 15 . 11 . 5 . 2 . 3 . 28 . 01 ,Belanja Modal Peralatan dan Mesin - Pengadaan Meubelair ,155650000,Pengadaan almari Almari "4 buah x 6.000.000 00 = 24.000.000 00" Pengadaan Meja Meja 1/2 biro "4 buah x 2.300.000 00 = 9.200.000 00" Meja rapat kayu "4 buah x 5.000.000 00 = 20.000.000 00" Pengadaan kursi Kursi rapat "80 buah x 700.000 00 = 56.000.000 00" Kursi kerja (roda) "20 buah x 1.200.000 00 = 24.000.000 00" Pengadaan Rak kayu Rak kayu "4 buah x 5.500.000 00 = 22.000.000 00" Honor Pejabat pengadaan "1 org/bln x 250.000 00 = 250.000 00" Pejabat penerima "1 org/bln x 200.000 00 = 200.000 00"
1.12 . 1.22.01 . 15 . 11 . 5 . 2 . 3 . 29 ,Belanja Modal Peralatan dan Mesin - Pengadaan  Komputer ,80000000,
1.12 . 1.22.01 . 15 . 11 . 5 . 2 . 3 . 29 . 02 ,Belanja Modal Peralatan dan Mesin - Pengadaan Personal Komputer ,80000000,Lap Top Laptop "4 buah x 20.000.000 00 = 80.000.000 00"
1.12 . 1.22.01 . 15 . 11 . 5 . 2 . 3 . 31 ,Belanja Modal Peralatan dan Mesin - Pengadaan Alat Studio ,68000000,
1.12 . 1.22.01 . 15 . 11 . 5 . 2 . 3 . 31 . 01 ,Belanja Modal Peralatan dan Mesin - Pengadaan Peralatan Studio Visual ,68000000,Proyektor LCD Proyektor "4 buah x 15.000.000 00 = 60.000.000 00" Whiteboard Whiteboard magnetik "4 buah x 2.000.000 00 = 8.000.000 00"
1.12 . 1.22.01 . 15 . 11 . 5 . 2 . 3 . 49 ,Belanja Modal Gedung dan Bangunan - Pengadaan Bangunan Gedung Tempat Kerja,930090625,
1.12 . 1.22.01 . 15 . 11 . 5 . 2 . 3 . 49 . 27 ,Belanja Modal Gedung dan Bangunan - Pengadaan Bangunan Gedung Tempat Kerja Lainnya,930090625,Balai Penyuluhan KB Balai Penyuluhan KB Kecamatan Kokap "1 unit x 213.522.656 00 = 213.522.656 00" Balai Peyuluhan KB Kecamatan Wates "1 unit x 213.522.656 00 = 213.522.656 00" Balai Penyuluhan KB Kecamatan Galur "1 unit x 213.522.656 00 = 213.522.656 00" Balai Penyuluhan KB Kec. Sentolo "1 unit x 213.522.656 00 = 213.522.656 00" Ketua Panitia Pemeriksa "1 orang/bulan x 300.000 00 = 300.000 00" Sekretaris Panitia Pemeriksa "1 orang/bulan x 250.000 00 = 250.000 00" Anggota Panitia Pemeriksa "1 orang/bulan x 200.000 00 = 200.000 00" Konsultan Perencana "1 konsultan x 40.000.000 00 = 40.000.000 00" Konsultan Pengawasan "1 pengawas x 35.000.000 00 = 35.000.000 00" Pejabat Pengadaan Jasa Konsultansi "1 orang/bulan x 250.000 00 = 250.000 00" sisa "1 kali x 1 00 = 1 00"
1.12 . 1.22.01 . 15 . 12 ,Peningkatan Pelayanan KB ,156000000,Sumber Dana :  "Lokasi Kegiatan : Kabupaten  kecamatan desa"
1.12 . 1.22.01 . 15 . 12 . 5 . 2 . 1 ,Belanja Pegawai ,17680000,
1.12 . 1.22.01 . 15 . 12 . 5 . 2 . 1 . 01 ,Honorarium PNS ,10640000,
1.12 . 1.22.01 . 15 . 12 . 5 . 2 . 1 . 01 . 01 ,Honorarium Panitia Pelaksana Kegiatan ,10640000,
1.12 . 1.22.01 . 15 . 12 . 5 . 2 . 1 . 02 ,Honorarium Non PNS ,5600000,
1.12 . 1.22.01 . 15 . 12 . 5 . 2 . 1 . 02 . 03 ,Honorarium Harian ,5600000,
1.12 . 1.22.01 . 15 . 12 . 5 . 2 . 1 . 03 ,Uang Lembur ,1440000,
1.12 . 1.22.01 . 15 . 12 . 5 . 2 . 1 . 03 . 01 ,Uang Lembur PNS ,1440000,
1.12 . 1.22.01 . 15 . 12 . 5 . 2 . 2 ,Belanja Barang dan Jasa ,138320000,
1.12 . 1.22.01 . 15 . 12 . 5 . 2 . 2 . 01 ,Belanja Bahan Pakai Habis ,6167680,
1.12 . 1.22.01 . 15 . 12 . 5 . 2 . 2 . 01 . 01 ,Belanja Alat Tulis Kantor ,2342680,
1.12 . 1.22.01 . 15 . 12 . 5 . 2 . 2 . 01 . 08 ,Belanja Pengisian Tabung Gas ,550000,
1.12 . 1.22.01 . 15 . 12 . 5 . 2 . 2 . 01 . 09 ,Belanja Peralatan Pendukung Kantor ,275000,
1.12 . 1.22.01 . 15 . 12 . 5 . 2 . 2 . 01 . 12 ,Belanja Peralatan Pendukung Pengobatan ,3000000,
1.12 . 1.22.01 . 15 . 12 . 5 . 2 . 2 . 02 ,Belanja Bahan/Material ,35220000,
1.12 . 1.22.01 . 15 . 12 . 5 . 2 . 2 . 02 . 04 ,Belanja Bahan Obat-Obatan ,35220000,
1.12 . 1.22.01 . 15 . 12 . 5 . 2 . 2 . 03 ,Belanja Jasa Kantor ,2210000,
1.12 . 1.22.01 . 15 . 12 . 5 . 2 . 2 . 03 . 13 ,Belanja Dokumentasi ,450000,
1.12 . 1.22.01 . 15 . 12 . 5 . 2 . 2 . 03 . 14 ,Belanja Dekorasi ,1760000,
1.12 . 1.22.01 . 15 . 12 . 5 . 2 . 2 . 06 ,Belanja Cetak dan Penggandaan ,1397320,
1.12 . 1.22.01 . 15 . 12 . 5 . 2 . 2 . 06 . 01 ,Belanja Cetak ,580000,
1.12 . 1.22.01 . 15 . 12 . 5 . 2 . 2 . 06 . 02 ,Belanja Penggandaan ,817320,
1.12 . 1.22.01 . 15 . 12 . 5 . 2 . 2 . 08 ,Belanja Sewa Sarana Mobilitas ,2400000,
1.12 . 1.22.01 . 15 . 12 . 5 . 2 . 2 . 08 . 01 ,Belanja Sewa Sarana Mobilitas Darat ,2400000,
1.12 . 1.22.01 . 15 . 12 . 5 . 2 . 2 . 11 ,Belanja Makanan dan  Minuman ,62875000,
1.12 . 1.22.01 . 15 . 12 . 5 . 2 . 2 . 11 . 01 ,Belanja Makanan Dan Minuman Harian Pegawai ,1620000,
1.12 . 1.22.01 . 15 . 12 . 5 . 2 . 2 . 11 . 02 ,Belanja Makanan Dan Minuman Rapat ,57205000,
1.12 . 1.22.01 . 15 . 12 . 5 . 2 . 2 . 11 . 07 ,Belanja Makanan dan Minuman Harian Umum ,4050000,
1.12 . 1.22.01 . 15 . 12 . 5 . 2 . 2 . 15 ,Belanja Perjalanan Dinas ,1500000,
1.12 . 1.22.01 . 15 . 12 . 5 . 2 . 2 . 15 . 01 ,Belanja Perjalanan Dinas Dalam Daerah ,290000,
1.12 . 1.22.01 . 15 . 12 . 5 . 2 . 2 . 15 . 02 ,Belanja Perjalanan Dinas Luar Daerah ,1210000,
1.12 . 1.22.01 . 15 . 12 . 5 . 2 . 2 . 27 ,Belanja Tenaga Ahli/Instruktur/Narasumber ,26550000,
1.12 . 1.22.01 . 15 . 12 . 5 . 2 . 2 . 27 . 01 ,Jasa Tenaga Ahli/Instruktur/Narasumber ,26550000,
1.12 . 1.22.01 . 15 . 14 ,Advokasi dan KIE kepesertaan KB dan KRR ,88465000,Sumber Dana :  Lokasi Kegiatan : Kabupaten Kulon Progo 
1.12 . 1.22.01 . 15 . 14 . 5 . 2 . 1 ,Belanja Pegawai ,20770000,
1.12 . 1.22.01 . 15 . 14 . 5 . 2 . 1 . 01 ,Honorarium PNS ,3310000,
1.12 . 1.22.01 . 15 . 14 . 5 . 2 . 1 . 01 . 01 ,Honorarium Panitia Pelaksana Kegiatan ,3310000,
1.12 . 1.22.01 . 15 . 14 . 5 . 2 . 1 . 02 ,Honorarium Non PNS ,17460000,
1.12 . 1.22.01 . 15 . 14 . 5 . 2 . 1 . 02 . 03 ,Honorarium Harian ,17460000,
1.12 . 1.22.01 . 15 . 14 . 5 . 2 . 2 ,Belanja Barang dan Jasa ,67695000,
1.12 . 1.22.01 . 15 . 14 . 5 . 2 . 2 . 01 ,Belanja Bahan Pakai Habis ,3527500,
1.12 . 1.22.01 . 15 . 14 . 5 . 2 . 2 . 01 . 01 ,Belanja Alat Tulis Kantor ,1527500,
1.12 . 1.22.01 . 15 . 14 . 5 . 2 . 2 . 01 . 12 ,Belanja Peralatan Pendukung Pengobatan ,2000000,
1.12 . 1.22.01 . 15 . 14 . 5 . 2 . 2 . 03 ,Belanja Jasa Kantor ,6267000,
1.12 . 1.22.01 . 15 . 14 . 5 . 2 . 2 . 03 . 13 ,Belanja Dokumentasi ,200000,
1.12 . 1.22.01 . 15 . 14 . 5 . 2 . 2 . 03 . 14 ,Belanja Dekorasi ,2460000,
1.12 . 1.22.01 . 15 . 14 . 5 . 2 . 2 . 03 . 15 ,Belanja Publikasi ,3607000,
1.12 . 1.22.01 . 15 . 14 . 5 . 2 . 2 . 06 ,Belanja Cetak dan Penggandaan ,563000,
1.12 . 1.22.01 . 15 . 14 . 5 . 2 . 2 . 06 . 01 ,Belanja Cetak ,300000,
1.12 . 1.22.01 . 15 . 14 . 5 . 2 . 2 . 06 . 02 ,Belanja Penggandaan ,263000,
1.12 . 1.22.01 . 15 . 14 . 5 . 2 . 2 . 08 ,Belanja Sewa Sarana Mobilitas ,1860000,
1.12 . 1.22.01 . 15 . 14 . 5 . 2 . 2 . 08 . 01 ,Belanja Sewa Sarana Mobilitas Darat ,1860000,
1.12 . 1.22.01 . 15 . 14 . 5 . 2 . 2 . 10 ,Belanja Sewa Perlengkapan dan Peralatan Kantor ,5512500,
1.12 . 1.22.01 . 15 . 14 . 5 . 2 . 2 . 10 . 01 ,Belanja Sewa Meja Kursi ,262500,
1.12 . 1.22.01 . 15 . 14 . 5 . 2 . 2 . 10 . 05 ,Belanja Sewa Tenda ,3000000,
1.12 . 1.22.01 . 15 . 14 . 5 . 2 . 2 . 10 . 07 ,Belanja Sewa Sound System ,2250000,
1.12 . 1.22.01 . 15 . 14 . 5 . 2 . 2 . 11 ,Belanja Makanan dan  Minuman ,30015000,
1.12 . 1.22.01 . 15 . 14 . 5 . 2 . 2 . 11 . 02 ,Belanja Makanan Dan Minuman Rapat ,25015000,
1.12 . 1.22.01 . 15 . 14 . 5 . 2 . 2 . 11 . 07 ,Belanja Makanan dan Minuman Harian Umum ,5000000,
1.12 . 1.22.01 . 15 . 14 . 5 . 2 . 2 . 14 ,Belanja Pakaian khusus dan hari-hari tertentu ,3000000,
1.12 . 1.22.01 . 15 . 14 . 5 . 2 . 2 . 14 . 04 ,Belanja Pakaian Olahraga ,3000000,
1.12 . 1.22.01 . 15 . 14 . 5 . 2 . 2 . 15 ,Belanja Perjalanan Dinas ,1200000,
1.12 . 1.22.01 . 15 . 14 . 5 . 2 . 2 . 15 . 01 ,Belanja Perjalanan Dinas Dalam Daerah ,290000,
1.12 . 1.22.01 . 15 . 14 . 5 . 2 . 2 . 15 . 02 ,Belanja Perjalanan Dinas Luar Daerah ,910000,
1.12 . 1.22.01 . 15 . 14 . 5 . 2 . 2 . 27 ,Belanja Tenaga Ahli/Instruktur/Narasumber ,15750000,
1.12 . 1.22.01 . 15 . 14 . 5 . 2 . 2 . 27 . 01 ,Jasa Tenaga Ahli/Instruktur/Narasumber ,15750000,
1.12 . 1.22.01 . 15 . 15 ,Pembinaan Kelompok Masyarakat Peduli KB ,34280000,Sumber Dana :  Lokasi Kegiatan : Kabupaten Kulon Progo 
1.12 . 1.22.01 . 15 . 15 . 5 . 2 . 1 ,Belanja Pegawai ,2948000,
1.12 . 1.22.01 . 15 . 15 . 5 . 2 . 1 . 01 ,Honorarium PNS ,2660000,
1.12 . 1.22.01 . 15 . 15 . 5 . 2 . 1 . 01 . 01 ,Honorarium Panitia Pelaksana Kegiatan ,2660000,
1.12 . 1.22.01 . 15 . 15 . 5 . 2 . 1 . 03 ,Uang Lembur ,288000,
1.12 . 1.22.01 . 15 . 15 . 5 . 2 . 1 . 03 . 01 ,Uang Lembur PNS ,288000,
1.12 . 1.22.01 . 15 . 15 . 5 . 2 . 2 ,Belanja Barang dan Jasa ,31332000,
1.12 . 1.22.01 . 15 . 15 . 5 . 2 . 2 . 01 ,Belanja Bahan Pakai Habis ,1206300,
1.12 . 1.22.01 . 15 . 15 . 5 . 2 . 2 . 01 . 01 ,Belanja Alat Tulis Kantor ,1206300,
1.12 . 1.22.01 . 15 . 15 . 5 . 2 . 2 . 03 ,Belanja Jasa Kantor ,170000,
1.12 . 1.22.01 . 15 . 15 . 5 . 2 . 2 . 03 . 13 ,Belanja Dokumentasi ,170000,
1.12 . 1.22.01 . 15 . 15 . 5 . 2 . 2 . 06 ,Belanja Cetak dan Penggandaan ,281700,
1.12 . 1.22.01 . 15 . 15 . 5 . 2 . 2 . 06 . 02 ,Belanja Penggandaan ,281700,
1.12 . 1.22.01 . 15 . 15 . 5 . 2 . 2 . 11 ,Belanja Makanan dan  Minuman ,24964000,
1.12 . 1.22.01 . 15 . 15 . 5 . 2 . 2 . 11 . 01 ,Belanja Makanan Dan Minuman Harian Pegawai ,324000,
1.12 . 1.22.01 . 15 . 15 . 5 . 2 . 2 . 11 . 02 ,Belanja Makanan Dan Minuman Rapat ,24640000,
1.12 . 1.22.01 . 15 . 15 . 5 . 2 . 2 . 15 ,Belanja Perjalanan Dinas ,4710000,
1.12 . 1.22.01 . 15 . 15 . 5 . 2 . 2 . 15 . 01 ,Belanja Perjalanan Dinas Dalam Daerah ,4360000,
1.12 . 1.22.01 . 15 . 15 . 5 . 2 . 2 . 15 . 02 ,Belanja Perjalanan Dinas Luar Daerah ,350000,
1.11 . 1.22.01 . 18 ,Program Peningkatan Peran Serta dan Kesetaraan Gender Dalam Pembangunan,269179950,
1.11 . 1.22.01 . 18 . 07 ,Pemberdayaan lembaga berbasis gender ,189959950,Sumber Dana :  Lokasi Kegiatan : Kabupaten Kulon Progo 
1.11 . 1.22.01 . 18 . 07 . 5 . 2 . 1 ,Belanja Pegawai ,23610000,
1.11 . 1.22.01 . 18 . 07 . 5 . 2 . 1 . 02 ,Honorarium Non PNS ,23610000,
1.11 . 1.22.01 . 18 . 07 . 5 . 2 . 1 . 02 . 03 ,Honorarium Harian ,16010000,
1.11 . 1.22.01 . 18 . 07 . 5 . 2 . 1 . 02 . 04 ,Honorarium Tim ,7600000,
1.11 . 1.22.01 . 18 . 07 . 5 . 2 . 2 ,Belanja Barang dan Jasa ,166349950,
1.11 . 1.22.01 . 18 . 07 . 5 . 2 . 2 . 01 ,Belanja Bahan Pakai Habis ,3814000,
1.11 . 1.22.01 . 18 . 07 . 5 . 2 . 2 . 01 . 01 ,Belanja Alat Tulis Kantor ,3814000,
1.11 . 1.22.01 . 18 . 07 . 5 . 2 . 2 . 03 ,Belanja Jasa Kantor ,450000,
1.11 . 1.22.01 . 18 . 07 . 5 . 2 . 2 . 03 . 13 ,Belanja Dokumentasi ,300000,
1.11 . 1.22.01 . 18 . 07 . 5 . 2 . 2 . 03 . 14 ,Belanja Dekorasi ,150000,
1.11 . 1.22.01 . 18 . 07 . 5 . 2 . 2 . 06 ,Belanja Cetak dan Penggandaan ,10622150,
1.11 . 1.22.01 . 18 . 07 . 5 . 2 . 2 . 06 . 02 ,Belanja Penggandaan ,10622150,
1.11 . 1.22.01 . 18 . 07 . 5 . 2 . 2 . 11 ,Belanja Makanan dan  Minuman ,108989000,
1.11 . 1.22.01 . 18 . 07 . 5 . 2 . 2 . 11 . 02 ,Belanja Makanan Dan Minuman Rapat ,100260000,
1.11 . 1.22.01 . 18 . 07 . 5 . 2 . 2 . 11 . 04 ,"Belanja makanan dan minuman pelatihan  sosialisasi  penyuluhan ",8009000,
1.11 . 1.22.01 . 18 . 07 . 5 . 2 . 2 . 11 . 07 ,Belanja Makanan dan Minuman Harian Umum ,720000,
1.11 . 1.22.01 . 18 . 07 . 5 . 2 . 2 . 15 ,Belanja Perjalanan Dinas ,30674800,
1.11 . 1.22.01 . 18 . 07 . 5 . 2 . 2 . 15 . 02 ,Belanja Perjalanan Dinas Luar Daerah ,30674800,
1.11 . 1.22.01 . 18 . 07 . 5 . 2 . 2 . 27 ,Belanja Tenaga Ahli/Instruktur/Narasumber ,6600000,
1.11 . 1.22.01 . 18 . 07 . 5 . 2 . 2 . 27 . 01 ,Jasa Tenaga Ahli/Instruktur/Narasumber ,6600000,
1.11 . 1.22.01 . 18 . 07 . 5 . 2 . 2 . 28 ,Belanja Hadiah atas Prestasi dan Penghargaan ,5200000,
1.11 . 1.22.01 . 18 . 07 . 5 . 2 . 2 . 28 . 01 ,Belanja Hadiah Atas Prestasi ,5200000,
1.11 . 1.22.01 . 18 . 10 ,Peningkatan implementasi PPRG dan ARG ,22395000,Sumber Dana :  Lokasi Kegiatan : Kabupaten Kulon Progo 
1.11 . 1.22.01 . 18 . 10 . 5 . 2 . 1 ,Belanja Pegawai ,1750000,
1.11 . 1.22.01 . 18 . 10 . 5 . 2 . 1 . 01 ,Honorarium PNS ,1750000,
1.11 . 1.22.01 . 18 . 10 . 5 . 2 . 1 . 01 . 05 ,Honorarium Penyelenggaraan Kegiatan ,1750000,
1.11 . 1.22.01 . 18 . 10 . 5 . 2 . 2 ,Belanja Barang dan Jasa ,20645000,
1.11 . 1.22.01 . 18 . 10 . 5 . 2 . 2 . 01 ,Belanja Bahan Pakai Habis ,3899900,
1.11 . 1.22.01 . 18 . 10 . 5 . 2 . 2 . 01 . 01 ,Belanja Alat Tulis Kantor ,3899900,
1.11 . 1.22.01 . 18 . 10 . 5 . 2 . 2 . 03 ,Belanja Jasa Kantor ,150000,
1.11 . 1.22.01 . 18 . 10 . 5 . 2 . 2 . 03 . 14 ,Belanja Dekorasi ,150000,
1.11 . 1.22.01 . 18 . 10 . 5 . 2 . 2 . 06 ,Belanja Cetak dan Penggandaan ,1115100,
1.11 . 1.22.01 . 18 . 10 . 5 . 2 . 2 . 06 . 02 ,Belanja Penggandaan ,1115100,
1.11 . 1.22.01 . 18 . 10 . 5 . 2 . 2 . 11 ,Belanja Makanan dan  Minuman ,10375000,
1.11 . 1.22.01 . 18 . 10 . 5 . 2 . 2 . 11 . 02 ,Belanja Makanan Dan Minuman Rapat ,2875000,
1.11 . 1.22.01 . 18 . 10 . 5 . 2 . 2 . 11 . 04 ,"Belanja makanan dan minuman pelatihan  sosialisasi  penyuluhan ",7500000,
1.11 . 1.22.01 . 18 . 10 . 5 . 2 . 2 . 15 ,Belanja Perjalanan Dinas ,3230000,
1.11 . 1.22.01 . 18 . 10 . 5 . 2 . 2 . 15 . 02 ,Belanja Perjalanan Dinas Luar Daerah ,3230000,
1.11 . 1.22.01 . 18 . 10 . 5 . 2 . 2 . 27 ,Belanja Tenaga Ahli/Instruktur/Narasumber ,1875000,
1.11 . 1.22.01 . 18 . 10 . 5 . 2 . 2 . 27 . 01 ,Jasa Tenaga Ahli/Instruktur/Narasumber ,1875000,
1.11 . 1.22.01 . 18 . 11 ,Pemutakhiran data pilah gender dan anak ,22280000,Sumber Dana :  Lokasi Kegiatan : Kabupaten Kulon Progo 
1.11 . 1.22.01 . 18 . 11 . 5 . 2 . 1 ,Belanja Pegawai ,10920000,
1.11 . 1.22.01 . 18 . 11 . 5 . 2 . 1 . 01 ,Honorarium PNS ,10920000,
1.11 . 1.22.01 . 18 . 11 . 5 . 2 . 1 . 01 . 01 ,Honorarium Panitia Pelaksana Kegiatan ,10920000,
1.11 . 1.22.01 . 18 . 11 . 5 . 2 . 2 ,Belanja Barang dan Jasa ,11360000,
1.11 . 1.22.01 . 18 . 11 . 5 . 2 . 2 . 01 ,Belanja Bahan Pakai Habis ,605450,
1.11 . 1.22.01 . 18 . 11 . 5 . 2 . 2 . 01 . 01 ,Belanja Alat Tulis Kantor ,605450,
1.11 . 1.22.01 . 18 . 11 . 5 . 2 . 2 . 06 ,Belanja Cetak dan Penggandaan ,1819550,
1.11 . 1.22.01 . 18 . 11 . 5 . 2 . 2 . 06 . 02 ,Belanja Penggandaan ,1819550,
1.11 . 1.22.01 . 18 . 11 . 5 . 2 . 2 . 11 ,Belanja Makanan dan  Minuman ,5875000,
1.11 . 1.22.01 . 18 . 11 . 5 . 2 . 2 . 11 . 02 ,Belanja Makanan Dan Minuman Rapat ,5875000,
1.11 . 1.22.01 . 18 . 11 . 5 . 2 . 2 . 15 ,Belanja Perjalanan Dinas ,3060000,
1.11 . 1.22.01 . 18 . 11 . 5 . 2 . 2 . 15 . 02 ,Belanja Perjalanan Dinas Luar Daerah ,3060000,
1.11 . 1.22.01 . 18 . 13 ,Pembinaan Gerakan Sayang Ibu (GSI) ,34545000,Sumber Dana :  Lokasi Kegiatan : Kabupaten Kulon Progo 
1.11 . 1.22.01 . 18 . 13 . 5 . 2 . 1 ,Belanja Pegawai ,10920000,
1.11 . 1.22.01 . 18 . 13 . 5 . 2 . 1 . 01 ,Honorarium PNS ,10420000,
1.11 . 1.22.01 . 18 . 13 . 5 . 2 . 1 . 01 . 01 ,Honorarium Panitia Pelaksana Kegiatan ,10420000,
1.11 . 1.22.01 . 18 . 13 . 5 . 2 . 1 . 02 ,Honorarium Non PNS ,500000,
1.11 . 1.22.01 . 18 . 13 . 5 . 2 . 1 . 02 . 04 ,Honorarium Tim ,500000,
1.11 . 1.22.01 . 18 . 13 . 5 . 2 . 2 ,Belanja Barang dan Jasa ,23625000,
1.11 . 1.22.01 . 18 . 13 . 5 . 2 . 2 . 01 ,Belanja Bahan Pakai Habis ,337450,
1.11 . 1.22.01 . 18 . 13 . 5 . 2 . 2 . 01 . 01 ,Belanja Alat Tulis Kantor ,337450,
1.11 . 1.22.01 . 18 . 13 . 5 . 2 . 2 . 03 ,Belanja Jasa Kantor ,300000,
1.11 . 1.22.01 . 18 . 13 . 5 . 2 . 2 . 03 . 13 ,Belanja Dokumentasi ,150000,
1.11 . 1.22.01 . 18 . 13 . 5 . 2 . 2 . 03 . 14 ,Belanja Dekorasi ,150000,
1.11 . 1.22.01 . 18 . 13 . 5 . 2 . 2 . 06 ,Belanja Cetak dan Penggandaan ,322550,
1.11 . 1.22.01 . 18 . 13 . 5 . 2 . 2 . 06 . 02 ,Belanja Penggandaan ,322550,
1.11 . 1.22.01 . 18 . 13 . 5 . 2 . 2 . 11 ,Belanja Makanan dan  Minuman ,9240000,
1.11 . 1.22.01 . 18 . 13 . 5 . 2 . 2 . 11 . 02 ,Belanja Makanan Dan Minuman Rapat ,1800000,
1.11 . 1.22.01 . 18 . 13 . 5 . 2 . 2 . 11 . 04 ,"Belanja makanan dan minuman pelatihan  sosialisasi  penyuluhan ",7440000,
1.11 . 1.22.01 . 18 . 13 . 5 . 2 . 2 . 15 ,Belanja Perjalanan Dinas ,1975000,
1.11 . 1.22.01 . 18 . 13 . 5 . 2 . 2 . 15 . 01 ,Belanja Perjalanan Dinas Dalam Daerah ,1050000,
1.11 . 1.22.01 . 18 . 13 . 5 . 2 . 2 . 15 . 02 ,Belanja Perjalanan Dinas Luar Daerah ,925000,
1.11 . 1.22.01 . 18 . 13 . 5 . 2 . 2 . 27 ,Belanja Tenaga Ahli/Instruktur/Narasumber ,450000,
1.11 . 1.22.01 . 18 . 13 . 5 . 2 . 2 . 27 . 01 ,Jasa Tenaga Ahli/Instruktur/Narasumber ,450000,
1.11 . 1.22.01 . 18 . 13 . 5 . 2 . 2 . 28 ,Belanja Hadiah atas Prestasi dan Penghargaan ,11000000,
1.11 . 1.22.01 . 18 . 13 . 5 . 2 . 2 . 28 . 01 ,Belanja Hadiah Atas Prestasi ,11000000,
1.11 . 1.22.01 . 20 ,Program Peningkatan Kualitas Hidup dan Perlindungan Perempuan dan Anak,696253450,
1.11 . 1.22.01 . 20 . 06 ,Pendampingan dan perlindungan perempuan dan anak ,131589500,Sumber Dana :  Lokasi Kegiatan : Lingkup Kabupaten Kulon Progo 
1.11 . 1.22.01 . 20 . 06 . 5 . 2 . 1 ,Belanja Pegawai ,66110000,
1.11 . 1.22.01 . 20 . 06 . 5 . 2 . 1 . 01 ,Honorarium PNS ,40640000,
1.11 . 1.22.01 . 20 . 06 . 5 . 2 . 1 . 01 . 01 ,Honorarium Panitia Pelaksana Kegiatan ,40640000,
1.11 . 1.22.01 . 20 . 06 . 5 . 2 . 1 . 02 ,Honorarium Non PNS ,25470000,
1.11 . 1.22.01 . 20 . 06 . 5 . 2 . 1 . 02 . 03 ,Honorarium Harian ,18270000,
1.11 . 1.22.01 . 20 . 06 . 5 . 2 . 1 . 02 . 04 ,Honorarium Tim ,7200000,
1.11 . 1.22.01 . 20 . 06 . 5 . 2 . 2 ,Belanja Barang dan Jasa ,65479500,
1.11 . 1.22.01 . 20 . 06 . 5 . 2 . 2 . 01 ,Belanja Bahan Pakai Habis ,2468700,
1.11 . 1.22.01 . 20 . 06 . 5 . 2 . 2 . 01 . 01 ,Belanja Alat Tulis Kantor ,1336700,
1.11 . 1.22.01 . 20 . 06 . 5 . 2 . 2 . 01 . 05 ,Belanja Peralatan Kebersihan Dan Bahan Pembersih ,1132000,
1.11 . 1.22.01 . 20 . 06 . 5 . 2 . 2 . 02 ,Belanja Bahan/Material ,344000,
1.11 . 1.22.01 . 20 . 06 . 5 . 2 . 2 . 02 . 04 ,Belanja Bahan Obat-Obatan ,344000,
1.11 . 1.22.01 . 20 . 06 . 5 . 2 . 2 . 03 ,Belanja Jasa Kantor ,6050000,
1.11 . 1.22.01 . 20 . 06 . 5 . 2 . 2 . 03 . 15 ,Belanja Publikasi ,1050000,
1.11 . 1.22.01 . 20 . 06 . 5 . 2 . 2 . 03 . 25 ,Belanja Jasa Penyelesaian Perkara ,5000000,
1.11 . 1.22.01 . 20 . 06 . 5 . 2 . 2 . 06 ,Belanja Cetak dan Penggandaan ,2154800,
1.11 . 1.22.01 . 20 . 06 . 5 . 2 . 2 . 06 . 01 ,Belanja Cetak ,770000,
1.11 . 1.22.01 . 20 . 06 . 5 . 2 . 2 . 06 . 02 ,Belanja Penggandaan ,1384800,
1.11 . 1.22.01 . 20 . 06 . 5 . 2 . 2 . 11 ,Belanja Makanan dan  Minuman ,12507000,
1.11 . 1.22.01 . 20 . 06 . 5 . 2 . 2 . 11 . 02 ,Belanja Makanan Dan Minuman Rapat ,9915000,
1.11 . 1.22.01 . 20 . 06 . 5 . 2 . 2 . 11 . 07 ,Belanja Makanan dan Minuman Harian Umum ,2592000,
1.11 . 1.22.01 . 20 . 06 . 5 . 2 . 2 . 15 ,Belanja Perjalanan Dinas ,17955000,
1.11 . 1.22.01 . 20 . 06 . 5 . 2 . 2 . 15 . 01 ,Belanja Perjalanan Dinas Dalam Daerah ,4400000,
1.11 . 1.22.01 . 20 . 06 . 5 . 2 . 2 . 15 . 02 ,Belanja Perjalanan Dinas Luar Daerah ,13555000,
1.11 . 1.22.01 . 20 . 06 . 5 . 2 . 2 . 27 ,Belanja Tenaga Ahli/Instruktur/Narasumber ,24000000,
1.11 . 1.22.01 . 20 . 06 . 5 . 2 . 2 . 27 . 01 ,Jasa Tenaga Ahli/Instruktur/Narasumber ,24000000,
1.11 . 1.22.01 . 20 . 07 ,Peningkatan kualitas hidup anak ,539493950,Sumber Dana :  Lokasi Kegiatan : Lingkup Kabupaten Kulon Progo 
1.11 . 1.22.01 . 20 . 07 . 5 . 2 . 1 ,Belanja Pegawai ,34680000,
1.11 . 1.22.01 . 20 . 07 . 5 . 2 . 1 . 01 ,Honorarium PNS ,24930000,
1.11 . 1.22.01 . 20 . 07 . 5 . 2 . 1 . 01 . 01 ,Honorarium Panitia Pelaksana Kegiatan ,24930000,
1.11 . 1.22.01 . 20 . 07 . 5 . 2 . 1 . 02 ,Honorarium Non PNS ,9750000,
1.11 . 1.22.01 . 20 . 07 . 5 . 2 . 1 . 02 . 03 ,Honorarium Harian ,7350000,
1.11 . 1.22.01 . 20 . 07 . 5 . 2 . 1 . 02 . 04 ,Honorarium Tim ,2400000,
1.11 . 1.22.01 . 20 . 07 . 5 . 2 . 2 ,Belanja Barang dan Jasa ,504813950,
1.11 . 1.22.01 . 20 . 07 . 5 . 2 . 2 . 01 ,Belanja Bahan Pakai Habis ,2264250,
1.11 . 1.22.01 . 20 . 07 . 5 . 2 . 2 . 01 . 01 ,Belanja Alat Tulis Kantor ,2264250,
1.11 . 1.22.01 . 20 . 07 . 5 . 2 . 2 . 06 ,Belanja Cetak dan Penggandaan ,13637300,
1.11 . 1.22.01 . 20 . 07 . 5 . 2 . 2 . 06 . 02 ,Belanja Penggandaan ,13637300,
1.11 . 1.22.01 . 20 . 07 . 5 . 2 . 2 . 11 ,Belanja Makanan dan  Minuman ,468795000,
1.11 . 1.22.01 . 20 . 07 . 5 . 2 . 2 . 11 . 02 ,Belanja Makanan Dan Minuman Rapat ,12145000,
1.11 . 1.22.01 . 20 . 07 . 5 . 2 . 2 . 11 . 04 ,"Belanja makanan dan minuman pelatihan  sosialisasi  penyuluhan ",1250000,
1.11 . 1.22.01 . 20 . 07 . 5 . 2 . 2 . 11 . 06 ,"Belanja Makanan dan Minuman Tambahan bagi Balita  Anak Sekolah dan Lansia",455400000,
1.11 . 1.22.01 . 20 . 07 . 5 . 2 . 2 . 15 ,Belanja Perjalanan Dinas ,19592400,
1.11 . 1.22.01 . 20 . 07 . 5 . 2 . 2 . 15 . 01 ,Belanja Perjalanan Dinas Dalam Daerah ,7680000,
1.11 . 1.22.01 . 20 . 07 . 5 . 2 . 2 . 15 . 02 ,Belanja Perjalanan Dinas Luar Daerah ,11912400,
1.11 . 1.22.01 . 20 . 07 . 5 . 2 . 2 . 27 ,Belanja Tenaga Ahli/Instruktur/Narasumber ,525000,
1.11 . 1.22.01 . 20 . 07 . 5 . 2 . 2 . 27 . 01 ,Jasa Tenaga Ahli/Instruktur/Narasumber ,525000,
1.11 . 1.22.01 . 20 . 08 ,Peningkatan peranan wanita ,25170000,Sumber Dana :  Lokasi Kegiatan : Kabupaten Kulon Progo 
1.11 . 1.22.01 . 20 . 08 . 5 . 2 . 2 ,Belanja Barang dan Jasa ,25170000,
1.11 . 1.22.01 . 20 . 08 . 5 . 2 . 2 . 01 ,Belanja Bahan Pakai Habis ,512500,
1.11 . 1.22.01 . 20 . 08 . 5 . 2 . 2 . 01 . 01 ,Belanja Alat Tulis Kantor ,512500,
1.11 . 1.22.01 . 20 . 08 . 5 . 2 . 2 . 02 ,Belanja Bahan/Material ,800000,
1.11 . 1.22.01 . 20 . 08 . 5 . 2 . 2 . 02 . 06 ,Belanja Bahan Percontohan ,800000,
1.11 . 1.22.01 . 20 . 08 . 5 . 2 . 2 . 03 ,Belanja Jasa Kantor ,125000,
1.11 . 1.22.01 . 20 . 08 . 5 . 2 . 2 . 03 . 13 ,Belanja Dokumentasi ,50000,
1.11 . 1.22.01 . 20 . 08 . 5 . 2 . 2 . 03 . 14 ,Belanja Dekorasi ,75000,
1.11 . 1.22.01 . 20 . 08 . 5 . 2 . 2 . 06 ,Belanja Cetak dan Penggandaan ,927500,
1.11 . 1.22.01 . 20 . 08 . 5 . 2 . 2 . 06 . 02 ,Belanja Penggandaan ,927500,
1.11 . 1.22.01 . 20 . 08 . 5 . 2 . 2 . 11 ,Belanja Makanan dan  Minuman ,11170000,
1.11 . 1.22.01 . 20 . 08 . 5 . 2 . 2 . 11 . 02 ,Belanja Makanan Dan Minuman Rapat ,6270000,
1.11 . 1.22.01 . 20 . 08 . 5 . 2 . 2 . 11 . 04 ,"Belanja makanan dan minuman pelatihan  sosialisasi  penyuluhan ",4900000,
1.11 . 1.22.01 . 20 . 08 . 5 . 2 . 2 . 15 ,Belanja Perjalanan Dinas ,3785000,
1.11 . 1.22.01 . 20 . 08 . 5 . 2 . 2 . 15 . 01 ,Belanja Perjalanan Dinas Dalam Daerah ,2130000,
1.11 . 1.22.01 . 20 . 08 . 5 . 2 . 2 . 15 . 02 ,Belanja Perjalanan Dinas Luar Daerah ,1655000,
1.11 . 1.22.01 . 20 . 08 . 5 . 2 . 2 . 27 ,Belanja Tenaga Ahli/Instruktur/Narasumber ,2850000,
1.11 . 1.22.01 . 20 . 08 . 5 . 2 . 2 . 27 . 01 ,Jasa Tenaga Ahli/Instruktur/Narasumber ,2850000,
1.11 . 1.22.01 . 20 . 08 . 5 . 2 . 2 . 28 ,Belanja Hadiah atas Prestasi dan Penghargaan ,5000000,
1.11 . 1.22.01 . 20 . 08 . 5 . 2 . 2 . 28 . 01 ,Belanja Hadiah Atas Prestasi ,5000000,
1.22 . 1.22.01 . 21 ,Program Pengembangan Kapasitas Otonomi Desa ,3256030900,
1.22 . 1.22.01 . 21 . 04 ,Pendampingan Pemilihan Kepala Desa dan Pengisian Perangkat Desa ,1597180375,Sumber Dana :  Lokasi Kegiatan : Kabupaten Kulon Progo 
1.22 . 1.22.01 . 21 . 04 . 5 . 2 . 1 ,Belanja Pegawai ,638150000,
1.22 . 1.22.01 . 21 . 04 . 5 . 2 . 1 . 01 ,Honorarium PNS ,38185000,
1.22 . 1.22.01 . 21 . 04 . 5 . 2 . 1 . 01 . 01 ,Honorarium Panitia Pelaksana Kegiatan ,36360000,
1.22 . 1.22.01 . 21 . 04 . 5 . 2 . 1 . 01 . 02 ,Honorarium Tim Pengadaan Barang Dan Jasa ,1275000,
1.22 . 1.22.01 . 21 . 04 . 5 . 2 . 1 . 01 . 05 ,Honorarium Penyelenggaraan Kegiatan ,550000,
1.22 . 1.22.01 . 21 . 04 . 5 . 2 . 1 . 02 ,Honorarium Non PNS ,585885000,
1.22 . 1.22.01 . 21 . 04 . 5 . 2 . 1 . 02 . 04 ,Honorarium Tim ,585885000,
1.22 . 1.22.01 . 21 . 04 . 5 . 2 . 1 . 03 ,Uang Lembur ,14080000,
1.22 . 1.22.01 . 21 . 04 . 5 . 2 . 1 . 03 . 01 ,Uang Lembur PNS ,14080000,
1.22 . 1.22.01 . 21 . 04 . 5 . 2 . 2 ,Belanja Barang dan Jasa ,959030375,
1.22 . 1.22.01 . 21 . 04 . 5 . 2 . 2 . 01 ,Belanja Bahan Pakai Habis ,77267075,
1.22 . 1.22.01 . 21 . 04 . 5 . 2 . 2 . 01 . 01 ,Belanja Alat Tulis Kantor ,77267075,
1.22 . 1.22.01 . 21 . 04 . 5 . 2 . 2 . 03 ,Belanja Jasa Kantor ,20000000,
1.22 . 1.22.01 . 21 . 04 . 5 . 2 . 2 . 03 . 36 ,Belanja Jasa Penyusunan Naskah Akademik ,20000000,
1.22 . 1.22.01 . 21 . 04 . 5 . 2 . 2 . 06 ,Belanja Cetak dan Penggandaan ,193859200,
1.22 . 1.22.01 . 21 . 04 . 5 . 2 . 2 . 06 . 01 ,Belanja Cetak ,153696700,
1.22 . 1.22.01 . 21 . 04 . 5 . 2 . 2 . 06 . 02 ,Belanja Penggandaan ,40162500,
1.22 . 1.22.01 . 21 . 04 . 5 . 2 . 2 . 08 ,Belanja Sewa Sarana Mobilitas ,5250000,
1.22 . 1.22.01 . 21 . 04 . 5 . 2 . 2 . 08 . 01 ,Belanja Sewa Sarana Mobilitas Darat ,5250000,
1.22 . 1.22.01 . 21 . 04 . 5 . 2 . 2 . 10 ,Belanja Sewa Perlengkapan dan Peralatan Kantor ,95800000,
1.22 . 1.22.01 . 21 . 04 . 5 . 2 . 2 . 10 . 01 ,Belanja Sewa Meja Kursi ,35075000,
1.22 . 1.22.01 . 21 . 04 . 5 . 2 . 2 . 10 . 05 ,Belanja Sewa Tenda ,60725000,
1.22 . 1.22.01 . 21 . 04 . 5 . 2 . 2 . 11 ,Belanja Makanan dan  Minuman ,547334100,
1.22 . 1.22.01 . 21 . 04 . 5 . 2 . 2 . 11 . 01 ,Belanja Makanan Dan Minuman Harian Pegawai ,6120000,
1.22 . 1.22.01 . 21 . 04 . 5 . 2 . 2 . 11 . 02 ,Belanja Makanan Dan Minuman Rapat ,541214100,"Sisa 1 keg x 17.100 00 = 17.100 00"
1.22 . 1.22.01 . 21 . 04 . 5 . 2 . 2 . 15 ,Belanja Perjalanan Dinas ,19520000,
1.22 . 1.22.01 . 21 . 04 . 5 . 2 . 2 . 15 . 01 ,Belanja Perjalanan Dinas Dalam Daerah ,19520000,
1.22 . 1.22.01 . 21 . 07 ,Pembinaan pengelolaan keuangan desa ,62502500,Sumber Dana :  Lokasi Kegiatan : Kabupaten Kulon Progo 
1.22 . 1.22.01 . 21 . 07 . 5 . 2 . 1 ,Belanja Pegawai ,19950000,
1.22 . 1.22.01 . 21 . 07 . 5 . 2 . 1 . 01 ,Honorarium PNS ,6460000,
1.22 . 1.22.01 . 21 . 07 . 5 . 2 . 1 . 01 . 01 ,Honorarium Panitia Pelaksana Kegiatan ,6460000,
1.22 . 1.22.01 . 21 . 07 . 5 . 2 . 1 . 02 ,Honorarium Non PNS ,13058000,
1.22 . 1.22.01 . 21 . 07 . 5 . 2 . 1 . 02 . 03 ,Honorarium Harian ,13058000,
1.22 . 1.22.01 . 21 . 07 . 5 . 2 . 1 . 03 ,Uang Lembur ,432000,
1.22 . 1.22.01 . 21 . 07 . 5 . 2 . 1 . 03 . 01 ,Uang Lembur PNS ,432000,
1.22 . 1.22.01 . 21 . 07 . 5 . 2 . 2 ,Belanja Barang dan Jasa ,42552500,
1.22 . 1.22.01 . 21 . 07 . 5 . 2 . 2 . 01 ,Belanja Bahan Pakai Habis ,1444650,
1.22 . 1.22.01 . 21 . 07 . 5 . 2 . 2 . 01 . 01 ,Belanja Alat Tulis Kantor ,1444650,
1.22 . 1.22.01 . 21 . 07 . 5 . 2 . 2 . 06 ,Belanja Cetak dan Penggandaan ,5831850,
1.22 . 1.22.01 . 21 . 07 . 5 . 2 . 2 . 06 . 01 ,Belanja Cetak ,652500,
1.22 . 1.22.01 . 21 . 07 . 5 . 2 . 2 . 06 . 02 ,Belanja Penggandaan ,5179350,
1.22 . 1.22.01 . 21 . 07 . 5 . 2 . 2 . 11 ,Belanja Makanan dan  Minuman ,20516000,
1.22 . 1.22.01 . 21 . 07 . 5 . 2 . 2 . 11 . 01 ,Belanja Makanan Dan Minuman Harian Pegawai ,486000,
1.22 . 1.22.01 . 21 . 07 . 5 . 2 . 2 . 11 . 02 ,Belanja Makanan Dan Minuman Rapat ,2750000,
1.22 . 1.22.01 . 21 . 07 . 5 . 2 . 2 . 11 . 04 ,"Belanja makanan dan minuman pelatihan  sosialisasi  penyuluhan ",17280000,
1.22 . 1.22.01 . 21 . 07 . 5 . 2 . 2 . 15 ,Belanja Perjalanan Dinas ,8760000,
1.22 . 1.22.01 . 21 . 07 . 5 . 2 . 2 . 15 . 01 ,Belanja Perjalanan Dinas Dalam Daerah ,5160000,
1.22 . 1.22.01 . 21 . 07 . 5 . 2 . 2 . 15 . 02 ,Belanja Perjalanan Dinas Luar Daerah ,3600000,
1.22 . 1.22.01 . 21 . 07 . 5 . 2 . 2 . 27 ,Belanja Tenaga Ahli/Instruktur/Narasumber ,6000000,
1.22 . 1.22.01 . 21 . 07 . 5 . 2 . 2 . 27 . 01 ,Jasa Tenaga Ahli/Instruktur/Narasumber ,6000000,
1.22 . 1.22.01 . 21 . 08 ,Pembinaan pengelolaan asset  desa ,33950150,Sumber Dana :  Lokasi Kegiatan : Kabupaten Kulon Progo 
1.22 . 1.22.01 . 21 . 08 . 5 . 2 . 1 ,Belanja Pegawai ,18135000,
1.22 . 1.22.01 . 21 . 08 . 5 . 2 . 1 . 01 ,Honorarium PNS ,13755000,
1.22 . 1.22.01 . 21 . 08 . 5 . 2 . 1 . 01 . 01 ,Honorarium Panitia Pelaksana Kegiatan ,13755000,
1.22 . 1.22.01 . 21 . 08 . 5 . 2 . 1 . 02 ,Honorarium Non PNS ,3420000,
1.22 . 1.22.01 . 21 . 08 . 5 . 2 . 1 . 02 . 03 ,Honorarium Harian ,3420000,
1.22 . 1.22.01 . 21 . 08 . 5 . 2 . 1 . 03 ,Uang Lembur ,960000,
1.22 . 1.22.01 . 21 . 08 . 5 . 2 . 1 . 03 . 01 ,Uang Lembur PNS ,960000,
1.22 . 1.22.01 . 21 . 08 . 5 . 2 . 2 ,Belanja Barang dan Jasa ,15815150,
1.22 . 1.22.01 . 21 . 08 . 5 . 2 . 2 . 01 ,Belanja Bahan Pakai Habis ,1428600,
1.22 . 1.22.01 . 21 . 08 . 5 . 2 . 2 . 01 . 01 ,Belanja Alat Tulis Kantor ,1428600,
1.22 . 1.22.01 . 21 . 08 . 5 . 2 . 2 . 06 ,Belanja Cetak dan Penggandaan ,1656550,
1.22 . 1.22.01 . 21 . 08 . 5 . 2 . 2 . 06 . 02 ,Belanja Penggandaan ,1656550,
1.22 . 1.22.01 . 21 . 08 . 5 . 2 . 2 . 11 ,Belanja Makanan dan  Minuman ,7030000,
1.22 . 1.22.01 . 21 . 08 . 5 . 2 . 2 . 11 . 01 ,Belanja Makanan Dan Minuman Harian Pegawai ,1080000,
1.22 . 1.22.01 . 21 . 08 . 5 . 2 . 2 . 11 . 02 ,Belanja Makanan Dan Minuman Rapat ,5950000,
1.22 . 1.22.01 . 21 . 08 . 5 . 2 . 2 . 15 ,Belanja Perjalanan Dinas ,4800000,
1.22 . 1.22.01 . 21 . 08 . 5 . 2 . 2 . 15 . 01 ,Belanja Perjalanan Dinas Dalam Daerah ,3600000,
1.22 . 1.22.01 . 21 . 08 . 5 . 2 . 2 . 15 . 02 ,Belanja Perjalanan Dinas Luar Daerah ,1200000,
1.22 . 1.22.01 . 21 . 08 . 5 . 2 . 2 . 27 ,Belanja Tenaga Ahli/Instruktur/Narasumber ,900000,
1.22 . 1.22.01 . 21 . 08 . 5 . 2 . 2 . 27 . 01 ,Jasa Tenaga Ahli/Instruktur/Narasumber ,900000,
1.22 . 1.22.01 . 21 . 09 ,Pembinaan tata pemerintahan desa ,144339000,Sumber Dana :  Lokasi Kegiatan : Kabupaten Kulon Progo 
1.22 . 1.22.01 . 21 . 09 . 5 . 2 . 1 ,Belanja Pegawai ,106190000,
1.22 . 1.22.01 . 21 . 09 . 5 . 2 . 1 . 01 ,Honorarium PNS ,100870000,
1.22 . 1.22.01 . 21 . 09 . 5 . 2 . 1 . 01 . 01 ,Honorarium Panitia Pelaksana Kegiatan ,100870000,
1.22 . 1.22.01 . 21 . 09 . 5 . 2 . 1 . 02 ,Honorarium Non PNS ,3960000,
1.22 . 1.22.01 . 21 . 09 . 5 . 2 . 1 . 02 . 03 ,Honorarium Harian ,3960000,"Transport peserta 132 orang x 30.000 00 = 3.960.000 00"
1.22 . 1.22.01 . 21 . 09 . 5 . 2 . 1 . 03 ,Uang Lembur ,1360000,
1.22 . 1.22.01 . 21 . 09 . 5 . 2 . 1 . 03 . 01 ,Uang Lembur PNS ,1360000,
1.22 . 1.22.01 . 21 . 09 . 5 . 2 . 2 ,Belanja Barang dan Jasa ,38149000,
1.22 . 1.22.01 . 21 . 09 . 5 . 2 . 2 . 01 ,Belanja Bahan Pakai Habis ,2834450,
1.22 . 1.22.01 . 21 . 09 . 5 . 2 . 2 . 01 . 01 ,Belanja Alat Tulis Kantor ,2834450,
1.22 . 1.22.01 . 21 . 09 . 5 . 2 . 2 . 06 ,Belanja Cetak dan Penggandaan ,2409750,
1.22 . 1.22.01 . 21 . 09 . 5 . 2 . 2 . 06 . 02 ,Belanja Penggandaan ,2409750,
1.22 . 1.22.01 . 21 . 09 . 5 . 2 . 2 . 11 ,Belanja Makanan dan  Minuman ,21530000,
1.22 . 1.22.01 . 21 . 09 . 5 . 2 . 2 . 11 . 01 ,Belanja Makanan Dan Minuman Harian Pegawai ,1530000,
1.22 . 1.22.01 . 21 . 09 . 5 . 2 . 2 . 11 . 02 ,Belanja Makanan Dan Minuman Rapat ,15875000,
1.22 . 1.22.01 . 21 . 09 . 5 . 2 . 2 . 11 . 04 ,"Belanja makanan dan minuman pelatihan  sosialisasi  penyuluhan ",4125000,
1.22 . 1.22.01 . 21 . 09 . 5 . 2 . 2 . 15 ,Belanja Perjalanan Dinas ,10024800,
1.22 . 1.22.01 . 21 . 09 . 5 . 2 . 2 . 15 . 01 ,Belanja Perjalanan Dinas Dalam Daerah ,2720000,
1.22 . 1.22.01 . 21 . 09 . 5 . 2 . 2 . 15 . 02 ,Belanja Perjalanan Dinas Luar Daerah ,7304800,
1.22 . 1.22.01 . 21 . 09 . 5 . 2 . 2 . 27 ,Belanja Tenaga Ahli/Instruktur/Narasumber ,1350000,
1.22 . 1.22.01 . 21 . 09 . 5 . 2 . 2 . 27 . 01 ,Jasa Tenaga Ahli/Instruktur/Narasumber ,1350000,
1.22 . 1.22.01 . 21 . 11 ,Penyusunan dan sosialisasi produk hukum tentang desa ,88849625,Sumber Dana :  Lokasi Kegiatan : Kabupaten Kulon Progo 
1.22 . 1.22.01 . 21 . 11 . 5 . 2 . 1 ,Belanja Pegawai ,5760000,
1.22 . 1.22.01 . 21 . 11 . 5 . 2 . 1 . 03 ,Uang Lembur ,5760000,
1.22 . 1.22.01 . 21 . 11 . 5 . 2 . 1 . 03 . 01 ,Uang Lembur PNS ,5760000,
1.22 . 1.22.01 . 21 . 11 . 5 . 2 . 2 ,Belanja Barang dan Jasa ,83089625,
1.22 . 1.22.01 . 21 . 11 . 5 . 2 . 2 . 01 ,Belanja Bahan Pakai Habis ,3967850,
1.22 . 1.22.01 . 21 . 11 . 5 . 2 . 2 . 01 . 01 ,Belanja Alat Tulis Kantor ,3967850,
1.22 . 1.22.01 . 21 . 11 . 5 . 2 . 2 . 03 ,Belanja Jasa Kantor ,30000000,
1.22 . 1.22.01 . 21 . 11 . 5 . 2 . 2 . 03 . 36 ,Belanja Jasa Penyusunan Naskah Akademik ,30000000,
1.22 . 1.22.01 . 21 . 11 . 5 . 2 . 2 . 06 ,Belanja Cetak dan Penggandaan ,9024575,
1.22 . 1.22.01 . 21 . 11 . 5 . 2 . 2 . 06 . 02 ,Belanja Penggandaan ,9024575,
1.22 . 1.22.01 . 21 . 11 . 5 . 2 . 2 . 11 ,Belanja Makanan dan  Minuman ,25385000,
1.22 . 1.22.01 . 21 . 11 . 5 . 2 . 2 . 11 . 01 ,Belanja Makanan Dan Minuman Harian Pegawai ,4860000,
1.22 . 1.22.01 . 21 . 11 . 5 . 2 . 2 . 11 . 02 ,Belanja Makanan Dan Minuman Rapat ,15125000,
1.22 . 1.22.01 . 21 . 11 . 5 . 2 . 2 . 11 . 04 ,"Belanja makanan dan minuman pelatihan  sosialisasi  penyuluhan ",5400000,
1.22 . 1.22.01 . 21 . 11 . 5 . 2 . 2 . 15 ,Belanja Perjalanan Dinas ,13512200,
1.22 . 1.22.01 . 21 . 11 . 5 . 2 . 2 . 15 . 02 ,Belanja Perjalanan Dinas Luar Daerah ,13512200,
1.22 . 1.22.01 . 21 . 11 . 5 . 2 . 2 . 27 ,Belanja Tenaga Ahli/Instruktur/Narasumber ,1200000,
1.22 . 1.22.01 . 21 . 11 . 5 . 2 . 2 . 27 . 01 ,Jasa Tenaga Ahli/Instruktur/Narasumber ,1200000,
1.22 . 1.22.01 . 21 . 15 ,Fasilitasi penggunaan tanah untuk kepentingan umum ,1289209250,Sumber Dana :  Lokasi Kegiatan : Desa-desa di Kabupaten Kulon Progo 
1.22 . 1.22.01 . 21 . 15 . 5 . 2 . 1 ,Belanja Pegawai ,17620000,
1.22 . 1.22.01 . 21 . 15 . 5 . 2 . 1 . 01 ,Honorarium PNS ,16180000,
1.22 . 1.22.01 . 21 . 15 . 5 . 2 . 1 . 01 . 01 ,Honorarium Panitia Pelaksana Kegiatan ,16180000,
1.22 . 1.22.01 . 21 . 15 . 5 . 2 . 1 . 03 ,Uang Lembur ,1440000,
1.22 . 1.22.01 . 21 . 15 . 5 . 2 . 1 . 03 . 01 ,Uang Lembur PNS ,1440000,
1.22 . 1.22.01 . 21 . 15 . 5 . 2 . 2 ,Belanja Barang dan Jasa ,1271589250,
1.22 . 1.22.01 . 21 . 15 . 5 . 2 . 2 . 01 ,Belanja Bahan Pakai Habis ,1711350,
1.22 . 1.22.01 . 21 . 15 . 5 . 2 . 2 . 01 . 01 ,Belanja Alat Tulis Kantor ,1711350,
1.22 . 1.22.01 . 21 . 15 . 5 . 2 . 2 . 06 ,Belanja Cetak dan Penggandaan ,2890650,
1.22 . 1.22.01 . 21 . 15 . 5 . 2 . 2 . 06 . 02 ,Belanja Penggandaan ,2890650,
1.22 . 1.22.01 . 21 . 15 . 5 . 2 . 2 . 07 ,Belanja Sewa Rumah/Gedung/Gudang/Parkir ,1256067250,
1.22 . 1.22.01 . 21 . 15 . 5 . 2 . 2 . 07 . 02 ,Belanja Sewa Gedung/Kantor/Tempat ,1256067250,
1.22 . 1.22.01 . 21 . 15 . 5 . 2 . 2 . 11 ,Belanja Makanan dan  Minuman ,9120000,
1.22 . 1.22.01 . 21 . 15 . 5 . 2 . 2 . 11 . 01 ,Belanja Makanan Dan Minuman Harian Pegawai ,1620000,
1.22 . 1.22.01 . 21 . 15 . 5 . 2 . 2 . 11 . 02 ,Belanja Makanan Dan Minuman Rapat ,7500000,
1.22 . 1.22.01 . 21 . 15 . 5 . 2 . 2 . 15 ,Belanja Perjalanan Dinas ,1800000,
1.22 . 1.22.01 . 21 . 15 . 5 . 2 . 2 . 15 . 01 ,Belanja Perjalanan Dinas Dalam Daerah ,1800000,
1.22 . 1.22.01 . 21 . 19 ,Pembinaan peningkatan pendapatan desa ,40000000,Sumber Dana :  Lokasi Kegiatan : Kabupaten Kulon Progo 
1.22 . 1.22.01 . 21 . 19 . 5 . 2 . 1 ,Belanja Pegawai ,17750000,
1.22 . 1.22.01 . 21 . 19 . 5 . 2 . 1 . 01 ,Honorarium PNS ,15620000,
1.22 . 1.22.01 . 21 . 19 . 5 . 2 . 1 . 01 . 01 ,Honorarium Panitia Pelaksana Kegiatan ,15620000,
1.22 . 1.22.01 . 21 . 19 . 5 . 2 . 1 . 03 ,Uang Lembur ,2130000,
1.22 . 1.22.01 . 21 . 19 . 5 . 2 . 1 . 03 . 01 ,Uang Lembur PNS ,2130000,
1.22 . 1.22.01 . 21 . 19 . 5 . 2 . 2 ,Belanja Barang dan Jasa ,22250000,
1.22 . 1.22.01 . 21 . 19 . 5 . 2 . 2 . 01 ,Belanja Bahan Pakai Habis ,1845625,
1.22 . 1.22.01 . 21 . 19 . 5 . 2 . 2 . 01 . 01 ,Belanja Alat Tulis Kantor ,1845625,
1.22 . 1.22.01 . 21 . 19 . 5 . 2 . 2 . 06 ,Belanja Cetak dan Penggandaan ,3553375,
1.22 . 1.22.01 . 21 . 19 . 5 . 2 . 2 . 06 . 02 ,Belanja Penggandaan ,3553375,
1.22 . 1.22.01 . 21 . 19 . 5 . 2 . 2 . 11 ,Belanja Makanan dan  Minuman ,10251000,
1.22 . 1.22.01 . 21 . 19 . 5 . 2 . 2 . 11 . 01 ,Belanja Makanan Dan Minuman Harian Pegawai ,2376000,
1.22 . 1.22.01 . 21 . 19 . 5 . 2 . 2 . 11 . 02 ,Belanja Makanan Dan Minuman Rapat ,7875000,
1.22 . 1.22.01 . 21 . 19 . 5 . 2 . 2 . 15 ,Belanja Perjalanan Dinas ,6600000,
1.22 . 1.22.01 . 21 . 19 . 5 . 2 . 2 . 15 . 01 ,Belanja Perjalanan Dinas Dalam Daerah ,4200000,
1.22 . 1.22.01 . 21 . 19 . 5 . 2 . 2 . 15 . 02 ,Belanja Perjalanan Dinas Luar Daerah ,2400000,
1.12 . 1.22.01 . 25 ,Program Keluarga Sejahtera ,175879900,
1.12 . 1.22.01 . 25 . 02 ,Pendataan Keluarga Sejahtera ,21720000,Sumber Dana :  Lokasi Kegiatan : Lingkungan Kabupaten Kulon Progo 
1.12 . 1.22.01 . 25 . 02 . 5 . 2 . 1 ,Belanja Pegawai ,5330000,
1.12 . 1.22.01 . 25 . 02 . 5 . 2 . 1 . 01 ,Honorarium PNS ,3130000,
1.12 . 1.22.01 . 25 . 02 . 5 . 2 . 1 . 01 . 01 ,Honorarium Panitia Pelaksana Kegiatan ,3130000,
1.12 . 1.22.01 . 25 . 02 . 5 . 2 . 1 . 02 ,Honorarium Non PNS ,2200000,
1.12 . 1.22.01 . 25 . 02 . 5 . 2 . 1 . 02 . 03 ,Honorarium Harian ,2200000,
1.12 . 1.22.01 . 25 . 02 . 5 . 2 . 2 ,Belanja Barang dan Jasa ,16390000,
1.12 . 1.22.01 . 25 . 02 . 5 . 2 . 2 . 01 ,Belanja Bahan Pakai Habis ,1327750,
1.12 . 1.22.01 . 25 . 02 . 5 . 2 . 2 . 01 . 01 ,Belanja Alat Tulis Kantor ,1327750,
1.12 . 1.22.01 . 25 . 02 . 5 . 2 . 2 . 06 ,Belanja Cetak dan Penggandaan ,936750,
1.12 . 1.22.01 . 25 . 02 . 5 . 2 . 2 . 06 . 02 ,Belanja Penggandaan ,936750,
1.12 . 1.22.01 . 25 . 02 . 5 . 2 . 2 . 11 ,Belanja Makanan dan  Minuman ,7375000,
1.12 . 1.22.01 . 25 . 02 . 5 . 2 . 2 . 11 . 02 ,Belanja Makanan Dan Minuman Rapat ,7375000,
1.12 . 1.22.01 . 25 . 02 . 5 . 2 . 2 . 15 ,Belanja Perjalanan Dinas ,6750500,
1.12 . 1.22.01 . 25 . 02 . 5 . 2 . 2 . 15 . 02 ,Belanja Perjalanan Dinas Luar Daerah ,6750500,
1.12 . 1.22.01 . 25 . 03 ,Pembinaan Kelompok UPPKS ,45500000,Sumber Dana :  Lokasi Kegiatan : Lingkup Kabupaten
1.12 . 1.22.01 . 25 . 03 . 5 . 2 . 1 ,Belanja Pegawai ,7966000,
1.12 . 1.22.01 . 25 . 03 . 5 . 2 . 1 . 01 ,Honorarium PNS ,1330000,
1.12 . 1.22.01 . 25 . 03 . 5 . 2 . 1 . 01 . 01 ,Honorarium Panitia Pelaksana Kegiatan ,1330000,
1.12 . 1.22.01 . 25 . 03 . 5 . 2 . 1 . 02 ,Honorarium Non PNS ,6380000,
1.12 . 1.22.01 . 25 . 03 . 5 . 2 . 1 . 02 . 03 ,Honorarium Harian ,6380000,
1.12 . 1.22.01 . 25 . 03 . 5 . 2 . 1 . 03 ,Uang Lembur ,256000,
1.12 . 1.22.01 . 25 . 03 . 5 . 2 . 1 . 03 . 01 ,Uang Lembur PNS ,256000,
1.12 . 1.22.01 . 25 . 03 . 5 . 2 . 2 ,Belanja Barang dan Jasa ,37534000,
1.12 . 1.22.01 . 25 . 03 . 5 . 2 . 2 . 01 ,Belanja Bahan Pakai Habis ,1095150,
1.12 . 1.22.01 . 25 . 03 . 5 . 2 . 2 . 01 . 01 ,Belanja Alat Tulis Kantor ,1095150,
1.12 . 1.22.01 . 25 . 03 . 5 . 2 . 2 . 02 ,Belanja Bahan/Material ,745725,
1.12 . 1.22.01 . 25 . 03 . 5 . 2 . 2 . 02 . 01 ,Belanja Bahan Baku Bangunan ,745725,
1.12 . 1.22.01 . 25 . 03 . 5 . 2 . 2 . 03 ,Belanja Jasa Kantor ,1050000,
1.12 . 1.22.01 . 25 . 03 . 5 . 2 . 2 . 03 . 13 ,Belanja Dokumentasi ,450000,
1.12 . 1.22.01 . 25 . 03 . 5 . 2 . 2 . 03 . 14 ,Belanja Dekorasi ,300000,
1.12 . 1.22.01 . 25 . 03 . 5 . 2 . 2 . 03 . 15 ,Belanja Publikasi ,300000,
1.12 . 1.22.01 . 25 . 03 . 5 . 2 . 2 . 06 ,Belanja Cetak dan Penggandaan ,1705125,
1.12 . 1.22.01 . 25 . 03 . 5 . 2 . 2 . 06 . 02 ,Belanja Penggandaan ,1705125,
1.12 . 1.22.01 . 25 . 03 . 5 . 2 . 2 . 10 ,Belanja Sewa Perlengkapan dan Peralatan Kantor ,855000,
1.12 . 1.22.01 . 25 . 03 . 5 . 2 . 2 . 10 . 08 ,Belanja Sewa Panggung ,405000,
1.12 . 1.22.01 . 25 . 03 . 5 . 2 . 2 . 10 . 09 ,Belanja Sewa Perlengkapan dan Peralatan Kantor Lain ,450000,
1.12 . 1.22.01 . 25 . 03 . 5 . 2 . 2 . 11 ,Belanja Makanan dan  Minuman ,13163000,
1.12 . 1.22.01 . 25 . 03 . 5 . 2 . 2 . 11 . 01 ,Belanja Makanan Dan Minuman Harian Pegawai ,2538000,
1.12 . 1.22.01 . 25 . 03 . 5 . 2 . 2 . 11 . 02 ,Belanja Makanan Dan Minuman Rapat ,8125000,
1.12 . 1.22.01 . 25 . 03 . 5 . 2 . 2 . 11 . 04 ,"Belanja makanan dan minuman pelatihan  sosialisasi  penyuluhan ",2500000,
1.12 . 1.22.01 . 25 . 03 . 5 . 2 . 2 . 15 ,Belanja Perjalanan Dinas ,13550000,
1.12 . 1.22.01 . 25 . 03 . 5 . 2 . 2 . 15 . 01 ,Belanja Perjalanan Dinas Dalam Daerah ,420000,
1.12 . 1.22.01 . 25 . 03 . 5 . 2 . 2 . 15 . 02 ,Belanja Perjalanan Dinas Luar Daerah ,13130000,
1.12 . 1.22.01 . 25 . 03 . 5 . 2 . 2 . 27 ,Belanja Tenaga Ahli/Instruktur/Narasumber ,1900000,
1.12 . 1.22.01 . 25 . 03 . 5 . 2 . 2 . 27 . 01 ,Jasa Tenaga Ahli/Instruktur/Narasumber ,1900000,
1.12 . 1.22.01 . 25 . 03 . 5 . 2 . 2 . 28 ,Belanja Hadiah atas Prestasi dan Penghargaan ,3470000,
1.12 . 1.22.01 . 25 . 03 . 5 . 2 . 2 . 28 . 01 ,Belanja Hadiah Atas Prestasi ,3470000,
1.12 . 1.22.01 . 25 . 12 ,Pembinaan Kelompok Bina Keluarga Sejahtera (BKS) ,88659900,Sumber Dana :  Lokasi Kegiatan : Lingkup Kabupaten Kulon Progo 
1.12 . 1.22.01 . 25 . 12 . 5 . 2 . 1 ,Belanja Pegawai ,16816000,
1.12 . 1.22.01 . 25 . 12 . 5 . 2 . 1 . 01 ,Honorarium PNS ,1480000,
1.12 . 1.22.01 . 25 . 12 . 5 . 2 . 1 . 01 . 01 ,Honorarium Panitia Pelaksana Kegiatan ,1480000,
1.12 . 1.22.01 . 25 . 12 . 5 . 2 . 1 . 02 ,Honorarium Non PNS ,14760000,
1.12 . 1.22.01 . 25 . 12 . 5 . 2 . 1 . 02 . 03 ,Honorarium Harian ,14760000,
1.12 . 1.22.01 . 25 . 12 . 5 . 2 . 1 . 03 ,Uang Lembur ,576000,
1.12 . 1.22.01 . 25 . 12 . 5 . 2 . 1 . 03 . 01 ,Uang Lembur PNS ,576000,
1.12 . 1.22.01 . 25 . 12 . 5 . 2 . 2 ,Belanja Barang dan Jasa ,71843900,
1.12 . 1.22.01 . 25 . 12 . 5 . 2 . 2 . 01 ,Belanja Bahan Pakai Habis ,2308750,
1.12 . 1.22.01 . 25 . 12 . 5 . 2 . 2 . 01 . 01 ,Belanja Alat Tulis Kantor ,2308750,
1.12 . 1.22.01 . 25 . 12 . 5 . 2 . 2 . 03 ,Belanja Jasa Kantor ,1950000,
1.12 . 1.22.01 . 25 . 12 . 5 . 2 . 2 . 03 . 13 ,Belanja Dokumentasi ,300000,
1.12 . 1.22.01 . 25 . 12 . 5 . 2 . 2 . 03 . 14 ,Belanja Dekorasi ,1650000,
1.12 . 1.22.01 . 25 . 12 . 5 . 2 . 2 . 06 ,Belanja Cetak dan Penggandaan ,1692150,
1.12 . 1.22.01 . 25 . 12 . 5 . 2 . 2 . 06 . 02 ,Belanja Penggandaan ,1692150,
1.12 . 1.22.01 . 25 . 12 . 5 . 2 . 2 . 11 ,Belanja Makanan dan  Minuman ,22938000,
1.12 . 1.22.01 . 25 . 12 . 5 . 2 . 2 . 11 . 01 ,Belanja Makanan Dan Minuman Harian Pegawai ,648000,
1.12 . 1.22.01 . 25 . 12 . 5 . 2 . 2 . 11 . 02 ,Belanja Makanan Dan Minuman Rapat ,15790000,
1.12 . 1.22.01 . 25 . 12 . 5 . 2 . 2 . 11 . 04 ,"Belanja makanan dan minuman pelatihan  sosialisasi  penyuluhan ",6500000,
1.12 . 1.22.01 . 25 . 12 . 5 . 2 . 2 . 15 ,Belanja Perjalanan Dinas ,6005000,
1.12 . 1.22.01 . 25 . 12 . 5 . 2 . 2 . 15 . 01 ,Belanja Perjalanan Dinas Dalam Daerah ,555000,
1.12 . 1.22.01 . 25 . 12 . 5 . 2 . 2 . 15 . 02 ,Belanja Perjalanan Dinas Luar Daerah ,5450000,
1.12 . 1.22.01 . 25 . 12 . 5 . 2 . 2 . 27 ,Belanja Tenaga Ahli/Instruktur/Narasumber ,7500000,
1.12 . 1.22.01 . 25 . 12 . 5 . 2 . 2 . 27 . 01 ,Jasa Tenaga Ahli/Instruktur/Narasumber ,7500000,
1.12 . 1.22.01 . 25 . 12 . 5 . 2 . 2 . 28 ,Belanja Hadiah atas Prestasi dan Penghargaan ,29450000,
1.12 . 1.22.01 . 25 . 12 . 5 . 2 . 2 . 28 . 01 ,Belanja Hadiah Atas Prestasi ,29450000,
1.12 . 1.22.01 . 25 . 13 ,Peningkatan pemberdayaan ekonomi keluarga ,20000000,Sumber Dana :  Lokasi Kegiatan : Kabupaten
1.12 . 1.22.01 . 25 . 13 . 5 . 2 . 1 ,Belanja Pegawai ,5020000,
1.12 . 1.22.01 . 25 . 13 . 5 . 2 . 1 . 01 ,Honorarium PNS ,2980000,
1.12 . 1.22.01 . 25 . 13 . 5 . 2 . 1 . 01 . 01 ,Honorarium Panitia Pelaksana Kegiatan ,2980000,
1.12 . 1.22.01 . 25 . 13 . 5 . 2 . 1 . 02 ,Honorarium Non PNS ,2040000,
1.12 . 1.22.01 . 25 . 13 . 5 . 2 . 1 . 02 . 03 ,Honorarium Harian ,2040000,
1.12 . 1.22.01 . 25 . 13 . 5 . 2 . 2 ,Belanja Barang dan Jasa ,14980000,
1.12 . 1.22.01 . 25 . 13 . 5 . 2 . 2 . 01 ,Belanja Bahan Pakai Habis ,1613950,
1.12 . 1.22.01 . 25 . 13 . 5 . 2 . 2 . 01 . 01 ,Belanja Alat Tulis Kantor ,1613950,
1.12 . 1.22.01 . 25 . 13 . 5 . 2 . 2 . 03 ,Belanja Jasa Kantor ,300000,
1.12 . 1.22.01 . 25 . 13 . 5 . 2 . 2 . 03 . 13 ,Belanja Dokumentasi ,150000,
1.12 . 1.22.01 . 25 . 13 . 5 . 2 . 2 . 03 . 14 ,Belanja Dekorasi ,150000,
1.12 . 1.22.01 . 25 . 13 . 5 . 2 . 2 . 06 ,Belanja Cetak dan Penggandaan ,2676050,
1.12 . 1.22.01 . 25 . 13 . 5 . 2 . 2 . 06 . 02 ,Belanja Penggandaan ,2676050,
1.12 . 1.22.01 . 25 . 13 . 5 . 2 . 2 . 11 ,Belanja Makanan dan  Minuman ,4750000,
1.12 . 1.22.01 . 25 . 13 . 5 . 2 . 2 . 11 . 02 ,Belanja Makanan Dan Minuman Rapat ,4750000,
1.12 . 1.22.01 . 25 . 13 . 5 . 2 . 2 . 15 ,Belanja Perjalanan Dinas ,4440000,
1.12 . 1.22.01 . 25 . 13 . 5 . 2 . 2 . 15 . 01 ,Belanja Perjalanan Dinas Dalam Daerah ,4440000,
1.12 . 1.22.01 . 25 . 13 . 5 . 2 . 2 . 27 ,Belanja Tenaga Ahli/Instruktur/Narasumber ,1200000,
1.12 . 1.22.01 . 25 . 13 . 5 . 2 . 2 . 27 . 01 ,Jasa Tenaga Ahli/Instruktur/Narasumber ,1200000,
1.22 . 1.22.01 . 27 ,Program Penguatan Kelembagaan Masyarakat ,245243500,
1.22 . 1.22.01 . 27 . 01 ,Pembinaan dan Pengembangan Pasar Desa ,19667500,Sumber Dana :  Lokasi Kegiatan : 12 Kecamatan
1.22 . 1.22.01 . 27 . 01 . 5 . 2 . 1 ,Belanja Pegawai ,1650000,
1.22 . 1.22.01 . 27 . 01 . 5 . 2 . 1 . 01 ,Honorarium PNS ,300000,
1.22 . 1.22.01 . 27 . 01 . 5 . 2 . 1 . 01 . 05 ,Honorarium Penyelenggaraan Kegiatan ,300000,
1.22 . 1.22.01 . 27 . 01 . 5 . 2 . 1 . 02 ,Honorarium Non PNS ,1350000,
1.22 . 1.22.01 . 27 . 01 . 5 . 2 . 1 . 02 . 03 ,Honorarium Harian ,1350000,
1.22 . 1.22.01 . 27 . 01 . 5 . 2 . 2 ,Belanja Barang dan Jasa ,18017500,
1.22 . 1.22.01 . 27 . 01 . 5 . 2 . 2 . 01 ,Belanja Bahan Pakai Habis ,724200,
1.22 . 1.22.01 . 27 . 01 . 5 . 2 . 2 . 01 . 01 ,Belanja Alat Tulis Kantor ,724200,
1.22 . 1.22.01 . 27 . 01 . 5 . 2 . 2 . 03 ,Belanja Jasa Kantor ,256000,
1.22 . 1.22.01 . 27 . 01 . 5 . 2 . 2 . 03 . 13 ,Belanja Dokumentasi ,256000,
1.22 . 1.22.01 . 27 . 01 . 5 . 2 . 2 . 06 ,Belanja Cetak dan Penggandaan ,1004900,
1.22 . 1.22.01 . 27 . 01 . 5 . 2 . 2 . 06 . 01 ,Belanja Cetak ,300000,
1.22 . 1.22.01 . 27 . 01 . 5 . 2 . 2 . 06 . 02 ,Belanja Penggandaan ,704900,
1.22 . 1.22.01 . 27 . 01 . 5 . 2 . 2 . 11 ,Belanja Makanan dan  Minuman ,5175000,
1.22 . 1.22.01 . 27 . 01 . 5 . 2 . 2 . 11 . 02 ,Belanja Makanan Dan Minuman Rapat ,3800000,
1.22 . 1.22.01 . 27 . 01 . 5 . 2 . 2 . 11 . 04 ,"Belanja makanan dan minuman pelatihan  sosialisasi  penyuluhan ",1375000,
1.22 . 1.22.01 . 27 . 01 . 5 . 2 . 2 . 15 ,Belanja Perjalanan Dinas ,10407400,
1.22 . 1.22.01 . 27 . 01 . 5 . 2 . 2 . 15 . 01 ,Belanja Perjalanan Dinas Dalam Daerah ,2270000,
1.22 . 1.22.01 . 27 . 01 . 5 . 2 . 2 . 15 . 02 ,Belanja Perjalanan Dinas Luar Daerah ,8137400,
1.22 . 1.22.01 . 27 . 01 . 5 . 2 . 2 . 27 ,Belanja Tenaga Ahli/Instruktur/Narasumber ,450000,
1.22 . 1.22.01 . 27 . 01 . 5 . 2 . 2 . 27 . 01 ,Jasa Tenaga Ahli/Instruktur/Narasumber ,450000,
1.22 . 1.22.01 . 27 . 02 ,Penyusunan data dan evaluasi pembangunan desa ,86101000,Sumber Dana :  Lokasi Kegiatan : 12 Kecamatan
1.22 . 1.22.01 . 27 . 02 . 5 . 2 . 1 ,Belanja Pegawai ,17775000,
1.22 . 1.22.01 . 27 . 02 . 5 . 2 . 1 . 01 ,Honorarium PNS ,14445000,
1.22 . 1.22.01 . 27 . 02 . 5 . 2 . 1 . 01 . 01 ,Honorarium Panitia Pelaksana Kegiatan ,14445000,
1.22 . 1.22.01 . 27 . 02 . 5 . 2 . 1 . 02 ,Honorarium Non PNS ,3330000,
1.22 . 1.22.01 . 27 . 02 . 5 . 2 . 1 . 02 . 03 ,Honorarium Harian ,1080000,
1.22 . 1.22.01 . 27 . 02 . 5 . 2 . 1 . 02 . 04 ,Honorarium Tim ,2250000,
1.22 . 1.22.01 . 27 . 02 . 5 . 2 . 2 ,Belanja Barang dan Jasa ,68326000,
1.22 . 1.22.01 . 27 . 02 . 5 . 2 . 2 . 01 ,Belanja Bahan Pakai Habis ,1571000,
1.22 . 1.22.01 . 27 . 02 . 5 . 2 . 2 . 01 . 01 ,Belanja Alat Tulis Kantor ,1571000,
1.22 . 1.22.01 . 27 . 02 . 5 . 2 . 2 . 06 ,Belanja Cetak dan Penggandaan ,1715000,
1.22 . 1.22.01 . 27 . 02 . 5 . 2 . 2 . 06 . 02 ,Belanja Penggandaan ,1715000,
1.22 . 1.22.01 . 27 . 02 . 5 . 2 . 2 . 11 ,Belanja Makanan dan  Minuman ,18960000,
1.22 . 1.22.01 . 27 . 02 . 5 . 2 . 2 . 11 . 02 ,Belanja Makanan Dan Minuman Rapat ,5720000,
1.22 . 1.22.01 . 27 . 02 . 5 . 2 . 2 . 11 . 04 ,"Belanja makanan dan minuman pelatihan  sosialisasi  penyuluhan ",13240000,
1.22 . 1.22.01 . 27 . 02 . 5 . 2 . 2 . 15 ,Belanja Perjalanan Dinas ,14105000,
1.22 . 1.22.01 . 27 . 02 . 5 . 2 . 2 . 15 . 01 ,Belanja Perjalanan Dinas Dalam Daerah ,6285000,
1.22 . 1.22.01 . 27 . 02 . 5 . 2 . 2 . 15 . 02 ,Belanja Perjalanan Dinas Luar Daerah ,7820000,
1.22 . 1.22.01 . 27 . 02 . 5 . 2 . 2 . 27 ,Belanja Tenaga Ahli/Instruktur/Narasumber ,6975000,
1.22 . 1.22.01 . 27 . 02 . 5 . 2 . 2 . 27 . 01 ,Jasa Tenaga Ahli/Instruktur/Narasumber ,6975000,
1.22 . 1.22.01 . 27 . 02 . 5 . 2 . 2 . 28 ,Belanja Hadiah atas Prestasi dan Penghargaan ,25000000,
1.22 . 1.22.01 . 27 . 02 . 5 . 2 . 2 . 28 . 01 ,Belanja Hadiah Atas Prestasi ,25000000,
1.22 . 1.22.01 . 27 . 03 ,Pemberdayaan Lembaga dan Organisasi Masyarakat Pedesaan ,139475000,Sumber Dana :  Lokasi Kegiatan : Wilayah Kabupaten Kulon Progo 
1.22 . 1.22.01 . 27 . 03 . 5 . 2 . 1 ,Belanja Pegawai ,47875000,
1.22 . 1.22.01 . 27 . 03 . 5 . 2 . 1 . 01 ,Honorarium PNS ,21375000,
1.22 . 1.22.01 . 27 . 03 . 5 . 2 . 1 . 01 . 01 ,Honorarium Panitia Pelaksana Kegiatan ,21375000,
1.22 . 1.22.01 . 27 . 03 . 5 . 2 . 1 . 02 ,Honorarium Non PNS ,26500000,
1.22 . 1.22.01 . 27 . 03 . 5 . 2 . 1 . 02 . 03 ,Honorarium Harian ,18100000,
1.22 . 1.22.01 . 27 . 03 . 5 . 2 . 1 . 02 . 04 ,Honorarium Tim ,8400000,
1.22 . 1.22.01 . 27 . 03 . 5 . 2 . 2 ,Belanja Barang dan Jasa ,91600000,
1.22 . 1.22.01 . 27 . 03 . 5 . 2 . 2 . 01 ,Belanja Bahan Pakai Habis ,1952000,
1.22 . 1.22.01 . 27 . 03 . 5 . 2 . 2 . 01 . 01 ,Belanja Alat Tulis Kantor ,1952000,
1.22 . 1.22.01 . 27 . 03 . 5 . 2 . 2 . 06 ,Belanja Cetak dan Penggandaan ,1855000,
1.22 . 1.22.01 . 27 . 03 . 5 . 2 . 2 . 06 . 02 ,Belanja Penggandaan ,1855000,
1.22 . 1.22.01 . 27 . 03 . 5 . 2 . 2 . 11 ,Belanja Makanan dan  Minuman ,51098000,
1.22 . 1.22.01 . 27 . 03 . 5 . 2 . 2 . 11 . 02 ,Belanja Makanan Dan Minuman Rapat ,38020000,
1.22 . 1.22.01 . 27 . 03 . 5 . 2 . 2 . 11 . 04 ,"Belanja makanan dan minuman pelatihan  sosialisasi  penyuluhan ",13078000,
1.22 . 1.22.01 . 27 . 03 . 5 . 2 . 2 . 15 ,Belanja Perjalanan Dinas ,13845000,
1.22 . 1.22.01 . 27 . 03 . 5 . 2 . 2 . 15 . 01 ,Belanja Perjalanan Dinas Dalam Daerah ,7130000,
1.22 . 1.22.01 . 27 . 03 . 5 . 2 . 2 . 15 . 02 ,Belanja Perjalanan Dinas Luar Daerah ,6715000,
1.22 . 1.22.01 . 27 . 03 . 5 . 2 . 2 . 27 ,Belanja Tenaga Ahli/Instruktur/Narasumber ,5850000,
1.22 . 1.22.01 . 27 . 03 . 5 . 2 . 2 . 27 . 01 ,Jasa Tenaga Ahli/Instruktur/Narasumber ,5850000,
1.22 . 1.22.01 . 27 . 03 . 5 . 2 . 2 . 28 ,Belanja Hadiah atas Prestasi dan Penghargaan ,17000000,
1.22 . 1.22.01 . 27 . 03 . 5 . 2 . 2 . 28 . 01 ,Belanja Hadiah Atas Prestasi ,17000000,
1.22 . 1.22.01 . 29 ,Program Peningkatan Partisipasi Masyarakat ,436021050,
1.22 . 1.22.01 . 29 . 01 ,Penyelenggaraan Bulan Bhakti Gotong Royong Masyarakat ,47274050,Sumber Dana :  Lokasi Kegiatan : Kabupaten Kulon Progo 
1.22 . 1.22.01 . 29 . 01 . 5 . 2 . 2 ,Belanja Barang dan Jasa ,47274050,
1.22 . 1.22.01 . 29 . 01 . 5 . 2 . 2 . 01 ,Belanja Bahan Pakai Habis ,2108300,
1.22 . 1.22.01 . 29 . 01 . 5 . 2 . 2 . 01 . 01 ,Belanja Alat Tulis Kantor ,2108300,
1.22 . 1.22.01 . 29 . 01 . 5 . 2 . 2 . 06 ,Belanja Cetak dan Penggandaan ,875000,
1.22 . 1.22.01 . 29 . 01 . 5 . 2 . 2 . 06 . 02 ,Belanja Penggandaan ,875000,
1.22 . 1.22.01 . 29 . 01 . 5 . 2 . 2 . 11 ,Belanja Makanan dan  Minuman ,24500000,
1.22 . 1.22.01 . 29 . 01 . 5 . 2 . 2 . 11 . 02 ,Belanja Makanan Dan Minuman Rapat ,24500000,
1.22 . 1.22.01 . 29 . 01 . 5 . 2 . 2 . 15 ,Belanja Perjalanan Dinas ,19790750,
1.22 . 1.22.01 . 29 . 01 . 5 . 2 . 2 . 15 . 01 ,Belanja Perjalanan Dinas Dalam Daerah ,7980000,
1.22 . 1.22.01 . 29 . 01 . 5 . 2 . 2 . 15 . 02 ,Belanja Perjalanan Dinas Luar Daerah ,11810750,
1.22 . 1.22.01 . 29 . 02 ,Pendampingan Pengembangan PNPM ,166645000,Sumber Dana :  Lokasi Kegiatan : Kabupaten Kulon Progo 
1.22 . 1.22.01 . 29 . 02 . 5 . 2 . 1 ,Belanja Pegawai ,74250000,
1.22 . 1.22.01 . 29 . 02 . 5 . 2 . 1 . 01 ,Honorarium PNS ,71250000,
1.22 . 1.22.01 . 29 . 02 . 5 . 2 . 1 . 01 . 01 ,Honorarium Panitia Pelaksana Kegiatan ,71250000,
1.22 . 1.22.01 . 29 . 02 . 5 . 2 . 1 . 02 ,Honorarium Non PNS ,3000000,
1.22 . 1.22.01 . 29 . 02 . 5 . 2 . 1 . 02 . 03 ,Honorarium Harian ,3000000,
1.22 . 1.22.01 . 29 . 02 . 5 . 2 . 2 ,Belanja Barang dan Jasa ,92395000,
1.22 . 1.22.01 . 29 . 02 . 5 . 2 . 2 . 01 ,Belanja Bahan Pakai Habis ,2814850,
1.22 . 1.22.01 . 29 . 02 . 5 . 2 . 2 . 01 . 01 ,Belanja Alat Tulis Kantor ,2814850,
1.22 . 1.22.01 . 29 . 02 . 5 . 2 . 2 . 03 ,Belanja Jasa Kantor ,1100000,
1.22 . 1.22.01 . 29 . 02 . 5 . 2 . 2 . 03 . 13 ,Belanja Dokumentasi ,150000,
1.22 . 1.22.01 . 29 . 02 . 5 . 2 . 2 . 03 . 14 ,Belanja Dekorasi ,300000,
1.22 . 1.22.01 . 29 . 02 . 5 . 2 . 2 . 03 . 15 ,Belanja Publikasi ,650000,
1.22 . 1.22.01 . 29 . 02 . 5 . 2 . 2 . 06 ,Belanja Cetak dan Penggandaan ,445550,
1.22 . 1.22.01 . 29 . 02 . 5 . 2 . 2 . 06 . 02 ,Belanja Penggandaan ,445550,
1.22 . 1.22.01 . 29 . 02 . 5 . 2 . 2 . 11 ,Belanja Makanan dan  Minuman ,3250000,
1.22 . 1.22.01 . 29 . 02 . 5 . 2 . 2 . 11 . 02 ,Belanja Makanan Dan Minuman Rapat ,750000,
1.22 . 1.22.01 . 29 . 02 . 5 . 2 . 2 . 11 . 04 ,"Belanja makanan dan minuman pelatihan  sosialisasi  penyuluhan ",2500000,
1.22 . 1.22.01 . 29 . 02 . 5 . 2 . 2 . 15 ,Belanja Perjalanan Dinas ,83684600,
1.22 . 1.22.01 . 29 . 02 . 5 . 2 . 2 . 15 . 01 ,Belanja Perjalanan Dinas Dalam Daerah ,6795000,
1.22 . 1.22.01 . 29 . 02 . 5 . 2 . 2 . 15 . 02 ,Belanja Perjalanan Dinas Luar Daerah ,76889600,
1.22 . 1.22.01 . 29 . 02 . 5 . 2 . 2 . 27 ,Belanja Tenaga Ahli/Instruktur/Narasumber ,1100000,
1.22 . 1.22.01 . 29 . 02 . 5 . 2 . 2 . 27 . 01 ,Jasa Tenaga Ahli/Instruktur/Narasumber ,1100000,
1.22 . 1.22.01 . 29 . 05 ,Pelaksanaan TNI Manunggal Membangun Desa (TMMD) ,25636200,Sumber Dana :  Lokasi Kegiatan : Kabupaten Kulon Progo 
1.22 . 1.22.01 . 29 . 05 . 5 . 2 . 1 ,Belanja Pegawai ,1000000,
1.22 . 1.22.01 . 29 . 05 . 5 . 2 . 1 . 02 ,Honorarium Non PNS ,1000000,
1.22 . 1.22.01 . 29 . 05 . 5 . 2 . 1 . 02 . 03 ,Honorarium Harian ,1000000,
1.22 . 1.22.01 . 29 . 05 . 5 . 2 . 2 ,Belanja Barang dan Jasa ,24636200,
1.22 . 1.22.01 . 29 . 05 . 5 . 2 . 2 . 01 ,Belanja Bahan Pakai Habis ,757850,
1.22 . 1.22.01 . 29 . 05 . 5 . 2 . 2 . 01 . 01 ,Belanja Alat Tulis Kantor ,757850,
1.22 . 1.22.01 . 29 . 05 . 5 . 2 . 2 . 06 ,Belanja Cetak dan Penggandaan ,623350,
1.22 . 1.22.01 . 29 . 05 . 5 . 2 . 2 . 06 . 02 ,Belanja Penggandaan ,623350,
1.22 . 1.22.01 . 29 . 05 . 5 . 2 . 2 . 09 ,Belanja Sewa Alat Berat ,5000000,
1.22 . 1.22.01 . 29 . 05 . 5 . 2 . 2 . 09 . 02 ,Belanja Sewa Buldoser ,5000000,
1.22 . 1.22.01 . 29 . 05 . 5 . 2 . 2 . 11 ,Belanja Makanan dan  Minuman ,11875000,
1.22 . 1.22.01 . 29 . 05 . 5 . 2 . 2 . 11 . 02 ,Belanja Makanan Dan Minuman Rapat ,11875000,
1.22 . 1.22.01 . 29 . 05 . 5 . 2 . 2 . 15 ,Belanja Perjalanan Dinas ,6380000,
1.22 . 1.22.01 . 29 . 05 . 5 . 2 . 2 . 15 . 01 ,Belanja Perjalanan Dinas Dalam Daerah ,4970000,
1.22 . 1.22.01 . 29 . 05 . 5 . 2 . 2 . 15 . 02 ,Belanja Perjalanan Dinas Luar Daerah ,1410000,
1.22 . 1.22.01 . 29 . 06 ,Peningkatan peran serta masyarakat dalam pengembangan Teknologi Tepat Guna (TTG ),45865800,Sumber Dana :  Lokasi Kegiatan : Kabupaten Kulon Progo 
1.22 . 1.22.01 . 29 . 06 . 5 . 2 . 2 ,Belanja Barang dan Jasa ,45865800,
1.22 . 1.22.01 . 29 . 06 . 5 . 2 . 2 . 01 ,Belanja Bahan Pakai Habis ,224400,
1.22 . 1.22.01 . 29 . 06 . 5 . 2 . 2 . 01 . 01 ,Belanja Alat Tulis Kantor ,224400,
1.22 . 1.22.01 . 29 . 06 . 5 . 2 . 2 . 02 ,Belanja Bahan/Material ,2500000,
1.22 . 1.22.01 . 29 . 06 . 5 . 2 . 2 . 02 . 06 ,Belanja Bahan Percontohan ,2500000,
1.22 . 1.22.01 . 29 . 06 . 5 . 2 . 2 . 06 ,Belanja Cetak dan Penggandaan ,703000,
1.22 . 1.22.01 . 29 . 06 . 5 . 2 . 2 . 06 . 01 ,Belanja Cetak ,500000,
1.22 . 1.22.01 . 29 . 06 . 5 . 2 . 2 . 06 . 02 ,Belanja Penggandaan ,203000,
1.22 . 1.22.01 . 29 . 06 . 5 . 2 . 2 . 11 ,Belanja Makanan dan  Minuman ,1640000,
1.22 . 1.22.01 . 29 . 06 . 5 . 2 . 2 . 11 . 02 ,Belanja Makanan Dan Minuman Rapat ,1640000,
1.22 . 1.22.01 . 29 . 06 . 5 . 2 . 2 . 15 ,Belanja Perjalanan Dinas ,40798400,
1.22 . 1.22.01 . 29 . 06 . 5 . 2 . 2 . 15 . 01 ,Belanja Perjalanan Dinas Dalam Daerah ,1130000,
1.22 . 1.22.01 . 29 . 06 . 5 . 2 . 2 . 15 . 02 ,Belanja Perjalanan Dinas Luar Daerah ,39668400,
1.22 . 1.22.01 . 29 . 07 ,Pendampingan penyaluran bantuan pemberdayaan masyarakat ,150600000,Sumber Dana :  Lokasi Kegiatan : Kabupaten Kulon Progo 
1.22 . 1.22.01 . 29 . 07 . 5 . 2 . 1 ,Belanja Pegawai ,98620000,
1.22 . 1.22.01 . 29 . 07 . 5 . 2 . 1 . 01 ,Honorarium PNS ,43420000,
1.22 . 1.22.01 . 29 . 07 . 5 . 2 . 1 . 01 . 01 ,Honorarium Panitia Pelaksana Kegiatan ,43420000,
1.22 . 1.22.01 . 29 . 07 . 5 . 2 . 1 . 02 ,Honorarium Non PNS ,52800000,
1.22 . 1.22.01 . 29 . 07 . 5 . 2 . 1 . 02 . 04 ,Honorarium Tim ,52800000,
1.22 . 1.22.01 . 29 . 07 . 5 . 2 . 1 . 03 ,Uang Lembur ,2400000,
1.22 . 1.22.01 . 29 . 07 . 5 . 2 . 1 . 03 . 01 ,Uang Lembur PNS ,2400000,
1.22 . 1.22.01 . 29 . 07 . 5 . 2 . 2 ,Belanja Barang dan Jasa ,51980000,
1.22 . 1.22.01 . 29 . 07 . 5 . 2 . 2 . 01 ,Belanja Bahan Pakai Habis ,3412500,
1.22 . 1.22.01 . 29 . 07 . 5 . 2 . 2 . 01 . 01 ,Belanja Alat Tulis Kantor ,3412500,
1.22 . 1.22.01 . 29 . 07 . 5 . 2 . 2 . 06 ,Belanja Cetak dan Penggandaan ,3937500,
1.22 . 1.22.01 . 29 . 07 . 5 . 2 . 2 . 06 . 02 ,Belanja Penggandaan ,3937500,
1.22 . 1.22.01 . 29 . 07 . 5 . 2 . 2 . 11 ,Belanja Makanan dan  Minuman ,30200000,
1.22 . 1.22.01 . 29 . 07 . 5 . 2 . 2 . 11 . 01 ,Belanja Makanan Dan Minuman Harian Pegawai ,2700000,
1.22 . 1.22.01 . 29 . 07 . 5 . 2 . 2 . 11 . 02 ,Belanja Makanan Dan Minuman Rapat ,27500000,
1.22 . 1.22.01 . 29 . 07 . 5 . 2 . 2 . 15 ,Belanja Perjalanan Dinas ,14430000,
1.22 . 1.22.01 . 29 . 07 . 5 . 2 . 2 . 15 . 01 ,Belanja Perjalanan Dinas Dalam Daerah ,14430000,
,SURPLUS / (DEFISIT) ,-13273123711,
