Judul,Anggaran Pendapatan dan Belanja Daerah,,
Daerah,Kabupaten Kulon Progo,,
Tahun,2016,,
Kode Organisasi,2.06.01,,
Nama Dinas,Dinas Perindustrian Perdagangan dan ESDM,,
Kolom,4,,
No. Rekening,Uraian,Jumlah,Keterangan
2.06 . 2.06.01 . 00 . 00 . 4,PENDAPATAN,1270881200.00,
2.06 . 2.06.01 . 00 . 00 . 4 . 1,PENDAPATAN ASLI DAERAH,1270881200.00,
2.06 . 2.06.01 . 00 . 00 . 4 . 1 . 2,Hasil Retribusi Daerah,1228754200.00,"Peraturan Daerah Kabupaten Kulon Progo Nomor 5 Tahun 2012 tentang Retribusi Pelayanan Persampahan/Kebersihan, Lembaran Daerah Kabupaten Kulon Progo Tahun 2012 Nomor 5
Peraturan Daerah Kabupaten Kulon Progo Nomor 13 Tahun 2011 tentang Retribusi Pelayanan Pasar, Lembaran Daerah Kabupaten Kulon Progo Tahun 2011 Nomor 5 Seri C
Peraturan Daerah Kabupaten Kulon Progo Nomor 3 Tahun 2011 tentang Retribusi Tempat Khusus Parkir, Lembaran Daerah Kabupaten Kulon Progo Tahun 2011 Nomor 2 Seri C"
2.06 . 2.06.01 . 00 . 00 . 4 . 1 . 4,Lain-lain Pendapatan Asli Daerah yang Sah,42127000.00,"Peraturan Daerah Kabupaten Kulon Progo Nomor 5 Tahun 2015 tentang Lain-Lain Pendapatan Asli Daerah Yang Sah, Lembaran Daerah Kabupaten Kulon Progo Tahun 2015 Nomor 5"
2.06 . 2.06.01 . 00 . 00 . 5,BELANJA,18388057815.00,
2.06 . 2.06.01 . 00 . 00 . 5 . 1,BELANJA TIDAK LANGSUNG,5647448119.00,
2.06 . 2.06.01 . 00 . 00 . 5 . 1 . 1,Belanja Pegawai,5647448119.00,
2.06 . 2.06.01 . 01 . 26 . 5 . 2,BELANJA LANGSUNG,12740609696.00,
2.06 . 2.06.01 . 01,Program Pelayanan Administrasi Perkantoran,295994000.00,
2.06 . 2.06.01 . 01 . 26,Penyediaan Jasa dan Peralatan Perkantoran,94580800.00,
2.06 . 2.06.01 . 01 . 26 . 5 . 2 . 1,Belanja Pegawai,14794000.00,
2.06 . 2.06.01 . 01 . 26 . 5 . 2 . 2,Belanja Barang dan Jasa,79786800.00,
2.06 . 2.06.01 . 01 . 27,Penyediaan Jasa  keuangan,24926200.00,
2.06 . 2.06.01 . 01 . 27 . 5 . 2 . 1,Belanja Pegawai,24600000.00,
2.06 . 2.06.01 . 01 . 27 . 5 . 2 . 2,Belanja Barang dan Jasa,326200.00,
2.06 . 2.06.01 . 01 . 28,"Penyediaan Rapat-Rapat,  Konsultasi dan Koordinasi",176487000.00,
2.06 . 2.06.01 . 01 . 28 . 5 . 2 . 2,Belanja Barang dan Jasa,176487000.00,
2.06 . 2.06.01 . 11,Program Peningkatan Sarana dan Prasarana Perkantoran,570651600.00,
2.06 . 2.06.01 . 11 . 01,Pengadaan Sarana dan Prasarana Perkantoran,199679000.00,
2.06 . 2.06.01 . 11 . 01 . 5 . 2 . 3,Belanja Modal,199679000.00,
2.06 . 2.06.01 . 11 . 02,Pemeliharaan Sarana dan Prasarana Perkantoran,370972600.00,
2.06 . 2.06.01 . 11 . 02 . 5 . 2 . 2,Belanja Barang dan Jasa,210972600.00,
2.06 . 2.06.01 . 11 . 02 . 5 . 2 . 3,Belanja Modal,160000000.00,
2.06 . 2.06.01 . 12,"Program Perencanaan, Pengendalian dan Evaluasi Kinerja",23500000.00,
2.06 . 2.06.01 . 12 . 01,Penyusunan Perencanaan Kinerja SKPD,6000000.00,
2.06 . 2.06.01 . 12 . 01 . 5 . 2 . 1,Belanja Pegawai,1716000.00,
2.06 . 2.06.01 . 12 . 01 . 5 . 2 . 2,Belanja Barang dan Jasa,4284000.00,
2.06 . 2.06.01 . 12 . 02,Penyusunan Laporan Keuangan,10500000.00,
2.06 . 2.06.01 . 12 . 02 . 5 . 2 . 1,Belanja Pegawai,4500000.00,
2.06 . 2.06.01 . 12 . 02 . 5 . 2 . 2,Belanja Barang dan Jasa,6000000.00,
2.06 . 2.06.01 . 12 . 03,"Pengendalian, Evaluasi dan Pelaporan Kinerja",7000000.00,
2.06 . 2.06.01 . 12 . 03 . 5 . 2 . 1,Belanja Pegawai,1256000.00,
2.06 . 2.06.01 . 12 . 03 . 5 . 2 . 2,Belanja Barang dan Jasa,5744000.00,
2.06 . 2.06.01 . 13,Program Peningkatan Kapasitas Sumber Daya Manusia SKPD,2000000.00,
2.06 . 2.06.01 . 13 . 03,Pendidikan dan Pelatihan Non Formal,2000000.00,
2.06 . 2.06.01 . 13 . 03 . 5 . 2 . 2,Belanja Barang dan Jasa,2000000.00,
2.06 . 2.06.01 . 20,Program Pembinaan dan Penataan Pasar Tradisional,10536494096.00,
2.06 . 2.06.01 . 20 . 08,"Pembinaan Ketertiban, Keamanan, Kebersihan dan Keindahan Pasar",592612400.00,
2.06 . 2.06.01 . 20 . 08 . 5 . 2 . 1,Belanja Pegawai,28380000.00,
2.06 . 2.06.01 . 20 . 08 . 5 . 2 . 2,Belanja Barang dan Jasa,551182400.00,
2.06 . 2.06.01 . 20 . 08 . 5 . 2 . 3,Belanja Modal,13050000.00,
2.06 . 2.06.01 . 20 . 09,Pembinaan Pelayanan dan Pengendalian Perijinan Penggunaan Sarana Pasar Tradisional di UPTD Pasar Wilayah Selatan,23000000.00,
2.06 . 2.06.01 . 20 . 09 . 5 . 2 . 1,Belanja Pegawai,9792000.00,
2.06 . 2.06.01 . 20 . 09 . 5 . 2 . 2,Belanja Barang dan Jasa,13208000.00,
2.06 . 2.06.01 . 20 . 10,Pembinaan Pelayanan dan Pengendalian Perijinan Penggunaan Saranan Pasar Tradisional  di UPTD Pasar Wilayah Utara,15000000.00,
2.06 . 2.06.01 . 20 . 10 . 5 . 2 . 1,Belanja Pegawai,8370000.00,
2.06 . 2.06.01 . 20 . 10 . 5 . 2 . 2,Belanja Barang dan Jasa,6630000.00,
2.06 . 2.06.01 . 20 . 15,Pengelolaan Retribusi di UPTD Pasar Wilayah Utara,42000000.00,
2.06 . 2.06.01 . 20 . 15 . 5 . 2 . 1,Belanja Pegawai,25186000.00,
2.06 . 2.06.01 . 20 . 15 . 5 . 2 . 2,Belanja Barang dan Jasa,16814000.00,
2.06 . 2.06.01 . 20 . 16,Pengelolaan Retribusi di UPTD Pasar Wilayah Selatan,70000000.00,
2.06 . 2.06.01 . 20 . 16 . 5 . 2 . 1,Belanja Pegawai,24696000.00,
2.06 . 2.06.01 . 20 . 16 . 5 . 2 . 2,Belanja Barang dan Jasa,45304000.00,
2.06 . 2.06.01 . 20 . 17,"Pengembangan,Pengelolaan dan Rehabilitasi Pasar",9746081846.00,
2.06 . 2.06.01 . 20 . 17 . 5 . 2 . 1,Belanja Pegawai,30890000.00,
2.06 . 2.06.01 . 20 . 17 . 5 . 2 . 2,Belanja Barang dan Jasa,316361300.00,
2.06 . 2.06.01 . 20 . 17 . 5 . 2 . 3,Belanja Modal,9398830546.00,
2.06 . 2.06.01 . 20 . 21,"Pembinaan Manajemen, pengelolaan Pasar Tradisional",47799850.00,
2.06 . 2.06.01 . 20 . 21 . 5 . 2 . 1,Belanja Pegawai,15700000.00,
2.06 . 2.06.01 . 20 . 21 . 5 . 2 . 2,Belanja Barang dan Jasa,32099850.00,
2.07 . 2.06.01 . 23,Program Pengembangan Industri,967806900.00,
2.07 . 2.06.01 . 23 . 01,Pembinaan Perijinan Industri Kecil,59544400.00,
2.07 . 2.06.01 . 23 . 01 . 5 . 2 . 1,Belanja Pegawai,19420000.00,
2.07 . 2.06.01 . 23 . 01 . 5 . 2 . 2,Belanja Barang dan Jasa,40124400.00,
2.07 . 2.06.01 . 23 . 03,Pembinaan dan Pengembangan Usaha Industri,590985450.00,
2.07 . 2.06.01 . 23 . 03 . 5 . 2 . 1,Belanja Pegawai,28170000.00,
2.07 . 2.06.01 . 23 . 03 . 5 . 2 . 2,Belanja Barang dan Jasa,562815450.00,
2.07 . 2.06.01 . 23 . 04,Penerapan Gugus Kendali Mutu,48450000.00,
2.07 . 2.06.01 . 23 . 04 . 5 . 2 . 1,Belanja Pegawai,14250000.00,
2.07 . 2.06.01 . 23 . 04 . 5 . 2 . 2,Belanja Barang dan Jasa,34200000.00,
2.07 . 2.06.01 . 23 . 05,"Kerjasama Kemitraan Industri Mikro, Kecil dan Menengah dengan Swasta",72863550.00,
2.07 . 2.06.01 . 23 . 05 . 5 . 2 . 1,Belanja Pegawai,12550000.00,
2.07 . 2.06.01 . 23 . 05 . 5 . 2 . 2,Belanja Barang dan Jasa,60313550.00,
2.07 . 2.06.01 . 23 . 06,Penumbuhan Usaha Industri dan Pengembangan Usaha Industri Terintegrasi,138115100.00,
2.07 . 2.06.01 . 23 . 06 . 5 . 2 . 1,Belanja Pegawai,26250000.00,
2.07 . 2.06.01 . 23 . 06 . 5 . 2 . 2,Belanja Barang dan Jasa,111865100.00,
2.07 . 2.06.01 . 23 . 07,Penguatan IKM Berbasis Teknologi,57848400.00,
2.07 . 2.06.01 . 23 . 07 . 5 . 2 . 1,Belanja Pegawai,11900000.00,
2.07 . 2.06.01 . 23 . 07 . 5 . 2 . 2,Belanja Barang dan Jasa,45948400.00,
2.06 . 2.06.01 . 23,Program Pengembangan Usaha Perdagangan,344163100.00,
2.06 . 2.06.01 . 23 . 01,Pembinaan dan Penataan Pedagang Kaki Lima,26520000.00,
2.06 . 2.06.01 . 23 . 01 . 5 . 2 . 1,Belanja Pegawai,9585000.00,
2.06 . 2.06.01 . 23 . 01 . 5 . 2 . 2,Belanja Barang dan Jasa,16935000.00,
2.06 . 2.06.01 . 23 . 02,"Peningkatan Perlindungan Konsumen, Barang dalam Keadaan Terbungkus dan Hak Kekayaan Intelektual",67800000.00,
2.06 . 2.06.01 . 23 . 02 . 5 . 2 . 1,Belanja Pegawai,22390000.00,
2.06 . 2.06.01 . 23 . 02 . 5 . 2 . 2,Belanja Barang dan Jasa,45410000.00,
2.06 . 2.06.01 . 23 . 03,Pembinaan Usaha Perdagangan,35300000.00,
2.06 . 2.06.01 . 23 . 03 . 5 . 2 . 1,Belanja Pegawai,14300000.00,
2.06 . 2.06.01 . 23 . 03 . 5 . 2 . 2,Belanja Barang dan Jasa,21000000.00,
2.06 . 2.06.01 . 23 . 04,Pembinaan dan Pengembangan Produk Unggulan dan Ekspor,111209400.00,
2.06 . 2.06.01 . 23 . 04 . 5 . 2 . 1,Belanja Pegawai,10385000.00,
2.06 . 2.06.01 . 23 . 04 . 5 . 2 . 2,Belanja Barang dan Jasa,100824400.00,
2.06 . 2.06.01 . 23 . 05,Pengembangan Kelembagaan Kerjasama Kemitraan,35000000.00,
2.06 . 2.06.01 . 23 . 05 . 5 . 2 . 2,Belanja Barang dan Jasa,35000000.00,
2.06 . 2.06.01 . 23 . 06,Peningkatan Pengawasan Peredaran Barang dan Jasa,30000000.00,
2.06 . 2.06.01 . 23 . 06 . 5 . 2 . 1,Belanja Pegawai,11094000.00,
2.06 . 2.06.01 . 23 . 06 . 5 . 2 . 2,Belanja Barang dan Jasa,18906000.00,
2.06 . 2.06.01 . 23 . 07,Pendataan Pedagang di Luar Pasar,38333700.00,
2.06 . 2.06.01 . 23 . 07 . 5 . 2 . 1,Belanja Pegawai,12200000.00,
2.06 . 2.06.01 . 23 . 07 . 5 . 2 . 2,Belanja Barang dan Jasa,26133700.00,
,SURPLUS / (DEFISIT),-17117176615.00,
