Judul,Penjabaran Anggaran Pendapatan dan Belanja Daerah,,
Daerah,Kabupaten Kulonprogo,,
Tahun,2015,,
Kode Organisasi,1.08.01,,
Nama Organisasi,Kantor Lingkungan Hidup,,
Kolom,4,,
No. Rekening,Uraian,Jumlah,Keterangan
1.08 . 1.08.01 . 00 . 00 . 4 ,PENDAPATAN ,"244870384,00",
1.08 . 1.08.01 . 00 . 00 . 4 . 1 ,PENDAPATAN ASLI DAERAH ,"244870384,00",
1.08 . 1.08.01 . 00 . 00 . 4 . 1 . 2 ,Hasil Retribusi Daerah ,"244870384,00",
1.08 . 1.08.01 . 00 . 00 . 4 . 1 . 2 . 03 ,Retribusi Perizinan Tertentu ,"244870384,00",
1.08 . 1.08.01 . 00 . 00 . 4 . 1 . 2 . 03 . 03 ,Retribusi Izin Gangguan tempat Usaha/Kegiatan kepada Orang Pribadi ,"61217596,00","Peraturan Daerah Kabupatan Kulon Progo Nomor 8 Tahun 2012 tentang Retribusi Izin Gangguan, Lembaran Daerah Kabupaten Kulon Progo Tahun 2012 Nomor 8"
1.08 . 1.08.01 . 00 . 00 . 4 . 1 . 2 . 03 . 04 ,Retribusi Izin Gangguan tempat Usaha/Kegiatan kepada Badan ,"183652788,00","Peraturan Daerah Kabupatan Kulon Progo Nomor 8 Tahun 2012 tentang Retribusi Izin Gangguan, Lembaran Daerah Kabupaten Kulon Progo Tahun 2012 Nomor 8"
1.08 . 1.08.01 . 00 . 00 . 5 ,BELANJA ,3051982995.20,
1.08 . 1.08.01 . 00 . 00 . 5 . 1 ,BELANJA TIDAK LANGSUNG ,909952595.20,
1.08 . 1.08.01 . 00 . 00 ,Non Kegiatan ,909952595.20,Sumber Dana : 
1.08 . 1.08.01 . 00 . 00 . 5 . 1 . 1 ,Belanja Pegawai ,909952595.20,
1.08 . 1.08.01 . 00 . 00 . 5 . 1 . 1 . 01 ,Belanja Gaji dan Tunjangan ,"897709076,00",
1.08 . 1.08.01 . 00 . 00 . 5 . 1 . 1 . 01 . 01 ,Gaji Pokok PNS/Uang Representasi ,"686712003,00",
1.08 . 1.08.01 . 00 . 00 . 5 . 1 . 1 . 01 . 02 ,Tunjangan Keluarga ,"77755562,00",
1.08 . 1.08.01 . 00 . 00 . 5 . 1 . 1 . 01 . 03 ,Tunjangan Jabatan ,"44460000,00",
1.08 . 1.08.01 . 00 . 00 . 5 . 1 . 1 . 01 . 05 ,Tunjangan Fungsional Umum ,"26653900,00",
1.08 . 1.08.01 . 00 . 00 . 5 . 1 . 1 . 01 . 06 ,Tunjangan Beras ,"43973914,00",
1.08 . 1.08.01 . 00 . 00 . 5 . 1 . 1 . 01 . 07 ,Tunjangan PPh/Tunjangan Khusus ,"18142170,00",
1.08 . 1.08.01 . 00 . 00 . 5 . 1 . 1 . 01 . 08 ,Pembulatan Gaji ,"11527,00",
1.08 . 1.08.01 . 00 . 00 . 5 . 1 . 1 . 06 ,Insentif Pemungutan Retribusi Daerah ,12243519.20,
1.08 . 1.08.01 . 00 . 00 . 5 . 1 . 1 . 06 . 29 ,Insentif Pemungutan Retribusi Daerah - Izin Gangguan ,12243519.20,
1.08 . 1.08.01 . 01 . 40 . 5 . 2 ,BELANJA LANGSUNG ,"2142030400,00",
1.08 . 1.08.01 . 01 ,Program Pelayanan Administrasi Perkantoran ,"55129000,00",
1.08 . 1.08.01 . 01 . 40 ,Penyediaan Jasa dan Peralatan Perkantoran ,"11029000,00",Sumber Dana : Lokasi Kegiatan : Kabupaten Kulon Progo
1.08 . 1.08.01 . 01 . 40 . 5 . 2 . 2 ,Belanja Barang dan Jasa ,"11029000,00",
1.08 . 1.08.01 . 01 . 40 . 5 . 2 . 2 . 01 ,Belanja Bahan Pakai Habis ,"4651050,00",
1.08 . 1.08.01 . 01 . 40 . 5 . 2 . 2 . 01 . 01 ,Belanja Alat Tulis Kantor ,"4651050,00",
1.08 . 1.08.01 . 01 . 40 . 5 . 2 . 2 . 03 ,Belanja Jasa Kantor ,"840000,00",
1.08 . 1.08.01 . 01 . 40 . 5 . 2 . 2 . 03 . 05 ,Belanja Surat Kabar/Majalah ,"840000,00",
1.08 . 1.08.01 . 01 . 40 . 5 . 2 . 2 . 06 ,Belanja Cetak dan Penggandaan ,"5537950,00",
1.08 . 1.08.01 . 01 . 40 . 5 . 2 . 2 . 06 . 01 ,Belanja Cetak ,"1600100,00",
1.08 . 1.08.01 . 01 . 40 . 5 . 2 . 2 . 06 . 02 ,Belanja Penggandaan ,"3937850,00",
1.08 . 1.08.01 . 01 . 41 ,Penyediaan Jasa  keuangan ,"17700000,00",Sumber Dana : Lokasi Kegiatan : Kabupaten Kulon Progo
1.08 . 1.08.01 . 01 . 41 . 5 . 2 . 1 ,Belanja Pegawai ,"17700000,00",
1.08 . 1.08.01 . 01 . 41 . 5 . 2 . 1 . 01 ,Honorarium PNS ,"17700000,00",
1.08 . 1.08.01 . 01 . 41 . 5 . 2 . 1 . 01 . 04 ,Honorarium Bendahara/Pengurus Barang ,"17700000,00",
1.08 . 1.08.01 . 01 . 42 ,Penyediaan Rapat-Rapat  Konsultasi dan Koordinasi ,"26400000,00",Sumber Dana : Lokasi Kegiatan : Kabupaten Kulon Progo
1.08 . 1.08.01 . 01 . 42 . 5 . 2 . 2 ,Belanja Barang dan Jasa ,"26400000,00",
1.08 . 1.08.01 . 01 . 42 . 5 . 2 . 2 . 11 ,Belanja Makanan dan  Minuman ,"5400000,00",
1.08 . 1.08.01 . 01 . 42 . 5 . 2 . 2 . 11 . 02 ,Belanja Makanan Dan Minuman Rapat ,"5400000,00",
1.08 . 1.08.01 . 01 . 42 . 5 . 2 . 2 . 15 ,Belanja Perjalanan Dinas ,"21000000,00",
1.08 . 1.08.01 . 01 . 42 . 5 . 2 . 2 . 15 . 01 ,Belanja Perjalanan Dinas Dalam Daerah ,"1000000,00",
1.08 . 1.08.01 . 01 . 42 . 5 . 2 . 2 . 15 . 02 ,Belanja Perjalanan Dinas Luar Daerah ,"20000000,00",
1.08 . 1.08.01 . 11 ,Program Peningkatan Sarana dan Prasarana Perkantoran ,"115294000,00",
1.08 . 1.08.01 . 11 . 01 ,Pengadaan Sarana dan Prasarana Perkantoran ,"35310000,00",Sumber Dana : Lokasi Kegiatan : Kabupaten Kulon Progo
1.08 . 1.08.01 . 11 . 01 . 5 . 2 . 3 ,Belanja Modal ,"35310000,00",
1.08 . 1.08.01 . 11 . 01 . 5 . 2 . 3 . 17 ,Belanja Modal Peralatan dan Mesin - Pengadaan Alat Angkutan Darat Bermotor,"18425000,00",
1.08 . 1.08.01 . 11 . 01 . 5 . 2 . 3 . 17 . 05 ,Belanja Modal Peralatan dan Mesin - Pengadaan Kendaraan Bermotor Beroda Dua,"18425000,00","Sepeda MotorMotor""1 unit x 18.000.00000 = 18.000.00000""Pejabat Pengadaan""1 org/bln x 250.00000 = 250.00000""Pejabat Penerima/Pemeriksa""1 org/bln x 175.00000 = 175.00000"""
1.08 . 1.08.01 . 11 . 01 . 5 . 2 . 3 . 27 ,Belanja Modal Peralatan dan Mesin - Pengadaan Alat Kantor ,"3150000,00",
1.08 . 1.08.01 . 11 . 01 . 5 . 2 . 3 . 27 . 04 ,Belanja Modal Peralatan dan Mesin - Pengadaan Alat Penyimpanan Perlengkapan Kantor,"3150000,00","Lemari kayu arsipLemari arsip kayu""1 unit x 3.150.00000 = 3.150.00000"""
1.08 . 1.08.01 . 11 . 01 . 5 . 2 . 3 . 29 ,Belanja Modal Peralatan dan Mesin - Pengadaan  Komputer ,"13735000,00",
1.08 . 1.08.01 . 11 . 01 . 5 . 2 . 3 . 29 . 02 ,Belanja Modal Peralatan dan Mesin - Pengadaan Personal Komputer ,"12550000,00","P.C Unit/ Komputer PCKomputer""1 unit x 5.325.00000 = 5.325.00000""Laptop untuk e-plan dan e-monev""1 unit x 7.225.00000 = 7.225.00000"""
1.08 . 1.08.01 . 11 . 01 . 5 . 2 . 3 . 29 . 05 ,Belanja Modal Peralatan dan Mesin - Pengadaan Peralatan Personal Komputer,"1185000,00","PrinterPrinter Tinta""1 unit x 1.185.00000 = 1.185.00000"""
1.08 . 1.08.01 . 11 . 02 ,Pemeliharaan Sarana dan Prasarana Perkantoran ,"79984000,00",Sumber Dana : Lokasi Kegiatan : Kabupaten Kulon Progo
1.08 . 1.08.01 . 11 . 02 . 5 . 2 . 2 ,Belanja Barang dan Jasa ,"79984000,00",
1.08 . 1.08.01 . 11 . 02 . 5 . 2 . 2 . 03 ,Belanja Jasa Kantor ,"8100000,00",
1.08 . 1.08.01 . 11 . 02 . 5 . 2 . 2 . 03 . 01 ,Belanja Telepon ,"3600000,00",
1.08 . 1.08.01 . 11 . 02 . 5 . 2 . 2 . 03 . 02 ,Belanja Air ,"1500000,00",
1.08 . 1.08.01 . 11 . 02 . 5 . 2 . 2 . 03 . 03 ,Belanja Listrik ,"3000000,00",
1.08 . 1.08.01 . 11 . 02 . 5 . 2 . 2 . 05 ,Belanja Perawatan Kendaraan Bermotor ,"71884000,00",
1.08 . 1.08.01 . 11 . 02 . 5 . 2 . 2 . 05 . 01 ,Belanja Jasa Service ,"2165000,00",
1.08 . 1.08.01 . 11 . 02 . 5 . 2 . 2 . 05 . 02 ,Belanja Penggantian Suku Cadang ,"3700000,00",
1.08 . 1.08.01 . 11 . 02 . 5 . 2 . 2 . 05 . 03 ,Belanja Bahan Bakar Minyak/Gas Dan Pelumas ,"63005000,00",
1.08 . 1.08.01 . 11 . 02 . 5 . 2 . 2 . 05 . 05 ,Belanja Pajak Kendaraan Bermotor ,"3014000,00",
1.08 . 1.08.01 . 12 ,Program Perencanaan Pengendalian dan Evaluasi Kinerja ,"3882000,00",
1.08 . 1.08.01 . 12 . 01 ,Penyusunan Perencanaan Kinerja SKPD ,"852000,00",Sumber Dana : Lokasi Kegiatan : Kabupaten Kulon Progo
1.08 . 1.08.01 . 12 . 01 . 5 . 2 . 1 ,Belanja Pegawai ,"309000,00",
1.08 . 1.08.01 . 12 . 01 . 5 . 2 . 1 . 03 ,Uang Lembur ,"309000,00",
1.08 . 1.08.01 . 12 . 01 . 5 . 2 . 1 . 03 . 01 ,Uang Lembur PNS ,"309000,00",
1.08 . 1.08.01 . 12 . 01 . 5 . 2 . 2 ,Belanja Barang dan Jasa ,"543000,00",
1.08 . 1.08.01 . 12 . 01 . 5 . 2 . 2 . 01 ,Belanja Bahan Pakai Habis ,"45000,00",
1.08 . 1.08.01 . 12 . 01 . 5 . 2 . 2 . 01 . 01 ,Belanja Alat Tulis Kantor ,"45000,00",
1.08 . 1.08.01 . 12 . 01 . 5 . 2 . 2 . 06 ,Belanja Cetak dan Penggandaan ,"50000,00",
1.08 . 1.08.01 . 12 . 01 . 5 . 2 . 2 . 06 . 02 ,Belanja Penggandaan ,"50000,00",
1.08 . 1.08.01 . 12 . 01 . 5 . 2 . 2 . 11 ,Belanja Makanan dan  Minuman ,"448000,00",
1.08 . 1.08.01 . 12 . 01 . 5 . 2 . 2 . 11 . 01 ,Belanja Makanan Dan Minuman Harian Pegawai ,"378000,00",
1.08 . 1.08.01 . 12 . 01 . 5 . 2 . 2 . 11 . 02 ,Belanja Makanan Dan Minuman Rapat ,"70000,00",
1.08 . 1.08.01 . 12 . 02 ,Penyusunan Laporan Keuangan ,"950000,00",Sumber Dana : Lokasi Kegiatan : Kabupaten Kulon Progo
1.08 . 1.08.01 . 12 . 02 . 5 . 2 . 1 ,Belanja Pegawai ,"174000,00",
1.08 . 1.08.01 . 12 . 02 . 5 . 2 . 1 . 03 ,Uang Lembur ,"174000,00",
1.08 . 1.08.01 . 12 . 02 . 5 . 2 . 1 . 03 . 01 ,Uang Lembur PNS ,"174000,00",
1.08 . 1.08.01 . 12 . 02 . 5 . 2 . 2 ,Belanja Barang dan Jasa ,"776000,00",
1.08 . 1.08.01 . 12 . 02 . 5 . 2 . 2 . 01 ,Belanja Bahan Pakai Habis ,"53000,00",
1.08 . 1.08.01 . 12 . 02 . 5 . 2 . 2 . 01 . 01 ,Belanja Alat Tulis Kantor ,"53000,00",
1.08 . 1.08.01 . 12 . 02 . 5 . 2 . 2 . 06 ,Belanja Cetak dan Penggandaan ,"67000,00",
1.08 . 1.08.01 . 12 . 02 . 5 . 2 . 2 . 06 . 02 ,Belanja Penggandaan ,"67000,00",
1.08 . 1.08.01 . 12 . 02 . 5 . 2 . 2 . 11 ,Belanja Makanan dan  Minuman ,"656000,00",
1.08 . 1.08.01 . 12 . 02 . 5 . 2 . 2 . 11 . 01 ,Belanja Makanan Dan Minuman Harian Pegawai ,"432000,00",
1.08 . 1.08.01 . 12 . 02 . 5 . 2 . 2 . 11 . 02 ,Belanja Makanan Dan Minuman Rapat ,"224000,00",
1.08 . 1.08.01 . 12 . 03 ,Pengendalian Evaluasi dan Pelaporan Kinerja ,"2080000,00",Sumber Dana : Lokasi Kegiatan : Kabupaten Kulon Progo
1.08 . 1.08.01 . 12 . 03 . 5 . 2 . 1 ,Belanja Pegawai ,"906000,00",
1.08 . 1.08.01 . 12 . 03 . 5 . 2 . 1 . 03 ,Uang Lembur ,"906000,00",
1.08 . 1.08.01 . 12 . 03 . 5 . 2 . 1 . 03 . 01 ,Uang Lembur PNS ,"906000,00",
1.08 . 1.08.01 . 12 . 03 . 5 . 2 . 2 ,Belanja Barang dan Jasa ,"1174000,00",
1.08 . 1.08.01 . 12 . 03 . 5 . 2 . 2 . 01 ,Belanja Bahan Pakai Habis ,"271000,00",
1.08 . 1.08.01 . 12 . 03 . 5 . 2 . 2 . 01 . 01 ,Belanja Alat Tulis Kantor ,"271000,00",
1.08 . 1.08.01 . 12 . 03 . 5 . 2 . 2 . 06 ,Belanja Cetak dan Penggandaan ,"223000,00",
1.08 . 1.08.01 . 12 . 03 . 5 . 2 . 2 . 06 . 02 ,Belanja Penggandaan ,"223000,00",
1.08 . 1.08.01 . 12 . 03 . 5 . 2 . 2 . 11 ,Belanja Makanan dan  Minuman ,"680000,00",
1.08 . 1.08.01 . 12 . 03 . 5 . 2 . 2 . 11 . 01 ,Belanja Makanan Dan Minuman Harian Pegawai ,"540000,00",
1.08 . 1.08.01 . 12 . 03 . 5 . 2 . 2 . 11 . 02 ,Belanja Makanan Dan Minuman Rapat ,"140000,00",
1.08 . 1.08.01 . 13 ,Program Peningkatan Kapasitas Sumber Daya Manusia SKPD ,"7849000,00",
1.08 . 1.08.01 . 13 . 03 ,Pendidikan dan Pelatihan Non Formal ,"5000000,00",Sumber Dana : Lokasi Kegiatan : Kabupaten Kulon Progo
1.08 . 1.08.01 . 13 . 03 . 5 . 2 . 2 ,Belanja Barang dan Jasa ,"5000000,00",
1.08 . 1.08.01 . 13 . 03 . 5 . 2 . 2 . 17 ,Belanja kursus pelatihan sosialisasi dan bimbingan teknis PNS ,"5000000,00",
1.08 . 1.08.01 . 13 . 03 . 5 . 2 . 2 . 17 . 01 ,Belanja Kursus-Kursus Singkat/Pelatihan ,"5000000,00",
1.08 . 1.08.01 . 13 . 05 ,Pengadaan Pakaian Dinas Harian (PDH) ,"2849000,00",Sumber Dana : Lokasi Kegiatan : Kabupaten Kulon Progo
1.08 . 1.08.01 . 13 . 05 . 5 . 2 . 2 ,Belanja Barang dan Jasa ,"2849000,00",
1.08 . 1.08.01 . 13 . 05 . 5 . 2 . 2 . 01 ,Belanja Bahan Pakai Habis ,"49000,00",
1.08 . 1.08.01 . 13 . 05 . 5 . 2 . 2 . 01 . 01 ,Belanja Alat Tulis Kantor ,"49000,00",
1.08 . 1.08.01 . 13 . 05 . 5 . 2 . 2 . 12 ,Belanja Pakaian Dinas dan Atributnya ,"2800000,00",
1.08 . 1.08.01 . 13 . 05 . 5 . 2 . 2 . 12 . 04 ,Belanja Pakaian Dinas Harian (PDH) ,"2800000,00",
1.08 . 1.08.01 . 16 ,Program Pengendalian Pencemaran dan Perusakan Lingkungan Hidup ,"887082000,00",
1.08 . 1.08.01 . 16 . 03 ,Pemantauan Kualitas Lingkungan ,"155680000,00",Sumber Dana : Lokasi Kegiatan : Lingkup Kabupaten Kulon Progo
1.08 . 1.08.01 . 16 . 03 . 5 . 2 . 1 ,Belanja Pegawai ,"13424000,00",
1.08 . 1.08.01 . 16 . 03 . 5 . 2 . 1 . 01 ,Honorarium PNS ,"11480000,00",
1.08 . 1.08.01 . 16 . 03 . 5 . 2 . 1 . 01 . 01 ,Honorarium Panitia Pelaksana Kegiatan ,"11480000,00",
1.08 . 1.08.01 . 16 . 03 . 5 . 2 . 1 . 03 ,Uang Lembur ,"1944000,00",
1.08 . 1.08.01 . 16 . 03 . 5 . 2 . 1 . 03 . 01 ,Uang Lembur PNS ,"1944000,00",
1.08 . 1.08.01 . 16 . 03 . 5 . 2 . 2 ,Belanja Barang dan Jasa ,"86576000,00",
1.08 . 1.08.01 . 16 . 03 . 5 . 2 . 2 . 01 ,Belanja Bahan Pakai Habis ,"907300,00",
1.08 . 1.08.01 . 16 . 03 . 5 . 2 . 2 . 01 . 01 ,Belanja Alat Tulis Kantor ,"907300,00",
1.08 . 1.08.01 . 16 . 03 . 5 . 2 . 2 . 03 ,Belanja Jasa Kantor ,"58800000,00",
1.08 . 1.08.01 . 16 . 03 . 5 . 2 . 2 . 03 . 23 ,Belanja Jasa Analisa/Pemeriksaan Laboratorium ,"58800000,00",
1.08 . 1.08.01 . 16 . 03 . 5 . 2 . 2 . 06 ,Belanja Cetak dan Penggandaan ,"1023700,00",
1.08 . 1.08.01 . 16 . 03 . 5 . 2 . 2 . 06 . 02 ,Belanja Penggandaan ,"1023700,00",
1.08 . 1.08.01 . 16 . 03 . 5 . 2 . 2 . 11 ,Belanja Makanan dan  Minuman ,"7790000,00",
1.08 . 1.08.01 . 16 . 03 . 5 . 2 . 2 . 11 . 01 ,Belanja Makanan Dan Minuman Harian Pegawai ,"540000,00",
1.08 . 1.08.01 . 16 . 03 . 5 . 2 . 2 . 11 . 02 ,Belanja Makanan Dan Minuman Rapat ,"7250000,00",
1.08 . 1.08.01 . 16 . 03 . 5 . 2 . 2 . 15 ,Belanja Perjalanan Dinas ,"18055000,00",
1.08 . 1.08.01 . 16 . 03 . 5 . 2 . 2 . 15 . 01 ,Belanja Perjalanan Dinas Dalam Daerah ,"8505000,00",
1.08 . 1.08.01 . 16 . 03 . 5 . 2 . 2 . 15 . 02 ,Belanja Perjalanan Dinas Luar Daerah ,"9550000,00",
1.08 . 1.08.01 . 16 . 03 . 5 . 2 . 3 ,Belanja Modal ,"55680000,00",
1.08 . 1.08.01 . 16 . 03 . 5 . 2 . 3 . 42 ,Belanja Modal Peralatan dan Mesin - Pengadaan Alat Laboratorium Lingkungan Hidup,"55680000,00",
1.08 . 1.08.01 . 16 . 03 . 5 . 2 . 3 . 42 . 02 ,Belanja Modal Peralatan dan Mesin - Pengadaan Alat Laboratorium Kualitas Udara,"55680000,00","Belanja Alat Laboratorium Lingkungan HidupAlat Pengambil Sampel Udara""1 set x 25.000.00000 = 25.000.00000""Alat Pengambil Sampel Debu DAK = Rp.  20.909.091 DAU=Rp.  2.090.909""1 unit x 23.000.00000 = 23.000.00000""KertasFilter DAK = Rp.5.590.909  DAU=Rp.559.091""1 box x 6.150.00000 = 6.150.00000""ATKHVS folio 70 gr	""2 rim x 45.00000 = 90.00000""Tinta refil printer""1 buah x 36.50000 = 36.50000""Stopmapkertas""10 buah x 1.10000 = 11.00000""PenggandaanFotocopi 70 gr""1	100 lembar x 17500 = 192.50000""Makanan dan Minuman Rapat""30 OS x 25.00000 = 750.00000""Tim PengadaanHonor Pejabat Pengadaan Barang dan Jasa""1 orang x 250.00000 = 250.00000""Honor Pejabat Penerima/Pemeriksa""1 orang x 200.00000 = 200.00000"""
1.08 . 1.08.01 . 16 . 07 ,Pengkajian Dampak Lingkungan ,"65000000,00",Sumber Dana : Lokasi Kegiatan : Kabupaten Kulon Progo
1.08 . 1.08.01 . 16 . 07 . 5 . 2 . 1 ,Belanja Pegawai ,"23430000,00",
1.08 . 1.08.01 . 16 . 07 . 5 . 2 . 1 . 01 ,Honorarium PNS ,"17750000,00",
1.08 . 1.08.01 . 16 . 07 . 5 . 2 . 1 . 01 . 01 ,Honorarium Panitia Pelaksana Kegiatan ,"17750000,00",
1.08 . 1.08.01 . 16 . 07 . 5 . 2 . 1 . 03 ,Uang Lembur ,"5680000,00",
1.08 . 1.08.01 . 16 . 07 . 5 . 2 . 1 . 03 . 01 ,Uang Lembur PNS ,"5680000,00",
1.08 . 1.08.01 . 16 . 07 . 5 . 2 . 2 ,Belanja Barang dan Jasa ,"41570000,00",
1.08 . 1.08.01 . 16 . 07 . 5 . 2 . 2 . 01 ,Belanja Bahan Pakai Habis ,"980000,00",
1.08 . 1.08.01 . 16 . 07 . 5 . 2 . 2 . 01 . 01 ,Belanja Alat Tulis Kantor ,"980000,00",
1.08 . 1.08.01 . 16 . 07 . 5 . 2 . 2 . 06 ,Belanja Cetak dan Penggandaan ,"1750000,00",
1.08 . 1.08.01 . 16 . 07 . 5 . 2 . 2 . 06 . 02 ,Belanja Penggandaan ,"1750000,00",
1.08 . 1.08.01 . 16 . 07 . 5 . 2 . 2 . 11 ,Belanja Makanan dan  Minuman ,"19660000,00",
1.08 . 1.08.01 . 16 . 07 . 5 . 2 . 2 . 11 . 01 ,Belanja Makanan Dan Minuman Harian Pegawai ,"5760000,00",
1.08 . 1.08.01 . 16 . 07 . 5 . 2 . 2 . 11 . 02 ,Belanja Makanan Dan Minuman Rapat ,"13900000,00",
1.08 . 1.08.01 . 16 . 07 . 5 . 2 . 2 . 15 ,Belanja Perjalanan Dinas ,"19180000,00",
1.08 . 1.08.01 . 16 . 07 . 5 . 2 . 2 . 15 . 01 ,Belanja Perjalanan Dinas Dalam Daerah ,"7880000,00",
1.08 . 1.08.01 . 16 . 07 . 5 . 2 . 2 . 15 . 02 ,Belanja Perjalanan Dinas Luar Daerah ,"11300000,00",
1.08 . 1.08.01 . 16 . 24 ,Pengembangan Kapasitas Pengelolaan Lingkungan Hidup ,"386899500,00",Sumber Dana : Lokasi Kegiatan : Kabupaten Kulon Progo
1.08 . 1.08.01 . 16 . 24 . 5 . 2 . 1 ,Belanja Pegawai ,"14227000,00",
1.08 . 1.08.01 . 16 . 24 . 5 . 2 . 1 . 01 ,Honorarium PNS ,"7180000,00",
1.08 . 1.08.01 . 16 . 24 . 5 . 2 . 1 . 01 . 01 ,Honorarium Panitia Pelaksana Kegiatan ,"7180000,00",
1.08 . 1.08.01 . 16 . 24 . 5 . 2 . 1 . 02 ,Honorarium Non PNS ,"5920000,00",
1.08 . 1.08.01 . 16 . 24 . 5 . 2 . 1 . 02 . 03 ,Honorarium Harian ,"5920000,00",
1.08 . 1.08.01 . 16 . 24 . 5 . 2 . 1 . 03 ,Uang Lembur ,"1127000,00",
1.08 . 1.08.01 . 16 . 24 . 5 . 2 . 1 . 03 . 01 ,Uang Lembur PNS ,"1127000,00",
1.08 . 1.08.01 . 16 . 24 . 5 . 2 . 2 ,Belanja Barang dan Jasa ,"372672500,00",
1.08 . 1.08.01 . 16 . 24 . 5 . 2 . 2 . 01 ,Belanja Bahan Pakai Habis ,"8964100,00",
1.08 . 1.08.01 . 16 . 24 . 5 . 2 . 2 . 01 . 01 ,Belanja Alat Tulis Kantor ,"8964100,00",
1.08 . 1.08.01 . 16 . 24 . 5 . 2 . 2 . 02 ,Belanja Bahan/Material ,"1200000,00",
1.08 . 1.08.01 . 16 . 24 . 5 . 2 . 2 . 02 . 06 ,Belanja Bahan Percontohan ,"1200000,00",
1.08 . 1.08.01 . 16 . 24 . 5 . 2 . 2 . 03 ,Belanja Jasa Kantor ,"750000,00",
1.08 . 1.08.01 . 16 . 24 . 5 . 2 . 2 . 03 . 15 ,Belanja Publikasi ,"750000,00",
1.08 . 1.08.01 . 16 . 24 . 5 . 2 . 2 . 06 ,Belanja Cetak dan Penggandaan ,"1202500,00",
1.08 . 1.08.01 . 16 . 24 . 5 . 2 . 2 . 06 . 01 ,Belanja Cetak ,"835000,00",
1.08 . 1.08.01 . 16 . 24 . 5 . 2 . 2 . 06 . 02 ,Belanja Penggandaan ,"367500,00",
1.08 . 1.08.01 . 16 . 24 . 5 . 2 . 2 . 11 ,Belanja Makanan dan  Minuman ,"8580000,00",
1.08 . 1.08.01 . 16 . 24 . 5 . 2 . 2 . 11 . 01 ,Belanja Makanan Dan Minuman Harian Pegawai ,"1260000,00",
1.08 . 1.08.01 . 16 . 24 . 5 . 2 . 2 . 11 . 02 ,Belanja Makanan Dan Minuman Rapat ,"2520000,00",
1.08 . 1.08.01 . 16 . 24 . 5 . 2 . 2 . 11 . 04 ,Belanja makanan dan minuman pelatihan sosialisasi penyuluhan ,"4800000,00",
1.08 . 1.08.01 . 16 . 24 . 5 . 2 . 2 . 15 ,Belanja Perjalanan Dinas ,"5087400,00",
1.08 . 1.08.01 . 16 . 24 . 5 . 2 . 2 . 15 . 01 ,Belanja Perjalanan Dinas Dalam Daerah ,"510000,00",
1.08 . 1.08.01 . 16 . 24 . 5 . 2 . 2 . 15 . 02 ,Belanja Perjalanan Dinas Luar Daerah ,"4577400,00",
1.08 . 1.08.01 . 16 . 24 . 5 . 2 . 2 . 23 ,Belanja Barang Untuk Diserahkan kepada Masyarakat/Pihak Ketiga ,"345088500,00",
1.08 . 1.08.01 . 16 . 24 . 5 . 2 . 2 . 23 . 01 ,Belanja Barang Yang Akan Diserahkan Kepada Masyarakat ,"345088500,00","Belanja hibah/bantuan barang  Pembuatan Bangunan Pengolah Sampah  (DAK  Rp.98.529.090; DAU  Rp.9.852.910)""Bank Sampah Uwuh Mulyo	 Segajih	 Hargotirto	 Kokap""""1 unit x 54.191.00000 = 54.191.00000""""Bank Sampah Uwuh Harjo	 Ngrajun	Banjarharjo	 Kalibawang""""1 unit x 54.191.000	00 = 54.191.00000""Belanja hibah/bantuan barang  Pengadaan Bak Sampah  (DAK  Rp.21.818.182 ; DAU  Rp.2.181.818)""KPSM Menara	 Jogahan	 Temon Wetan	 Temon""""30 unit x 240.000	00 = 7.200.000	00""	""Bank Sampah Sekar Arum	 Pujon Lor	 Kranggan	 Galur""""30 unit x 240.000	00 = 7.200.000	00""	""Karang Taruna Jari Agung	 Margosari	 Pengasih""	""40 unit x 240.000	00 = 9.600.000	00""	Belanja hibah/bantuan barang  Pengadaan Alat Pencacah Sampah  (DAK  Rp.113.636.364 ; DAU  Rp.11.363.636)""KSM Sampurna Asih	 Pengasih""		""1 unit x 25.000.000	00 = 25.000.000	00""	""KT. Gangsar	 Kaligintung Lor	 Kaligintung	 Temon""""1 unit x 25.000.000	00 = 25.000.000	00""	""Bank Sampah Melati	 Wates""	""1 unit x 25.000.000	00 = 25.000.000	00""""Bank Sampah Sadidu	 Wonosidi Lor	 Wates""""1 unit x 25.000.000	00 = 25.000.000	00""""Bank Sampah 42 Sehat	 Gadingan	 Wates""	""1 unit x 25.000.000	00 = 25.000.000	00""	Belanja hibah/bantuan barang  Pengadaan Motor Gerobak Sampah  (DAK  Rp.73.636.364 ; DAU  Rp.7.363.636)	""Bank Sampah Giri Uwuh	 Klepu	 Hargotirto	 Koakap""""1 unit x 27.000.000	00 = 27.000.000	00""""Komunitas Wates Ijo lan Resik	 Wates""""1 unit x 27.000.000	00 = 27.000.000	00""""Bank Sampah Pulung Rejeki	 Pundak Lor	 Kembang	 Nanggulan""""1 unit x 27.000.000	00 = 27.000.000	00""Belanja Jasa Konsultasi PerencanaanJasa Konsultan Perencanaan""1  paket x 2.615.000	00 = 2.615.000	00""Belanja JasaKonsultasiPengawasanJasa konsultan Pengawasan	""1  paket x 2.540.000	00 = 2.540.000	00""Belanja makanan dan minuman rapatMakanan dan minuman rapat	""20 orang/kali x 25.000	00 = 500.000	00""Belanja ATKKertas HVS folio 70 gr	""1 rim x 45.000	00 = 45.000	00""Tinta refill printer	""1 dos x 36.500	00 = 36.500	00""	Penggandaan			Fotocopy HVS folio 70 gr			""400 lbr x175	00 = 70.000	00""	Tim Pengadaan	Pejabat Pengadaan""2 org/bln x 250.000	00 = 500.000	00""	PejabatPenerima/Pemeriksa	""2 org/bln x 200.000	00 = 400.000	00"""
1.08 . 1.08.01 . 16 . 24 . 5 . 2 . 2 . 27 ,Belanja Tenaga Ahli/Instruktur/Narasumber ,"1800000,00",
1.08 . 1.08.01 . 16 . 24 . 5 . 2 . 2 . 27 . 01 ,Jasa Tenaga Ahli/Instruktur/Narasumber ,"1800000,00",
1.08 . 1.08.01 . 16 . 25 ,Pembangunan Biodigester Biogas Limbah ,"203502500,00",Sumber Dana : Lokasi Kegiatan : Kabupaten Kulon Progo
1.08 . 1.08.01 . 16 . 25 . 5 . 2 . 1 ,Belanja Pegawai ,"1261000,00",
1.08 . 1.08.01 . 16 . 25 . 5 . 2 . 1 . 03 ,Uang Lembur ,"1261000,00",
1.08 . 1.08.01 . 16 . 25 . 5 . 2 . 1 . 03 . 01 ,Uang Lembur PNS ,"1261000,00",
1.08 . 1.08.01 . 16 . 25 . 5 . 2 . 2 ,Belanja Barang dan Jasa ,"176941500,00",
1.08 . 1.08.01 . 16 . 25 . 5 . 2 . 2 . 01 ,Belanja Bahan Pakai Habis ,"222850,00",
1.08 . 1.08.01 . 16 . 25 . 5 . 2 . 2 . 01 . 01 ,Belanja Alat Tulis Kantor ,"222850,00",
1.08 . 1.08.01 . 16 . 25 . 5 . 2 . 2 . 06 ,Belanja Cetak dan Penggandaan ,"133400,00",
1.08 . 1.08.01 . 16 . 25 . 5 . 2 . 2 . 06 . 02 ,Belanja Penggandaan ,"133400,00",
1.08 . 1.08.01 . 16 . 25 . 5 . 2 . 2 . 11 ,Belanja Makanan dan  Minuman ,"2154000,00",
1.08 . 1.08.01 . 16 . 25 . 5 . 2 . 2 . 11 . 01 ,Belanja Makanan Dan Minuman Harian Pegawai ,"1404000,00",
1.08 . 1.08.01 . 16 . 25 . 5 . 2 . 2 . 11 . 02 ,Belanja Makanan Dan Minuman Rapat ,"750000,00",
1.08 . 1.08.01 . 16 . 25 . 5 . 2 . 2 . 15 ,Belanja Perjalanan Dinas ,"555000,00",
1.08 . 1.08.01 . 16 . 25 . 5 . 2 . 2 . 15 . 01 ,Belanja Perjalanan Dinas Dalam Daerah ,"555000,00",
1.08 . 1.08.01 . 16 . 25 . 5 . 2 . 2 . 23 ,Belanja Barang Untuk Diserahkan kepada Masyarakat/Pihak Ketiga ,"173876250,00",
1.08 . 1.08.01 . 16 . 25 . 5 . 2 . 2 . 23 . 01 ,Belanja Barang Yang Akan Diserahkan Kepada Masyarakat ,"173876250,00","Biodigester Biogas (DAK Rp.150.000.000; DAU Rp.15.000.000)""Kelompok Pengrajin Tahu Manunggal Karyo	 Girimulyo""""3 unit x 18.700.000	00 = 56.100.000	00""""Sehono	 Gotakan	 Panjatan""""1 unit x 18.150.000	00 = 18.150.000	00""""Jumari	 Gotakan	 Panjatan""""1 unit x 18.150.000	00 = 18.150.000	00""""Kelompok Pengrajin Tahu Nomporejo	 Galur""	""1 unit x 18.150.000	00 = 18.150.000	00""""Suyono	Nomporejo	 Galur""""1 unit x 18.150.000	00 = 18.150.000	00""""Ngalim	 Sentolo	 Sentolo""""1 unit x 18.150.000	00 = 18.150.000	00""""Wahyuno	 Blumbang	 Karangsari""""1 unit x 18.150.000	00 = 18.150.000	00""ATK	Kertas HVS 70 gr		""1 rim x 44.500	00 = 44.500	00""Tinta refill	""1 dos x 28.000	00 = 28.000	00""Penggandaan	Fotocopi	""350 lembar x 225	00 = 78.750	00""Makan minum rapat""14 orang/kali x 25.000	00 = 350.000	00""Tim Pengadaan	Pejabat pengadaan""1 OB x 200.000	00 = 200.000	00""Pejabat Penerima/Pemeriksa		""1 OB x 175.000	00 = 175.000	00""Perencanaan dan PengawasanPerencanaan""1 paket x 4.500.000	00 = 4.500.000	00""Pengawasan""1 paket x 3.500.000	00 = 3.500.000	00"""
1.08 . 1.08.01 . 16 . 25 . 5 . 2 . 3 ,Belanja Modal ,"25300000,00",
1.08 . 1.08.01 . 16 . 25 . 5 . 2 . 3 . 17 ,Belanja Modal Peralatan dan Mesin - Pengadaan Alat Angkutan Darat Bermotor,"25300000,00",
1.08 . 1.08.01 . 16 . 25 . 5 . 2 . 3 . 17 . 05 ,Belanja Modal Peralatan dan Mesin - Pengadaan Kendaraan Bermotor Beroda Dua,"25300000,00","Sepeda MotorSepeda Motor (DAK = Rp. 23.000.000 DAU = Rp. 2.300.000)""1 unit x 25.300.000	00 = 25.300.000	00"""
1.08 . 1.08.01 . 16 . 26 ,Penanganan Kasus Lingkungan Hidup ,"36000000,00",Sumber Dana : Lokasi Kegiatan : Kabupaten Kulon Progo
1.08 . 1.08.01 . 16 . 26 . 5 . 2 . 1 ,Belanja Pegawai ,"12425000,00",
1.08 . 1.08.01 . 16 . 26 . 5 . 2 . 1 . 01 ,Honorarium PNS ,"12425000,00",
1.08 . 1.08.01 . 16 . 26 . 5 . 2 . 1 . 01 . 01 ,Honorarium Panitia Pelaksana Kegiatan ,"12425000,00",
1.08 . 1.08.01 . 16 . 26 . 5 . 2 . 2 ,Belanja Barang dan Jasa ,"23575000,00",
1.08 . 1.08.01 . 16 . 26 . 5 . 2 . 2 . 01 ,Belanja Bahan Pakai Habis ,"756650,00",
1.08 . 1.08.01 . 16 . 26 . 5 . 2 . 2 . 01 . 01 ,Belanja Alat Tulis Kantor ,"756650,00",
1.08 . 1.08.01 . 16 . 26 . 5 . 2 . 2 . 06 ,Belanja Cetak dan Penggandaan ,"1268350,00",
1.08 . 1.08.01 . 16 . 26 . 5 . 2 . 2 . 06 . 02 ,Belanja Penggandaan ,"1268350,00",
1.08 . 1.08.01 . 16 . 26 . 5 . 2 . 2 . 11 ,Belanja Makanan dan  Minuman ,"7500000,00",
1.08 . 1.08.01 . 16 . 26 . 5 . 2 . 2 . 11 . 02 ,Belanja Makanan Dan Minuman Rapat ,"7500000,00",
1.08 . 1.08.01 . 16 . 26 . 5 . 2 . 2 . 15 ,Belanja Perjalanan Dinas ,"14050000,00",
1.08 . 1.08.01 . 16 . 26 . 5 . 2 . 2 . 15 . 01 ,Belanja Perjalanan Dinas Dalam Daerah ,"5810000,00",
1.08 . 1.08.01 . 16 . 26 . 5 . 2 . 2 . 15 . 02 ,Belanja Perjalanan Dinas Luar Daerah ,"8240000,00",
1.08 . 1.08.01 . 16 . 27 ,Pengawasan Kebijakan Pengelolaan Lingkungan Hidup ,"40000000,00",Sumber Dana : Lokasi Kegiatan : Kabupaten Kulon Progo
1.08 . 1.08.01 . 16 . 27 . 5 . 2 . 1 ,Belanja Pegawai ,"3476000,00",
1.08 . 1.08.01 . 16 . 27 . 5 . 2 . 1 . 03 ,Uang Lembur ,"3476000,00",
1.08 . 1.08.01 . 16 . 27 . 5 . 2 . 1 . 03 . 01 ,Uang Lembur PNS ,"3476000,00",
1.08 . 1.08.01 . 16 . 27 . 5 . 2 . 2 ,Belanja Barang dan Jasa ,"36524000,00",
1.08 . 1.08.01 . 16 . 27 . 5 . 2 . 2 . 01 ,Belanja Bahan Pakai Habis ,"1363950,00",
1.08 . 1.08.01 . 16 . 27 . 5 . 2 . 2 . 01 . 01 ,Belanja Alat Tulis Kantor ,"1363950,00",
1.08 . 1.08.01 . 16 . 27 . 5 . 2 . 2 . 06 ,Belanja Cetak dan Penggandaan ,"1890050,00",
1.08 . 1.08.01 . 16 . 27 . 5 . 2 . 2 . 06 . 02 ,Belanja Penggandaan ,"1890050,00",
1.08 . 1.08.01 . 16 . 27 . 5 . 2 . 2 . 11 ,Belanja Makanan dan  Minuman ,"12760000,00",
1.08 . 1.08.01 . 16 . 27 . 5 . 2 . 2 . 11 . 01 ,Belanja Makanan Dan Minuman Harian Pegawai ,"3960000,00",
1.08 . 1.08.01 . 16 . 27 . 5 . 2 . 2 . 11 . 02 ,Belanja Makanan Dan Minuman Rapat ,"8800000,00",
1.08 . 1.08.01 . 16 . 27 . 5 . 2 . 2 . 15 ,Belanja Perjalanan Dinas ,"20510000,00",
1.08 . 1.08.01 . 16 . 27 . 5 . 2 . 2 . 15 . 01 ,Belanja Perjalanan Dinas Dalam Daerah ,"7800000,00",
1.08 . 1.08.01 . 16 . 27 . 5 . 2 . 2 . 15 . 02 ,Belanja Perjalanan Dinas Luar Daerah ,"12710000,00",
1.08 . 1.08.01 . 17 ,Program Perlindungan dan Konservasi Sumber Daya Alam ,"1072794400,00",
1.08 . 1.08.01 . 17 . 07 ,Peningkatan Konservasi Daerah Tangkapan Air dan Sumber-Sumber Air ,"211860000,00",Sumber Dana : Lokasi Kegiatan : Kabupaten Kulon Progo
1.08 . 1.08.01 . 17 . 07 . 5 . 2 . 1 ,Belanja Pegawai ,"1040000,00",
1.08 . 1.08.01 . 17 . 07 . 5 . 2 . 1 . 03 ,Uang Lembur ,"1040000,00",
1.08 . 1.08.01 . 17 . 07 . 5 . 2 . 1 . 03 . 01 ,Uang Lembur PNS ,"1040000,00",
1.08 . 1.08.01 . 17 . 07 . 5 . 2 . 2 ,Belanja Barang dan Jasa ,"210820000,00",
1.08 . 1.08.01 . 17 . 07 . 5 . 2 . 2 . 01 ,Belanja Bahan Pakai Habis ,"359250,00",
1.08 . 1.08.01 . 17 . 07 . 5 . 2 . 2 . 01 . 01 ,Belanja Alat Tulis Kantor ,"359250,00",
1.08 . 1.08.01 . 17 . 07 . 5 . 2 . 2 . 06 ,Belanja Cetak dan Penggandaan ,"340700,00",
1.08 . 1.08.01 . 17 . 07 . 5 . 2 . 2 . 06 . 02 ,Belanja Penggandaan ,"340700,00",
1.08 . 1.08.01 . 17 . 07 . 5 . 2 . 2 . 11 ,Belanja Makanan dan  Minuman ,"1788000,00",
1.08 . 1.08.01 . 17 . 07 . 5 . 2 . 2 . 11 . 01 ,Belanja Makanan Dan Minuman Harian Pegawai ,"288000,00",
1.08 . 1.08.01 . 17 . 07 . 5 . 2 . 2 . 11 . 02 ,Belanja Makanan Dan Minuman Rapat ,"1500000,00",
1.08 . 1.08.01 . 17 . 07 . 5 . 2 . 2 . 15 ,Belanja Perjalanan Dinas ,"1735000,00",
1.08 . 1.08.01 . 17 . 07 . 5 . 2 . 2 . 15 . 01 ,Belanja Perjalanan Dinas Dalam Daerah ,"1320000,00",
1.08 . 1.08.01 . 17 . 07 . 5 . 2 . 2 . 15 . 02 ,Belanja Perjalanan Dinas Luar Daerah ,"415000,00",
1.08 . 1.08.01 . 17 . 07 . 5 . 2 . 2 . 23 ,Belanja Barang Untuk Diserahkan kepada Masyarakat/Pihak Ketiga ,"206597050,00",
1.08 . 1.08.01 . 17 . 07 . 5 . 2 . 2 . 23 . 01 ,Belanja Barang Yang Akan Diserahkan Kepada Masyarakat ,"206597050,00","Belanja Barang Yang Akan Diserahkan Kepada MasyarakatPenanaman Pohon di sekitar Mata Air (DAK Rp.40.000.000; DAU Rp.4.000.000)	""1	760 batang x 25.000	00 = 44.000.000Pembuatan sumur resapan (DAK Rp. 140.000.000;DAU Rp.14.000.000)	""88 unit x 1.750.000	00 = 154.000.000	00""ATK	Belanja ATK HVS folio 70 gr	""1 rim x 45.000	00 =45.000	00""Penggandaan	Belanja penggandaan Fotocopi	""726 lembar x 175	00 = 127.050	00""Belanja Makanan dan Minuman Rapat	Makanan dan Minuman Rapat	""20 orang/kali x 25.000	00 = 500.000	00""Honorarium Tim Pengadaan	Honorarium Pejabat Pengadaan Barang dan Jasa		""1 orang x 225.000	00 = 225.000	00""Honorarium Pejabat Penerima/Pemeriksa	""1 orang x 200.000	00 = 200.000	00""Belanja Jasa Konsultasi	Jasa konsultan Perencanaan	""1 keg x 4.000.000	00 = 4.000.000	00""Jasa Konsultan Pengawasan	""1 keg x 3.500.000	00 = 3.500.000	00"""
1.08 . 1.08.01 . 17 . 19 ,Pembangunan Ruang Terbuka Hijau ,"589376000,00",Sumber Dana : Lokasi Kegiatan : Kabupaten Kulon Progo
1.08 . 1.08.01 . 17 . 19 . 5 . 2 . 1 ,Belanja Pegawai ,"2632000,00",
1.08 . 1.08.01 . 17 . 19 . 5 . 2 . 1 . 03 ,Uang Lembur ,"2632000,00",
1.08 . 1.08.01 . 17 . 19 . 5 . 2 . 1 . 03 . 01 ,Uang Lembur PNS ,"2632000,00",
1.08 . 1.08.01 . 17 . 19 . 5 . 2 . 2 ,Belanja Barang dan Jasa ,"6180500,00",
1.08 . 1.08.01 . 17 . 19 . 5 . 2 . 2 . 01 ,Belanja Bahan Pakai Habis ,"179000,00",
1.08 . 1.08.01 . 17 . 19 . 5 . 2 . 2 . 01 . 01 ,Belanja Alat Tulis Kantor ,"179000,00",
1.08 . 1.08.01 . 17 . 19 . 5 . 2 . 2 . 06 ,Belanja Cetak dan Penggandaan ,"403500,00",
1.08 . 1.08.01 . 17 . 19 . 5 . 2 . 2 . 06 . 02 ,Belanja Penggandaan ,"403500,00",
1.08 . 1.08.01 . 17 . 19 . 5 . 2 . 2 . 11 ,Belanja Makanan dan  Minuman ,"2748000,00",
1.08 . 1.08.01 . 17 . 19 . 5 . 2 . 2 . 11 . 01 ,Belanja Makanan Dan Minuman Harian Pegawai ,"648000,00",
1.08 . 1.08.01 . 17 . 19 . 5 . 2 . 2 . 11 . 02 ,Belanja Makanan Dan Minuman Rapat ,"2100000,00",
1.08 . 1.08.01 . 17 . 19 . 5 . 2 . 2 . 15 ,Belanja Perjalanan Dinas ,"2850000,00",
1.08 . 1.08.01 . 17 . 19 . 5 . 2 . 2 . 15 . 02 ,Belanja Perjalanan Dinas Luar Daerah ,"2850000,00",
1.08 . 1.08.01 . 17 . 19 . 5 . 2 . 3 ,Belanja Modal ,"580563500,00",
1.08 . 1.08.01 . 17 . 19 . 5 . 2 . 3 . 53 ,Belanja Modal Gedung dan Bangunan - Pengadaan Bangunan Tugu Peringatan/Taman,"580563500,00",
1.08 . 1.08.01 . 17 . 19 . 5 . 2 . 3 . 53 . 03 ,Belanja Modal Gedung dan Bangunan - Pengadaan Bangunan Taman ,"580563500,00","Pembangunan Taman Hijau/KotaPembangunan Taman Depan Kantor Pegadaian Wates (DAK : Rp. 50.000.000 DAU : Rp. 5.000.000)	""1 unit x 55.000.000	00 = 55.000.000	00""Pembangunan Taman Jl Adyaksa barat rumah dinas bupati (DAK : Rp. 81.818.182 DAU : Rp. 8.181.818)	""1 unit x 90.000.000	00 = 90.000.000	00""	Pembangunan Taman BBI Sendang Sari Pengasih (DAK : Rp. 72.727.273 DAU : Rp. 7.272.727)			""1 unit x 80.000.000	00 = 80.000.000	00""	Pembangunan Taman Jalan Sugiman (DAK : Rp. 150.114.545 DAU : Rp. 15.011.455)		""1 unit x 165.126.000	00 =165.126.000	00""	ATK	Kertas HVS folio 70 gr	""1 rim x 45.000	00 = 45.000	00""	Penggandaan			Fotocopi 70 gr			""1	100 lembar x 175	00 = 192.500	00""Belanja makanan dan minuman rapat			Makan dan minum rapat			""30 orang/kali x 25.000	00 = 750.000	00""	Honorarium Tim Pengadaan			Honorarium Pejabat Pengadaan Barang dan Jasa			""1 orang x 250.000	00 = 250.000	00""	Honorarium Pejabat Penerima/Pemeriksa			""1 orang x 200.000	00 = 200.000	00""	Belanja Jasa Konsultasi			Jasa konsultan Perencana			""1 paket x 5.000.000	00 = 5.000.000	00""	Jasa konsultan Pengawasan			""1 paket x 4.000.000	00 = 4.000.000	00""	Pembangunan Taman Merokok			""4 unit x 42.000.000	00 = 168.000.000	00""	Jasa Konsultan Perencana (4lokasi)		""1 paket x 5.600.000	00 = 5.600.000	00""	Jasa konsultan pengawasan (4 lokasi)			""1 paket x 4.250.000	00 = 4.250.000	00""	Honorarium Pejabat Pembuat Komitmen			""1 orang x 275.000	00 = 275.000	00""	Honorarium PejabatPengadaan			""1 orang/bulan x 250.000	00 = 250.000	00""	Honorarium Pejabat Penerima			""1 orang/bulan x250.000	00 = 250.000	00""	Rapat pengadaan	""42 orang/kali x 25.000	00 = 1.050.000	00""	HVS Folio 70 gram			""1 rim x 45.000	00 = 45.000	00""	Refil tinta printer			""1 buah x 36.000	00 = 36.000	00""	Stopmap plastik folio			""2 buah x 6.500	00 =13.000	00""	Fotocopy		""1	320 lembar x 175	00 = 231.000	00"""
1.08 . 1.08.01 . 17 . 24 ,Penyusunan Profil Tutupan Vegetasi ,"19397400,00",Sumber Dana : Lokasi Kegiatan : Lingkup kabupaten Kulon Progo
1.08 . 1.08.01 . 17 . 24 . 5 . 2 . 1 ,Belanja Pegawai ,"6164000,00",
1.08 . 1.08.01 . 17 . 24 . 5 . 2 . 1 . 01 ,Honorarium PNS ,"3000000,00",
1.08 . 1.08.01 . 17 . 24 . 5 . 2 . 1 . 01 . 01 ,Honorarium Panitia Pelaksana Kegiatan ,"3000000,00",
1.08 . 1.08.01 . 17 . 24 . 5 . 2 . 1 . 03 ,Uang Lembur ,"3164000,00",
1.08 . 1.08.01 . 17 . 24 . 5 . 2 . 1 . 03 . 01 ,Uang Lembur PNS ,"3164000,00",
1.08 . 1.08.01 . 17 . 24 . 5 . 2 . 2 ,Belanja Barang dan Jasa ,"13233400,00",
1.08 . 1.08.01 . 17 . 24 . 5 . 2 . 2 . 01 ,Belanja Bahan Pakai Habis ,"683000,00",
1.08 . 1.08.01 . 17 . 24 . 5 . 2 . 2 . 01 . 01 ,Belanja Alat Tulis Kantor ,"683000,00",
1.08 . 1.08.01 . 17 . 24 . 5 . 2 . 2 . 06 ,Belanja Cetak dan Penggandaan ,"1076000,00",
1.08 . 1.08.01 . 17 . 24 . 5 . 2 . 2 . 06 . 02 ,Belanja Penggandaan ,"1076000,00",
1.08 . 1.08.01 . 17 . 24 . 5 . 2 . 2 . 11 ,Belanja Makanan dan  Minuman ,"3382000,00",
1.08 . 1.08.01 . 17 . 24 . 5 . 2 . 2 . 11 . 01 ,Belanja Makanan Dan Minuman Harian Pegawai ,"3382000,00",
1.08 . 1.08.01 . 17 . 24 . 5 . 2 . 2 . 15 ,Belanja Perjalanan Dinas ,"8092400,00",
1.08 . 1.08.01 . 17 . 24 . 5 . 2 . 2 . 15 . 01 ,Belanja Perjalanan Dinas Dalam Daerah ,"1675000,00",
1.08 . 1.08.01 . 17 . 24 . 5 . 2 . 2 . 15 . 02 ,Belanja Perjalanan Dinas Luar Daerah ,"6417400,00",
1.08 . 1.08.01 . 17 . 25 ,Penyusunan Status Lingkungan Hidup Daerah ,"14830000,00",Sumber Dana : Lokasi Kegiatan : Lingkup kabupaten Kulon Progo
1.08 . 1.08.01 . 17 . 25 . 5 . 2 . 1 ,Belanja Pegawai ,"3852000,00",
1.08 . 1.08.01 . 17 . 25 . 5 . 2 . 1 . 03 ,Uang Lembur ,"3852000,00",
1.08 . 1.08.01 . 17 . 25 . 5 . 2 . 1 . 03 . 01 ,Uang Lembur PNS ,"3852000,00",
1.08 . 1.08.01 . 17 . 25 . 5 . 2 . 2 ,Belanja Barang dan Jasa ,"10978000,00",
1.08 . 1.08.01 . 17 . 25 . 5 . 2 . 2 . 01 ,Belanja Bahan Pakai Habis ,"372000,00",
1.08 . 1.08.01 . 17 . 25 . 5 . 2 . 2 . 01 . 01 ,Belanja Alat Tulis Kantor ,"372000,00",
1.08 . 1.08.01 . 17 . 25 . 5 . 2 . 2 . 06 ,Belanja Cetak dan Penggandaan ,"1308600,00",
1.08 . 1.08.01 . 17 . 25 . 5 . 2 . 2 . 06 . 02 ,Belanja Penggandaan ,"1308600,00",
1.08 . 1.08.01 . 17 . 25 . 5 . 2 . 2 . 11 ,Belanja Makanan dan  Minuman ,"3720000,00",
1.08 . 1.08.01 . 17 . 25 . 5 . 2 . 2 . 11 . 01 ,Belanja Makanan Dan Minuman Harian Pegawai ,"1080000,00",
1.08 . 1.08.01 . 17 . 25 . 5 . 2 . 2 . 11 . 02 ,Belanja Makanan Dan Minuman Rapat ,"2640000,00",
1.08 . 1.08.01 . 17 . 25 . 5 . 2 . 2 . 15 ,Belanja Perjalanan Dinas ,"5577400,00",
1.08 . 1.08.01 . 17 . 25 . 5 . 2 . 2 . 15 . 01 ,Belanja Perjalanan Dinas Dalam Daerah ,"510000,00",
1.08 . 1.08.01 . 17 . 25 . 5 . 2 . 2 . 15 . 02 ,Belanja Perjalanan Dinas Luar Daerah ,"5067400,00",
1.08 . 1.08.01 . 17 . 27 ,Pemberdayaan Masyarakat Dalam Perlindungan Dan Konservasi Sumber Daya Alam,"237331000,00",Sumber Dana : Lokasi Kegiatan : Kabupaten Kulon Progo
1.08 . 1.08.01 . 17 . 27 . 5 . 2 . 1 ,Belanja Pegawai ,"25918000,00",
1.08 . 1.08.01 . 17 . 27 . 5 . 2 . 1 . 01 ,Honorarium PNS ,"20890000,00",
1.08 . 1.08.01 . 17 . 27 . 5 . 2 . 1 . 01 . 01 ,Honorarium Panitia Pelaksana Kegiatan ,"20890000,00",
1.08 . 1.08.01 . 17 . 27 . 5 . 2 . 1 . 02 ,Honorarium Non PNS ,"900000,00",
1.08 . 1.08.01 . 17 . 27 . 5 . 2 . 1 . 02 . 03 ,Honorarium Harian ,"900000,00",
1.08 . 1.08.01 . 17 . 27 . 5 . 2 . 1 . 03 ,Uang Lembur ,"4128000,00",
1.08 . 1.08.01 . 17 . 27 . 5 . 2 . 1 . 03 . 01 ,Uang Lembur PNS ,"4128000,00",
1.08 . 1.08.01 . 17 . 27 . 5 . 2 . 2 ,Belanja Barang dan Jasa ,"101688000,00",
1.08 . 1.08.01 . 17 . 27 . 5 . 2 . 2 . 01 ,Belanja Bahan Pakai Habis ,"1145000,00",
1.08 . 1.08.01 . 17 . 27 . 5 . 2 . 2 . 01 . 01 ,Belanja Alat Tulis Kantor ,"1145000,00",
1.08 . 1.08.01 . 17 . 27 . 5 . 2 . 2 . 02 ,Belanja Bahan/Material ,"35402200,00",
1.08 . 1.08.01 . 17 . 27 . 5 . 2 . 2 . 02 . 01 ,Belanja Bahan Baku Bangunan ,"2402200,00",
1.08 . 1.08.01 . 17 . 27 . 5 . 2 . 2 . 02 . 02 ,Belanja Bahan/Bibit Tanaman ,"33000000,00",
1.08 . 1.08.01 . 17 . 27 . 5 . 2 . 2 . 03 ,Belanja Jasa Kantor ,"5850000,00",
1.08 . 1.08.01 . 17 . 27 . 5 . 2 . 2 . 03 . 13 ,Belanja Dokumentasi ,"2550000,00",
1.08 . 1.08.01 . 17 . 27 . 5 . 2 . 2 . 03 . 15 ,Belanja Publikasi ,"3300000,00",
1.08 . 1.08.01 . 17 . 27 . 5 . 2 . 2 . 06 ,Belanja Cetak dan Penggandaan ,"835000,00",
1.08 . 1.08.01 . 17 . 27 . 5 . 2 . 2 . 06 . 02 ,Belanja Penggandaan ,"835000,00",
1.08 . 1.08.01 . 17 . 27 . 5 . 2 . 2 . 11 ,Belanja Makanan dan  Minuman ,"23327000,00",
1.08 . 1.08.01 . 17 . 27 . 5 . 2 . 2 . 11 . 01 ,Belanja Makanan Dan Minuman Harian Pegawai ,"1152000,00",
1.08 . 1.08.01 . 17 . 27 . 5 . 2 . 2 . 11 . 02 ,Belanja Makanan Dan Minuman Rapat ,"22175000,00",
1.08 . 1.08.01 . 17 . 27 . 5 . 2 . 2 . 15 ,Belanja Perjalanan Dinas ,"29014800,00",
1.08 . 1.08.01 . 17 . 27 . 5 . 2 . 2 . 15 . 01 ,Belanja Perjalanan Dinas Dalam Daerah ,"4100000,00",
1.08 . 1.08.01 . 17 . 27 . 5 . 2 . 2 . 15 . 02 ,Belanja Perjalanan Dinas Luar Daerah ,"24914800,00",
1.08 . 1.08.01 . 17 . 27 . 5 . 2 . 2 . 27 ,Belanja Tenaga Ahli/Instruktur/Narasumber ,"1800000,00",
1.08 . 1.08.01 . 17 . 27 . 5 . 2 . 2 . 27 . 01 ,Jasa Tenaga Ahli/Instruktur/Narasumber ,"1800000,00",
1.08 . 1.08.01 . 17 . 27 . 5 . 2 . 2 . 28 ,Belanja Hadiah atas Prestasi dan Penghargaan ,"4314000,00",
1.08 . 1.08.01 . 17 . 27 . 5 . 2 . 2 . 28 . 01 ,Belanja Hadiah Atas Prestasi ,"4314000,00",
1.08 . 1.08.01 . 17 . 27 . 5 . 2 . 3 ,Belanja Modal ,"109725000,00",
1.08 . 1.08.01 . 17 . 27 . 5 . 2 . 3 . 28 ,Belanja Modal Peralatan dan Mesin - Pengadaan Alat Rumah Tangga ,"52500000,00",
1.08 . 1.08.01 . 17 . 27 . 5 . 2 . 3 . 28 . 06 ,Belanja Modal Peralatan dan Mesin - Pengadaan Alat Rumah Tangga Lainnya (Home Use),"52500000,00","Bak/tong sampahBak/tong sampah 1	""150 buah x 200.000	00 = 30.000.000	00""Bak/tongsampah 2	""30 buah x 750.000	00 = 22.500.000	00"""
1.08 . 1.08.01 . 17 . 27 . 5 . 2 . 3 . 66 ,Belanja Modal Jalan Irigasi dan Jaringan - Pengadaan Bangunan Air Bersih/Baku,"50350000,00",
1.08 . 1.08.01 . 17 . 27 . 5 . 2 . 3 . 66 . 05 ,Belanja Modal Jalan Irigasi dan Jaringan - Pengadaan Bangunan Pelengkap Air Bersih/Air Baku,"50350000,00","Pembuatan sumur resapan 20 buah x 2.000.000 00 = 40.000.000 00""Belanja jasa konsultansi  Jasa konsultan perencana  ""1 paket x 5.000.000 00 = 5.000.000 00""Jasa konsultan pengawasan  ""1 paket x 4.000.000 00 = 4.000.000 00""Tim Pengadaan  Pejabat Pengadaan  ""3 org/bln x 250.000 00 = 750.000 00""PejabatPenerima/Pemeriksa  ""3 org/bln x 200.000 00 =600.000 00"""
1.08 . 1.08.01 . 17 . 27 . 5 . 2 . 3 . 71 ,Belanja Modal Jalan Irigasi dan Jaringan - Pengadaan Instalasi Pengolahan Sampah,"6875000,00",
1.08 . 1.08.01 . 17 . 27 . 5 . 2 . 3 . 71 . 01 ,Belanja Modal Jalan Irigasi dan Jaringan - Pengadaan Instalasi Pengolahan Sampah Organik,"6875000,00",Pengadaan komposter 25 buah x 275.000 = 6.875.00000
,,,
,SURPLUS / (DEFISIT) ,-2807112611.2,
