Judul,Penjabaran Anggaran Pendapatan dan Belanja Daerah,,,
Daerah,Kabupaten Kulonprogo,,,
Tahun,2015,,,
Kode Organisasi,1.21.01,,,
Nama Organisasi,Kantor Pertahanan Pangan dan Penyuluhan Pertanian Kehutanan,,,
Kolom,4,,,
Judul,Uraian,Jumlah,Keterangan,
1.21 . 1.21.01 . 00 . 00 . 4 ,PENDAPATAN ,4000000,,
1.21 . 1.21.01 . 00 . 00 . 4 . 1 ,PENDAPATAN ASLI DAERAH ,4000000,,
1.21 . 1.21.01 . 00 . 00 . 4 . 1 . 4 ,Lain-lain Pendapatan Asli Daerah yang Sah ,4000000,,
1.21 . 1.21.01 . 00 . 00 . 4 . 1 . 4 . 01 ,Hasil Penjualan Aset Daerah yang Tidak Dipisahkan ,4000000,,
1.21 . 1.21.01 . 00 . 00 . 4 . 1 . 4 . 01 . 13 ,Penjualan Hasil Pertanian ,4000000,"Peraturan Daerah Kabupaten Kulon Progo Nomor 3 Tahun 2013 tentang Pengelolaan Barang Milik Daerah, Lembaran Daerah Kabupaten Kulon Progo Tahun 2013 Nomor 3"
1.21 . 1.21.01 . 00 . 00 . 5 ,BELANJA ,9268179259,,
1.21 . 1.21.01 . 00 . 00 . 5 . 1 ,BELANJA TIDAK LANGSUNG ,7357039654,,
1.21 . 1.21.01 . 00 . 00 ,Non Kegiatan ,7357039654,Sumber Dana : ,
1.21 . 1.21.01 . 00 . 00 . 5 . 1 . 1 ,Belanja Pegawai ,7357039654,,
1.21 . 1.21.01 . 00 . 00 . 5 . 1 . 1 . 01 ,Belanja Gaji dan Tunjangan ,7357039654,,
1.21 . 1.21.01 . 00 . 00 . 5 . 1 . 1 . 01 . 01 ,Gaji Pokok PNS/Uang Representasi ,5135960997,,
1.21 . 1.21.01 . 00 . 00 . 5 . 1 . 1 . 01 . 02 ,Tunjangan Keluarga ,519595751,,
1.21 . 1.21.01 . 00 . 00 . 5 . 1 . 1 . 01 . 03 ,Tunjangan Jabatan ,44460000,,
1.21 . 1.21.01 . 00 . 00 . 5 . 1 . 1 . 01 . 04 ,Tunjangan Fungsional ,1186524625,,
1.21 . 1.21.01 . 00 . 00 . 5 . 1 . 1 . 01 . 05 ,Tunjangan Fungsional Umum ,29160950,,
1.21 . 1.21.01 . 00 . 00 . 5 . 1 . 1 . 01 . 06 ,Tunjangan Beras ,256945613,,
1.21 . 1.21.01 . 00 . 00 . 5 . 1 . 1 . 01 . 07 ,Tunjangan PPh/Tunjangan Khusus ,184322549,,
1.21 . 1.21.01 . 00 . 00 . 5 . 1 . 1 . 01 . 08 ,Pembulatan Gaji ,69169,,
1.21 . 1.21.01 . 01 . 26 . 5 . 2 ,BELANJA LANGSUNG ,1911139605,,
1.21 . 1.21.01 . 01 ,Program Pelayanan Administrasi Perkantoran ,215451100,,
1.21 . 1.21.01 . 01 . 26 ,Penyediaan Jasa dan Peralatan Perkantoran ,108251100,Sumber Dana : ,
,,,Lokasi Kegiatan : Kabupaten Kulon Progo,
1.21 . 1.21.01 . 01 . 26 . 5 . 2 . 1 ,Belanja Pegawai ,80600000,,
1.21 . 1.21.01 . 01 . 26 . 5 . 2 . 1 . 02 ,Honorarium Non PNS ,80600000,,
1.21 . 1.21.01 . 01 . 26 . 5 . 2 . 1 . 02 . 02 ,Honorarium Pegawai Honorer/Tidak Tetap ,4550000,,
1.21 . 1.21.01 . 01 . 26 . 5 . 2 . 1 . 02 . 03 ,Honorarium Harian ,76050000,,
1.21 . 1.21.01 . 01 . 26 . 5 . 2 . 2 ,Belanja Barang dan Jasa ,27651100,,
1.21 . 1.21.01 . 01 . 26 . 5 . 2 . 2 . 01 ,Belanja Bahan Pakai Habis ,17414900,,
1.21 . 1.21.01 . 01 . 26 . 5 . 2 . 2 . 01 . 01 ,Belanja Alat Tulis Kantor ,16784900,,
1.21 . 1.21.01 . 01 . 26 . 5 . 2 . 2 . 01 . 04 ,"Belanja Perangko Materai Dan Benda Pos Lainnya ",630000,,
1.21 . 1.21.01 . 01 . 26 . 5 . 2 . 2 . 03 ,Belanja Jasa Kantor ,840000,,
1.21 . 1.21.01 . 01 . 26 . 5 . 2 . 2 . 03 . 05 ,Belanja Surat Kabar/Majalah ,840000,,
1.21 . 1.21.01 . 01 . 26 . 5 . 2 . 2 . 06 ,Belanja Cetak dan Penggandaan ,9396200,,
1.21 . 1.21.01 . 01 . 26 . 5 . 2 . 2 . 06 . 01 ,Belanja Cetak ,2686000,,
1.21 . 1.21.01 . 01 . 26 . 5 . 2 . 2 . 06 . 02 ,Belanja Penggandaan ,6710200,,
1.21 . 1.21.01 . 01 . 27 ,Penyediaan Jasa  keuangan ,22200000,Sumber Dana : Lokasi Kegiatan : Kabupaten Kulon Progo,
1.21 . 1.21.01 . 01 . 27 . 5 . 2 . 1 ,Belanja Pegawai ,22200000,,
1.21 . 1.21.01 . 01 . 27 . 5 . 2 . 1 . 01 ,Honorarium PNS ,22200000,,
1.21 . 1.21.01 . 01 . 27 . 5 . 2 . 1 . 01 . 04 ,Honorarium Bendahara/Pengurus Barang ,22200000,,
1.21 . 1.21.01 . 01 . 28 ,"Penyediaan Rapat-Rapat  Konsultasi dan Koordinasi ",85000000,Sumber Dana : Lokasi Kegiatan : Kabupaten Kulon Progo,
1.21 . 1.21.01 . 01 . 28 . 5 . 2 . 2 ,Belanja Barang dan Jasa ,85000000,,
1.21 . 1.21.01 . 01 . 28 . 5 . 2 . 2 . 11 ,Belanja Makanan dan  Minuman ,37830000,,
1.21 . 1.21.01 . 01 . 28 . 5 . 2 . 2 . 11 . 02 ,Belanja Makanan Dan Minuman Rapat ,37830000,,
1.21 . 1.21.01 . 01 . 28 . 5 . 2 . 2 . 15 ,Belanja Perjalanan Dinas ,47170000,,
1.21 . 1.21.01 . 01 . 28 . 5 . 2 . 2 . 15 . 01 ,Belanja Perjalanan Dinas Dalam Daerah ,17320000,,
1.21 . 1.21.01 . 01 . 28 . 5 . 2 . 2 . 15 . 02 ,Belanja Perjalanan Dinas Luar Daerah ,29850000,,
1.21 . 1.21.01 . 11 ,Program Peningkatan Sarana dan Prasarana Perkantoran ,566098730,,
1.21 . 1.21.01 . 11 . 01 ,Pengadaan Sarana dan Prasarana Perkantoran ,437550130,Sumber Dana : ,
,,,Lokasi Kegiatan : Kabupaten Kulon Progo,
1.21 . 1.21.01 . 11 . 01 . 5 . 2 . 3 ,Belanja Modal ,437550130,,
1.21 . 1.21.01 . 11 . 01 . 5 . 2 . 3 . 17 ,Belanja Modal Peralatan dan Mesin - Pengadaan Alat Angkutan Darat Bermotor,266607550,,
1.21 . 1.21.01 . 11 . 01 . 5 . 2 . 3 . 17 . 01 ,Belanja Modal Peralatan dan Mesin - Pengadaan Kendaraan Dinas Bermotor Perorangan,188279550,Kendaraan Operasional Roda 4utk Penyuluhan Perikanan"Kendaraan Roda 4 ( DAK Perikanan : 169.165.500	- DAU:16.916.550	-)""1 unit x 186.082.050	00 = 186.082.050	00"Administrasi pengadaan (Pendamping DAK Perikanan)		Pejabat pembuat Komitmen		"1 orang x 275.000	00 = 275.000	00"Pejabat pengadaan		"1 orang x 250.000	00 = 250.000	00"Pejabat penerima		"1 orang x 250.000	00 = 250.000	00"Fotocopy		"1	200 lembar x 175	00 = 210.000Jilid		"5 buku x 6.500	00 = 32.500	00"Perjalanan dinas luar daerah Gol IV		"4 op x 90.000	00 = 360.000	00"Perjalanan Dinas Luar daerah Gol III		"4 op x 80.000	00 = 320.000	00"Makan minum rapat pengadaan		"20 os x 25.000	00 = 500.000	00",
1.21 . 1.21.01 . 11 . 01 . 5 . 2 . 3 . 17 . 05 ,Belanja Modal Peralatan dan Mesin - Pengadaan Kendaraan Bermotor Beroda Dua,51951500,Sepeda Motor ( DAK Pertanian)Untuk kegiatan Penyuluhan Pertanian		"DAK Pertanian : Rp. 15.454.545	- DAU : Rp.1.545.455	-""1 unit x 17.000.000	00 = 17.000.000	00"Sepeda Motor ( DAK Kehutanan)		"Sepeda Motor utk Keg. Penyuluhan Kehutanan (DAK Kehutanan : 30.909.091	- DAU : 3.090.909	-)""2 unit x 17.000.000	00 = 34.000.000	00"Adminitrasi pengadaan		Pejabat pembuat komitmen		"1 orang x 250.000	00 = 250.000	00"Pejabat Pengadaan		"1 orang x 250.000	00 = 250.000	00"Pejabat penerima		"1 orang x 250.000	00 = 250.000	00"Kertas HVS 70 gram folio		"1 rim x 45.000	00 = 45.000	00"Tinta refill printer		"1 dos x36.500	00 = 36.500	00"Fotocopy		"500 lembar x 175	00 = 87.500	00"Jilid		"5 eksemplar x 6.500	00 = 32.500	00",
1.21 . 1.21.01 . 11 . 01 . 5 . 2 . 3 . 17 . 06 ,Belanja Modal Peralatan dan Mesin - Pengadaan Kendaraan Bermotor Beroda Tiga,26376500,Kendaraaan Bermotor Beroda Tiga untuk Kegiatan penyuluhan PertanianKendaraan Roda 3 (tiga) 	"DAK Pertanian : Rp. 22.727.273	- DAU : Rp.2.272.727	-""1 unit x 25.000.000	00 = 25.000.000	00"Belanja ATK		Kertas HVS 70 gram folio		"1 rim x 45.000	00 = 45.000	00"Tinta Refil Komputer		"1 dos x 36.500	00 = 36.500	00"Belanja Makanan dan minuman rapat		Rapat Pengadaan		"20 OS x 25.000	00 = 500.000	00"Penggandaan		Fotocopi		"500 lembar x 175	00 = 87.500	00"Jilid		"5 eksemplar x 6.500	00 = 32.500	00"Honorarium Panitian Pengadaan	Pejabat pembuat komitmen		"1 orang x 250.000	00 = 250.000	00"Pejabat Pengadaan		"1 orang x 250.000	00 = 250.000	00"Pejabat Penerima Barang dan Jasa		"1 orang x 175.000	00 = 175.000	00",
1.21 . 1.21.01 . 11 . 01 . 5 . 2 . 3 . 24 ,Belanja Modal Peralatan dan Mesin - Pengadaan Alat Ukur ,6680000,,
1.21 . 1.21.01 . 11 . 01 . 5 . 2 . 3 . 24 . 01 ,Belanja Modal Peralatan dan Mesin - Pengadaan Alat Ukur Universal ,6680000,Global Positioning System (GPS) untuk Penyuluhan Kehutanan"GPS ( DAK Kehutanan : 5.454.545	- DAU:545.455)"	"1 unit x 6.000.000	00 = 6.000.000	00"Administrasi pengadaan		Perj. Dinas Gol IV		"4 op x 90.000	00 = 360.000	00"Perj. Dinas Gol III	"4 op x 80.000	00 = 320.000	00",
1.21 . 1.21.01 . 11 . 01 . 5 . 2 . 3 . 25 ,Belanja Modal Peralatan dan Mesin - Pengadaan Alat Pengolahan ,25321500,,
1.21 . 1.21.01 . 11 . 01 . 5 . 2 . 3 . 25 . 01 ,Belanja Modal Peralatan dan Mesin - Pengadaan Alat Pengolahan Tanah dan Tanaman,25321500,Traktor Tangan dengan peralatannya"Hand traktor ( DAK Pertanian : 22.317.273 DAU:2.231.727	-)"	"1 unit x 24.549.000	00 = 24.549.000	00"Administrasi pengadaan ( AP DAK Pertanian)	Pejabat pembuat komitmen	"1 orang x 250.000	00 = 250.000	00"Pejabat pengadaan	"1 orang x 250.000	00 = 250.000	00"Pejabat penerima	"1 orang x 175.000	00 = 175.000	00"FotoCopy pengadaan"300 lembar x 175	00 = 52.500	00"kertas HVS 70 gram folio	"1 rim x 45.000	00 = 45.000	00",
1.21 . 1.21.01 . 11 . 01 . 5 . 2 . 3 . 28 ,Belanja Modal Peralatan dan Mesin - Pengadaan Alat Rumah Tangga ,45781000,,
1.21 . 1.21.01 . 11 . 01 . 5 . 2 . 3 . 28 . 01 ,Belanja Modal Peralatan dan Mesin - Pengadaan Meubelair ,25781000,Meja Kursi rapat utk BP3K ( DAK Pertanian : 22.727.272 DAU : 2.272.728)Kursi rapat BP3K (DAK Pertanian : 15.272.727 DAU:1.527.273)	"48 buah x 350.000	00 = 16.800.000	00"Meja Rapat BP3K (DAK Pertanian :7.454.545 DAU:745.455)	"4 buah x 2.050.000	00 = 8.200.000	00"Administrasi pengadaan		Pejabat pembuat komitmen	"1 orang x 250.000	00 = 250.000	00"Pejabat pengadaan		"1 orang x 250.000	00 = 250.000	00"Pejabat penerima	"1 orang x 175.000	00 = 175.000	00"Kertas HVS 70 gr folio	"1 rim x 45.000	00 = 45.000	00"Foto copy		"200 lembar x 175	00 = 35.000	00"Jilid	"4 buku x 6.500	00 = 26.000	00",
1.21 . 1.21.01 . 11 . 01 . 5 . 2 . 3 . 28 . 06 ,Belanja Modal Peralatan dan Mesin - Pengadaan Alat Rumah Tangga Lainnya (Home Use),20000000,Tenda pasar taniTenda Pasar Tani ( DAK Pertanian : 18.181.818 DAU : 1.818.182)	"10 unit x 2.000.000	00 = 20.000.000	00",
1.21 . 1.21.01 . 11 . 01 . 5 . 2 . 3 . 29 ,Belanja Modal Peralatan dan Mesin - Pengadaan  Komputer ,73642500,,
1.21 . 1.21.01 . 11 . 01 . 5 . 2 . 3 . 29 . 02 ,Belanja Modal Peralatan dan Mesin - Pengadaan Personal Komputer ,71142500,Pengadaan Sarana Penyuluhan : Komputer PC Multimedia untuk Penyuluh Kehutanan"PC Multimedia (DAK Kehutanan Rp. 9.090.910	- DAU : 909.090	- )""1 paket x 10.000.000	00 = 10.000.000	00"Pengadaan Sarana Penyuluhan :	"Laptop untuk Penyuluh Kehutanan (DAK Kehutanan : 45.977.273	- DAU:  4.597.727	-)""7 unit x 7.225.000	00 = 50.575.000	00"Pengadaan Laptop ( e-plan )Laptop untuk e-plan"1 unit x 7.225.000	00 = 7.225.000	00"Alat Tulis KantorKertas HVS 70 gram folio	"2 rim x 45.000	00 = 90.000	00"Stopmap Plastik"10 rim x 6.500	00 = 65.000	00"Kertas NCR Putih	"1 rim x 56.000	00 = 56.000	00"Tinta Refil Komputer	"2 botol x 36.500	00 = 73.000	00"Kertas NCR Warna	"2 rim x 55.500	00 = 111.000	00"Penggandaan	Fotocopi Berkas	"1	200 lembar x 175	00 = 210.000Jilid	"5 eksemplar x 6.500	00 = 32.500	00"Honorarium TimPejabat pembuat komitmen		"1 orang x 275.000	00 = 275.000	00"Pejabat Pengadaan	"1 orang x 250.000	00 = 250.000	00"Pejabat Penerima Barang	"1 orang x 250.000	00 = 250.000	00"Belanja Makanan dan Minuman rapat	Rapat Koordinasi	"30 OS/0 x 25.000	00 = 750.000	00"Belanja Perjalanan Dinas		Golongan IV	"6 OP x 90.000	00 = 540.000	00"Golongan III"8 OP x 80.000	00 = 640.000	00",
1.21 . 1.21.01 . 11 . 01 . 5 . 2 . 3 . 29 . 05 ,Belanja Modal Peralatan dan Mesin - Pengadaan Peralatan Personal Komputer,2500000,Pengadaan Printer"Printer (DAK Kehutanan : 2.272.727	- DAU : 227.273	-""1 unit x 2.500.000	00 = 2.500.000	00",
1.21 . 1.21.01 . 11 . 01 . 5 . 2 . 3 . 31 ,Belanja Modal Peralatan dan Mesin - Pengadaan Alat Studio ,7155080,,
1.21 . 1.21.01 . 11 . 01 . 5 . 2 . 3 . 31 . 01 ,Belanja Modal Peralatan dan Mesin - Pengadaan Peralatan Studio Visual ,7155080,Camera Digital (Penyuluhan Kehutanan)Kamera Digital+Tripod ( DAK Kehutanan "6.504.618.000	- DAU:650.462	-)""1 unit x 7.155.080	00 = 7.155.080	00",
1.21 . 1.21.01 . 11 . 01 . 5 . 2 . 3 . 32 ,Belanja Modal Peralatan dan Mesin - Pengadaan Alat Komunikasi ,12362500,,
1.21 . 1.21.01 . 11 . 01 . 5 . 2 . 3 . 32 . 01 ,Belanja Modal Peralatan dan Mesin - Pengadaan Alat Komunikasi Telephone,12362500,Megaphone untuk Penyuluhan Kehutanan ( DAK Kehutanan : 10.363.636 DAU: 1.036.364)Megaphone"12 unit x 950.000	00 = 11.400.000	00"	Administrasi pengadaanPejabat pembuat komitmen	"1 orang x 250.000	00 = 250.000	00"	Pejabat pengadaan	"1 orang x 250.000	00 = 250.000	00"	Pejabat penerima	"1 orang x 175.000	00 = 175.000	00"	Fotocopy pengadaan	"1	200 lembar x 175	00 = 210.000	00"Jilid	"5 eksemplar x 6.500	00 = 32.500	00"	Kertas HVS 70 gram folio	"1 rim x 45.000	00 = 45.000	00"	,
1.21 . 1.21.01 . 11 . 02 ,Pemeliharaan Sarana dan Prasarana Perkantoran ,128548600,Sumber Dana : Lokasi Kegiatan : Kabupaten Kulon Progo,
1.21 . 1.21.01 . 11 . 02 . 5 . 2 . 2 ,Belanja Barang dan Jasa ,128548600,,
1.21 . 1.21.01 . 11 . 02 . 5 . 2 . 2 . 01 ,Belanja Bahan Pakai Habis ,1703600,,
1.21 . 1.21.01 . 11 . 02 . 5 . 2 . 2 . 01 . 03 ,"Belanja Alat Listrik Dan Elektronik (Lampu Pijar Battery Kering) ",858100,,
1.21 . 1.21.01 . 11 . 02 . 5 . 2 . 2 . 01 . 05 ,Belanja Peralatan Kebersihan Dan Bahan Pembersih ,845500,,
1.21 . 1.21.01 . 11 . 02 . 5 . 2 . 2 . 03 ,Belanja Jasa Kantor ,34800000,,
1.21 . 1.21.01 . 11 . 02 . 5 . 2 . 2 . 03 . 01 ,Belanja Telepon ,19320000,,
1.21 . 1.21.01 . 11 . 02 . 5 . 2 . 2 . 03 . 02 ,Belanja Air ,4200000,,
1.21 . 1.21.01 . 11 . 02 . 5 . 2 . 2 . 03 . 03 ,Belanja Listrik ,11280000,,
1.21 . 1.21.01 . 11 . 02 . 5 . 2 . 2 . 05 ,Belanja Perawatan Kendaraan Bermotor ,80445000,,
1.21 . 1.21.01 . 11 . 02 . 5 . 2 . 2 . 05 . 01 ,Belanja Jasa Service ,5325000,,
1.21 . 1.21.01 . 11 . 02 . 5 . 2 . 2 . 05 . 02 ,Belanja Penggantian Suku Cadang ,18000000,,
1.21 . 1.21.01 . 11 . 02 . 5 . 2 . 2 . 05 . 03 ,Belanja Bahan Bakar Minyak/Gas Dan Pelumas ,50700000,,
1.21 . 1.21.01 . 11 . 02 . 5 . 2 . 2 . 05 . 05 ,Belanja Pajak Kendaraan Bermotor ,6420000,,
1.21 . 1.21.01 . 11 . 02 . 5 . 2 . 2 . 20 ,Belanja Pemeliharaan ,11600000,,
1.21 . 1.21.01 . 11 . 02 . 5 . 2 . 2 . 20 . 05 ,Belanja Pemeliharan Gedung dan Bangunan ,10000000,,
1.21 . 1.21.01 . 11 . 02 . 5 . 2 . 2 . 20 . 08 ,Belanja Pemeliharaan Peralatan Gedung Kantor ,1600000,,
1.21 . 1.21.01 . 12 ,"Program Perencanaan Pengendalian dan Evaluasi Kinerja ",36000000,,
1.21 . 1.21.01 . 12 . 01 ,Penyusunan Perencanaan Kinerja SKPD ,3000000,Sumber Dana : Lokasi Kegiatan : Kabupaten Kulon Progo,
1.21 . 1.21.01 . 12 . 01 . 5 . 2 . 1 ,Belanja Pegawai ,292000,,
1.21 . 1.21.01 . 12 . 01 . 5 . 2 . 1 . 03 ,Uang Lembur ,292000,,
1.21 . 1.21.01 . 12 . 01 . 5 . 2 . 1 . 03 . 01 ,Uang Lembur PNS ,292000,,
1.21 . 1.21.01 . 12 . 01 . 5 . 2 . 2 ,Belanja Barang dan Jasa ,2708000,,
1.21 . 1.21.01 . 12 . 01 . 5 . 2 . 2 . 01 ,Belanja Bahan Pakai Habis ,968450,,
1.21 . 1.21.01 . 12 . 01 . 5 . 2 . 2 . 01 . 01 ,Belanja Alat Tulis Kantor ,968450,,
1.21 . 1.21.01 . 12 . 01 . 5 . 2 . 2 . 06 ,Belanja Cetak dan Penggandaan ,1415550,,
1.21 . 1.21.01 . 12 . 01 . 5 . 2 . 2 . 06 . 02 ,Belanja Penggandaan ,1415550,,
1.21 . 1.21.01 . 12 . 01 . 5 . 2 . 2 . 11 ,Belanja Makanan dan  Minuman ,324000,,
1.21 . 1.21.01 . 12 . 01 . 5 . 2 . 2 . 11 . 01 ,Belanja Makanan Dan Minuman Harian Pegawai ,324000,,
1.21 . 1.21.01 . 12 . 02 ,Penyusunan Laporan Keuangan ,3000000,Sumber Dana : Lokasi Kegiatan : Kabupaten Kulon Progo,
1.21 . 1.21.01 . 12 . 02 . 5 . 2 . 1 ,Belanja Pegawai ,548000,,
1.21 . 1.21.01 . 12 . 02 . 5 . 2 . 1 . 03 ,Uang Lembur ,548000,,
1.21 . 1.21.01 . 12 . 02 . 5 . 2 . 1 . 03 . 01 ,Uang Lembur PNS ,548000,,
1.21 . 1.21.01 . 12 . 02 . 5 . 2 . 2 ,Belanja Barang dan Jasa ,2452000,,
1.21 . 1.21.01 . 12 . 02 . 5 . 2 . 2 . 01 ,Belanja Bahan Pakai Habis ,1111000,,
1.21 . 1.21.01 . 12 . 02 . 5 . 2 . 2 . 01 . 01 ,Belanja Alat Tulis Kantor ,1111000,,
1.21 . 1.21.01 . 12 . 02 . 5 . 2 . 2 . 06 ,Belanja Cetak dan Penggandaan ,765000,,
1.21 . 1.21.01 . 12 . 02 . 5 . 2 . 2 . 06 . 02 ,Belanja Penggandaan ,765000,,
1.21 . 1.21.01 . 12 . 02 . 5 . 2 . 2 . 11 ,Belanja Makanan dan  Minuman ,576000,,
1.21 . 1.21.01 . 12 . 02 . 5 . 2 . 2 . 11 . 01 ,Belanja Makanan Dan Minuman Harian Pegawai ,576000,,
1.21 . 1.21.01 . 12 . 03 ,"Pengendalian Evaluasi dan Pelaporan Kinerja ",10000000,Sumber Dana : Lokasi Kegiatan : Kabupaten Kulon Progo,
1.21 . 1.21.01 . 12 . 03 . 5 . 2 . 1 ,Belanja Pegawai ,324000,,
1.21 . 1.21.01 . 12 . 03 . 5 . 2 . 1 . 03 ,Uang Lembur ,324000,,
1.21 . 1.21.01 . 12 . 03 . 5 . 2 . 1 . 03 . 01 ,Uang Lembur PNS ,324000,,
1.21 . 1.21.01 . 12 . 03 . 5 . 2 . 2 ,Belanja Barang dan Jasa ,9676000,,
1.21 . 1.21.01 . 12 . 03 . 5 . 2 . 2 . 01 ,Belanja Bahan Pakai Habis ,1514500,,
1.21 . 1.21.01 . 12 . 03 . 5 . 2 . 2 . 01 . 01 ,Belanja Alat Tulis Kantor ,1514500,,
1.21 . 1.21.01 . 12 . 03 . 5 . 2 . 2 . 06 ,Belanja Cetak dan Penggandaan ,1161500,,
1.21 . 1.21.01 . 12 . 03 . 5 . 2 . 2 . 06 . 02 ,Belanja Penggandaan ,1161500,,
1.21 . 1.21.01 . 12 . 03 . 5 . 2 . 2 . 11 ,Belanja Makanan dan  Minuman ,1800000,,
1.21 . 1.21.01 . 12 . 03 . 5 . 2 . 2 . 11 . 01 ,Belanja Makanan Dan Minuman Harian Pegawai ,360000,,
1.21 . 1.21.01 . 12 . 03 . 5 . 2 . 2 . 11 . 02 ,Belanja Makanan Dan Minuman Rapat ,1440000,Rapat Koordinasi"60 orang/kali x 24.00000 = 1.440.00000",
1.21 . 1.21.01 . 12 . 03 . 5 . 2 . 2 . 15 ,Belanja Perjalanan Dinas ,5200000,,
1.21 . 1.21.01 . 12 . 03 . 5 . 2 . 2 . 15 . 01 ,Belanja Perjalanan Dinas Dalam Daerah ,5200000,,
1.21 . 1.21.01 . 12 . 04 ,Pengumpulan dan Penyusunan Data Statistik Ketahanan Pangan ,20000000,Sumber Dana : Lokasi Kegiatan : Kabupaten Kulon Progo,
1.21 . 1.21.01 . 12 . 04 . 5 . 2 . 1 ,Belanja Pegawai ,1040000,,
1.21 . 1.21.01 . 12 . 04 . 5 . 2 . 1 . 03 ,Uang Lembur ,1040000,,
1.21 . 1.21.01 . 12 . 04 . 5 . 2 . 1 . 03 . 01 ,Uang Lembur PNS ,1040000,,
1.21 . 1.21.01 . 12 . 04 . 5 . 2 . 2 ,Belanja Barang dan Jasa ,18960000,,
1.21 . 1.21.01 . 12 . 04 . 5 . 2 . 2 . 01 ,Belanja Bahan Pakai Habis ,1112450,,
1.21 . 1.21.01 . 12 . 04 . 5 . 2 . 2 . 01 . 01 ,Belanja Alat Tulis Kantor ,1112450,,
1.21 . 1.21.01 . 12 . 04 . 5 . 2 . 2 . 06 ,Belanja Cetak dan Penggandaan ,1147550,,
1.21 . 1.21.01 . 12 . 04 . 5 . 2 . 2 . 06 . 02 ,Belanja Penggandaan ,1147550,,
1.21 . 1.21.01 . 12 . 04 . 5 . 2 . 2 . 11 ,Belanja Makanan dan  Minuman ,6500000,,
1.21 . 1.21.01 . 12 . 04 . 5 . 2 . 2 . 11 . 01 ,Belanja Makanan Dan Minuman Harian Pegawai ,1500000,,
1.21 . 1.21.01 . 12 . 04 . 5 . 2 . 2 . 11 . 02 ,Belanja Makanan Dan Minuman Rapat ,5000000,,
1.21 . 1.21.01 . 12 . 04 . 5 . 2 . 2 . 15 ,Belanja Perjalanan Dinas ,10200000,,
1.21 . 1.21.01 . 12 . 04 . 5 . 2 . 2 . 15 . 01 ,Belanja Perjalanan Dinas Dalam Daerah ,10200000,,
1.21 . 1.21.01 . 13 ,Program Peningkatan Kapasitas Sumber Daya Manusia SKPD ,24360500,,
1.21 . 1.21.01 . 13 . 01 ,Penilaian Prestasi Kerja Pegawai Fungsional Lewat Angka Kredit ,4000000,Sumber Dana : Lokasi Kegiatan : kantor KP4K,
1.21 . 1.21.01 . 13 . 01 . 5 . 2 . 1 ,Belanja Pegawai ,2310000,,
1.21 . 1.21.01 . 13 . 01 . 5 . 2 . 1 . 01 ,Honorarium PNS ,2310000,,
1.21 . 1.21.01 . 13 . 01 . 5 . 2 . 1 . 01 . 01 ,Honorarium Panitia Pelaksana Kegiatan ,2310000,,
1.21 . 1.21.01 . 13 . 01 . 5 . 2 . 2 ,Belanja Barang dan Jasa ,1690000,,
1.21 . 1.21.01 . 13 . 01 . 5 . 2 . 2 . 01 ,Belanja Bahan Pakai Habis ,105700,,
1.21 . 1.21.01 . 13 . 01 . 5 . 2 . 2 . 01 . 01 ,Belanja Alat Tulis Kantor ,105700,,
1.21 . 1.21.01 . 13 . 01 . 5 . 2 . 2 . 06 ,Belanja Cetak dan Penggandaan ,44300,,
1.21 . 1.21.01 . 13 . 01 . 5 . 2 . 2 . 06 . 02 ,Belanja Penggandaan ,44300,,
1.21 . 1.21.01 . 13 . 01 . 5 . 2 . 2 . 11 ,Belanja Makanan dan  Minuman ,700000,,
1.21 . 1.21.01 . 13 . 01 . 5 . 2 . 2 . 11 . 02 ,Belanja Makanan Dan Minuman Rapat ,700000,,
1.21 . 1.21.01 . 13 . 01 . 5 . 2 . 2 . 15 ,Belanja Perjalanan Dinas ,840000,,
1.21 . 1.21.01 . 13 . 01 . 5 . 2 . 2 . 15 . 01 ,Belanja Perjalanan Dinas Dalam Daerah ,840000,,
1.21 . 1.21.01 . 13 . 03 ,Pendidikan dan Pelatihan Non Formal ,2000000,Sumber Dana : Lokasi Kegiatan : Kantor KP4K,
1.21 . 1.21.01 . 13 . 03 . 5 . 2 . 2 ,Belanja Barang dan Jasa ,2000000,,
1.21 . 1.21.01 . 13 . 03 . 5 . 2 . 2 . 17 ,"Belanja kursus pelatihan sosialisasi dan bimbingan teknis PNS ",2000000,,
1.21 . 1.21.01 . 13 . 03 . 5 . 2 . 2 . 17 . 01 ,Belanja Kursus-Kursus Singkat/Pelatihan ,2000000,,
1.21 . 1.21.01 . 13 . 05 ,Pengadaan Pakaian Dinas Harian (PDH) ,18360500,Sumber Dana : Lokasi Kegiatan : Kantor KP4K,
1.21 . 1.21.01 . 13 . 05 . 5 . 2 . 1 ,Belanja Pegawai ,425000,,
1.21 . 1.21.01 . 13 . 05 . 5 . 2 . 1 . 01 ,Honorarium PNS ,425000,,
1.21 . 1.21.01 . 13 . 05 . 5 . 2 . 1 . 01 . 02 ,Honorarium Tim Pengadaan Barang Dan Jasa ,425000,,
1.21 . 1.21.01 . 13 . 05 . 5 . 2 . 2 ,Belanja Barang dan Jasa ,17935500,,
1.21 . 1.21.01 . 13 . 05 . 5 . 2 . 2 . 01 ,Belanja Bahan Pakai Habis ,85500,,
1.21 . 1.21.01 . 13 . 05 . 5 . 2 . 2 . 01 . 01 ,Belanja Alat Tulis Kantor ,85500,,
1.21 . 1.21.01 . 13 . 05 . 5 . 2 . 2 . 12 ,Belanja Pakaian Dinas dan Atributnya ,17850000,,
1.21 . 1.21.01 . 13 . 05 . 5 . 2 . 2 . 12 . 04 ,Belanja Pakaian Dinas Harian (PDH) ,17850000,,
1.21 . 1.21.01 . 25 ,Program Peningkatan Ketahanan Pangan ,118875000,,
1.21 . 1.21.01 . 25 . 03 ,Pengembangan Lembaga Distribusi Pangan Masyarakat (LDPM) ,10000000,Sumber Dana : Lokasi Kegiatan : Kabupaten Kulon Progo,
1.21 . 1.21.01 . 25 . 03 . 5 . 2 . 1 ,Belanja Pegawai ,3300000,,
1.21 . 1.21.01 . 25 . 03 . 5 . 2 . 1 . 01 ,Honorarium PNS ,3300000,,
1.21 . 1.21.01 . 25 . 03 . 5 . 2 . 1 . 01 . 01 ,Honorarium Panitia Pelaksana Kegiatan ,3300000,,
1.21 . 1.21.01 . 25 . 03 . 5 . 2 . 2 ,Belanja Barang dan Jasa ,6700000,,
1.21 . 1.21.01 . 25 . 03 . 5 . 2 . 2 . 01 ,Belanja Bahan Pakai Habis ,620000,,
1.21 . 1.21.01 . 25 . 03 . 5 . 2 . 2 . 01 . 01 ,Belanja Alat Tulis Kantor ,620000,,
1.21 . 1.21.01 . 25 . 03 . 5 . 2 . 2 . 06 ,Belanja Cetak dan Penggandaan ,230000,,
1.21 . 1.21.01 . 25 . 03 . 5 . 2 . 2 . 06 . 02 ,Belanja Penggandaan ,230000,,
1.21 . 1.21.01 . 25 . 03 . 5 . 2 . 2 . 11 ,Belanja Makanan dan  Minuman ,3600000,,
1.21 . 1.21.01 . 25 . 03 . 5 . 2 . 2 . 11 . 02 ,Belanja Makanan Dan Minuman Rapat ,1500000,,
1.21 . 1.21.01 . 25 . 03 . 5 . 2 . 2 . 11 . 04 ,"Belanja makanan dan minuman pelatihan sosialisasi penyuluhan ",2100000,,
1.21 . 1.21.01 . 25 . 03 . 5 . 2 . 2 . 15 ,Belanja Perjalanan Dinas ,2250000,,
1.21 . 1.21.01 . 25 . 03 . 5 . 2 . 2 . 15 . 01 ,Belanja Perjalanan Dinas Dalam Daerah ,2250000,,
1.21 . 1.21.01 . 25 . 10 ,Pengembangan Kawasan Rumah Pangan Lestari ,54220000,Sumber Dana : Lokasi Kegiatan : Kabupaten Kulon Progo,
1.21 . 1.21.01 . 25 . 10 . 5 . 2 . 1 ,Belanja Pegawai ,6150000,,
1.21 . 1.21.01 . 25 . 10 . 5 . 2 . 1 . 01 ,Honorarium PNS ,6150000,,
1.21 . 1.21.01 . 25 . 10 . 5 . 2 . 1 . 01 . 01 ,Honorarium Panitia Pelaksana Kegiatan ,6150000,,
1.21 . 1.21.01 . 25 . 10 . 5 . 2 . 2 ,Belanja Barang dan Jasa ,48070000,,
1.21 . 1.21.01 . 25 . 10 . 5 . 2 . 2 . 01 ,Belanja Bahan Pakai Habis ,644850,,
1.21 . 1.21.01 . 25 . 10 . 5 . 2 . 2 . 01 . 01 ,Belanja Alat Tulis Kantor ,644850,,
1.21 . 1.21.01 . 25 . 10 . 5 . 2 . 2 . 06 ,Belanja Cetak dan Penggandaan ,675150,,
1.21 . 1.21.01 . 25 . 10 . 5 . 2 . 2 . 06 . 02 ,Belanja Penggandaan ,675150,,
1.21 . 1.21.01 . 25 . 10 . 5 . 2 . 2 . 11 ,Belanja Makanan dan  Minuman ,11020000,,
1.21 . 1.21.01 . 25 . 10 . 5 . 2 . 2 . 11 . 02 ,Belanja Makanan Dan Minuman Rapat ,7380000,,
1.21 . 1.21.01 . 25 . 10 . 5 . 2 . 2 . 11 . 04 ,"Belanja makanan dan minuman pelatihan sosialisasi penyuluhan ",3640000,,
1.21 . 1.21.01 . 25 . 10 . 5 . 2 . 2 . 15 ,Belanja Perjalanan Dinas ,5730000,,
1.21 . 1.21.01 . 25 . 10 . 5 . 2 . 2 . 15 . 01 ,Belanja Perjalanan Dinas Dalam Daerah ,3960000,,
1.21 . 1.21.01 . 25 . 10 . 5 . 2 . 2 . 15 . 02 ,Belanja Perjalanan Dinas Luar Daerah ,1770000,,
1.21 . 1.21.01 . 25 . 10 . 5 . 2 . 2 . 23 ,Belanja Barang Untuk Diserahkan kepada Masyarakat/Pihak Ketiga ,30000000,,
1.21 . 1.21.01 . 25 . 10 . 5 . 2 . 2 . 23 . 01 ,Belanja Barang Yang Akan Diserahkan Kepada Masyarakat ,30000000,"KWT Akur Kemesu Banjararum Kalibawang"Polibag kecil   "3 kg x 35.000 00 = 105.000 00" Pupuk organik   "1 rit colt x 250.000 00 = 250.000 00" Bibit cabe"2 bungkus x 115.000 00 = 230.000 00" Bibit terong   "2 bungkus x 30.000 00 = 60.000 00" Bibit Kangkung "2 bungkus x10.000 00 = 20.000 00" Bibit Loncang   "2 bungkus x 35.000 00 = 70.000 00" Bibit seledri   "2 bungkus x 40.000 00 = 80.000 00" Bibit Sawi hijau "2 bungkus x 10.000 00 = 20.000 00" Bibit pepaya   "2 bungkus x 100.000 00 = 200.000 00" Pestisida "1 botol x 85.000 00 = 85.000 00" Paranet "60 m x 30.000 00 = 1.800.000 00" Gembor "2 buah x 40.000 00 = 80.000 00" "Kelompok Pengembangan Toga  Secang  Sendangsari  Pengasih"Bibit Kangkung "2 bungkus x 10.000 00 = 20.000 00" Bibit Loncang "2 bungkus x 35.000 00 = 70.000 00" Bibit Seledri "2 bungkus x 40.000 00 = 80.000 00"Bibit sawi hijau "2 bungkus x10.000 00 = 20.000 00" Bibit pepaya "2 bungkus x 100.000 00 = 200.000 00"Pestisida "1 botol x 85.000 00 = 85.000 00"Paranet"60 m x 30.000 00 = 1.800.000 00" Gembor "2 buah x 40.000 00 = 80.000 00" Polibag kecil "3 kg x 35.000 00 = 105.000 00" Pupuk Organik "1 rit colt x 250.000 00 = 250.000 00"Bibit Cabe "2 bungkus x 115.000 00 = 230.000 00" Bibit terong "2 bungkus x 30.000 00 = 60.000 00" "Kelompok Pengembangan Toga  Gedangan  Sentolo  Sentolo"Polibag kecil "3 kg x 35.000 00 = 105.000 00"Pupuk Organik "1 rit colt x 250.000 00 = 250.000 00" Bibit Cabe "2 bungkus x 115.000 00 = 230.000 00" Bibit terong "2 bungkus x 30.000 00 = 60.000 00" Bibit Kangkung"2 bungkus x 10.000 00 = 20.000 00" Bibit Loncang "2 bungkus x 35.000 00 = 70.000 00" Bibit Seledri "2 bungkus x 40.000 00 = 80.000 00" Bibit sawai hijau "2 bungkus x 10.000 00 = 20.000 00" Bibit pepaya "2 bungkus x 100.000 00 = 200.000 00" Pestisida "1 botol x 85.000 00 = 85.000 00"Paranet "60 m x 30.000 00 = 1.800.000 00"Gembor"2 buah x 40.000 00 = 80.000 00" "KWT lestari MulyoNgentak  Ngestiharjo  Wates"Polibag kecil"3 kg x 35.000 00 = 105.000 00" Pupuk Organik"1 rit colt x 250.000 00 = 250.000 00" Bibit Cabe "2 bungkus x 115.000 00 = 230.000 00"Bibit Teron"2 bungkus x 30.000 00 = 60.000 00"Bibit Kangkung "2 bugkus x 10.000 00 = 20.000 00"Bibit Loncang"2 bungkus x 35.000 00 = 70.000 00" Bibit Seledri "2 bungkus x 40.000 00 = 80.000 00"Bibit Sawi Hijau"2 bungkus x 10.000 00 = 20.000 00" Bibit pepaya "2 bungkus x 100.000 00 = 200.000 00" Pestisida "1 botol x 85.000 00 = 85.000 00" Paranet "60 m x 30.000 00 = 1.800.000 00" Gembor "2 buah x 40.000 00 = 80.000 00" "KWT Melati  Kretek  Glagah  Temon"Polibag kecil "3 kg x 35.000 00 = 105.000 00" PupukOrganik "1 rit colt x 250.000 00 = 250.000 00" Bibit Cabe "2 bungkus x 115.000 00 = 230.000 00" Bibit terong"2 bungkus x 30.000 00 = 60.000 00" Bibit Kangkung"2 bungkus x 10.000 00 = 20.000 00" Bibit Loncang "2 bungkus x35.000 00 = 70.000 00" Bibit Seledri"2 bungkus x 40.000 00 = 80.000 00" Bibit SawiHijau "2 bungkus x 10.000 00 = 20.000 00" Bibit pepaya "2 bungkus x 100.000 00 = 200.000 00"Pestisida"1 botol x 85.000 00 = 85.000 00" Paranet "60 m x 30.000 00 = 1.800.000 00" Gembor "2 buah x 40.000 00 = 80.000 00" "KWT Melati  Kayugede  Gerbosari  Samigaluh"Polibag kecil"3 kg x 35.000 00 = 105.000 00" Pupuk Organik"1 rit colt x 250.000 00 = 250.000 00"Bibit Cabe "2 bungkus x 115.000 00 = 230.000 00" Bibit Terong "2 bungkus x 30.000 00 = 60.000 00" Bibit Kangkung"2 bungkus x 10.000 00 = 20.000 00"Bibit Loncang "2 bungkus x35.000 00 = 70.000 00" Bibit Seledri"2 bungkus x 40.000 00 = 80.000 00" Bibit Sawi Hijau"2 bungkus x 10.000 00 = 20.000 00" Bibit pepaya"2 bungkus x 100.000 00 = 200.000 00" Pestisida "1 botol x 85.000 00 = 85.000 00" Paranet "60 m x 30.000 00 =1.800.000 00" Gembor"2 buah x 40.000 00 = 80.000 00""KWT Setya Karya  Sebatang  Hargotirto  Kokap"Polibagkecil "3 kg x 35.000 00 = 105.000 00" Pupuk Organik"1 rit colt x 250.000 00 = 250.000 00"BibitCabe"2 bungkus x 115.000 00 = 230.000 00" Bibit Terong "2 bungkus x 30.000 00 = 60.000 00" Bibit Kangkung "2 bungkus x 10.000 00 = 20.000 00" Loncang "2 bungkus x 35.000 00 = 70.000 00" Bibit Seledri "2 bungkus x 40.000 00 = 80.000 00" Bibit Sawi Hijau "2 bungkus x 10.000 00 = 20.000 00" Bibit Pepaya   "2 bungkus x 100.000 00 = 200.000 00" Pestisida   "1 botol x 85.000 00 = 85.000 00"Paranet   "60 m x 30.000 00 = 1.800.000 00"Gembor   "2 buah x 40.000 00 = 80.000 00" "KelompokPengembangan Toga Sumber Rejeki  Pundak Kidul  KembangNanggulan"Polibag Kecil "3 kg x 35.000 00 = 105.000 00"Pupuk Organik   "1 rit colt x 250.000 00 = 250.000 00" Bibit cabe"2 bungkus x 115.000 00 = 230.000 00"Bibit terong "2 bungkus x 30.000 00 = 60.000 00"Bibit Kangkung   "2 bungkus x 10.000 00 = 20.000 00" Bibit Loncang   "2 bungkus x35.000 00 = 70.000 00" Bibit Seledri   "2 bungkus x 40.000 00 = 80.000 00" Bibit sawi hijau   "2 bungkus x 10.000 00 = 20.000 00" Bibit pepaya "2 bungkus x 100.000 00 = 200.000 00" Pestisida "1 botol x 85.000 00 = 85.000 00"Paranet "60 m x 30.000 00 = 1.800.000 00" Gembor "2 buah x 40.000 00 = 80.000 00" "Kelompok Pengembangan Toga  Gebang  Plumbon  Temon"Polibag kecil "3 kg x 35.000 00 = 105.000 00" Pupuk Organik "1 rit colt x 250.000 00 = 250.000 00" Bibit cabe "2 bungkus x 115.000 00 = 230.000 00" Bibit terong "2 bungkus x 30.000 00 = 60.000 00" Bibit Kangkung "2 bungkus x 10.000 00 = 20.000 00" Bibit Loncang "2 bungkus x 35.000 00 = 70.000 00"Bibit Seledri "2 bungkus x 40.000 00 = 80.000 00"Bibit sawi hijau "2 bungkus x 10.000 00 = 20.000 00" Bibit Pepaya "2 bungkus x 100.000 00 = 200.000 00" pestisida "1 botol x 85.000 00 = 85.000 00" Paranet "60 m x 30.000 00 = 1.800.000 00"Gembor "2 buah x 40.000 00 = 80.000 00""KWT Hikmah  Sempu  Bumirejo  Lendah"Polibag kecil   "3 kg x 35.000 00 = 105.000 00" Pupuk Organik "1 rit colt x 250.000 00 = 250.000 00" Bibit Cabe "2 bungkus x 115.000 00 = 230.000 00" Bibit Terong "2 bungkus x 30.000 00 = 60.000 00"Bibit Kangkung "2 bungkus x 10.000 00 = 20.000 00"Bibit Loncang "2 bungkus x35.000 00 = 70.000 00"Bibit Seledri "2 bungkus x 40.000 00 = 80.000 00" Bibit Sawi Hijau "2 bungkus x 10.000 00 = 20.000 00" Bibit pepaya "2 bungkus x 100.000 00 = 200.000 00" Pestisida "1 botol x 85.000 00 = 85.000 00" Paranet "60 m x 30.000 00 = 1.800.000 00" Gembor "2 buah x 40.000 00 = 80.000 00",
1.21 . 1.21.01 . 25 . 11 ,Pemberdayaan Desa Rawan Pangan ,39655000,Sumber Dana : Lokasi Kegiatan : Kabupaten Kulon Progo,
1.21 . 1.21.01 . 25 . 11 . 5 . 2 . 1 ,Belanja Pegawai ,3800000,,
1.21 . 1.21.01 . 25 . 11 . 5 . 2 . 1 . 01 ,Honorarium PNS ,3800000,,
1.21 . 1.21.01 . 25 . 11 . 5 . 2 . 1 . 01 . 01 ,Honorarium Panitia Pelaksana Kegiatan ,3800000,,
1.21 . 1.21.01 . 25 . 11 . 5 . 2 . 2 ,Belanja Barang dan Jasa ,35855000,,
1.21 . 1.21.01 . 25 . 11 . 5 . 2 . 2 . 01 ,Belanja Bahan Pakai Habis ,613225,,
1.21 . 1.21.01 . 25 . 11 . 5 . 2 . 2 . 01 . 01 ,Belanja Alat Tulis Kantor ,613225,,
1.21 . 1.21.01 . 25 . 11 . 5 . 2 . 2 . 06 ,Belanja Cetak dan Penggandaan ,656775,,
1.21 . 1.21.01 . 25 . 11 . 5 . 2 . 2 . 06 . 02 ,Belanja Penggandaan ,656775,,
1.21 . 1.21.01 . 25 . 11 . 5 . 2 . 2 . 11 ,Belanja Makanan dan  Minuman ,18840000,,
1.21 . 1.21.01 . 25 . 11 . 5 . 2 . 2 . 11 . 02 ,Belanja Makanan Dan Minuman Rapat ,8340000,,
1.21 . 1.21.01 . 25 . 11 . 5 . 2 . 2 . 11 . 04 ,"Belanja makanan dan minuman pelatihan sosialisasi penyuluhan ",10500000,,
1.21 . 1.21.01 . 25 . 11 . 5 . 2 . 2 . 15 ,Belanja Perjalanan Dinas ,8345000,,
1.21 . 1.21.01 . 25 . 11 . 5 . 2 . 2 . 15 . 01 ,Belanja Perjalanan Dinas Dalam Daerah ,3125000,,
1.21 . 1.21.01 . 25 . 11 . 5 . 2 . 2 . 15 . 02 ,Belanja Perjalanan Dinas Luar Daerah ,5220000,,
1.21 . 1.21.01 . 25 . 11 . 5 . 2 . 2 . 23 ,Belanja Barang Untuk Diserahkan kepada Masyarakat/Pihak Ketiga ,6500000,,
1.21 . 1.21.01 . 25 . 11 . 5 . 2 . 2 . 23 . 01 ,Belanja Barang Yang Akan Diserahkan Kepada Masyarakat ,6500000,"KWT Sri Kanthil	 Ngaseman	 Hargorejo	 Kokap"Ayam betina		"55 ekor x 80.000	00 = 4.400.000	00"	Ayam Jantan	"10 ekor x 150.000	00 = 1.500.000	00"Vaksin nd (Sarana Kesehatan)	"10 ampul x 40.000	00 = 400.000	00"Vitachick (sarana kesehatan)	"20 bungkus x 10.000	00 = 200.000	00"	,
1.21 . 1.21.01 . 25 . 11 . 5 . 2 . 2 . 27 ,Belanja Tenaga Ahli/Instruktur/Narasumber ,900000,,
1.21 . 1.21.01 . 25 . 11 . 5 . 2 . 2 . 27 . 01 ,Jasa Tenaga Ahli/Instruktur/Narasumber ,900000,,
1.21 . 1.21.01 . 25 . 12 ,Pengawasan dan Pembinaan Keamanan Pangan Segar ,15000000,Sumber Dana : Lokasi Kegiatan : Kabupaten Kulon Progo,
1.21 . 1.21.01 . 25 . 12 . 5 . 2 . 2 ,Belanja Barang dan Jasa ,15000000,,
1.21 . 1.21.01 . 25 . 12 . 5 . 2 . 2 . 01 ,Belanja Bahan Pakai Habis ,525500,,
1.21 . 1.21.01 . 25 . 12 . 5 . 2 . 2 . 01 . 01 ,Belanja Alat Tulis Kantor ,525500,,
1.21 . 1.21.01 . 25 . 12 . 5 . 2 . 2 . 02 ,Belanja Bahan/Material ,7087000,,
1.21 . 1.21.01 . 25 . 12 . 5 . 2 . 2 . 02 . 06 ,Belanja Bahan Percontohan ,7087000,,
1.21 . 1.21.01 . 25 . 12 . 5 . 2 . 2 . 06 ,Belanja Cetak dan Penggandaan ,367500,,
1.21 . 1.21.01 . 25 . 12 . 5 . 2 . 2 . 06 . 02 ,Belanja Penggandaan ,367500,,
1.21 . 1.21.01 . 25 . 12 . 5 . 2 . 2 . 11 ,Belanja Makanan dan  Minuman ,5000000,,
1.21 . 1.21.01 . 25 . 12 . 5 . 2 . 2 . 11 . 04 ,"Belanja makanan dan minuman pelatihan,5000000,,
1.21 . 1.21.01 . 25 . 12 . 5 . 2 . 2 . 15 ,Belanja Perjalanan Dinas ,2020000,,
1.21 . 1.21.01 . 25 . 12 . 5 . 2 . 2 . 15 . 01 ,Belanja Perjalanan Dinas Dalam Daerah ,2020000,,
1.21 . 1.21.01 . 26 ,Program Pemberdayaan Penyuluhan ,950354275,,
1.21 . 1.21.01 . 26 . 01 ,Pemberdayaan Kelembagaan Tani ,115000000,Sumber Dana : Lokasi Kegiatan : Kabupaten Kulon Progo,
1.21 . 1.21.01 . 26 . 01 . 5 . 2 . 1 ,Belanja Pegawai ,67400000,,
1.21 . 1.21.01 . 26 . 01 . 5 . 2 . 1 . 01 ,Honorarium PNS ,3120000,,
1.21 . 1.21.01 . 26 . 01 . 5 . 2 . 1 . 01 . 01 ,Honorarium Panitia Pelaksana Kegiatan ,3120000,Honorarium Tim Komisi Penyuluhan"18 orang/bulan x 140.000	00 = 2.520.000	00",
1.21 . 1.21.01 . 26 . 01 . 5 . 2 . 1 . 02 ,Honorarium Non PNS ,64280000,,
1.21 . 1.21.01 . 26 . 01 . 5 . 2 . 1 . 02 . 03 ,Honorarium Harian ,62000000,,
1.21 . 1.21.01 . 26 . 01 . 5 . 2 . 1 . 02 . 04 ,Honorarium Tim ,2280000,,
1.21 . 1.21.01 . 26 . 01 . 5 . 2 . 2 ,Belanja Barang dan Jasa ,47600000,,
1.21 . 1.21.01 . 26 . 01 . 5 . 2 . 2 . 01 ,Belanja Bahan Pakai Habis ,2525200,,
1.21 . 1.21.01 . 26 . 01 . 5 . 2 . 2 . 01 . 01 ,Belanja Alat Tulis Kantor ,2525200,,
1.21 . 1.21.01 . 26 . 01 . 5 . 2 . 2 . 06 ,Belanja Cetak dan Penggandaan ,1979800,,
1.21 . 1.21.01 . 26 . 01 . 5 . 2 . 2 . 06 . 02 ,Belanja Penggandaan ,1979800,,
1.21 . 1.21.01 . 26 . 01 . 5 . 2 . 2 . 11 ,Belanja Makanan dan  Minuman ,37655000,,
1.21 . 1.21.01 . 26 . 01 . 5 . 2 . 2 . 11 . 02 ,Belanja Makanan Dan Minuman Rapat ,37655000,,
1.21 . 1.21.01 . 26 . 01 . 5 . 2 . 2 . 15 ,Belanja Perjalanan Dinas ,5440000,,
1.21 . 1.21.01 . 26 . 01 . 5 . 2 . 2 . 15 . 01 ,Belanja Perjalanan Dinas Dalam Daerah ,5440000,,
1.21 . 1.21.01 . 26 . 02 ,Lomba Ketahanan Pangan dan Penyuluhan ,52863000,Sumber Dana : Lokasi Kegiatan : Kabupaten Kulon Progo,
1.21 . 1.21.01 . 26 . 02 . 5 . 2 . 1 ,Belanja Pegawai ,5815000,,
1.21 . 1.21.01 . 26 . 02 . 5 . 2 . 1 . 01 ,Honorarium PNS ,5215000,,
1.21 . 1.21.01 . 26 . 02 . 5 . 2 . 1 . 01 . 01 ,Honorarium Panitia Pelaksana Kegiatan ,5215000,,
1.21 . 1.21.01 . 26 . 02 . 5 . 2 . 1 . 02 ,Honorarium Non PNS ,600000,,
1.21 . 1.21.01 . 26 . 02 . 5 . 2 . 1 . 02 . 03 ,Honorarium Harian ,600000,,
1.21 . 1.21.01 . 26 . 02 . 5 . 2 . 2 ,Belanja Barang dan Jasa ,47048000,,
1.21 . 1.21.01 . 26 . 02 . 5 . 2 . 2 . 01 ,Belanja Bahan Pakai Habis ,4138675,,
1.21 . 1.21.01 . 26 . 02 . 5 . 2 . 2 . 01 . 01 ,Belanja Alat Tulis Kantor ,4138675,,
1.21 . 1.21.01 . 26 . 02 . 5 . 2 . 2 . 02 ,Belanja Bahan/Material ,720000,,
1.21 . 1.21.01 . 26 . 02 . 5 . 2 . 2 . 02 . 06 ,Belanja Bahan Percontohan ,720000,,
1.21 . 1.21.01 . 26 . 02 . 5 . 2 . 2 . 06 ,Belanja Cetak dan Penggandaan ,549325,,
1.21 . 1.21.01 . 26 . 02 . 5 . 2 . 2 . 06 . 02 ,Belanja Penggandaan ,549325,,
1.21 . 1.21.01 . 26 . 02 . 5 . 2 . 2 . 10 ,Belanja Sewa Perlengkapan dan Peralatan Kantor ,1150000,,
1.21 . 1.21.01 . 26 . 02 . 5 . 2 . 2 . 10 . 05 ,Belanja Sewa Tenda ,800000,,
1.21 . 1.21.01 . 26 . 02 . 5 . 2 . 2 . 10 . 07 ,Belanja Sewa Sound System ,350000,,
1.21 . 1.21.01 . 26 . 02 . 5 . 2 . 2 . 11 ,Belanja Makanan dan  Minuman ,33615000,,
1.21 . 1.21.01 . 26 . 02 . 5 . 2 . 2 . 11 . 02 ,Belanja Makanan Dan Minuman Rapat ,25465000,,
1.21 . 1.21.01 . 26 . 02 . 5 . 2 . 2 . 11 . 04 ,"Belanja makanan dan minuman pelatihan sosialisasi penyuluhan ",8150000,,
1.21 . 1.21.01 . 26 . 02 . 5 . 2 . 2 . 15 ,Belanja Perjalanan Dinas ,4875000,,
1.21 . 1.21.01 . 26 . 02 . 5 . 2 . 2 . 15 . 01 ,Belanja Perjalanan Dinas Dalam Daerah ,4875000,,
1.21 . 1.21.01 . 26 . 02 . 5 . 2 . 2 . 27 ,Belanja Tenaga Ahli/Instruktur/Narasumber ,350000,,
1.21 . 1.21.01 . 26 . 02 . 5 . 2 . 2 . 27 . 01 ,Jasa Tenaga Ahli/Instruktur/Narasumber ,350000,,
1.21 . 1.21.01 . 26 . 02 . 5 . 2 . 2 . 28 ,Belanja Hadiah atas Prestasi dan Penghargaan ,1650000,,
1.21 . 1.21.01 . 26 . 02 . 5 . 2 . 2 . 28 . 01 ,Belanja Hadiah Atas Prestasi ,1650000,,
1.21 . 1.21.01 . 26 . 03 ,Peningkatan Kapasitas dan Penilaian Kinerja Penyuluh ,750631275,Sumber Dana : Lokasi Kegiatan : Kabupaten Kulon Progo,
1.21 . 1.21.01 . 26 . 03 . 5 . 2 . 1 ,Belanja Pegawai ,7560000,,
1.21 . 1.21.01 . 26 . 03 . 5 . 2 . 1 . 01 ,Honorarium PNS ,4680000,,
1.21 . 1.21.01 . 26 . 03 . 5 . 2 . 1 . 01 . 01 ,Honorarium Panitia Pelaksana Kegiatan ,4680000,,
1.21 . 1.21.01 . 26 . 03 . 5 . 2 . 1 . 02 ,Honorarium Non PNS ,2880000,,
1.21 . 1.21.01 . 26 . 03 . 5 . 2 . 1 . 02 . 03 ,Honorarium Harian ,2880000,,
1.21 . 1.21.01 . 26 . 03 . 5 . 2 . 2 ,Belanja Barang dan Jasa ,63913525,,
1.21 . 1.21.01 . 26 . 03 . 5 . 2 . 2 . 01 ,Belanja Bahan Pakai Habis ,8049000,,
1.21 . 1.21.01 . 26 . 03 . 5 . 2 . 2 . 01 . 01 ,Belanja Alat Tulis Kantor ,8049000,,
1.21 . 1.21.01 . 26 . 03 . 5 . 2 . 2 . 06 ,Belanja Cetak dan Penggandaan ,4364525,,
1.21 . 1.21.01 . 26 . 03 . 5 . 2 . 2 . 06 . 01 ,Belanja Cetak ,570000,,
1.21 . 1.21.01 . 26 . 03 . 5 . 2 . 2 . 06 . 02 ,Belanja Penggandaan ,3794525,,
1.21 . 1.21.01 . 26 . 03 . 5 . 2 . 2 . 11 ,Belanja Makanan dan  Minuman ,41150000,,
1.21 . 1.21.01 . 26 . 03 . 5 . 2 . 2 . 11 . 02 ,Belanja Makanan Dan Minuman Rapat ,29070000,,
1.21 . 1.21.01 . 26 . 03 . 5 . 2 . 2 . 11 . 04 ,"Belanja makanan dan minuman pelatihan sosialisasi penyuluhan ",12080000,,
1.21 . 1.21.01 . 26 . 03 . 5 . 2 . 2 . 15 ,Belanja Perjalanan Dinas ,5450000,,
1.21 . 1.21.01 . 26 . 03 . 5 . 2 . 2 . 15 . 01 ,Belanja Perjalanan Dinas Dalam Daerah ,1160000,,
1.21 . 1.21.01 . 26 . 03 . 5 . 2 . 2 . 15 . 02 ,Belanja Perjalanan Dinas Luar Daerah ,4290000,,
1.21 . 1.21.01 . 26 . 03 . 5 . 2 . 2 . 27 ,Belanja Tenaga Ahli/Instruktur/Narasumber ,2400000,,
1.21 . 1.21.01 . 26 . 03 . 5 . 2 . 2 . 27 . 01 ,Jasa Tenaga Ahli/Instruktur/Narasumber ,2400000,,
1.21 . 1.21.01 . 26 . 03 . 5 . 2 . 2 . 28 ,Belanja Hadiah atas Prestasi dan Penghargaan ,2500000,,
1.21 . 1.21.01 . 26 . 03 . 5 . 2 . 2 . 28 . 01 ,Belanja Hadiah Atas Prestasi ,2500000,,
1.21 . 1.21.01 . 26 . 03 . 5 . 2 . 3 ,Belanja Modal ,679157750,,
1.21 . 1.21.01 . 26 . 03 . 5 . 2 . 3 . 49 ,Belanja Modal Gedung dan Bangunan - Pengadaan Bangunan Gedung Tempat Kerja,679157750,,
1.21 . 1.21.01 . 26 . 03 . 5 . 2 . 3 . 49 . 01 ,Belanja Modal Gedung dan Bangunan - Pengadaan Bangunan Gedung Kantor,679157750,Rehabilitasi/Renovasi BP3K Kec. Girimulyo"Rehabilitasi/Renovasi BP3K Kec. Girimulyo (DAK Pertanian Rp. 272.727.273	- DAU Rp. 27.272.727	-)"	"1 unit x 300.000.000	00 = 300.000.000	00"	Rehabilitasi/Renovasi BP3K Kec. Wates"Rehabilitasi/Renovasi BP3K Kec. Wates (DAK Pertanian Rp. 272.727.273	- DAU Rp. 27.272.727	-)"	"1 unit x 300.000.000	00 = 300.000.000	00"	Rehabilitasi/Renovasi BP3K Kec. Kalibawang	Rehabilitasi/Renovasi  BP3K Kec.Kalibawang (DAK Pertanian : 22.727.273 DAU:2.272.727)	"1 unit x 25.000.000	00 = 25.000.000	00"	Konsultan Perencana	Konsultan Perencanan	"1 paket x 27.000.000	00 = 27.000.000	00"	Konsultan Pengawas	"1 paket x 19.400.000	00 = 19.400.000	00"	Panitia Penerima Barang dan Jasa	Ketua"2 orang/paket x 350.000	00 = 700.000	00"	Sekretaris"2 orang/paket x 300.000	00 = 600.000	00"Anggota	"2 orang/paket x 250.000	00 = 500.000	00"Administrasi Pengadaan ( AP DAK)		Kertas HVS 70 gram folio	"4 rim x 45.000	00 = 180.000	00"	Stopmap plastik folio	"8 buah x 6.500	00 = 52.000	00"Stopmap kertas"20 buah x 800	00 = 16.000	00"	Tinta refill komputer	"2 dos x 36.500	00 = 73.000	00"Kertas NCR putih"1 rim x 56.000	00 = 56.000	00"	Foto Copy dokumen dan laporan	"3	050 lembar x 175	00 = 533.750	00"Rapat pengadaan ( Adm DAK)	"100 os x 25.000	00 = 2.500.000	00"Perjalanan Dinas dalam daerah Gol IV	"8 op x 45.000	00 = 360.000	00"	Perjalanan dinas dalam daerah Gol III	"20 op x 40.000	00 = 800.000	00"	Kertas NCR warna warni"2 rim x 56.000	00 = 112.000	00"	Pejabat pengadaan dan pejabat penerima	Pejabat pengadaan"3 orang x 250.000	00 = 750.000	00"Pejabat penerima	"3 orang x 175.000	00 = 525.000	00"	,
1.21 . 1.21.01 . 26 . 04 ,Pengkajian dan Pengembangan Teknologi Tepat Guna ,10000000,Sumber Dana : Lokasi Kegiatan : Kabupaten Kulon Progo,
1.21 . 1.21.01 . 26 . 04 . 5 . 2 . 2 ,Belanja Barang dan Jasa ,10000000,,
1.21 . 1.21.01 . 26 . 04 . 5 . 2 . 2 . 01 ,Belanja Bahan Pakai Habis ,417500,,
1.21 . 1.21.01 . 26 . 04 . 5 . 2 . 2 . 01 . 01 ,Belanja Alat Tulis Kantor ,417500,,
1.21 . 1.21.01 . 26 . 04 . 5 . 2 . 2 . 02 ,Belanja Bahan/Material ,6647500,,
1.21 . 1.21.01 . 26 . 04 . 5 . 2 . 2 . 02 . 02 ,Belanja Bahan/Bibit Tanaman ,2500000,,
1.21 . 1.21.01 . 26 . 04 . 5 . 2 . 2 . 02 . 05 ,Belanja Bahan Kimia dan Pupuk ,4147500,,
1.21 . 1.21.01 . 26 . 04 . 5 . 2 . 2 . 03 ,Belanja Jasa Kantor ,1500000,,
1.21 . 1.21.01 . 26 . 04 . 5 . 2 . 2 . 03 . 23 ,Belanja Jasa Analisa/Pemeriksaan Laboratorium ,1500000,,
1.21 . 1.21.01 . 26 . 04 . 5 . 2 . 2 . 06 ,Belanja Cetak dan Penggandaan ,275000,,
1.21 . 1.21.01 . 26 . 04 . 5 . 2 . 2 . 06 . 02 ,Belanja Penggandaan ,275000,,
1.21 . 1.21.01 . 26 . 04 . 5 . 2 . 2 . 11 ,Belanja Makanan dan  Minuman ,750000,,
1.21 . 1.21.01 . 26 . 04 . 5 . 2 . 2 . 11 . 02 ,Belanja Makanan Dan Minuman Rapat ,750000,,
1.21 . 1.21.01 . 26 . 04 . 5 . 2 . 2 . 15 ,Belanja Perjalanan Dinas ,410000,,
1.21 . 1.21.01 . 26 . 04 . 5 . 2 . 2 . 15 . 01 ,Belanja Perjalanan Dinas Dalam Daerah ,410000,,
1.21 . 1.21.01 . 26 . 05 ,Informasi dan Publikasi Pertanian Perikanan dan Kehutanan ,21860000,Sumber Dana : Lokasi Kegiatan : Kabupaten Kulon Progo,
1.21 . 1.21.01 . 26 . 05 . 5 . 2 . 1 ,Belanja Pegawai ,3625000,,
1.21 . 1.21.01 . 26 . 05 . 5 . 2 . 1 . 02 ,Honorarium Non PNS ,3625000,,
1.21 . 1.21.01 . 26 . 05 . 5 . 2 . 1 . 02 . 03 ,Honorarium Harian ,3625000,,
1.21 . 1.21.01 . 26 . 05 . 5 . 2 . 2 ,Belanja Barang dan Jasa ,18235000,,
1.21 . 1.21.01 . 26 . 05 . 5 . 2 . 2 . 01 ,Belanja Bahan Pakai Habis ,195500,,
1.21 . 1.21.01 . 26 . 05 . 5 . 2 . 2 . 01 . 01 ,Belanja Alat Tulis Kantor ,195500,,
1.21 . 1.21.01 . 26 . 05 . 5 . 2 . 2 . 02 ,Belanja Bahan/Material ,5200000,,
1.21 . 1.21.01 . 26 . 05 . 5 . 2 . 2 . 02 . 01 ,Belanja Bahan Baku Bangunan ,2800000,,
1.21 . 1.21.01 . 26 . 05 . 5 . 2 . 2 . 02 . 06 ,Belanja Bahan Percontohan ,2400000,,
1.21 . 1.21.01 . 26 . 05 . 5 . 2 . 2 . 03 ,Belanja Jasa Kantor ,1273500,,
1.21 . 1.21.01 . 26 . 05 . 5 . 2 . 2 . 03 . 13 ,Belanja Dokumentasi ,73500,,
1.21 . 1.21.01 . 26 . 05 . 5 . 2 . 2 . 03 . 15 ,Belanja Publikasi ,1200000,,
1.21 . 1.21.01 . 26 . 05 . 5 . 2 . 2 . 11 ,Belanja Makanan dan  Minuman ,3436000,,
1.21 . 1.21.01 . 26 . 05 . 5 . 2 . 2 . 11 . 02 ,Belanja Makanan Dan Minuman Rapat ,3436000,,
1.21 . 1.21.01 . 26 . 05 . 5 . 2 . 2 . 15 ,Belanja Perjalanan Dinas ,8130000,,
1.21 . 1.21.01 . 26 . 05 . 5 . 2 . 2 . 15 . 01 ,Belanja Perjalanan Dinas Dalam Daerah ,1270000,,
1.21 . 1.21.01 . 26 . 05 . 5 . 2 . 2 . 15 . 02 ,Belanja Perjalanan Dinas Luar Daerah ,6860000,,
,SURPLUS / (DEFISIT) ,-9264179259,,
