Judul,"Rincian Apbd Menurut Urusan Pemerintahan Daerah, Organisasi, Pendapatan, Belanja Dan Pembiayaan",,
Daerah,Kabupaten Kulon Progo,,
Tahun,2016,,
Kode Organisasi,2.05.02,,
Nama Organisasi,Dinas Kelautan,,
Kolom,4,,
,,,
No. Rekening,Uraian,Jumlah,Keterangan
2.05 . 2.05.02 . 00 . 00 . 4,PENDAPATAN,226989500.00,
2.05 . 2.05.02 . 00 . 00 . 4 . 1,PENDAPATAN ASLI DAERAH,226989500.00,
2.05 . 2.05.02 . 00 . 00 . 4 . 1 . 2,Hasil Retribusi Daerah,226989500.00,"Peraturan Daerah Kabupaten Kulon Progo Nomor 20 Tahun 2012 tentang Retribusi Pelayanan Kesehatan Pada UPTD Puskeswan Dinas Kelautan Perikanan dan Peternakan Kabupaten Kulon Progo, Lembaran Daerah Kabupaten Kulon Progo Tahun 2012 Nomor 20
Peraturan Daerah Kabupaten Kulon Progo Nomor 19 Tahun 2012 tentang Retribusi Tempat Pelelangan pada Tempat Pelelangan Ikan, Lembaran Daerah Kabupaten Kulon Progo Tahun 2012 Nomor 19
Peraturan Daerah Kabupaten Kulon Progo Nomor 13 Tahun 2012 tentang Retribusi Penjualan Produk Usaha Daerah, Lembaran Daerah Kabupaten Kulon Progo Tahun 2012 Nomor 13"
2.05 . 2.05.02 . 00 . 00 . 5,BELANJA,14657605409.00,
2.05 . 2.05.02 . 00 . 00 . 5 . 1,BELANJA TIDAK LANGSUNG,6711436034.00,
2.05 . 2.05.02 . 00 . 00 . 5 . 1 . 1,Belanja Pegawai,6711436034.00,
2.05 . 2.05.02 . 01 . 26 . 5 . 2,BELANJA LANGSUNG,7946169375.00,
2.05 . 2.05.02 . 01,Program Pelayanan Administrasi Perkantoran,207789800.00,
2.05 . 2.05.02 . 01 . 26,Penyediaan Jasa dan Peralatan Perkantoran,35958300.00,
2.05 . 2.05.02 . 01 . 26 . 5 . 2 . 1,Belanja Pegawai,14794000.00,
2.05 . 2.05.02 . 01 . 26 . 5 . 2 . 2,Belanja Barang dan Jasa,21164300.00,
2.05 . 2.05.02 . 01 . 27,Penyediaan Jasa  keuangan,43334500.00,
2.05 . 2.05.02 . 01 . 27 . 5 . 2 . 1,Belanja Pegawai,42990000.00,
2.05 . 2.05.02 . 01 . 27 . 5 . 2 . 2,Belanja Barang dan Jasa,344500.00,
2.05 . 2.05.02 . 01 . 28,"Penyediaan Rapat-Rapat,  Konsultasi dan Koordinasi",128497000.00,
2.05 . 2.05.02 . 01 . 28 . 5 . 2 . 2,Belanja Barang dan Jasa,128497000.00,
2.05 . 2.05.02 . 11,Program Peningkatan Sarana dan Prasarana Perkantoran,481544850.00,
2.05 . 2.05.02 . 11 . 01,Pengadaan Sarana dan Prasarana Perkantoran,39934000.00,
2.05 . 2.05.02 . 11 . 01 . 5 . 2 . 3,Belanja Modal,39934000.00,
2.05 . 2.05.02 . 11 . 02,Pemeliharaan Sarana dan Prasarana Perkantoran,441610850.00,
2.05 . 2.05.02 . 11 . 02 . 5 . 2 . 2,Belanja Barang dan Jasa,218405550.00,
2.05 . 2.05.02 . 11 . 02 . 5 . 2 . 3,Belanja Modal,223205300.00,
2.05 . 2.05.02 . 12,"Program Perencanaan, Pengendalian dan Evaluasi Kinerja",46999875.00,
2.05 . 2.05.02 . 12 . 01,Penyusunan Perencanaan Kinerja SKPD,3999900.00,
2.05 . 2.05.02 . 12 . 01 . 5 . 2 . 2,Belanja Barang dan Jasa,3999900.00,
2.05 . 2.05.02 . 12 . 02,Penyusunan Laporan Keuangan,3499975.00,
2.05 . 2.05.02 . 12 . 02 . 5 . 2 . 1,Belanja Pegawai,656000.00,
2.05 . 2.05.02 . 12 . 02 . 5 . 2 . 2,Belanja Barang dan Jasa,2843975.00,
2.05 . 2.05.02 . 12 . 03,"Pengendalian, Evaluasi dan Pelaporan Kinerja",11500000.00,
2.05 . 2.05.02 . 12 . 03 . 5 . 2 . 1,Belanja Pegawai,1944000.00,
2.05 . 2.05.02 . 12 . 03 . 5 . 2 . 2,Belanja Barang dan Jasa,9556000.00,
2.05 . 2.05.02 . 12 . 04,"Pengumpulan dan Penyusunan Data Statistik Kelautan, Perikanan dan Peternakan",28000000.00,
2.05 . 2.05.02 . 12 . 04 . 5 . 2 . 1,Belanja Pegawai,2249000.00,
2.05 . 2.05.02 . 12 . 04 . 5 . 2 . 2,Belanja Barang dan Jasa,25751000.00,
2.05 . 2.05.02 . 13,Program Peningkatan Kapasitas Sumber Daya Manusia SKPD,3000000.00,
2.05 . 2.05.02 . 13 . 01,Penilaian Prestasi Kerja Pegawai Fungsional Lewat Angka Kredit,3000000.00,
2.05 . 2.05.02 . 13 . 01 . 5 . 2 . 1,Belanja Pegawai,1900150.00,
2.05 . 2.05.02 . 13 . 01 . 5 . 2 . 2,Belanja Barang dan Jasa,1099850.00,
2.05 . 2.05.02 . 20,Program Pengembangan Budidaya Perikanan,1096765825.00,
2.05 . 2.05.02 . 20 . 01,Pengembangan Bibit Ikan Unggul,38520000.00,
2.05 . 2.05.02 . 20 . 01 . 5 . 2 . 1,Belanja Pegawai,9020000.00,
2.05 . 2.05.02 . 20 . 01 . 5 . 2 . 2,Belanja Barang dan Jasa,29500000.00,
2.05 . 2.05.02 . 20 . 03,Pembinaan dan Pengembangan Perikanan (DANA PEMBERDAYAAN),297490000.00,
2.05 . 2.05.02 . 20 . 03 . 5 . 2 . 1,Belanja Pegawai,17065000.00,
2.05 . 2.05.02 . 20 . 03 . 5 . 2 . 2,Belanja Barang dan Jasa,280425000.00,
2.05 . 2.05.02 . 20 . 09,Pengembangan Sarana dan Prasarana Perikanan Budidaya,734075825.00,
2.05 . 2.05.02 . 20 . 09 . 5 . 2 . 1,Belanja Pegawai,11890000.00,
2.05 . 2.05.02 . 20 . 09 . 5 . 2 . 2,Belanja Barang dan Jasa,722185825.00,
2.05 . 2.05.02 . 20 . 10,Pengembangan Sistem Kesehatan Ikan dan Lingkungan,26680000.00,
2.05 . 2.05.02 . 20 . 10 . 5 . 2 . 1,Belanja Pegawai,7630000.00,
2.05 . 2.05.02 . 20 . 10 . 5 . 2 . 2,Belanja Barang dan Jasa,19050000.00,
2.01 . 2.05.02 . 21,Program Pencegahan dan Penanggulangan Penyakit Ternak,373210500.00,
2.01 . 2.05.02 . 21 . 08,Peningkatan Pelayanan Kesehatan Hewan di UPTD Wilayah Utara,120000000.00,
2.01 . 2.05.02 . 21 . 08 . 5 . 2 . 1,Belanja Pegawai,8190000.00,
2.01 . 2.05.02 . 21 . 08 . 5 . 2 . 2,Belanja Barang dan Jasa,111810000.00,
2.01 . 2.05.02 . 21 . 09,Peningkatan Pelayanan Kesehatan Hewan di UPTD Wilayah Tengah,105000000.00,
2.01 . 2.05.02 . 21 . 09 . 5 . 2 . 1,Belanja Pegawai,8340000.00,
2.01 . 2.05.02 . 21 . 09 . 5 . 2 . 2,Belanja Barang dan Jasa,96660000.00,
2.01 . 2.05.02 . 21 . 10,Peningkatan Pelayanan Kesehatan Hewan di UPTD Wilayah Selatan,78000000.00,
2.01 . 2.05.02 . 21 . 10 . 5 . 2 . 1,Belanja Pegawai,7835000.00,
2.01 . 2.05.02 . 21 . 10 . 5 . 2 . 2,Belanja Barang dan Jasa,70165000.00,
2.01 . 2.05.02 . 21 . 12,Pencegahan dan Pemberantasan Penyakit Hewan,70210500.00,
2.01 . 2.05.02 . 21 . 12 . 5 . 2 . 1,Belanja Pegawai,22505000.00,
2.01 . 2.05.02 . 21 . 12 . 5 . 2 . 2,Belanja Barang dan Jasa,47705500.00,
2.05 . 2.05.02 . 21,Program Pengembangan Perikanan Tangkap,2972364300.00,
2.05 . 2.05.02 . 21 . 06,Intensifikasi Penangkapan Ikan,246879300.00,
2.05 . 2.05.02 . 21 . 06 . 5 . 2 . 1,Belanja Pegawai,43645000.00,
2.05 . 2.05.02 . 21 . 06 . 5 . 2 . 2,Belanja Barang dan Jasa,203234300.00,
2.05 . 2.05.02 . 21 . 10,Pengembangan Sarana dan Prasarana Perikanan Tangkap,2676210050.00,
2.05 . 2.05.02 . 21 . 10 . 5 . 2 . 1,Belanja Pegawai,14670000.00,
2.05 . 2.05.02 . 21 . 10 . 5 . 2 . 2,Belanja Barang dan Jasa,502696550.00,
2.05 . 2.05.02 . 21 . 10 . 5 . 2 . 3,Belanja Modal,2158843500.00,
2.05 . 2.05.02 . 21 . 11,Pembinaan Penyelenggaraan Pelelangan Ikan,49274950.00,
2.05 . 2.05.02 . 21 . 11 . 5 . 2 . 1,Belanja Pegawai,9270000.00,
2.05 . 2.05.02 . 21 . 11 . 5 . 2 . 2,Belanja Barang dan Jasa,40004950.00,
2.01 . 2.05.02 . 22,Program Peningkatan Produksi Hasil Peternakan,2126695500.00,
2.01 . 2.05.02 . 22 . 11,Pengembangan Ternak Besar (DANA PEMBERDAYAAN),1701543800.00,
2.01 . 2.05.02 . 22 . 11 . 5 . 2 . 1,Belanja Pegawai,12110000.00,
2.01 . 2.05.02 . 22 . 11 . 5 . 2 . 2,Belanja Barang dan Jasa,1689433800.00,
2.01 . 2.05.02 . 22 . 12,Pengembangan Ternak Kecil dan Unggas (DANA PEMBERDAYAAN),425151700.00,
2.01 . 2.05.02 . 22 . 12 . 5 . 2 . 1,Belanja Pegawai,22840000.00,
2.01 . 2.05.02 . 22 . 12 . 5 . 2 . 2,Belanja Barang dan Jasa,402311700.00,
2.01 . 2.05.02 . 31,Program Penyediaan Sarana Prasarana Peternakan dan Kesehatan Hewan,168181325.00,
2.01 . 2.05.02 . 31 . 01,Peningkatan Permodalan Usaha Peternakan,24213350.00,
2.01 . 2.05.02 . 31 . 01 . 5 . 2 . 1,Belanja Pegawai,2240000.00,
2.01 . 2.05.02 . 31 . 01 . 5 . 2 . 2,Belanja Barang dan Jasa,21973350.00,
2.01 . 2.05.02 . 31 . 04,Peningkatan Sarana Kesehatan Hewan,143967975.00,
2.01 . 2.05.02 . 31 . 04 . 5 . 2 . 1,Belanja Pegawai,5625000.00,
2.01 . 2.05.02 . 31 . 04 . 5 . 2 . 2,Belanja Barang dan Jasa,1684975.00,
2.01 . 2.05.02 . 31 . 04 . 5 . 2 . 3,Belanja Modal,136658000.00,
2.01 . 2.05.02 . 32,Program Peningkatan Mutu dan Pemasaran Hasil Produksi Peternakan,175192400.00,
2.01 . 2.05.02 . 32 . 01,Pengembangan Kerjasama Usaha Peternakan,79185000.00,
2.01 . 2.05.02 . 32 . 01 . 5 . 2 . 1,Belanja Pegawai,13550000.00,
2.01 . 2.05.02 . 32 . 01 . 5 . 2 . 2,Belanja Barang dan Jasa,65635000.00,
2.01 . 2.05.02 . 32 . 03,Kesehatan Masyarakat Veteriner (Kesmavet),76257400.00,
2.01 . 2.05.02 . 32 . 03 . 5 . 2 . 1,Belanja Pegawai,28010000.00,
2.01 . 2.05.02 . 32 . 03 . 5 . 2 . 2,Belanja Barang dan Jasa,48247400.00,
2.01 . 2.05.02 . 32 . 04,Peningkatan Kualitas dan Kuantitas Hasil Olahan Peternakan,19750000.00,
2.01 . 2.05.02 . 32 . 04 . 5 . 2 . 1,Belanja Pegawai,7735000.00,
2.01 . 2.05.02 . 32 . 04 . 5 . 2 . 2,Belanja Barang dan Jasa,12015000.00,
2.05 . 2.05.02 . 35,Program Peningkatan Mutu dan Pemasaran Produk Perikanan,139562500.00,
2.05 . 2.05.02 . 35 . 01,Peningkatan Kualitas dan Kuantitas Hasil Olahan perikanan,52040325.00,
2.05 . 2.05.02 . 35 . 01 . 5 . 2 . 1,Belanja Pegawai,15210000.00,
2.05 . 2.05.02 . 35 . 01 . 5 . 2 . 2,Belanja Barang dan Jasa,36830325.00,
2.05 . 2.05.02 . 35 . 03,Pengembangan Sarana Prasarana Pengolahan dan Pemasaran Hasil Perikanan,87522175.00,
2.05 . 2.05.02 . 35 . 03 . 5 . 2 . 1,Belanja Pegawai,2620000.00,
2.05 . 2.05.02 . 35 . 03 . 5 . 2 . 2,Belanja Barang dan Jasa,84902175.00,
2.05 . 2.05.02 . 37,Program Pemberdayaan Masyarakat dalam Pengawasan dan Pengendalian Sumberdaya Perikanan dan Kelautan,154862500.00,
2.05 . 2.05.02 . 37 . 01,Perlindungan dan Rehabilitasi Sumberdaya Perikanan,154862500.00,
2.05 . 2.05.02 . 37 . 01 . 5 . 2 . 1,Belanja Pegawai,27890000.00,
2.05 . 2.05.02 . 37 . 01 . 5 . 2 . 2,Belanja Barang dan Jasa,126972500.00,
,SURPLUS / (DEFISIT),-14430615909.00,
