Judul,Anggaran Pendapatan dan Belanja Daerah,,
Daerah,Kabupaten Kulonprogo,,
Tahun,2016,,
Kode Organisasi,1.15.01,,
Nama Organisasi,Dinas Koperasi dan Usaha Mikro Kecil Menengah,,
Kolom,4,,
1.15 . 1.15.01 . 00 . 00 . 4,PENDAPATAN,75000000,
1.15 . 1.15.01 . 00 . 00 . 4 . 1,PENDAPATAN ASLI DAERAH,75000000,
1.15 . 1.15.01 . 00 . 00 . 4 . 1 . 4,Lain-lain Pendapatan Asli Daerah yang Sah,75000000,"Peraturan Daerah Kabupaten Kulon Progo Nomor 7 Tahun 2009 tentang Penyertaan Modal Pemerintah Daerah kepada Koperasi Kredit ""Pinunjul"" Koperasi KUB KUD Se Kulon Progo dan Koperasi Unit Desa ""Sedyo Rahayu"", Lembaran Daerah Kabupaten Kulon Progo Tahun 2009 Nomor 4 Seri E"
1.15 . 1.15.01 . 00 . 00 . 5,BELANJA,2748574145,
1.15 . 1.15.01 . 00 . 00 . 5 . 1,BELANJA TIDAK LANGSUNG,1977408145,
1.15 . 1.15.01 . 00 . 00 . 5 . 1 . 1,Belanja Pegawai,1977408145,
1.15 . 1.15.01 . 01 . 26 . 5 . 2,BELANJA LANGSUNG,771166000,
1.15 . 1.15.01 . 01,Program Pelayanan Administrasi Perkantoran,105797000,
1.15 . 1.15.01 . 01 . 26,Penyediaan Jasa dan Peralatan Perkantoran,33890700,
1.15 . 1.15.01 . 01 . 26 . 5 . 2 . 2,Belanja Barang dan Jasa,33890700,
1.15 . 1.15.01 . 01 . 27,Penyediaan Jasa  keuangan,15509300,
1.15 . 1.15.01 . 01 . 27 . 5 . 2 . 1,Belanja Pegawai,15300000,
1.15 . 1.15.01 . 01 . 27 . 5 . 2 . 2,Belanja Barang dan Jasa,209300,
1.15 . 1.15.01 . 01 . 28,"Penyediaan Rapat-Rapat,  Konsultasi dan Koordinasi",56397000,
1.15 . 1.15.01 . 01 . 28 . 5 . 2 . 2,Belanja Barang dan Jasa,56397000,
1.15 . 1.15.01 . 11,Program Peningkatan Sarana dan Prasarana Perkantoran,265948800,
1.15 . 1.15.01 . 11 . 01,Pengadaan Sarana dan Prasarana Perkantoran,157298000,
1.15 . 1.15.01 . 11 . 01 . 5 . 2 . 3,Belanja Modal,157298000,
1.15 . 1.15.01 . 11 . 02,Pemeliharaan Sarana dan Prasarana Perkantoran,108650800,
1.15 . 1.15.01 . 11 . 02 . 5 . 2 . 2,Belanja Barang dan Jasa,108650800,
1.15 . 1.15.01 . 12,"Program Perencanaan, Pengendalian dan Evaluasi Kinerja",12500000,
1.15 . 1.15.01 . 12 . 01,Penyusunan Perencanaan Kinerja SKPD,2000000,
1.15 . 1.15.01 . 12 . 01 . 5 . 2 . 1,Belanja Pegawai,816000,
1.15 . 1.15.01 . 12 . 01 . 5 . 2 . 2,Belanja Barang dan Jasa,1184000,
1.15 . 1.15.01 . 12 . 02,Penyusunan Laporan Keuangan,4000000,
1.15 . 1.15.01 . 12 . 02 . 5 . 2 . 1,Belanja Pegawai,1485000,
1.15 . 1.15.01 . 12 . 02 . 5 . 2 . 2,Belanja Barang dan Jasa,2515000,
1.15 . 1.15.01 . 12 . 03,"Pengendalian, Evaluasi dan Pelaporan Kinerja",6500000,
1.15 . 1.15.01 . 12 . 03 . 5 . 2 . 1,Belanja Pegawai,1320000,
1.15 . 1.15.01 . 12 . 03 . 5 . 2 . 2,Belanja Barang dan Jasa,5180000,
1.15 . 1.15.01 . 16,Program Pengembangan Kewirausahaan dan Keunggulan Kompetitif dan Usaha Kecil Menengah,232434200,
1.15 . 1.15.01 . 16 . 11,Penyelenggaraan promosi produk KUMKM,66000000,
1.15 . 1.15.01 . 16 . 11 . 5 . 2 . 2,Belanja Barang dan Jasa,66000000,
1.15 . 1.15.01 . 16 . 12,Peningkatan legalitas produk KUMKM,19750000,
1.15 . 1.15.01 . 16 . 12 . 5 . 2 . 1,Belanja Pegawai,3810000,
1.15 . 1.15.01 . 16 . 12 . 5 . 2 . 2,Belanja Barang dan Jasa,15940000,
1.15 . 1.15.01 . 16 . 13,Peningkatan dan pengembangan jaringan kerjasama Usaha KUMKM,17984200,
1.15 . 1.15.01 . 16 . 13 . 5 . 2 . 1,Belanja Pegawai,8340000,
1.15 . 1.15.01 . 16 . 13 . 5 . 2 . 2,Belanja Barang dan Jasa,9644200,
1.15 . 1.15.01 . 16 . 14,Pengembangan Usaha KUMKM (DANA CUKAI),100200000,
1.15 . 1.15.01 . 16 . 14 . 5 . 2 . 1,Belanja Pegawai,16590000,
1.15 . 1.15.01 . 16 . 14 . 5 . 2 . 2,Belanja Barang dan Jasa,83610000,
1.15 . 1.15.01 . 16 . 15,Pemantauan pengelolaan penggunaan dana Pemerintah bagi KUMKM,10000000,
1.15 . 1.15.01 . 16 . 15 . 5 . 2 . 1,Belanja Pegawai,4740000,
1.15 . 1.15.01 . 16 . 15 . 5 . 2 . 2,Belanja Barang dan Jasa,5260000,
1.15 . 1.15.01 . 16 . 16,Pelatihan Kewirausahaan,18500000,
1.15 . 1.15.01 . 16 . 16 . 5 . 2 . 1,Belanja Pegawai,6255000,
1.15 . 1.15.01 . 16 . 16 . 5 . 2 . 2,Belanja Barang dan Jasa,12245000,
1.15 . 1.15.01 . 18,Program Peningkatan Kualitas Kelembagaan Koperasi,154486000,
1.15 . 1.15.01 . 18 . 12,Penilaian Kesehatan KSP/USP,31748000,
1.15 . 1.15.01 . 18 . 12 . 5 . 2 . 1,Belanja Pegawai,10320000,
1.15 . 1.15.01 . 18 . 12 . 5 . 2 . 2,Belanja Barang dan Jasa,21428000,
1.15 . 1.15.01 . 18 . 16,Peningkatan Pemasyarakatan Perkoperasian,43800000,
1.15 . 1.15.01 . 18 . 16 . 5 . 2 . 1,Belanja Pegawai,9790000,
1.15 . 1.15.01 . 18 . 16 . 5 . 2 . 2,Belanja Barang dan Jasa,34010000,
1.15 . 1.15.01 . 18 . 17,Penyusunan Data KUMKM,14938000,
1.15 . 1.15.01 . 18 . 17 . 5 . 2 . 1,Belanja Pegawai,5565000,
1.15 . 1.15.01 . 18 . 17 . 5 . 2 . 2,Belanja Barang dan Jasa,9373000,
1.15 . 1.15.01 . 18 . 18,Pelayanan Legalitas dan Kualitas Kelembagaan Koperasi,30000000,
1.15 . 1.15.01 . 18 . 18 . 5 . 2 . 1,Belanja Pegawai,11240000,
1.15 . 1.15.01 . 18 . 18 . 5 . 2 . 2,Belanja Barang dan Jasa,18760000,
1.15 . 1.15.01 . 18 . 19,"Pelatihan Organisasi, Manajemen Usaha dan Keuangan Koperasi",34000000,
1.15 . 1.15.01 . 18 . 19 . 5 . 2 . 1,Belanja Pegawai,11055000,
1.15 . 1.15.01 . 18 . 19 . 5 . 2 . 2,Belanja Barang dan Jasa,22945000,
,SURPLUS / (DEFISIT),-2673574145,
