Judul,"Ringkasan Anggaran Pendapatan dan Belanja Daerah Berdasarkan Rincian Obyek Pendapatan, Belanja, dan Pembiayaan",,
Daerah,Kabupaten Bantul,,
Tahun,2016,,
Kode Organisasi,0,,
Nama Organisasi,Kabupaten Bantul,,
Kolom,4,,
NO URUT,URAIAN,JUMLAH,DASAR HUKUM
4,PENDAPATAN ,2077645141978.6,
4 . 1 ,PENDAPATAN ASLI DAERAH ,349492789755,
4 . 1 . 1 ,Pendapatan Pajak Daerah ,104668270000,
4 . 1 . 1 . 01 ,Pajak Hotel ,1150000000,
4 . 1 . 1 . 01 . 03 ,Hotel Bintang Empat ,450000000,Perda Kab. Bantul No. 08 Tahun 2010
4 . 1 . 1 . 01 . 07 ,Hotel Melati Tiga ,700000000,Perda Kab. Bantul No. 08 Tahun 2010
4 . 1 . 1 . 02 ,Pajak Restoran ,4250000000,
4 . 1 . 1 . 02 . 01 ,Restoran ,1607000000,Perda Kab. Bantul No. 08 Tahun 2010
4 . 1 . 1 . 02 . 02 ,Rumah Makan ,130227000,Perda Kab. Bantul No. 08 Tahun 2010
4 . 1 . 1 . 02 . 05 ,Katering ,2454147000,Perda Kab. Bantul No. 08 Tahun 2010
4 . 1 . 1 . 02 . 06 ,Warung ,58626000,Perda Kab. Bantul No. 08 Tahun 2010
4 . 1 . 1 . 03 ,Pajak Hiburan ,500000000,
4 . 1 . 1 . 03 . 05 ,Pameran ,307065000,Perda Kab. Bantul No. 08 Tahun 2010
4 . 1 . 1 . 03 . 15 ,Permainan Ketangkasan ,165000000,Perda Kab. Bantul No. 08 Tahun 2010
4 . 1 . 1 . 03 . 16 ,Panti Pijat/Refleksi ,1650000,Perda Kab. Bantul No. 08 Tahun 2010
4 . 1 . 1 . 03 . 19 ,Pajak HIburan / Pertandingan Olahraga ,26285000,Perda Kab. Bantul No. 08 Tahun 2010
4 . 1 . 1 . 04 ,Pajak Reklame ,2500000000,
4 . 1 . 1 . 04 . 01 ,Reklame Papan/Bill Board/Videotron/Megatron ,2097800000,Perda Kab. Bantul No. 08 Tahun 2010
4 . 1 . 1 . 04 . 02 ,Reklame Kain ,120000000,Perda Kab. Bantul No. 08 Tahun 2010
4 . 1 . 1 . 04 . 03 ,Reklame Melekat/Stiker ,280000000,Perda Kab. Bantul No. 08 Tahun 2010
4 . 1 . 1 . 04 . 05 ,Reklame Berjalan ,2200000,Perda Kab. Bantul No. 08 Tahun 2010
4 . 1 . 1 . 05 ,Pajak Penerangan Jalan ,25200000000,
4 . 1 . 1 . 05 . 02 ,Pajak Penerangan Jalan PLN ,25200000000,Perda Kab. Bantul No. 08 Thn 2010
4 . 1 . 1 . 06 ,Pajak Pengambilan Bahan Galian Golongan C ,450000000,
4 . 1 . 1 . 06 . 08 ,Pasir ,450000000,Perda Kab. Bantul No. 08 Tahun 2010
4 . 1 . 1 . 07 ,Pajak Parkir ,87120000,
4 . 1 . 1 . 07 . 01 ,Pajak Parkir ,87120000,Perda Kab. Bantul No. 08 Tahun 2010
4 . 1 . 1 . 08 ,Pajak Air Bawah Tanah ,199650000,
4 . 1 . 1 . 08 . 01 ,Pajak Air Bawah Tanah ,199650000,Perda Kab. Bantul No. 08 Tahun 2010
4 . 1 . 1 . 09 ,Pajak Sarang Burung Walet ,1500000,
4 . 1 . 1 . 09 . 01 ,Pajak Sarang Burung Walet ,1500000,Perda Kab. Bantul No. 08 Tahun 2010
4 . 1 . 1 . 11 ,Pajak Bumi dan Bangunan (PBB) ,26580000000,
4 . 1 . 1 . 11 . 01 ,PBB Perkotaan dan Perdesaan ,26580000000,Perda Kab. Bantul No. 18 Tahun 2011
4 . 1 . 1 . 12 ,Pajak Bea Perolehan Hak atas Tanah dan Bangunan (BPHTB) ,43750000000,
4 . 1 . 1 . 12 . 01 ,Bea Perolehan Atas Tanah dan Bangunan ,43750000000,Perda Kab. Bantul No. 09 Tahun 2010
4 . 1 . 2 ,Hasil Retribusi Daerah ,21918541400,
4 . 1 . 2 . 01 ,Retribusi Jasa Umum ,4337247950,
4 . 1 . 2 . 01 . 07 ,Retribusi Pelayanan Persampahan/Kebersihan ,811838692,Perda Kab. Bantul No. 09 Tahun 2011
4 . 1 . 2 . 01 . 19 ,Retribusi Pelayanan Parkir Di Tepi Jalan Umum ,29000000,Perda Kab. Bantul No. 09 Tahun 2011
4 . 1 . 2 . 01 . 20 ,Retribusi Pelayanan Pasar ,2071735258,Perda Kab. Bantul No. 09 Tahun 2011
4 . 1 . 2 . 01 . 23 ,Retribusi PKB - Mobil Penumpang - Sedan ,7040000,Perda Kab. Bantul No. 09 Tahun 2011
4 . 1 . 2 . 01 . 25 ,Retribusi PKB - Mobil Penumpang - Minibus ,1440000,Perda Kab. Bantul No. 09 Tahun 2011
4 . 1 . 2 . 01 . 27 ,Retribusi PKB - Mobil Bus - Bus ,29250000,Perda Kab. Bantul No. 09 Tahun 2011
4 . 1 . 2 . 01 . 28 ,Retribusi PKB - Mobil Barang/ Beban - Pick Up ,356400000,Perda Kab. Bantul No. 09 Tahun 2011
4 . 1 . 2 . 01 . 30 ,Retribusi PKB - Mobil Barang/ Beban - Truck ,215787000,Perda Kab. Bantul No. 09 Tahun 2011
4 . 1 . 2 . 01 . 43 ,Retribusi Pelayanan Pendidikan  Pelatihan Teknis ,6548000,Perda Kab. Bantul No. 08 Tahun 2013
4 . 1 . 2 . 01 . 44 ,Pemanfaatan Ruang untuk Menara Telekomunikasi - LRA ,500000000,Perda Kab. Bantul No. 09 Tahun 2011
4 . 1 . 2 . 01 . 45 ,Retribusi PKB - Buku Uji ,54169000,Perda Kab. Bantul No. 09 Tahun 2011
4 . 1 . 2 . 01 . 47 ,Retribusi Penyediaan dan/atau Penyedotan Kakus ,110540000,Perda Kab. Bantul Nomor 9 Tahun 2011
4 . 1 . 2 . 01 . 48 ,Retribusi Pelayanan Kesehatan Hewan ,44000000,PERDA Kab Bantul no. 08 Tahun 2013
4 . 1 . 2 . 01 . 49 ,Retribusi Pelayanan Kesehatan di laboratorium Pengawasan Kualitas Air ,65000000,Perda kab Bantul No. 09 Tahun 2011
4 . 1 . 2 . 01 . 50 ,Retribusi Pengolahan Limbah Cair ,34500000,Perda Kab. Bantul No. 09 Tahun 2011
4 . 1 . 2 . 02 ,Retribusi Jasa Usaha ,15206293450,
4 . 1 . 2 . 02 . 01 ,Retribusi Pemakaian Kekayaan Daerah ,132900000,Perda Kab. Bantul Nomor 8 Tahun 2015
4 . 1 . 2 . 02 . 04 ,Retribusi Pemakaian Kekayaan Daerah - Kendaraan Bermotor ,45000000,Perda Kab. Bantul Nomor 8 Tahun 2015
4 . 1 . 2 . 02 . 08 ,Retribusi Tempat Pelelangan Ikan ,30000000,Perda Kab. Bantul Nomor 7 Tahun 2011
4 . 1 . 2 . 02 . 13 ,Retribusi Terminal - Tempat Parkir untuk Kendaraan Penumpang dan Bis Umum ,31364250,Perda Kab. Bantul Nomor 7 Tahun 2011
4 . 1 . 2 . 02 . 16 ,Retribusi Tempat Khusus Parkir ,105200000,Perda Kab. Bantul Nomor 7 Tahun 2011
4 . 1 . 2 . 02 . 21 ,Retribusi Tempat Rekreasi dan Olahraga ,12790850000,Perda Kab. Bantul Nomor 8 Tahun 2015
4 . 1 . 2 . 02 . 26 ,Retribusi Penjualan Produksi Usaha Daerah ,1980979200,Perda Kab. Bantul Nomor 8 Tahun 2015
4 . 1 . 2 . 02 . 31 ,Retribusi Rumah Potong Hewan ,90000000,Perda Kab. Bantul Nomor 7 Tahun 2011
4 . 1 . 2 . 03 ,Retribusi Perizinan Tertentu ,2375000000,
4 . 1 . 2 . 03 . 01 ,Retribusi Izin Mendirikan Bangunan ,1800000000,Perda Kab. Bantul Nomor 8 Tahun 2011
4 . 1 . 2 . 03 . 03 ,Retribusi Izin Gangguan/Keramaian ,575000000,Perda Kab. Bantul Nomor 8 Tahun 2011
4 . 1 . 3 ,Hasil Pengelolaan Kekayaan Daerah yang Dipisahkan ,19314676071,
4 . 1 . 3 . 01 ,Bagian Laba atas Penyertaan Modal pada Perusahaan Milik Daerah/BUMD ,19314676071,
4 . 1 . 3 . 01 . 01 ,Bagian Laba Atas Penyertaan Modal Pada Perusahaan Milik Daerah/BUMD PDBPR Bank Bantul ,4000000000,Perda Kab. Bantul Nomor 19 Tahun 2009
4 . 1 . 3 . 01 . 02 ,Bagian Laba Atas Penyertaan Modal Pada Perusahaan Milik Daerah/BUMD BPD DIY ,14754013571,Perda Kab. Bantul Nomor 19 Tahun 2009
4 . 1 . 3 . 01 . 03 ,Bagian Laba Atas Penyertaan Modal Pada Perusahaan Milik Daerah/BUMD PD Aneka Dharma ,85662500,Perda Kab. Bantul Nomor 19 Tahun 2009
4 . 1 . 3 . 01 . 04 ,Bagian Laba Atas Penyertaan Modal Pada Perusahaan Milik Daerah/BUMD PDAM ,225000000,Perda Kab. Bantul Nomor 19 Tahun 2009
4 . 1 . 3 . 01 . 05 ,Bagian Laba Atas Penyertaan Modal Pada Perusahaan Milik Daerah/BUMD BUKP ,250000000,Perda Kab. Bantul Nomor 19 Tahun 2009
4 . 1 . 4 ,Lain-lain Pendapatan Asli Daerah yang Sah ,203591302284,
4 . 1 . 4 . 01 ,Hasil Penjualan Aset Daerah yang Tidak Dipisahkan ,60000000,
4 . 1 . 4 . 01 . 02 ,Penjualan Peralatan/Perlengkapan Kantor Tidak Terpakai ,15000000,Perda Kab. Bantul Nomor 30 Tahun 2008
4 . 1 . 4 . 01 . 05 ,Penjualan Kendaraan Dinas Roda Dua ,15000000,Perda Kab. Bantul Nomor 30 Tahun 2008
4 . 1 . 4 . 01 . 06 ,Penjualan Kendaraan Dinas Roda Empat ,25000000,Perda Kab. Bantul Nomor 30 Tahun 2008
4 . 1 . 4 . 01 . 10 ,Penjualan Bahan-bahan Bekas Bangunan ,5000000,Perda Kab. Bantul Nomor 30 Tahun 2008
4 . 1 . 4 . 02 ,Penerimaan Jasa Giro ,275000000,
4 . 1 . 4 . 02 . 01 ,Jasa Giro Kas Daerah ,275000000,
4 . 1 . 4 . 03 ,Penerimaan Bunga Deposito ,19000000000,
4 . 1 . 4 . 03 . 01 ,Rekening Deposito Pada Bank ...... ,19000000000,
4 . 1 . 4 . 04 ,Tuntutan Ganti Kerugian Daerah (TGR) ,16500000,
4 . 1 . 4 . 04 . 01 ,Kerugian Uang ,16500000,
4 . 1 . 4 . 11 ,Fasilitas Sosial dan Fasilitas Umum ,759040000,
4 . 1 . 4 . 11 . 01 ,Fasilitas Sosial ,759040000,Perda Kab. Bantul Nomor 30 Tahun 2008
4 . 1 . 4 . 14 ,Hasil dari Pemanfaatan Kekayaan Daerah ,1025000000,
4 . 1 . 4 . 14 . 01 ,"Hasil dari Pemanfaatan Kekayaan Daerah Sewa tanah, bangunan dan peralatan AMP ",1025000000,Perda Kab. Bantul Nomor 30 Tahun 2008
4 . 1 . 4 . 16 ,Pendapatan BLUD ,182017980734,
4 . 1 . 4 . 16 . 01 ,Pendapatan Jasa Layanan Umum BLUD Kesehatan ,182017980734,Keputusan Bupati Bantul No. 195 Th. 2009
4 . 1 . 4 . 17 ,Hasil dari pengelolaan dana bergulir ,204200000,
4 . 1 . 4 . 17 . 01 ,Hasil dari pengelolaan dana bergulir ,204200000,Perda Kab. Bantul Nomor 7 Tahun 2012
4 . 1 . 4 . 18 ,Lain-lain PAD yang Sah Lainnya ,233581550,
4 . 1 . 4 . 18 . 01 ,Lain-lain PAD yang Sah Lainnya ,40000000,Perbup Bantul No. 02 Tahun 2009
4 . 1 . 4 . 18 . 03 ,Pendapatan dari sewa kapal dan sewa kawasan BAT ,90431550,
4 . 1 . 4 . 18 . 04 ,Pendapatan dari Sewa Gedung ,3150000,
4 . 1 . 4 . 18 . 05 ,Pungutan dalam rangka penempatan kios baru ,100000000,
4 . 2 ,DANA PERIMBANGAN ,1152588359000,
4 . 2 . 1 ,Bagi Hasil Pajak/Bagi Hasil Bukan Pajak ,33336934000,
4 . 2 . 1 . 01 ,Bagi Hasil Pajak ,28819599000,
4 . 2 . 1 . 01 . 01 ,Bagi Hasil dari Pajak Bumi dan Bangunan sektor Pertambangan ,13286728000,Perpres Nomor 162 Tahun 2014
4 . 2 . 1 . 01 . 03 ,Bagi Hasil dari Pajak Penghasilan Orang Pribadi ,15532871000,Perpres Nomor 162 Tahun 2014
4 . 2 . 1 . 02 ,Bagi Hasil Bukan Pajak/Sumber Daya Alam ,4517335000,
4 . 2 . 1 . 02 . 01 ,Bagi Hasil Dari Iuran Hak Pengusahaan Hutan ,2224000,Perpres Nomor 162 Tahun 2014
4 . 2 . 1 . 02 . 07 ,Bagi Hasil Dari Pungutan Hasil Perikanan ,395257000,Perpres Nomor 162 Tahun 2014
4 . 2 . 1 . 02 . 11 ,Bagi Hasil dari Cukai Hasil Tembakau ,4119854000,Perpres No. 162 Tahun 2014
4 . 2 . 2 ,Dana Alokasi Umum ,999814365000,
4 . 2 . 2 . 01 ,Dana Alokasi Umum ,999814365000,
4 . 2 . 2 . 01 . 01 ,Dana Alokasi Umum ,999814365000,Perpres Nomor 137 Tahun 2015
4 . 2 . 3 ,Dana Alokasi Khusus ,119437060000,
4 . 2 . 3 . 01 ,Dana Alokasi Khusus (DAK) ,119437060000,
4 . 2 . 3 . 01 . 01 ,DAK Bidnag Pendidikan ,1460470000,Perpres Nomor 137 Tahun 2015
4 . 2 . 3 . 01 . 02 ,DAK Bidang Kesehatan ,48126690000,
4 . 2 . 3 . 01 . 05 ,DAK Bidang Infrastruktur Air Minum ,174380000,
4 . 2 . 3 . 01 . 06 ,DAK Bidang Infrastruktur Sanitasi ,142670000,
4 . 2 . 3 . 01 . 09 ,DAK Bidang Pertanian ,1369740000,
4 . 2 . 3 . 01 . 10 ,DAK Bidang Lingkungan Hidup ,292890000,
4 . 2 . 3 . 01 . 12 ,DAK Bidang Kehutanan ,337480000,
4 . 2 . 3 . 01 . 14 ,DAK Bidang Perdagangan ,549490000,
4 . 2 . 3 . 01 . 20 ,DAK Bidang Perhubungan ,83090000,
4 . 2 . 3 . 01 . 21 ,DAK Bidang Industri Kecil dan Menengah ,279290000,
4 . 2 . 3 . 01 . 22 ,DAK Bidang Kelautan dan Perikanan ,447350000,
4 . 2 . 3 . 01 . 23 ,DAK Bidang Infra Struktur Publik Daerah ,66173520000,
4 . 3 ,LAIN-LAIN PENDAPATAN DAERAH YANG SAH ,575563993223.6,
4 . 3 . 1 ,Pendapatan Hibah ,6250000000,
4 . 3 . 1 . 01 ,Pendapatan Hibah Dari Pemerintah ,6250000000,
4 . 3 . 1 . 01 . 01 ,Pendapatan Hibah Dari Pemerintah ,6250000000,
4 . 3 . 3 ,Dana Bagi Hasil Pajak dari Provinsi dan Pemerintah Daerah Lainnya ,122724051143.6,
4 . 3 . 3 . 01 ,Dana Bagi Hasil Pajak Dari Provinsi ,122724051143.6,
4 . 3 . 3 . 01 . 01 ,Bagi Hasil Dari Pajak Kendaraan Bermotor ,36801345388.55,UU Nomor 28 Tahun 2009
4 . 3 . 3 . 01 . 03 ,Bagi Hasil Dari Bea Balik Nama Kendaraan Bermotor ,22942297561.32,UU Nomor 28 Tahun 2009
4 . 3 . 3 . 01 . 05 ,Bagi Hasil Dari Pajak Bahan Bakar Kendaraan Bermotor ,30446829392.7,UU Nomor 28 Tahun 2009
4 . 3 . 3 . 01 . 06 ,Bagi Hasil Dari Pajak Pengambilan dan Pemanfaatan Air Bawah Tanah ,5761800,
4 . 3 . 3 . 01 . 08 ,Bagi Hasil Dari Pajak Rokok ,32527817001.03,UU Nomor 28 Tahun 2009
4 . 3 . 4 ,Dana Penyesuaian dan Otonomi Khusus ,422912142080,
4 . 3 . 4 . 01 ,Dana Penyesuaian ,422912142080,
4 . 3 . 4 . 01 . 01 ,Tunjangan Profesi Guru PNSD ,291241637000,Perpres Nomor 137 Tahun 2015
4 . 3 . 4 . 01 . 02 ,Dana Tambahan Penghasilan Guru PNSD ,752200000,Perpres Nomor 137 Tahun 2015
4 . 3 . 4 . 01 . 03 ,Dana Insentif Daerah ,39311680000,Perpres Nomor 137 Tahun 2015
4 . 3 . 4 . 01 . 06 ,Dana Desa ,60601265000,Perpres Nomor 137 Tahun 2015
4 . 3 . 4 . 01 . 07 ,Bantuan Operasional Kesehatan ,6399000000,Perpres Nomor 137 Tahun 2015
4 . 3 . 4 . 01 . 08 ,Akreditasi Puskesmas ,492800000,Perpres Nomor 137 Tahun 2015
4 . 3 . 4 . 01 . 09 ,Jampersal ,4746994080,Perpres Nomor 137 Tahun 2015
4 . 3 . 4 . 01 . 10 ,Bantuan Operasional KB ,596700000,Perpres Nomor 137 Tahun 2015
4 . 3 . 4 . 01 . 11 ,Dana Peningkatan Pengelolaan Ketenagakerjaan ,2725866000,Perpres Nomor 137 Tahun 2015
4 . 3 . 4 . 01 . 12 ,Bantuan Operasional Penyelenggaraan PAUD ,16044000000,Perpres Nomor 137 Tahun 2015
4 . 3 . 5 ,Bantuan Keuangan dari Provinsi atau Pemerintah Daerah Lainnya ,23677800000,
4 . 3 . 5 . 01 ,Bantuan Keuangan Dari Provinsi ,23677800000,
4 . 3 . 5 . 01 . 01 ,Bantuan Keuangan Dari Provinsi ...... ,23677800000,
5,BELANJA ,2223664634415.72,
5 . 1 ,BELANJA TIDAK LANGSUNG ,1360241955325.72,
5 . 1 . 1 ,Belanja Pegawai ,1117661233118,
5 . 1 . 1 . 01 ,Belanja Gaji dan Tunjangan ,764835703184,
5 . 1 . 1 . 01 . 01 ,Gaji Pokok PNS/Uang Representasi ,584940089220,
5 . 1 . 1 . 01 . 02 ,Tunjangan Keluarga ,51891799798,
5 . 1 . 1 . 01 . 03 ,Tunjangan Jabatan ,8990599800,
5 . 1 . 1 . 01 . 04 ,Tunjangan Fungsional ,42272715000,
5 . 1 . 1 . 01 . 05 ,Tunjangan Fungsional Umum ,8031357600,
5 . 1 . 1 . 01 . 06 ,Tunjangan Beras ,28763579680,
5 . 1 . 1 . 01 . 07 ,Tunjangan PPh/Tunjangan Khusus ,9831533828,
5 . 1 . 1 . 01 . 08 ,Pembulatan Gaji ,7944174,
5 . 1 . 1 . 01 . 09 ,Iuran Asuransi Kesehatan ,19622214984,
5 . 1 . 1 . 01 . 10 ,Uang Paket ,86058000,
5 . 1 . 1 . 01 . 11 ,Tunjangan Panitia Musyawarah ,20279700,
5 . 1 . 1 . 01 . 12 ,Tunjangan Komisi ,55906200,
5 . 1 . 1 . 01 . 13 ,Tunjangan Panitia Anggaran ,25029900,
5 . 1 . 1 . 01 . 14 ,Tunjangan Badan Kehormatan ,7856100,
5 . 1 . 1 . 01 . 15 ,Tunjangan Alat Kelengkapan Lainnya ,35017500,
5 . 1 . 1 . 01 . 16 ,Tunjangan Perumahan ,4890000000,
5 . 1 . 1 . 01 . 17 ,Uang Duka Wafat/Tewas ,0,
5 . 1 . 1 . 01 . 18 ,Uang Jasa Pengabdian ,16380000,
5 . 1 . 1 . 01 . 19 ,Belanja Penunjang Operasional Pimpinan DPRD ,393120000,
5 . 1 . 1 . 01 . 22 ,Tunjangan Badan Legislasi ,14433300,
5 . 1 . 1 . 01 . 24 ,Tunjangan Radiasi ,158125500,
5 . 1 . 1 . 01 . 25 ,Iuran Asuransi Jaminan Kecelakan Kerja ,1541606600,
5 . 1 . 1 . 01 . 26 ,Iuran Jaminan Kematian ,1902008300,
5 . 1 . 1 . 01 . 27 ,Tunjangan Persandian ,63648000,
5 . 1 . 1 . 01 . 28 ,Tunjangan Uang Makan ,1274400000,
5 . 1 . 1 . 02 ,Belanja Tambahan Penghasilan PNS ,342173120219,
5 . 1 . 1 . 02 . 05 ,Tambahan Penghasilan Berdasarkan Prestasi Kerja ,50179283219,
5 . 1 . 1 . 02 . 06 ,Tunjangan Profesi Guru PNSD ,291241637000,
5 . 1 . 1 . 02 . 07 ,Tambahan Penghasilan Guru PNSD ,752200000,
5 . 1 . 1 . 03 ,Belanja Penerimaan lainnya Pimpinan dan anggota DPRD serta KDH/WKDH ,4002000000,
5 . 1 . 1 . 03 . 01 ,Tunjangan Komunikasi Insentif Pimpinan Dan Anggota DPRD ,3402000000,
5 . 1 . 1 . 03 . 02 ,Belanja Penunjang Operasional KDH/WKDH ,600000000,
5 . 1 . 1 . 04 ,Biaya Pemungutan Pajak Daerah ,318030000,
5 . 1 . 1 . 04 . 01 ,Biaya Pemungutan PBB ,318030000,
5 . 1 . 1 . 05 ,Insentif Pemungutan Pajak Daerah ,4983413500,
5 . 1 . 1 . 05 . 01 ,Insentif Pemungutan Pajak Daerah ,4983413500,
5 . 1 . 1 . 06 ,Insentif Pemungutan Retribusi Daerah ,1348966215,
5 . 1 . 1 . 06 . 01 ,Insentif Pemungutan Retribusi Daerah ,1348966215,
5 . 1 . 4 ,Belanja Hibah ,13035929500,
5 . 1 . 4 . 05 ,Belanja Hibah kepada Badan/Lembaga/Organisasi ,12761379500,
5 . 1 . 4 . 05 . 01 ,Belanja Hibah kepada Badan/Lembaga/Organisasi??�?,12761379500,
5 . 1 . 4 . 06 ,Belanja Hibah kepada Kelompok/Anggota Masyarakat ,274550000,
5 . 1 . 4 . 06 . 01 ,Belanja Hibah kepada Kelompok/Anggota Masyarakat ,274550000,
5 . 1 . 5 ,Belanja Bantuan Sosial ,5508550000,
5 . 1 . 5 . 01 ,Belanja Bantuan Sosial kepada Organisasi Sosial Kemasyarakatan ,307000000,
5 . 1 . 5 . 01 . 01 ,Belanja Bantuan Sosial Organisasi Kemasyarakatan ,307000000,
5 . 1 . 5 . 03 ,Belanja Bantuan Sosial Kepada Anggota Masyarakat ,5201550000,
5 . 1 . 5 . 03 . 01 ,Belanja Bantuan Sosial Kepada Anggota Masyarakat ,5201550000,
5 . 1 . 6 ,Belanja Bagi Hasil kepada Provinsi/Kabupaten/Kota dan Pemerintah Desa ,12664759430,
5 . 1 . 6 . 03 ,Belanja Bagi Hasil Pajak Daerah Kepada Pemerintahan Desa ,9966827000,
5 . 1 . 6 . 03 . 01 ,Belanja Bagi Hasil Pajak Daerah Kepada Pemerintahan Desa ...... ,9966827000,
5 . 1 . 6 . 05 ,Belanja Bagi Hasil Retribusi Daerah Kepada Pemerintah Desa ,2697932430,
5 . 1 . 6 . 05 . 01 ,Belanja Bagi Hasil Retribusi Daerah Kepada Pemerintahan Desa ...... ,2697932430,
5 . 1 . 7 ,Belanja Bantuan Keuangan kepada Provinsi/Kabupaten/Kota dan Pemerintahan Desa ,195731577000,
5 . 1 . 7 . 01 ,Belanja Bantuan Keuangan kepada Propinsi ,575000000,
5 . 1 . 7 . 01 . 01 ,Belanja Bantuan Keuangan Kepada Provinsi ...... ,575000000,
5 . 1 . 7 . 02 ,Belanja Bantuan Keuangan kepada Kabupaten/Kota ,134000000,
5 . 1 . 7 . 02 . 01 ,Belanja Bantuan Keuangan Kepada Kabupaten/Kota?? ,134000000,
5 . 1 . 7 . 04 ,Belanja Bantuan Keuangan Kepada Pemerintah Daerah/Pemerintah Desa lainnya ,193745077000,
5 . 1 . 7 . 04 . 03 ,Belanja Bantuan Keuangan Kepada Pemerintah Desa ,29770812000,
5 . 1 . 7 . 04 . 04 ,Alokasi Dana Desa ,103373000000,
5 . 1 . 7 . 04 . 05 ,Dana Desa ,60601265000,
5 . 1 . 7 . 05 ,Belanja Bantuan Kepada Partai Politik ,1277500000,
5 . 1 . 7 . 05 . 01 ,Belanja Bantuan Kepada Partai Politik ?? ,1277500000,
5 . 1 . 8 ,Belanja Tidak Terduga ,15639906277.72,
5 . 1 . 8 . 01 ,Belanja Tak Terduga ,15639906277.72,
5 . 1 . 8 . 01 . 01 ,Belanja Tidak Terduga ,15639906277.72,
5 . 2 ,BELANJA LANGSUNG ,863422679090,
5 . 2 . 1 ,Belanja Pegawai ,55856375700,
5 . 2 . 1 . 01 ,Honorarium PNS ,6413657000,
5 . 2 . 1 . 01 . 01 ,Honorarium Panitia Pelaksana Kegiatan ,4250065000,
5 . 2 . 1 . 01 . 02 ,Honorarium Tim Pengadaan Barang Dan Jasa ,321540000,
5 . 2 . 1 . 01 . 04 ,,114275000,
5 . 2 . 1 . 01 . 06 ,Honor Pengelola Keuangan dan Barang ,1727777000,
5 . 2 . 1 . 02 ,Honorarium Non PNS ,39904184700,
5 . 2 . 1 . 02 . 01 ,Honorarium Tim Non PNS ,163470000,
5 . 2 . 1 . 02 . 02 ,Honorarium Pegawai Honorer/Tidak Tetap ,31105532200,
5 . 2 . 1 . 02 . 03 ,Honorarium Pegawai Kontrak ,6807143000,
5 . 2 . 1 . 02 . 05 ,Honorium Petugas Peliputan ,7579500,
5 . 2 . 1 . 02 . 06 ,Honorarium Petugas Pendamping Kegiatan ,1820460000,
5 . 2 . 1 . 03 ,Uang Lembur ,372659000,
5 . 2 . 1 . 03 . 01 ,Uang Lembur PNS ,346499000,
5 . 2 . 1 . 03 . 02 ,Uang Lembur Non PNS ,26160000,
5 . 2 . 1 . 05 ,Uang untuk diberikan kepada Pihak Ketiga/Masyarakat ,8500000,
5 . 2 . 1 . 05 . 02 ,,8500000,
5 . 2 . 1 . 07 , Belanja Pegawai BLUD ,9139175000,
5 . 2 . 1 . 07 . 01 ,Belanja Pegawai Operasional BLUD ,8557980000,
5 . 2 . 1 . 07 . 02 ,Belanja Pegawai Umum dan Administrasi BLUD ,581195000,
5 . 2 . 1 . 08 ,Honorarium Pengelolaan Operasional Dinas ,18200000,
5 . 2 . 1 . 08 . 01 ,Honorarium Pengelolaan Operasional Dinas ,18200000,
5 . 2 . 2 ,Belanja Barang dan Jasa ,468612655318,
5 . 2 . 2 . 01 ,Belanja Bahan Pakai Habis ,9350750827,
5 . 2 . 2 . 01 . 01 ,Belanja Alat Tulis Kantor ,6560565677,
5 . 2 . 2 . 01 . 02 ,Belanja Dokumen/Administrasi Tender ,1000000,
5 . 2 . 2 . 01 . 03 ,"Belanja Alat Listrik Dan Elektronik (Lampu Pijar, Battery Kering) ",594007350,
5 . 2 . 2 . 01 . 04 ,"Belanja Perangko, Materai Dan Benda Pos ",230145500,
5 . 2 . 2 . 01 . 05 ,Belanja Peralatan Kebersihan Dan Bahan Pembersih ,569816400,
5 . 2 . 2 . 01 . 06 ,Belanja Bahan Bakar Minyak/Gas ,690221400,
5 . 2 . 2 . 01 . 07 ,Belanja Pengisian Tabung Pemadam Kebakaran ,53543500,
5 . 2 . 2 . 01 . 08 ,Belanja Pengisian Tabung Gas ,25870000,
5 . 2 . 2 . 01 . 09 ,"Belanja pembelian bendera,papan nama ",435620000,
5 . 2 . 2 . 01 . 10 ,Belanja pengisian freon ,12051000,
5 . 2 . 2 . 01 . 11 ,Belanja Bahan medis (obat-obatan) habis pakai ,26910000,
5 . 2 . 2 . 01 . 12 ,Belanja Batubara ,150000000,
5 . 2 . 2 . 01 . 13 ,Belanja Sekam ,1000000,
5 . 2 . 2 . 02 ,Belanja Bahan/Material ,39116974532,
5 . 2 . 2 . 02 . 01 ,Belanja Bahan Baku Bangunan ,7874249375,
5 . 2 . 2 . 02 . 02 ,Belanja Bahan/Bibit Tanaman ,1801035225,
5 . 2 . 2 . 02 . 03 ,Belanja Bibit Ternak ,416075000,
5 . 2 . 2 . 02 . 04 ,Belanja Bahan Obat-Obatan ,4927184982,
5 . 2 . 2 . 02 . 05 ,Belanja Bahan Kimia dan Pupuk ,216156500,
5 . 2 . 2 . 02 . 06 ,Belanja Persediaan Makanan Pokok ,39005000,
5 . 2 . 2 . 02 . 07 ,Belanja Cindera Mata ,925634000,
5 . 2 . 2 . 02 . 08 ,Belanja Bahan Makanan ,6810374200,
5 . 2 . 2 . 02 . 09 ,Belanja Bahan Non Kimia/Organik ,502066250,
5 . 2 . 2 . 02 . 10 ,Belanja Bahan Pakan ,212205000,
5 . 2 . 2 . 02 . 11 ,Belanja Pilar ,39575000,
5 . 2 . 2 . 02 . 12 ,Belanja alat-alat/perlengkapan ,4005197000,
5 . 2 . 2 . 02 . 13 ,Belanja bahan Repacking obat ,3600000,
5 . 2 . 2 . 02 . 14 ,Belanja Air Bersih ,75000000,
5 . 2 . 2 . 02 . 16 ,Belanja Bahan Medis ,38997000,
5 . 2 . 2 . 02 . 17 ,Belanja Bahan Pupuk ,461489500,
5 . 2 . 2 . 02 . 18 ,Belanja Bahan Percontohan ,10769130500,
5 . 2 . 2 . 03 ,Belanja Jasa Kantor ,32960631180,
5 . 2 . 2 . 03 . 01 ,Belanja Telepon ,630120000,
5 . 2 . 2 . 03 . 02 ,Belanja Air ,246390000,
5 . 2 . 2 . 03 . 03 ,Belanja Listrik ,22710440000,
5 . 2 . 2 . 03 . 04 ,Belanja Jasa Pengumuman Lelang/Pemenang Lelang ,2000000,
5 . 2 . 2 . 03 . 05 ,Belanja Surat Kabar/Majalah ,355571680,
5 . 2 . 2 . 03 . 06 ,Belanja Kawat/Faksimili/Internet/Intranet/TV Kabel/TV Satelit ,1950350000,
5 . 2 . 2 . 03 . 07 ,Belanja Paket/Pengiriman ,46658000,
5 . 2 . 2 . 03 . 08 ,Belanja Sertifikasi ,705254000,
5 . 2 . 2 . 03 . 09 ,Belanja cek/pajak ,65550000,
5 . 2 . 2 . 03 . 12 ,Belanja Transportasi dan Akomodasi ,548726000,
5 . 2 . 2 . 03 . 13 ,Belanja Dokumentasi ,197870000,
5 . 2 . 2 . 03 . 14 ,Belanja Dekorasi ,605108500,
5 . 2 . 2 . 03 . 15 ,Belanja Publikasi ,3743570000,
5 . 2 . 2 . 03 . 16 ,Belanja Analisa Laboratorium ,360669000,
5 . 2 . 2 . 03 . 17 ,Belanja Asuransi ,52924000,
5 . 2 . 2 . 03 . 20 ,Belanja Sewa Frekuensi dan Pajak Radio ,23000000,
5 . 2 . 2 . 03 . 21 ,Belanja Perkara ,2500000,
5 . 2 . 2 . 03 . 22 ,"Belanja Pemasangan  Instalasi Telepon, Instalasi Listrik dan Instalasi Air ",54800000,
5 . 2 . 2 . 03 . 23 ,Belanja Uji Kesehatan ,205280000,
5 . 2 . 2 . 03 . 24 ,Belanja Jasa Penghitungan/Penilai ,66000000,
5 . 2 . 2 . 03 . 25 ,Belanja Jasa Pengelolaan Sampah ,3600000,
5 . 2 . 2 . 03 . 26 ,Belanja Pajak Bumi dan Bangunan ,110350000,
5 . 2 . 2 . 03 . 27 ,Belanja Jasa Prossesing Benih ,100000000,
5 . 2 . 2 . 03 . 29 ,Belanja Iuran ,118000000,
5 . 2 . 2 . 03 . 30 ,Belanja Jasa Tambah Daya Listrik ,55900000,
5 . 2 . 2 . 04 ,Belanja Premi Asuransi ,31985000,
5 . 2 . 2 . 04 . 01 ,Belanja Premi Asuransi Kesehatan ,15800000,
5 . 2 . 2 . 04 . 02 ,Belanja Premi Asuransi Barang Milik Daerah ,2160000,
5 . 2 . 2 . 04 . 03 ,Belanja Premi Asuransi Ketenagakerjaan ,14025000,
5 . 2 . 2 . 05 ,Belanja Perawatan Kendaraan Bermotor ,11056382500,
5 . 2 . 2 . 05 . 01 ,Belanja Jasa Service ,792165000,
5 . 2 . 2 . 05 . 02 ,Belanja Penggantian Suku Cadang ,1869883000,
5 . 2 . 2 . 05 . 03 ,Belanja Bahan Bakar Minyak/Gas Dan Pelumas ,7562888000,
5 . 2 . 2 . 05 . 04 ,Belanja Jasa KIR ,4764000,
5 . 2 . 2 . 05 . 05 ,Belanja Pajak Kendaraan Bermotor ,202297500,
5 . 2 . 2 . 05 . 06 ,Belanja Bea Balik Nama Kendaraan Bermotor ,30000000,
5 . 2 . 2 . 05 . 07 ,Belanja Surat Tanda Nomor Kendaraan ,299035000,
5 . 2 . 2 . 05 . 08 ,Belanja Perpanjangan Surat Ijin Mengemudi ,1000000,
5 . 2 . 2 . 05 . 09 ,Belanja Rehab Mobil Dinas ,4500000,
5 . 2 . 2 . 05 . 10 ,Belanja Pengecatan kendaraan ,100250000,
5 . 2 . 2 . 05 . 11 ,Belanja pengisian freon ,62100000,
5 . 2 . 2 . 05 . 12 ,Belanja accessories kendaraan ,127500000,
5 . 2 . 2 . 06 ,Belanja Cetak dan Penggandaan ,8525459956,
5 . 2 . 2 . 06 . 01 ,Belanja Cetak ,4222631950,
5 . 2 . 2 . 06 . 02 ,Belanja Penggandaan ,4302828006,
5 . 2 . 2 . 07 ,Belanja Sewa Rumah/Gedung/Gudang/Parkir ,2775257600,
5 . 2 . 2 . 07 . 02 ,Belanja Sewa Gedung/Kantor/Tempat ,1546175000,
5 . 2 . 2 . 07 . 03 ,Belanja Sewa Ruang Rapat/Pertemuan ,445275000,
5 . 2 . 2 . 07 . 05 ,Belanja Sewa Kamar Hotel/Penginapan ,234265000,
5 . 2 . 2 . 07 . 06 ,Belanja Sewa Tempat/Lahan Pertanian ,514460000,
5 . 2 . 2 . 07 . 07 ,Belanja Sewa Tanah/Lahan untuk Pasar ,10082600,
5 . 2 . 2 . 07 . 08 ,Belanja Sewa Tanah/Lahan untuk Repeater ,25000000,
5 . 2 . 2 . 08 ,Belanja Sewa Sarana Mobilitas ,3025980000,
5 . 2 . 2 . 08 . 01 ,Belanja Sewa Sarana Mobilitas Darat ,2972680000,
5 . 2 . 2 . 08 . 02 ,Belanja Sewa Sarana Mobilitas Air ,28300000,
5 . 2 . 2 . 08 . 03 ,Belanja Sewa Sarana Mobilitas Udara ,25000000,
5 . 2 . 2 . 09 ,Belanja Sewa Alat Berat ,25000000,
5 . 2 . 2 . 09 . 04 ,Belanja sewa backhoe/ tractor ,25000000,
5 . 2 . 2 . 10 ,Belanja Sewa Perlengkapan dan Peralatan Kantor ,2565180500,
5 . 2 . 2 . 10 . 01 ,Belanja Sewa Meja Kursi ,273407500,
5 . 2 . 2 . 10 . 03 ,Belanja Sewa Proyektor ,4650000,
5 . 2 . 2 . 10 . 04 ,Belanja Sewa Generator ,102095000,
5 . 2 . 2 . 10 . 05 ,Belanja Sewa Tenda ,769675000,
5 . 2 . 2 . 10 . 06 ,Belanja Sewa Pakaian Adat/Tradisional ,119780000,
5 . 2 . 2 . 10 . 07 ,Belanja Sewa Sound System ,575200000,
5 . 2 . 2 . 10 . 11 ,Belanja sewa peralatan display ,441040000,
5 . 2 . 2 . 10 . 12 ,Belanja sewa peralatan dan perlengkapan kesenian/lomba ,14800000,
5 . 2 . 2 . 10 . 13 ,Belanja sewa peralatan dan perlengkapan kegiatan ,263533000,
5 . 2 . 2 . 10 . 14 ,Belanja Sewa Deposit Box ,1000000,
5 . 2 . 2 . 11 ,Belanja Makanan dan  Minuman ,32477036600,
5 . 2 . 2 . 11 . 01 ,Belanja Makanan Dan Minuman Harian Pegawai ,603545000,
5 . 2 . 2 . 11 . 02 ,Belanja Makanan Dan Minuman Rapat ,9075490000,
5 . 2 . 2 . 11 . 03 ,Belanja Makanan Dan Minuman Tamu ,1900401850,
5 . 2 . 2 . 11 . 04 ,Belanja makanan dan minuman Lembur ,313445000,
5 . 2 . 2 . 11 . 05 ,Belanja Makanan dan Minuman Pelaksanaan Kegiatan ,20584154750,
5 . 2 . 2 . 12 ,Belanja Pakaian Dinas dan Atributnya ,348650000,
5 . 2 . 2 . 12 . 01 ,Belanja Pakaian Dinas KDH Dan WKDH ,100000000,
5 . 2 . 2 . 12 . 02 ,Belanja Pakaian Sipil Harian (PSH) ,79200000,
5 . 2 . 2 . 12 . 04 ,Belanja Pakaian Dinas Harian (PDH) ,59000000,
5 . 2 . 2 . 12 . 05 ,Belanja Pakaian Dinas Upacara (PDU) ,61500000,
5 . 2 . 2 . 12 . 06 ,Belanja Pakaian Sipil Resmi  (PSR) ,44550000,
5 . 2 . 2 . 12 . 07 ,Belanja Pakaian Dinas PAW ,4400000,
5 . 2 . 2 . 13 ,Belanja Pakaian Kerja ,1192990000,
5 . 2 . 2 . 13 . 01 ,Belanja Pakaian Kerja Lapangan ,1094460000,
5 . 2 . 2 . 13 . 02 ,Belanja Pakaian Kerja Pelayanan ,98530000,
5 . 2 . 2 . 14 ,Belanja Pakaian khusus dan hari-hari tertentu ,1564410000,
5 . 2 . 2 . 14 . 02 ,Belanja Pakaian Adat Daerah ,26100000,
5 . 2 . 2 . 14 . 03 ,Belanja Pakaian Batik Tradisional ,448675000,
5 . 2 . 2 . 14 . 04 ,Belanja Pakaian Olahraga ,560590000,
5 . 2 . 2 . 14 . 05 ,Belanja pakaian kejuaraan/ lomba ,107350000,
5 . 2 . 2 . 14 . 07 ,Belanja pakaian medis ,1000000,
5 . 2 . 2 . 14 . 08 ,Belanja pakaian khusus tahan api ,60000000,
5 . 2 . 2 . 14 . 11 ,Belanja Pakaian Kaos/Training ,316195000,
5 . 2 . 2 . 14 . 13 ,Belanja Pakaian Paskibraka ,44500000,
5 . 2 . 2 . 15 ,Belanja Perjalanan Dinas ,31270672300,
5 . 2 . 2 . 15 . 01 ,Belanja Perjalanan Dinas Dalam Daerah ,4173584500,
5 . 2 . 2 . 15 . 02 ,Belanja Perjalanan Dinas Luar Daerah ,26756757800,
5 . 2 . 2 . 15 . 03 ,Belanja perjalanan dinas luar negeri ,340330000,
5 . 2 . 2 . 16 ,Belanja Beasiswa Pendidikan PNS ,254000000,
5 . 2 . 2 . 16 . 03 ,Belanja Beasiswa Tugas Belajar S2 ,254000000,
5 . 2 . 2 . 17 ,"Belanja kursus, pelatihan, sosialisasi dan bimbingan teknis PNS ",3741093000,
5 . 2 . 2 . 17 . 01 ,Belanja Kursus-Kursus Singkat/Pelatihan ,516630000,
5 . 2 . 2 . 17 . 02 ,Belanja Sosialisasi ,11200000,
5 . 2 . 2 . 17 . 03 ,Belanja Bimbingan Teknis ,105850000,
5 . 2 . 2 . 17 . 05 ,Belanja Diklat Penjenjangan Struktural ,2544783000,
5 . 2 . 2 . 17 . 06 ,Belanja Pengiriman Ujian Dinas ,19000000,
5 . 2 . 2 . 17 . 07 ,Belanja Pengiriman Peserta Seleksi Akademik ,72000000,
5 . 2 . 2 . 17 . 08 ,Belanja Pengiriman Peserta Diklat ,471630000,
5 . 2 . 2 . 20 ,Belanja Pemeliharaan ,8509115592,
5 . 2 . 2 . 20 . 04 ,Belanja Pemeliharan Peralatan dan Mesin ,1753738600,
5 . 2 . 2 . 20 . 05 ,Belanja Pemeliharan Gedung dan Bangunan ,3416513500,
5 . 2 . 2 . 20 . 06 ,Belanja Pemeliharan perlengkapan kantor ,238679992,
5 . 2 . 2 . 20 . 07 ,Belanja Pemeliharaan Jaringan dan Instalasi ,2901281000,
5 . 2 . 2 . 20 . 08 ,Belanja Pemeliharaan Aplikasi dan Database ,181502500,
5 . 2 . 2 . 20 . 09 ,Belanja Pemeliharaan Aset Tetap Lainnya ,17400000,
5 . 2 . 2 . 21 ,Belanja Jasa Konsultansi ,9841525000,
5 . 2 . 2 . 21 . 01 ,Belanja Jasa Konsultansi Penelitian ,2156075000,
5 . 2 . 2 . 21 . 02 ,Belanja Jasa Konsultansi Perencanaan ,6652350000,
5 . 2 . 2 . 21 . 03 ,Belanja Jasa Konsultansi Pengawasan ,317400000,
5 . 2 . 2 . 21 . 04 ,Belanja Jasa Konsultasi Sistem Manajeman Mutu ,131500000,
5 . 2 . 2 . 21 . 05 ,Belanja Jasa Konsultasi Penyusunan Buku Petunjuk ,40000000,
5 . 2 . 2 . 21 . 07 ,Belanja Jasa Konsultasi Psikologi ,89200000,
5 . 2 . 2 . 21 . 08 ,Belanja Jasa Pendataan PBB ,455000000,
5 . 2 . 2 . 23 ,Belanja Barang Untuk Diserahkan kepada Masyarakat/Pihak Ketiga ,2304290000,
5 . 2 . 2 . 23 . 01 ,Belanja Barang Yang Akan Diserahkan Kepada Masyarakat ,2152140000,
5 . 2 . 2 . 23 . 02 ,Belanja Barang Yang Akan Diserahkan Kepada Pihak Ketiga ,152150000,
5 . 2 . 2 . 27 ,Belanja Sharing ,750000000,
5 . 2 . 2 . 27 . 01 ,Belanja sharing pengelolaan ,750000000,
5 . 2 . 2 . 30 ,Belanja Barang dan Jasa Operasional BLUD ,157721759031,
5 . 2 . 2 . 30 . 01 ,Belanja Barang Operasional BLUD ,157721759031,
5 . 2 . 2 . 31 ,Belanja Operasional Pendidikan ,46388070000,
5 . 2 . 2 . 31 . 01 ,Belanja Operasional Pendidikan PAUD ,16699000000,
5 . 2 . 2 . 31 . 03 ,Belanja Operasional Pendidikan SD/MI ,11406050000,
5 . 2 . 2 . 31 . 04 ,Belanja Operasional Pendidikan SMP ,8358950000,
5 . 2 . 2 . 31 . 05 ,Belanja Operasional Pendidikan SMA/SMK ,9873670000,
5 . 2 . 2 . 31 . 06 ,Belanja Operasional Pendidikan Kejar Paket ,50400000,
5 . 2 . 2 . 32 ,Belanja Jaminan Pemeliharaan Kesehatan ,15227250000,
5 . 2 . 2 . 32 . 01 ,Belanja Jaminan Pemeliharaan Kesehatan ,15227250000,
5 . 2 . 2 . 33 ,"Belanja Kursus, Sosialisasi dan Bintek ",1336880000,
5 . 2 . 2 . 33 . 01 ,Belanja Kursus-kursus singkat/pelatihan/Bintek DPRD ,792500000,
5 . 2 . 2 . 33 . 02 ,Belanja Kursus-kursus/Pelatihan/Bintek ,544380000,
5 . 2 . 2 . 34 ,Belanja Perlengkapan Penyelamatan ,100000000,
5 . 2 . 2 . 34 . 01 ,Belanja Perlengkapan TRC ,20000000,
5 . 2 . 2 . 34 . 02 ,Belanja Perlengkapan SAR ,20000000,
5 . 2 . 2 . 34 . 03 ,Belanja Perlengkapan PBK ,60000000,
5 . 2 . 2 . 35 ,"Jasa Narasumber, Tenaga Ahli, Yuri, Entry Data, Petugas Fogging dan Petugas Lapangan ",32010672700,
5 . 2 . 2 . 35 . 01 ,Jasa Nara Sumber/Moderator/Tenaga Ahli ,10465190000,
5 . 2 . 2 . 35 . 02 ,Jasa Yuri Perlombaan/Pelatih ,675915000,
5 . 2 . 2 . 35 . 03 ,Jasa Petugas Entry Data dan Digital SIG ,167825000,
5 . 2 . 2 . 35 . 04 ,Jasa TIM Intensifikasi PBB ,1200000000,
5 . 2 . 2 . 35 . 05 ,Jasa Peserta Seminar/Simposium /Workshop/Sosialisasi ,4676640000,
5 . 2 . 2 . 35 . 06 ,Jasa Tenaga Harian Lepas ,9858430200,
5 . 2 . 2 . 35 . 08 ,Jasa Petugas Pengumpul/Validasi Data ,835677500,
5 . 2 . 2 . 35 . 09 ,Jasa Petugas Lapangan ,4130995000,
5 . 2 . 2 . 35 . 10 ,Jasa Penyelenggaraan Kegiatan ,0,
5 . 2 . 2 . 36 ,Belanja Jasa Transport Petugas/Peserta ,3465713000,
5 . 2 . 2 . 36 . 01 ,Honorarium Tim Verifikasi Piutang PBB ,126000000,
5 . 2 . 2 . 36 . 02 ,Honorarium Peserta Rapat/Sosialisasi ,401995000,
5 . 2 . 2 . 36 . 03 ,Belanja Jasa Transport Petugas ,1624319334,
5 . 2 . 2 . 36 . 04 ,Belanja Jasa Transport Peserta ,1313398666,
5 . 2 . 2 . 37 ,Uang Untuk Diberikan Kepada Pihak Ketiga/Masyarakat ,5229686000,
5 . 2 . 2 . 37 . 01 ,Uang Untuk Diberikan Kepada Pihak Ketiga/Masyarakat ,5229686000,
5 . 2 . 2 . 38 ,Belanja Jasa Pentas/Pertunjukan ,3968810000,
5 . 2 . 2 . 38 . 01 ,Belanja Jasa Pentas/Pertunjukan ,3968810000,
5 . 2 . 2 . 39 ,Uang Saku Pengiriman Perlombaan ,96550000,
5 . 2 . 2 . 39 . 01 ,Uang Saku Pengiriman Atlit / Pelajar Berprestasi ,96550000,
5 . 2 . 2 . 40 ,Belanja Jasa Upgrade ,118200000,
5 . 2 . 2 . 40 . 01 ,Belanja Jasa Upgrade Software ,118200000,
5 . 2 . 2 . 42 ,Belanja Jasa Ujian Seleksi ,680000000,
5 . 2 . 2 . 42 . 01 ,Belanja Jasa Ujian Seleksi Pamong Desa ,440000000,
5 . 2 . 2 . 42 . 03 ,Belanja Jasa Seleksi CPNS ,240000000,
5 . 2 . 2 . 43 ,Belanja Jasa Perekrutan Pegawai Outsourcing ,1280000,
5 . 2 . 2 . 43 . 01 ,Belanja Jasa Perekrutan Pegawai Outsourcing ,1280000,
5 . 2 . 2 . 44 ,Belanja Jasa Bongkar ,4000000,
5 . 2 . 2 . 44 . 01 ,Belanja Jasa Bongkar ,4000000,
5 . 2 . 2 . 45 ,Belanja Jasa Pengadaan Aplikasi ,416400000,
5 . 2 . 2 . 45 . 01 ,Belanja Jasa Pengadaan Aplikasi ,416400000,
5 . 2 . 2 . 46 ,Belanja Penyelenggaraan Ibadah Haji ,160000000,
5 . 2 . 2 . 46 . 01 ,Belanja Penyelenggaraan Ibadah Haji ,160000000,
5 . 2 . 3 ,Belanja Modal ,338953648072,
5 . 2 . 3 . 11 ,Belanja Modal Tanah - Pengadaan Tanah Untuk Bangunan Gedung ,8943160000,
5 . 2 . 3 . 11 . 02 ,Belanja Modal Tanah - Pengadaan Tanah Untuk Bangunan Gedung Perdagangan/Perusahaan ,3915550000,
5 . 2 . 3 . 11 . 08 ,Belanja Modal Tanah - Pengadaan Tanah Bangunan Jalan dan Jembatan ,5027610000,
5 . 2 . 3 . 13 ,Belanja Modal Tanah - Pengadaan Tanah Untuk Bangunan Bukan Gedung ,4233368000,
5 . 2 . 3 . 13 . 01 ,Belanja Modal Tanah - Pengadaan Tanah Lapangan Olah Raga ,1295000000,
5 . 2 . 3 . 13 . 12 ,Belanja Modal Tanah - Pengadaan Tanah Untuk Bangunan Gedung Olah Raga ,2938368000,
5 . 2 . 3 . 14 ,Belanja Modal Peralatan dan Mesin - Pengadaan Alat-Alat Besar Darat ,1461500000,
5 . 2 . 3 . 14 . 03 ,Belanja Modal Peralatan dan Mesin - Pengadaan Excavator ,751500000,
5 . 2 . 3 . 14 . 10 ,Belanja Modal Peralatan dan Mesin - Pengadaan Alat Pengangkat ,710000000,
5 . 2 . 3 . 16 ,Belanja Modal Peralatan dan Mesin - Pengadaan Alat-alat Bantu ,271150000,
5 . 2 . 3 . 16 . 01 ,Belanja Modal Peralatan dan Mesin - Pengadaan Alat Penarik ,12000000,
5 . 2 . 3 . 16 . 03 ,Belanja Modal Peralatan dan Mesin - Pengadaan Compressor ,12500000,
5 . 2 . 3 . 16 . 04 ,Belanja Modal Peralatan dan Mesin - Pengadaan Electric Generating Set ,135750000,
5 . 2 . 3 . 16 . 05 ,Belanja Modal Peralatan dan Mesin - Pengadaan Pompa ,110900000,
5 . 2 . 3 . 17 ,Belanja Modal Peralatan dan Mesin - Pengadaan Alat Angkutan Darat Bermotor ,7150280000,
5 . 2 . 3 . 17 . 01 ,Belanja Modal Peralatan dan Mesin - Pengadaan Kendaraan Dinas Bermotor Perorangan ,202000000,
5 . 2 . 3 . 17 . 03 ,Belanja Modal Peralatan dan Mesin - Pengadaan Kendaraan Bermotor Angkutan Barang ,1023875000,
5 . 2 . 3 . 17 . 04 ,Belanja Modal Peralatan dan Mesin - Pengadaan Kendaraan Bermotor Khusus ,4808660150,
5 . 2 . 3 . 17 . 05 ,Belanja Modal Peralatan dan Mesin - Pengadaan Kendaraan Bermotor Beroda Dua ,901994050,
5 . 2 . 3 . 17 . 06 ,Belanja Modal Peralatan dan Mesin - Pengadaan Kendaraan Bermotor Beroda Tiga ,213750800,
5 . 2 . 3 . 18 ,Belanja Modal Peralatan dan Mesin - Pengadaan Alat Angkutan Darat Tak Bermotor ,150000000,
5 . 2 . 3 . 18 . 01 ,Belanja Modal Peralatan dan Mesin - Pengadaan Kendaraan Tak Bermotor Angkutan Barang ,150000000,
5 . 2 . 3 . 22 ,Belanja Modal Peralatan dan Mesin - Pengadaan Alat Bengkel Bermesin ,64800000,
5 . 2 . 3 . 22 . 01 ,Belanja Modal Peralatan dan Mesin - Pengadaan Perkakas Konstruksi Logam Terpasang pada ,50800000,
,Pondasi,,
5 . 2 . 3 . 22 . 06 ,Belanja Modal Peralatan dan Mesin - Pengadaan Perkakas Bengkel Kayu ,5500000,
5 . 2 . 3 . 22 . 08 ,Belanja Modal Peralatan dan Mesin - Pengadaan Peralatan Las ,8500000,
5 . 2 . 3 . 23 ,Belanja Modal Peralatan dan Mesin - Pengadaan Alat Bengkel Tak Bermesin ,51940000,
5 . 2 . 3 . 23 . 04 ,Belanja Modal Peralatan dan Mesin - Pengadaan Perkakas Pengangkat ,37000000,
5 . 2 . 3 . 23 . 07 ,Belanja Modal Peralatan dan Mesin - Pengadaan Perkakas Bengkel Kerja ,14940000,
5 . 2 . 3 . 24 ,Belanja Modal Peralatan dan Mesin - Pengadaan Alat Ukur ,884232000,
5 . 2 . 3 . 24 . 01 ,Belanja Modal Peralatan dan Mesin - Pengadaan Alat Ukur Universal ,10000000,
5 . 2 . 3 . 24 . 05 ,Belanja Modal Peralatan dan Mesin - Pengadaan Alat Kalibrasi ,264297000,
5 . 2 . 3 . 24 . 08 ,Belanja Modal Peralatan dan Mesin - Pengadaan Alat Ukur/Pembanding ,4500000,
5 . 2 . 3 . 24 . 09 ,Belanja Modal Peralatan dan Mesin - Pengadaan Alat Ukur ,605435000,
5 . 2 . 3 . 25 ,Belanja Modal Peralatan dan Mesin - Pengadaan Alat Pengolahan ,170750000,
5 . 2 . 3 . 25 . 05 ,Belanja Modal Peralatan dan Mesin - Pengadaan Alat Laboratorium Pertanian ,20875000,
5 . 2 . 3 . 25 . 06 ,Belanja Modal Peralatan dan Mesin - Pengadaan Alat Procesing ,149875000,
5 . 2 . 3 . 26 ,Belanja Modal Peralatan dan Mesin - Pengadaan Alat Pemeliharaan Tanaman/Alat Penyimpan ,90500000,
5 . 2 . 3 . 26 . 01 ,Belanja Modal Peralatan dan Mesin - Pengadaan Alat Pemeliharaan Tanaman ,15500000,
5 . 2 . 3 . 26 . 03 ,Belanja Modal Peralatan dan Mesin - Pengadaan Alat Penyimpanan ,38000000,
5 . 2 . 3 . 26 . 04 ,Belanja Modal Peralatan dan Mesin - Pengadaan Alat Laboratorium ,37000000,
5 . 2 . 3 . 27 ,Belanja Modal Peralatan dan Mesin - Pengadaan Alat Kantor ,1677939700,
5 . 2 . 3 . 27 . 01 ,Belanja Modal Peralatan dan Mesin - Pengadaan Mesin Ketik ,17900000,
5 . 2 . 3 . 27 . 02 ,Belanja Modal Peralatan dan Mesin - Pengadaan Mesin Hitung/Jumlah ,7060000,
5 . 2 . 3 . 27 . 04 ,Belanja Modal Peralatan dan Mesin - Pengadaan Alat Penyimpanan Perlengkapan Kantor ,368974700,
5 . 2 . 3 . 27 . 05 ,Belanja Modal Peralatan dan Mesin - Pengadaan Alat Kantor ,1284005000,
5 . 2 . 3 . 28 ,Belanja Modal Peralatan dan Mesin - Pengadaan Alat Rumah Tangga ,3331652800,
5 . 2 . 3 . 28 . 01 ,Belanja Modal Peralatan dan Mesin - Pengadaan Meubelair ,1502441500,
5 . 2 . 3 . 28 . 02 ,Belanja Modal Peralatan dan Mesin - Pengadaan Alat Pengukur Waktu ,1600000,
5 . 2 . 3 . 28 . 03 ,Belanja Modal Peralatan dan Mesin - Pengadaan Alat Pembersih ,20230000,
5 . 2 . 3 . 28 . 04 ,Belanja Modal Peralatan dan Mesin - Pengadaan Alat Pendingin ,877246300,
5 . 2 . 3 . 28 . 05 ,Belanja Modal Peralatan dan Mesin - Pengadaan Alat Dapur ,16900000,
5 . 2 . 3 . 28 . 06 ,Belanja Modal Peralatan dan Mesin - Pengadaan Alat Rumah Tangga  (Home Use) ,842410000,
5 . 2 . 3 . 28 . 07 ,Belanja Modal Peralatan dan Mesin - Pengadaan Alat Pemadam Kebakaran ,70825000,
5 . 2 . 3 . 29 ,Belanja Modal Peralatan dan Mesin - Pengadaan  Komputer ,11512469700,
5 . 2 . 3 . 29 . 01 ,Belanja Modal Peralatan dan Mesin - Pengadaan Komputer Unit Jaringan ,328444500,
5 . 2 . 3 . 29 . 02 ,Belanja Modal Peralatan dan Mesin - Pengadaan Personal Komputer ,4061034500,
5 . 2 . 3 . 29 . 03 ,Belanja Modal Peralatan dan Mesin - Pengadaan Peralatan Komputer Mainframe ,2552325700,
5 . 2 . 3 . 29 . 04 ,Belanja Modal Peralatan dan Mesin - Pengadaan Peralatan Mini Komputer ,43800000,
5 . 2 . 3 . 29 . 05 ,Belanja Modal Peralatan dan Mesin - Pengadaan Peralatan Personal Komputer ,1018295000,
5 . 2 . 3 . 29 . 06 ,Belanja Modal Peralatan dan Mesin - Pengadaan Peralatan Jaringan ,3508570000,
5 . 2 . 3 . 30 ,Belanja Modal Peralatan dan Mesin - Pengadaan Meja Dan Kursi Kerja/Rapat Pejabat ,1244718000,
5 . 2 . 3 . 30 . 01 ,Belanja Modal Peralatan dan Mesin - Pengadaan Meja Kerja Pejabat ,151195000,
5 . 2 . 3 . 30 . 02 ,Belanja Modal Peralatan dan Mesin - Pengadaan Meja Rapat Pejabat ,222650000,
5 . 2 . 3 . 30 . 03 ,Belanja Modal Peralatan dan Mesin - Pengadaan Kursi Kerja Pejabat ,30750000,
5 . 2 . 3 . 30 . 04 ,Belanja Modal Peralatan dan Mesin - Pengadaan Kursi Rapat Pejabat ,470163000,
5 . 2 . 3 . 30 . 06 ,Belanja Modal Peralatan dan Mesin - Pengadaan Kursi Tamu di Ruangan Pejabat ,220850000,
5 . 2 . 3 . 30 . 07 ,Belanja Modal Peralatan dan Mesin - Pengadaan Lemari dan Arsip Pejabat ,149110000,
5 . 2 . 3 . 31 ,Belanja Modal Peralatan dan Mesin - Pengadaan Alat Studio ,409060000,
5 . 2 . 3 . 31 . 01 ,Belanja Modal Peralatan dan Mesin - Pengadaan Peralatan Studio Visual ,388185000,
5 . 2 . 3 . 31 . 02 ,Belanja Modal Peralatan dan Mesin - Pengadaan Peralatan Studio Video dan Film ,20875000,
5 . 2 . 3 . 32 ,Belanja Modal Peralatan dan Mesin - Pengadaan Alat Komunikasi ,1254890000,
5 . 2 . 3 . 32 . 01 ,Belanja Modal Peralatan dan Mesin - Pengadaan Alat Komunikasi Telephone ,154650000,
5 . 2 . 3 . 32 . 04 ,Belanja Modal Peralatan dan Mesin - Pengadaan Alat Komunikasi Radio VHF ,61015000,
5 . 2 . 3 . 32 . 06 ,Belanja Modal Peralatan dan Mesin - Pengadaan Alat Komunikasi Sosial ,993375000,
5 . 2 . 3 . 32 . 07 ,Belanja Modal Peralatan dan Mesin - Pengadaan Alat-alat Sandi ,45850000,
5 . 2 . 3 . 33 ,Belanja Modal Peralatan dan Mesin - Pengadaan Peralatan Pemancar ,24950000,
5 . 2 . 3 . 33 . 04 ,Belanja Modal Peralatan dan Mesin - Pengadaan Peralatan Pemancar UHF ,24000000,
5 . 2 . 3 . 33 . 10 ,Belanja Modal Peralatan dan Mesin - Pengadaan Peralatan Antena SHF/Parabola ,950000,
5 . 2 . 3 . 34 ,Belanja Modal Peralatan dan Mesin - Pengadaan Alat Kedokteran ,4373700000,
5 . 2 . 3 . 34 . 01 ,Belanja Modal Peralatan dan Mesin - Pengadaan Alat Kedokteran Umum ,1499185000,
5 . 2 . 3 . 34 . 02 ,Belanja Modal Peralatan dan Mesin - Pengadaan Alat Kedokteran Gigi ,990000000,
5 . 2 . 3 . 34 . 06 ,Belanja Modal Peralatan dan Mesin - Pengadaan Alat Rotgen ,958000000,
5 . 2 . 3 . 34 . 12 ,Belanja Modal Peralatan dan Mesin - Pengadaan Alat Kesehatan Anak ,272765000,
5 . 2 . 3 . 34 . 13 ,Belanja Modal Peralatan dan Mesin - Pengadaan Poliklinik Set ,304042000,
5 . 2 . 3 . 34 . 18 ,Belanja Modal Peralatan dan Mesin - Pengadaan Alat Kedokteran Radiologi ,349708000,
5 . 2 . 3 . 35 ,Belanja Modal Peralatan dan Mesin - Pengadaan Alat Kesehatan ,23864528550,
5 . 2 . 3 . 35 . 01 ,Belanja Modal Peralatan dan Mesin - Pengadaan Alat Kesehatan Perawatan ,23864528550,
5 . 2 . 3 . 36 ,Belanja Modal Peralatan dan Mesin - Pengadaan Unit-Unit Laboratorium ,3352500000,
5 . 2 . 3 . 36 . 06 ,Belanja Modal Peralatan dan Mesin - Pengadaan Alat Laboratorium Bahan Bangunan Konstruksi ,109000000,
5 . 2 . 3 . 36 . 14 ,Belanja Modal Peralatan dan Mesin - Pengadaan Alat Laboratorium Kedokteran ,1177075000,
5 . 2 . 3 . 36 . 20 ,Belanja Modal Peralatan dan Mesin - Pengadaan Alat Laboratorium Hematologi ,1908425000,
5 . 2 . 3 . 36 . 36 ,Belanja Modal Peralatan dan Mesin - Pengadaan Alat Laboratorium Matrologie ,8000000,
5 . 2 . 3 . 36 . 56 ,Belanja Modal Peralatan dan Mesin - Pengadaan Alat Laboratorium Geofisika ,150000000,
5 . 2 . 3 . 37 ,Belanja Modal Peralatan dan Mesin - Pengadaan Alat Peraga/Praktek Sekolah ,595425000,
5 . 2 . 3 . 37 . 08 ,Belanja Modal Peralatan dan Mesin - Pengadaan Bidang Studi : Agama Islam ,483450000,
5 . 2 . 3 . 37 . 09 ,Belanja Modal Peralatan dan Mesin - Pengadaan Bidang Studi : Ketrampilan ,100000000,
5 . 2 . 3 . 37 . 13 ,Belanja Modal Peralatan dan Mesin - Pengadaan Bidang Pendidikan/Ketrampilan Lain-lain ,11975000,
5 . 2 . 3 . 42 ,Belanja Modal Peralatan dan Mesin - Pengadaan Alat Laboratorium Lingkungan Hidup ,24000000,
5 . 2 . 3 . 42 . 01 ,Belanja Modal Peralatan dan Mesin - Pengadaan Alat laboratorium Kualitas Air dan tanah ,24000000,
5 . 2 . 3 . 43 ,Belanja Modal Peralatan dan Mesin - Pengadaan Peralatan Laboratorium Hidrodinamika ,212500000,
5 . 2 . 3 . 43 . 06 ,Belanja Modal Peralatan dan Mesin - Pengadaan Peralatan umum ,212500000,
5 . 2 . 3 . 48 ,Belanja Modal Peralatan dan Mesin -Pengadaan Alat Keamanan dan Perlindungan ,550368000,
5 . 2 . 3 . 48 . 01 ,Belanja Modal Peralatan dan Mesin -Pengadaan Alat Bantu Kemanan ,328493000,
5 . 2 . 3 . 48 . 02 ,Belanja Modal Peralatan dan Mesin -Pengadaan Alat Perlindungan ,221875000,
5 . 2 . 3 . 49 ,Belanja Modal Gedung dan Bangunan - Pengadaan Bangunan Gedung Tempat Kerja ,70648209200,
5 . 2 . 3 . 49 . 01 ,Belanja Modal Gedung dan Bangunan - Pengadaan Bangunan Gedung Kantor ,13769509600,
5 . 2 . 3 . 49 . 02 ,Belanja Modal Gedung dan Bangunan - Pengadaan Bangunan Gudang ,262888000,
5 . 2 . 3 . 49 . 04 ,Belanja Modal Gedung dan Bangunan - Pengadaan Bangunan Gedung Instalasi ,3605812000,
5 . 2 . 3 . 49 . 05 ,Belanja Modal Gedung dan Bangunan - Pengadaan Bangunan Gedung Laboratorium ,30000000,
5 . 2 . 3 . 49 . 06 ,Belanja Modal Gedung dan Bangunan - Pengadaan Bangunan Kesehatan ,19103680000,
5 . 2 . 3 . 49 . 08 ,Belanja Modal Gedung dan Bangunan - Pengadaan Bangunan Gedung Tempat Ibadah ,115000000,
5 . 2 . 3 . 49 . 10 ,Belanja Modal Gedung dan Bangunan - Pengadaan Bangunan Gedung Tempat Pendidikan ,5584775000,
5 . 2 . 3 . 49 . 11 ,Belanja Modal Gedung dan Bangunan - Pengadaan Bangunan Gedung Tempat Olah Raga ,260771000,
5 . 2 . 3 . 49 . 12 ,Belanja Modal Gedung dan Bangunan - Pengadaan Bangunan Gedung Pertokoan/Koperasi/Pasar ,23724861800,
5 . 2 . 3 . 49 . 13 ,Belanja Modal Gedung dan Bangunan - Pengadaan Bangunan Gedung Untuk Pos Jaga ,60000000,
5 . 2 . 3 . 49 . 14 ,Belanja Modal Gedung dan Bangunan - Pengadaan Bangunan Gedung Garasi/Pool ,321495000,
5 . 2 . 3 . 49 . 19 ,Belanja Modal Gedung dan Bangunan - Pengadaan Bangunan Gedung Perpustakaan ,92375300,
5 . 2 . 3 . 49 . 27 ,Belanja Modal Gedung dan Bangunan - Pengadaan Bangunan Gedung Tempat Kerja Lainnya ,3717041500,
5 . 2 . 3 . 51 ,Belanja Modal Gedung dan Bangunan - Pengadaan Bangunan Menara ,125875000,
5 . 2 . 3 . 51 . 03 ,Belanja Modal Gedung dan Bangunan - Pengadaan Bangunan Menara Telekomunikasi ,125875000,
5 . 2 . 3 . 52 ,Belanja Modal Gedung dan Bangunan - Pengadaan Bangunan Bersejarah ,1575000000,
5 . 2 . 3 . 52 . 04 ,Belanja Modal Gedung dan Bangunan - Pengadaan Bangunan Makam Sejarah ,1575000000,
5 . 2 . 3 . 53 ,Belanja Modal Gedung dan Bangunan - Pengadaan Bangunan Tugu Peringatan ,1503047000,
5 . 2 . 3 . 53 . 03 ,Belanja Modal Gedung dan Bangunan - Pengadaan Bangunan Tugu Peringatan Lainnya ,1503047000,
5 . 2 . 3 . 57 ,Belanja Modal Gedung dan Bangunan - Pengadaan Bangunan Rambu-Rambu ,1600842100,
5 . 2 . 3 . 57 . 01 ,Belanja Modal Gedung dan Bangunan - Pengadaan Bangunan Rambu Bersuar Lalu Lintas Darat ,671200000,
5 . 2 . 3 . 57 . 02 ,Belanja Modal Gedung dan Bangunan - Pengadaan Bangunan Rambu Tidak Bersuar ,929642100,
5 . 2 . 3 . 59 ,"Belanja Modal Jalan, Irigasi dan Jaringan - Pengadaan Jalan ",105065534944,
5 . 2 . 3 . 59 . 03 ,"Belanja Modal Jalan, Irigasi dan Jaringan - Pengadaan Jalan Kabupaten/Kota ",64909900000,
5 . 2 . 3 . 59 . 04 ,"Belanja Modal Jalan, Irigasi dan Jaringan - Pengadaan Jalan Desa ",38422868944,
5 . 2 . 3 . 59 . 05 ,"Belanja Modal Jalan, Irigasi dan Jaringan - Pengadaan Jalan Khusus ",1732766000,
5 . 2 . 3 . 60 ,"Belanja Modal Jalan, Irigasi dan Jaringan - Pengadaan Jembatan ",4250000000,
5 . 2 . 3 . 60 . 03 ,"Belanja Modal Jalan, Irigasi dan Jaringan - Pengadaan Jembatan Kabupaten/Kota ",4050000000,
5 . 2 . 3 . 60 . 05 ,"Belanja Modal Jalan, Irigasi dan Jaringan - Pengadaan Jembatan Khusus ",200000000,
5 . 2 . 3 . 61 ,"Belanja Modal Jalan, Irigasi dan Jaringan - Pengadaan Bangunan Air Irigasi ",35082210000,
5 . 2 . 3 . 61 . 02 ,"Belanja Modal Jalan, Irigasi dan Jaringan - Pengadaan Bangunan Pengambilan Irigasi ",850000000,
5 . 2 . 3 . 61 . 03 ,"Belanja Modal Jalan, Irigasi dan Jaringan - Pengadaan Bangunan Pembawa Irigasi ",17870900000,
5 . 2 . 3 . 61 . 04 ,"Belanja Modal Jalan, Irigasi dan Jaringan - Pengadaan Bangunan Pembuang Irigasi ",11925800000,
5 . 2 . 3 . 61 . 05 ,"Belanja Modal Jalan, Irigasi dan Jaringan - Pengadaan Bangunan Pengaman Irigasi ",4130800000,
5 . 2 . 3 . 61 . 06 ,"Belanja Modal Jalan, Irigasi dan Jaringan - Pengadaan Bangunan Pelengkap Irigasi ",304710000,
5 . 2 . 3 . 67 ,"Belanja Modal Jalan, Irigasi dan Jaringan - Pengadaan Bangunan Air Kotor ",6247000000,
5 . 2 . 3 . 67 . 01 ,"Belanja Modal Jalan, Irigasi dan Jaringan - Pengadaan Bangunan Pembawa Air Kotor ",6229000000,
5 . 2 . 3 . 67 . 05 ,"Belanja Modal Jalan, Irigasi dan Jaringan - Pengadaan Bangunan Pelengkap Air Kotor ",18000000,
5 . 2 . 3 . 68 ,"Belanja Modal Jalan, Irigasi dan Jaringan - Pengadaan Bangunan Air ",501266375,
5 . 2 . 3 . 68 . 02 ,"Belanja Modal Jalan, Irigasi dan Jaringan - Pengadaan Bangunan Air Tawar ",501266375,
5 . 2 . 3 . 69 ,"Belanja Modal Jalan, Irigasi dan Jaringan - Pengadaan Instalasi Air Minum/Air Bersih ",6631580000,
5 . 2 . 3 . 69 . 05 ,"Belanja Modal Jalan, Irigasi dan Jaringan - Pengadaan Air Bersih/Air Baku Lainnya ",6631580000,
5 . 2 . 3 . 70 ,"Belanja Modal Jalan, Irigasi dan Jaringan - Pengadaan Instalasi Air Kotor ",3982400000,
5 . 2 . 3 . 70 . 01 ,"Belanja Modal Jalan, Irigasi dan Jaringan - Pengadaan Instalasi Air Kotor ",3982400000,
5 . 2 . 3 . 73 ,"Belanja Modal Jalan, Irigasi dan Jaringan - Pengadaan Instalasi Pembangkit Listrik ",108225000,
5 . 2 . 3 . 73 . 02 ,"Belanja Modal Jalan, Irigasi dan Jaringan - Pengadaan Pembangkit Listrik Tenaga Diesel ",10000000,
5 . 2 . 3 . 73 . 04 ,"Belanja Modal Jalan, Irigasi dan Jaringan - Pengadaan Pembangkit Listrik Tenaga Angin (PLTAN) ",98225000,
5 . 2 . 3 . 78 ,"Belanja Modal Jalan, Irigasi dan Jaringan - Pengadaan Jaringan Air Minum ",222000000,
5 . 2 . 3 . 78 . 04 ,"Belanja Modal Jalan, Irigasi dan Jaringan - Pengadaan Jaringan Air Minum Jaringan Sambungan ",222000000,
,Kerumah,,
5 . 2 . 3 . 79 ,"Belanja Modal Jalan, Irigasi dan Jaringan - Pengadaan Jaringan Listrik ",6596940000,
5 . 2 . 3 . 79 . 01 ,"Belanja Modal Jalan, Irigasi dan Jaringan - Pengadaan Jaringan  Transmisi ",697875000,
5 . 2 . 3 . 79 . 02 ,"Belanja Modal Jalan, Irigasi dan Jaringan - Pengadaan Jaringan Distribusi ",5899065000,
5 . 2 . 3 . 80 ,"Belanja Modal Jalan, Irigasi dan Jaringan - Pengadaan Jaringan Telepon ",190500000,
5 . 2 . 3 . 80 . 01 ,"Belanja Modal Jalan, Irigasi dan Jaringan - Pengadaan Jaringan Telepon Di atas Tanah ",190500000,
5 . 2 . 3 . 82 ,Belanja Modal Aset Tetap Lainnya - Pengadaan Buku ,492405000,
5 . 2 . 3 . 82 . 01 ,Belanja Modal Aset Tetap Lainnya - Pengadaan Buku Ilmu Pengetahuan Umum ,436045000,
5 . 2 . 3 . 82 . 03 ,Belanja Modal Aset Tetap Lainnya - Pengadaan Buku Keagamaan ,7200000,
5 . 2 . 3 . 82 . 04 ,Belanja Modal Aset Tetap Lainnya - Pengadaan Buku Ilmu Sosial ,1600000,
5 . 2 . 3 . 82 . 07 ,Belanja Modal Aset Tetap Lainnya - Pengadaan Buku Ilmu Pengetahuan Praktis ,3560000,
5 . 2 . 3 . 82 . 08 ,"Belanja Modal Aset Tetap Lainnya - Pengadaan Buku Arsitektur,  Kesenian, Olah raga ",44000000,
5 . 2 . 3 . 83 ,Belanja Modal Aset Tetap Lainnya - Pengadaan Terbitan ,2410000,
5 . 2 . 3 . 83 . 01 ,Belanja Modal Aset Tetap Lainnya - Pengadaan Terbitan Berkala ,2410000,
5 . 2 . 3 . 85 ,Belanja Modal Aset Tetap Lainnya - Pengadaan Barang Bercorak Kebudayaan ,339750000,
5 . 2 . 3 . 85 . 03 ,Belanja Modal Aset Tetap Lainnya - Pengadaan Barang Bercorak Kebudayaan Alat Kesenian ,314000000,
5 . 2 . 3 . 85 . 06 ,Belanja Modal Aset Tetap Lainnya - Pengadaan Barang Bercorak Kebudayaan Maket dan Foto ,25750000,
,Dokumen,,
5 . 2 . 3 . 86 ,Belanja Modal Aset Tetap Lainnya - Pengadaan Alat Olah Raga ,416000000,
5 . 2 . 3 . 86 . 04 ,Belanja Modal Aset Tetap Lainnya - Pengadaan Alat Olah Raga ,416000000,
5 . 2 . 3 . 88 ,Belanja Modal Aset Tetap Lainnya - Pengadaan Tanaman ,1513800000,
5 . 2 . 3 . 88 . 01 ,Belanja Modal Aset Tetap Lainnya - Pengadaan Tanaman Perkebunan ,2000000,
5 . 2 . 3 . 88 . 04 ,Belanja Modal Aset Tetap Lainnya - Pengadaan Tanaman Hias ,1511800000,
5 . 2 . 3 . 89 ,Belanja Modal Aset Tetap Lainnya - Pengadaan Aset Tetap Renovasi ,13200000,
5 . 2 . 3 . 89 . 01 ,Belanja Modal Aset Tetap Lainnya - Pengadaan Aset Tetap Renovasi ,13200000,
5 . 2 . 3 . 91 ,Belanja Modal Aset Tak Berwujud ,484450000,
5 . 2 . 3 . 91 . 01 ,Software ,484450000,
5 . 2 . 3 . 93 ,Belanja Modal Peralatan dan Mesin BLUD ,8995213369,
5 . 2 . 3 . 93 . 01 ,Belanja Modal Peralatan dan Mesin BLUD Rumah Sakit ,6066743500,
5 . 2 . 3 . 93 . 02 ,Belanja Modal Peralatan dan Mesin BLUD Puskesmas ,2928469869,
5 . 2 . 3 . 94 ,Belanja Modal Gedung dan Bangunan BLUD ,5807000000,
5 . 2 . 3 . 94 . 01 ,Belanja Modal Gedung dan Bangunan BLUD Rumah Sakit ,5800000000,
5 . 2 . 3 . 94 . 02 ,Belanja Modal Gedung dan Bangunan BLUD Puskesmas ,7000000,
5 . 2 . 3 . 95 ,"Belanja Modal Jalan, Irigasi dan Jaringan BLUD ",326333334,
5 . 2 . 3 . 95 . 01 ,"Belanja Modal Jalan, Irigasi dan Jaringan BLUD Rumah Sakit ",300000000,
5 . 2 . 3 . 95 . 02 ,"Belanja Modal Jalan, Irigasi dan Jaringan BLUD Puskesmas ",26333334,
5 . 2 . 3 . 96 ,Belanja Modal Aset Tetap Lainnya BLUD ,28500000,
5 . 2 . 3 . 96 . 02 ,Belanja Modal Aset Tetap Lainnya BLUD Puskesmas ,28500000,
5 . 2 . 3 . 98 ,Belanja Modal Gedung dan Bangunan - Pengadaan Bangunan Billboard/Baliho/Reklame ,303575000,
5 . 2 . 3 . 98 . 01 ,Belanja Modal Gedung dan Bangunan - Pengadaan Bangunan Billboard ,303575000,
,SURPLUS / (DEFISIT) ,-146019492437.12,
6,PEMBIAYAAN DAERAH,146019492437.12,
6 . 1 ,PENERIMAAN PEMBIAYAAN DAERAH ,169729492437.12,
6 . 1 . 1 ,Sisa Lebih Perhitungan Anggaran Tahun Anggaran Sebelumnya ,160019492437.12,
6 . 1 . 1 . 01 ,Pelampauan Penerimaan PAD ,17000000000,
6 . 1 . 1 . 01 . 01 ,Pajak Daerah ,17000000000,
6 . 1 . 1 . 04 ,Sisa Penghematan Belanja atau Akibat Lainnya ,143019492437.12,
6 . 1 . 1 . 04 . 01 ,Belanja Pegawai Dari Belanja Tidak Langsung ,20000000000,
6 . 1 . 1 . 04 . 03 ,Belanja Barang dan Jasa ,50000000000,
6 . 1 . 1 . 04 . 04 ,Belanja Modal ,55000000000,
6 . 1 . 1 . 04 . 07 ,Belanja Hibah ,500000000,
6 . 1 . 1 . 04 . 11 ,Belanja Belanja Tidak Terduga ,17519492437.12,
6 . 1 . 7 ,Penerimaan Kembali Investasi Dana Bergulir ,9710000000,
6 . 1 . 7 . 01 ,Penerimaan Kembali Investasi Dana Bergulir ,9710000000,
6 . 1 . 7 . 01 . 01 ,Penerimaan Kembali Investasi Dana Bergulir ,9710000000,
6 . 2 ,PENGELUARAN PEMBIAYAAN DAERAH ,23710000000,
6 . 2 . 2 ,Penyertaan Modal (Investasi) Pemerintah Daerah ,13000000000,
6 . 2 . 2 . 02 ,Badan Usaha Milik Daerah (BUMD) ,13000000000,
6 . 2 . 2 . 02 . 01 ,Penyertaan Modal pada Bank ,8500000000,
6 . 2 . 2 . 02 . 02 ,Penyertaan Modal pada PDAM ,4500000000,
6 . 2 . 5 ,Dana Bergulir ,10710000000,
6 . 2 . 5 . 01 ,Dana Bergulir ,10710000000,
6 . 2 . 5 . 01 . 01 ,Dana Bergulir ,10710000000,
,PEMBIAYAAN NETTO ,146019492437.12,
