Judul,Anggaran Pendapatan Belanja Desa (APBDesa) sesuai Peraturan Desa (Perdes) Desa Dlingo Nomor 10 Tahun 2015,,
Daerah,Desa Dlingo,,
Tahun,2016,,
Kode Organisasi,1000 - Pemerintah Desa Dlingo,,
Kolom,4,,
,,,
Kode Rekening,Uraian,Jumlah,Keterangan
1,PENDAPATAN DESA,2235641900.00,
1.1,Pendapatan Asli Desa (PADesa),38000000.00,
1.1.1,Hasil Usaha Desa,36000000.00,
1.1.1.1,Penyewaan Tanah Kas Desa,7000000.00,
1.1.1.2,Kompensasi Tanah Kas Desa,29000000.00,
1.1.2,Hasil Aset Desa,2000000.00,
1.1.2.1,Kios Desa,2000000.00,
1.1.3,Swadaya Partisipasi dan Gotong Royong,,
1.1.4,Lain-Lain PADesa yang Sah,,
1.2,Pendapatan Transfer,2197641900.00,
1.2.1,Dana Desa (DD),794035000.00,
1.2.2,Bagian Hasil Pajak Daerah dan Retribusi,108240900.00,
1.2.2.1,Bagian Hasil Pajak Daerah,83019600.00,
1.2.2.2,Bagian Hasil Retribusi Daerah,25221300.00,
1.2.3,Alokasi Dana Desa (ADD),1239116000.00,
1.2.4,Bantuan Keuangan,56250000.00,
1.2.4.1,Bantuan Keuangan Khusus Pemprov DIY,56250000.00,
2,BELANJA DESA,2251533706.00,
2.1,Bidang Penyelenggaraan Pemerintahan Desa,840736000.00,
2.1.1,Penghasilan Tetap dan Tunjangan,477466000.00,
2.1.2,Operasional Perkantoran,177180000.00,Alokasi Dana Desa (ADD)
2.1.3,Operasional Badan Permusyawaratan Desa (BPD),11665000.00,Alokasi Dana Desa (ADD)
2.1.4,Operasional Rukun Tetangga (RT),23500000.00,Alokasi Dana Desa (ADD)
2.1.5,Penyusunan Rancangan Peraturan Desa/Perdes,27700000.00,
2.1.6,Musyawarah Desa,23250000.00,Alokasi Dana Desa (ADD)
2.1.7,Penyusunan Rencana Kerja Pemerintah Desa 2017,31175000.00,Alokasi Dana Desa (ADD)
2.1.8,Penegasan dan Penetapan Batas Desa,15630000.00,Sisa Lebih Perhitungan Anggaran (SILPA)
2.1.9,"Pengelolaan Administrasi Informasi Desa, Pendataan, dan Pengklasifikasian Penduduk Desa",37220000.00,Alokasi Dana Desa (ADD)
2.1.10,Pemilihan dan Pelantikan Pamong Desa,15950000.00,Alokasi Dana Desa (ADD)
2.2,Bidang Pelaksanaan Pembangunan,863466000.00,
2.2.1.2,Honor Tim Pelaksana Kegiatan (TPK),22550000.00,Dana Desa (DD)
2.2.1,Pembangunan Gedung Kelembagaan Desa,97037000.00,Alokasi Dana Desa (ADD)
2.2.2,Pembangunan dan Pemeliharaan Gedung Balai Budaya,69788000.00,Bagi Hasil Pajak (BHP)
2.2.3,Pembangunan Balai Dusun,76975000.00,Dana Desa (DD)
2.2.4,Pembangunan Tugu Pembatas Kebosungu,20000000.00,Bagi Hasil Pajak (BHP)
2.2.5,Pembangunan dan Pemeliharaan Lapangan Desa,90550000.00,Dana Desa (DD)
2.2.6,Pembangunan dan Pemeliharaan Jalan Lingkungan Desa,237224000.00,Dana Desa (DD)
2.2.7,Pembangunan dan Pemeliharaan Bangket Jalan Lingkungan,198342000.00,Dana Desa (DD)
2.2.8,Pembangunan Musholla Al Barokah Koripan I,10000000.00,BKK/P2MD
2.2.8.1,Pembangunan Bangket Jalan Dlingo I,16000000.00,Sisa Lebih Perhitungan Anggaran (SILPA)
2.2.8.2,Pembangunan Tempat Wisata Lepo,25000000.00,Sisa Lebih Perhitungan Anggaran (SILPA)
2.3,Bidang Pembinaan Masyarakat,307200000.00,
2.3.1,Pembinaan Ketertiban dan Ketentraman Masyarakat Desa,20350000.00,
2.3.2,Pembinaan dan Pengelolaan Pos Keluarga Berencana Kesehatan Terpadu (Posyandu) Balita dan Lansia,25600000.00,Alokasi Dana Desa (ADD)
2.3.3,Pembinaan Keagamaan,31600000.00,Alokasi Dana Desa (ADD)
2.3.4,Peningkatan Partisipasi Anak Usia Dini dalam Pendidikan,19300000.00,Alokasi Dana Desa (ADD)
2.3.5,Penyelenggaraan Peringatan Hari Besar Nasional,26250000.00,Alokasi Dana Desa (ADD)
2.3.6,Peringatan Hari Besar Islam (PBHI),28910000.00,Alokasi Dana Desa (ADD)
2.3.7,Penyelenggaraan Safari Ramadhan,15000000.00,Alokasi Dana Desa (ADD)
2.3.8,Pembinaan dan Penghargaan Siswa Berprestasi dan Pemberian Santunan Anak Yatim Piatu dan Fakir Miskin,14250000.00,Alokasi Dana Desa (ADD)
2.3.9,Penyelenggaraan Merti Desa,82540000.00,Alokasi Dana Desa (ADD)
2.3.10,Penyelenggaraan Merti Dusun,10000000.00,
2.3.11,Pembinaan Organisasi Sosial dan Politik (Orsospol),3900000.00,
2.3.12,Pembinaan Desa Siaga,4700000.00,
2.3.13,Pembinaan KRPL (Kawasan Rumah Pangan Lestari),6400000.00,
2.3.14,Pembinaan Olahraga,14700000.00,
2.3.15,Pembinaan Forum Kerukunan Umat Beragama (FKUB),3700000.00,
2.4,Bidang Pemberdayaan Masyarakat Desa,228050000.00,
2.4.1,Peningkatan Kapasitas Aparatur Pemerintah Desa,23250000.00,Alokasi Dana Desa (ADD)
2.4.2,Peningkatan Kapasitas Badan Permusyawaratan Desa (BPD),10150000.00,Alokasi Dana Desa (ADD)
2.4.3,Peningkatan Kapasitas Kelembagaan Desa,18400000.00,Alokasi Dana Desa (ADD)
2.4.4,Operasional Kegiatan Kelembagaan Desa,40000000.00,Alokasi Dana Desa (ADD)
2.4.12,Pelatihan Jurnalistik,4000000.00,
2.4.13,Pelatihan Teknologi Tepat Guna,4000000.00,
2.4.14,Pelatihan Marketing Online,4000000.00,Alokasi Dana Desa (ADD)
2.4.15,Pelatihan Kebencanaan,4000000.00,Alokasi Dana Desa (ADD)
2.4.16,Pelatihan Kewirausahaan,4000000.00,Alokasi Dana Desa (ADD)
2.4.17,Pelatihan Komputer,4000000.00,Alokasi Dana Desa (ADD)
2.4.18,Pelatihan Pengolahan Hasil Bumi,4000000.00,Alokasi Dana Desa (ADD)
2.4.19,Pelatihan Kuliner,4000000.00,Alokasi Dana Desa (ADD)
2.4.20,Pelatihan Seni Budaya,4000000.00,Alokasi Dana Desa (ADD)
2.4.21,Pelatihan Event Organizer,4000000.00,Alokasi Dana Desa (ADD)
2.4.22,Pelatihan Pengolahan Limbah Kayu,4000000.00,Alokasi Dana Desa (ADD)
2.4.23,Pelatihan Pupuk Organik,4000000.00,Alokasi Dana Desa (ADD)
2.4.24,Pelatihan Peternakan dan Pertanian,4000000.00,Alokasi Dana Desa (ADD)
2.4.25,Pelatihan Kepariwisataan,4000000.00,Alokasi Dana Desa (ADD)
2.4.26,Pelatihan Pertukangan,4000000.00,Alokasi Dana Desa (ADD)
2.4.27,Pelatihan Kader Pembangunan,4000000.00,Alokasi Dana Desa (ADD)
2.4.28,Pelatihan Kader Kesehatan,4000000.00,Alokasi Dana Desa (ADD)
2.4.29,Pelatihan Kader Pendidikan Anak Usia Dini,4000000.00,Alokasi Dana Desa (ADD)
2.4.30,Pelatihan Kader Bela Negara,4000000.00,Alokasi Dana Desa (ADD)
2.4.31,Pelatihan Perbengkelan,4000000.00,Alokasi Dana Desa (ADD)
2.4.33,Pemberdayaan Masyarakat BKK,56250000.00,PMBK/CD
2.5,BELANJA TAK TERDUGA,12081706.00,Alokasi Dana Desa (ADD)
2.5.1,Kejadian Luar Biasa,5000000.00,
2.5.2,Belanja Barang dan Jasa,7081706.00,
2.5.2.1,Honor Petugas/Tim,1000000.00,
2.5.2.2,Belanja Obat-obatan,2081706.00,
2.5.2.3,Belanja Barang untuk Masyarakat,2000000.00,
2.5.2.4,Belanja Makan dan Minum,2000000.00,
,JUMLAH BELANJA,2251533706.00,
,SURPLUS/(DEFISIT),-15891806.00,
3,PEMBIAYAAN,,
3.1,Penerimaan Pembiayaan,108891806.00,
3.1.1,Sisa Lebih Perhitungan Anggaran (SILPA),108891806.00,
3.2,Pengeluaran Pembiayaan,93000000.00,
3.2.1,Pembentukan Dana Cadangan,8000000.00,
3.2.2,Penyertaan Modal Desa,85000000.00,
,SELISIH PEMBIAYAAN,15891806.00,
