Judul,Penjabaran Anggaran Pendapatan Belanja Daerah
Daerah,Kabupaten Bantul
Tahun,2015
Kode Organisasi,1.19
Kolom,4


No. Rekening,Uraian,Jumlah,Keterangan
1.19 . 1.19.03 . 00 . 00 . 5 ,BELANJA ,470986518000.00
1.19 . 1.19.03 . 00 . 00 . 5 . 1 ,BELANJA TIDAK LANGSUNG ,124092400000.00
1.19 . 1.19.03 . 00 . 00 ,Non Kegiatan ,124092400000.00,Sumber Dana : 
1.19 . 1.19.03 . 00 . 00 . 5 . 1 . 1 ,Belanja Pegawai ,124092400000.00
1.19 . 1.19.03 . 00 . 00 . 5 . 1 . 1 . 01 ,Belanja Gaji dan Tunjangan ,124092400000.00
1.19 . 1.19.03 . 00 . 00 . 5 . 1 . 1 . 01 . 01 ,Gaji Pokok PNS/Uang Representasi ,96092880000.00,Gaji Pokok PNS
,,,Gaji Pokok
,,,"1 th x 960.928.800,00 = 960.928.800,00"
1.19 . 1.19.03 . 00 . 00 . 5 . 1 . 1 . 01 . 02 ,Tunjangan Keluarga ,9194003000.00,Tunjangan Keluarga
,,,"1 th x 91.940.030,00 = 91.940.030,00"
1.19 . 1.19.03 . 00 . 00 . 5 . 1 . 1 . 01 . 03 ,Tunjangan Jabatan ,4794400000.00,Tunjangan Jabatan
,,,"1 th x 47.944.000,00 = 47.944.000,00"
1.19 . 1.19.03 . 00 . 00 . 5 . 1 . 1 . 01 . 04 ,Tunjangan Fungsional ,0.00,Tunjangan Fungsional
,,,"1 th x 0,00 = 0,00"
1.19 . 1.19.03 . 00 . 00 . 5 . 1 . 1 . 01 . 05 ,Tunjangan Fungsional Umum ,5025540000.00,Tunjangan Fungsional Umum
,,,"1 th x 50.255.400,00 = 50.255.400,00"
1.19 . 1.19.03 . 00 . 00 . 5 . 1 . 1 . 01 . 06 ,Tunjangan Beras ,6899048000.00,Tunjangan Beras
,,,"1 th x 68.990.480,00 = 68.990.480,00"
1.19 . 1.19.03 . 00 . 00 . 5 . 1 . 1 . 01 . 07 ,Tunjangan PPh/Tunjangan Khusus ,2084865000.00,Tunjangan PPh/Tunjangan Khusus
,,,"1 th x 20.848.650,00 = 20.848.650,00"
1.19 . 1.19.03 . 00 . 00 . 5 . 1 . 1 . 01 . 08 ,Pembulatan Gaji ,1664000.00,Pembulatan Gaji
,,,"1 th x 16.640,00 = 16.640,00"
1.19 . 1.19.03 . 00 . 00 . 5 . 1 . 1 . 01 . 09 ,Iuran Asuransi Kesehatan ,0.00,Iuran Asuransi Kesehatan
,,,Iurang Asuransi Kesehatan BPJS
,,,"1 th x 0,00 = 0,00"
,,,Iuran Asuransi Jaminan Kecelakaan Kerja BPJS
,,,"1 th x 0,00 = 0,00"
,,,Iuran Jaminan Kematian BPJS
,,,"1 th x 0,00 = 0,00"
1.19 . 1.19.03 . 01 . 01 . 5 . 2 ,BELANJA LANGSUNG ,346894118000.00
1.19 . 1.19.03 . 01 ,Program Pelayanan Administrasi Perkantoran ,162146768000.00
1.19 . 1.19.03 . 01 . 01 ,Penyediaan jasa surat menyurat ,345000000.00,Sumber Dana : 
,,,Lokasi Kegiatan : Kabupaten Bantul
,,,Keluaran :  Kebutuhan Surat menyurat terpenuhi
,,,Target:  1 Tahun
1.19 . 1.19.03 . 01 . 01 . 5 . 2 . 2 ,Belanja Barang dan Jasa ,345000000.00
1.19 . 1.19.03 . 01 . 01 . 5 . 2 . 2 . 01 ,Belanja Bahan Pakai Habis ,345000000.00
1.19 . 1.19.03 . 01 . 01 . 5 . 2 . 2 . 01 . 04 ,"Belanja Perangko, Materai Dan Benda Pos ",345000000.00,"Belanja perangko, materai dan benda pos lainnya"
,,,Materai
,,,"500 lbr x 3.000,00 = 1.500.000,00"
,,,Materai
,,,"325 lbr x 6.000,00 = 1.950.000,00"

1.19 . 1.19.03 . 01 . 02 ,"Penyediaan jasa komunikasi, sumber daya air dan listrik ",3480000000.00,Sumber Dana : 
,,,"Keluaran :  Kebutuhan Telepon, Air, Listrik terpenuhi"
,,,Target:  1 Tahun
1.19 . 1.19.03 . 01 . 02 . 5 . 2 . 2 ,Belanja Barang dan Jasa ,3480000000.00
1.19 . 1.19.03 . 01 . 02 . 5 . 2 . 2 . 03 ,Belanja Jasa Kantor ,3480000000.00
1.19 . 1.19.03 . 01 . 02 . 5 . 2 . 2 . 03 . 01 ,Belanja Telepon ,1800000000.00,Belanja Telepon
,,,"12 Bln x 1.500.000,00 = 18.000.000,00"
1.19 . 1.19.03 . 01 . 02 . 5 . 2 . 2 . 03 . 02 ,Belanja Air ,360000000.00,Belanja Air
,,,"12 Bln x 300.000,00 = 3.600.000,00"
1.19 . 1.19.03 . 01 . 02 . 5 . 2 . 2 . 03 . 03 ,Belanja Listrik ,720000000.00,Belanja Listrik
,,,"12 Bln x 600.000,00 = 7.200.000,00"
1.19 . 1.19.03 . 01 . 02 . 5 . 2 . 2 . 03 . 20 ,Belanja Sewa Frekuensi dan Pajak Radio ,600000000.00,Belanja Sewa Frekuensi dan Pajak Radio
,,,"1 Ls x 6.000.000,00 = 6.000.000,00"
1.19 . 1.19.03 . 01 . 06 ,Penyediaan jasa pemeliharaan dan perizinan kendaraan ,3190000000.00,Sumber Dana : 
,,,Lokasi Kegiatan : Kabupaten Bantul
,,,Keluaran :  Terpenuhinya perpanjangan STNK Kendaraan dinas/operasional
,,,Target:  1 Tahun
1.19 . 1.19.03 . 01 . 06 . 5 . 2 . 2 ,Belanja Barang dan Jasa ,3190000000.00
1.19 . 1.19.03 . 01 . 06 . 5 . 2 . 2 . 05 ,Belanja Perawatan Kendaraan Bermotor ,3190000000.00
1.19 . 1.19.03 . 01 . 06 . 5 . 2 . 2 . 05 . 05 ,Belanja Pajak Kendaraan Bermotor ,3190000000.00,Belanja Pajak Kendaraan Bermotor
,,,Belanja Perpanjangan STNK Roda 2
,,,"18 unit x 300.000,00 = 5.400.000,00"
,,,Belanja Perpanjangan STNK Roda 4
,,,"7 unit x 2.000.000,00 = 14.000.000,00"
,,,Belanja Perpanjangan STNK Roda 6
,,,"5 unit x 2.500.000,00 = 12.500.000,00"

1.19 . 1.19.03 . 01 . 07 ,Penyediaan jasa administrasi keuangan ,2173700000.00,Sumber Dana : 
,,,Lokasi Kegiatan : Kabupaten Bantul
,,,Keluaran :  Kinerja lebih optimal
,,,Target:  100 %
1.19 . 1.19.03 . 01 . 07 . 5 . 2 . 1 ,Belanja Pegawai ,2076000000.00
1.19 . 1.19.03 . 01 . 07 . 5 . 2 . 1 . 01 ,Honorarium PNS ,2076000000.00
1.19 . 1.19.03 . 01 . 07 . 5 . 2 . 1 . 01 . 06 ,Honor Pengelola Keuangan dan Barang ,2076000000.00,Honor Pengelola Keuangan dan Barang
,,,Honor Pengurus Barang Pembantu
,,,"12 Ob x 100.000,00 = 1.200.000,00"
,,,Honor Penyimpan Barang
,,,"12 Ob x 250.000,00 = 3.000.000,00"
,,,Honor Bendahara Pengeluaran
,,,"12 Ob x 190.000,00 = 2.280.000,00"
,,,Honor Bendahara Peneluaran Pembantu
,,,"12 Ob x 75.000,00 = 900.000,00"
,,,Honor Pengurus Barang
,,,"12 Ob x 250.000,00 = 3.000.000,00"
,,,Honor PPK SKPD
,,,"12 Ob x 215.000,00 = 2.580.000,00"
,,,Honor Pembantu PPK SKPD 2 org
,,,"24 Ob x 130.000,00 = 3.120.000,00"
,,,Honor Pembuat Dokumen 3 org
,,,"36 Ob x 130.000,00 = 4.680.000,00"
1.19 . 1.19.03 . 01 . 07 . 5 . 2 . 2 ,Belanja Barang dan Jasa ,97700000.00
1.19 . 1.19.03 . 01 . 07 . 5 . 2 . 2 . 01 ,Belanja Bahan Pakai Habis ,20000000.00
1.19 . 1.19.03 . 01 . 07 . 5 . 2 . 2 . 01 . 01 ,Belanja Alat Tulis Kantor ,20000000.00,Belanja Alat Tulis Kantor
,,,"1 Ls x 200.000,00 = 200.000,00"
1.19 . 1.19.03 . 01 . 07 . 5 . 2 . 2 . 06 ,Belanja Cetak dan Penggandaan ,15000000.00
1.19 . 1.19.03 . 01 . 07 . 5 . 2 . 2 . 06 . 02 ,Belanja Penggandaan ,15000000.00,Belanja Penggandaan
,,,Belanja Penggandaan / fotocopy
,,,"1,000 Lbr x 150,00 = 150.000,00"
1.19 . 1.19.03 . 01 . 07 . 5 . 2 . 2 . 11 ,Belanja Makanan dan  Minuman ,62700000.00
1.19 . 1.19.03 . 01 . 07 . 5 . 2 . 2 . 11 . 02 ,Belanja Makanan Dan Minuman Rapat ,62700000.00,Belanja Makanan dan Minuman Rapat
,,,"Belanja Snack, makan dan minum 11 0rg x 2 kali"
,,,"22 ok x 28.500,00 = 627.000,00"
1.19 . 1.19.03 . 01 . 08 ,Penyediaan jasa kebersihan kantor ,1720000000.00,Sumber Dana : 
,,,Lokasi Kegiatan : Kabupaten Bantul
,,,Keluaran :  Peralatan dan alat kebersihan terpenuhi
,,,Target:  1 Tahun
1.19 . 1.19.03 . 01 . 08 . 5 . 2 . 1 ,Belanja Pegawai ,1440000000.00
1.19 . 1.19.03 . 01 . 08 . 5 . 2 . 1 . 02 ,Honorarium Non PNS ,1440000000.00
1.19 . 1.19.03 . 01 . 08 . 5 . 2 . 1 . 02 . 03 ,Honorarium Pegawai Kontrak ,1440000000.00,Belanja Pegawai Kontrak
,,,Belanja Petugas Kebersihan 2 org
,,,"24 Ob x 600.000,00 = 14.400.000,00"
1.19 . 1.19.03 . 01 . 08 . 5 . 2 . 2 ,Belanja Barang dan Jasa ,280000000.00
1.19 . 1.19.03 . 01 . 08 . 5 . 2 . 2 . 01 ,Belanja Bahan Pakai Habis ,280000000.00
1.19 . 1.19.03 . 01 . 08 . 5 . 2 . 2 . 01 . 05 ,Belanja Peralatan Kebersihan Dan Bahan Pembersih ,280000000.00,Belanja Peralatan Kebersihan dan Bahan Pembersih
,,,"1 Ls x 2.800.000,00 = 2.800.000,00"
1.19 . 1.19.03 . 01 . 10 ,Penyediaan alat tulis kantor ,2016768000.00,Sumber Dana : 
,,,Lokasi Kegiatan : Kabupaten Bantul
,,,Keluaran :  Kebutuhan ATK terpenuhi
,,,Target:  1 Tahun
1.19 . 1.19.03 . 01 . 10 . 5 . 2 . 2 ,Belanja Barang dan Jasa ,2016768000.00
1.19 . 1.19.03 . 01 . 10 . 5 . 2 . 2 . 01 ,Belanja Bahan Pakai Habis ,2016768000.00
1.19 . 1.19.03 . 01 . 10 . 5 . 2 . 2 . 01 . 01 ,Belanja Alat Tulis Kantor ,2016768000.00,Belanja Alat Tulis Kantor
,,,"1 Ls x 20.167.680,00 = 20.167.680,00"
1.19 . 1.19.03 . 01 . 11 ,Penyediaan barang cetakan dan penggandaan ,1265000000.00,Sumber Dana : 
,,,Lokasi Kegiatan : Kabupaten Bantul
,,,Keluaran :  Kebutuhan cetakan dan foto copy terpenuhi
,,,Target:  1 Tahun
1.19 . 1.19.03 . 01 . 11 . 5 . 2 . 2 ,Belanja Barang dan Jasa ,1265000000.00
1.19 . 1.19.03 . 01 . 11 . 5 . 2 . 2 . 06 ,Belanja Cetak dan Penggandaan ,1265000000.00
1.19 . 1.19.03 . 01 . 11 . 5 . 2 . 2 . 06 . 01 ,Belanja Cetak ,500000000.00
,,,Belanja Cetak
,,,"1 Ls x 5.000.000,00 = 5.000.000,00"
1.19 . 1.19.03 . 01 . 11 . 5 . 2 . 2 . 06 . 02 ,Belanja Penggandaan ,765000000.00
,,,Belanja Penggandaan
,,,"51,000 Lbr x 150,00 = 7.650.000,00"
1.19 . 1.19.03 . 01 . 12 ,Penyediaan komponen instalasi listrik/penerangan bangunan kantor ,1000000000.00,Sumber Dana : 
,,,Lokasi Kegiatan : Kabupaten Bantul
,,,Keluaran :  Kebutuhan alat-alat listrik terpenuhi
,,,Target:  1 Tahun
1.19 . 1.19.03 . 01 . 12 . 5 . 2 . 2 ,Belanja Barang dan Jasa ,1000000000.00
1.19 . 1.19.03 . 01 . 12 . 5 . 2 . 2 . 01 ,Belanja Bahan Pakai Habis ,1000000000.00
1.19 . 1.19.03 . 01 . 12 . 5 . 2 . 2 . 01 . 03 ,"Belanja Alat Listrik Dan Elektronik (Lampu Pijar, Battery Kering) ",1000000000.00,Belanja Alat-alat Listrik dan Elektronik
,,,Belanja alat-alat listrik
,,,"1 Ls x 10.000.000,00 = 10.000.000,00"
1.19 . 1.19.03 . 01 . 15 ,Penyediaan bahan bacaan dan peraturan perundang-undangan ,417200000.00,Sumber Dana : 
,,,Lokasi Kegiatan : Kabupaten Bantul
,,,Keluaran :  Kebutuhan bacaan terpenuhi
,,,Target:  1 Tahun
1.19 . 1.19.03 . 01 . 15 . 5 . 2 . 2 ,Belanja Barang dan Jasa ,367200000.00
1.19 . 1.19.03 . 01 . 15 . 5 . 2 . 2 . 03 ,Belanja Jasa Kantor ,367200000.00
1.19 . 1.19.03 . 01 . 15 . 5 . 2 . 2 . 03 . 05 ,Belanja Surat Kabar/Majalah ,367200000.00,Belanja Surat Kabar / Majalah
,,,Belanja Surat Kabar/ Majalah
,,,"12 Bln x 306.000,00 = 3.672.000,00"
1.19 . 1.19.03 . 01 . 15 . 5 . 2 . 3 ,Belanja Modal ,50000000.00
1.19 . 1.19.03 . 01 . 15 . 5 . 2 . 3 . 82 ,Belanja Modal Aset Tetap Lainnya - Pengadaan Buku ,50000000.00
1.19 . 1.19.03 . 01 . 15 . 5 . 2 . 3 . 82 . 01 ,Belanja Modal Aset Tetap Lainnya - Pengadaan Buku Ilmu Pengetahuan Umum,50000000.00,Belanja modal pengadaan buku
,,,"1 ls x 500.000,00 = 500.000,00"

1.19 . 1.19.03 . 01 . 16 ,Penyediaan bahan logistik kantor ,500000000.00,Sumber Dana : 
,,,Lokasi Kegiatan : Kabupaten Bantul
,,,Keluaran :  Kabutuhan logistik terpenuhi
,,,Target:  1 Tahun
1.19 . 1.19.03 . 01 . 16 . 5 . 2 . 2 ,Belanja Barang dan Jasa ,500000000.00
1.19 . 1.19.03 . 01 . 16 . 5 . 2 . 2 . 01 ,Belanja Bahan Pakai Habis ,300000000.00
1.19 . 1.19.03 . 01 . 16 . 5 . 2 . 2 . 01 . 08 ,Belanja Pengisian Tabung Gas ,200000000.00,Belanja pengisian tabung gas
,,,"1 ls x 2.000.000,00 = 2.000.000,00"

1.19 . 1.19.03 . 01 . 16 . 5 . 2 . 2 . 01 . 11 ,Belanja Bahan medis (obat-obatan) habis pakai ,100000000.00,Belanja bahan medis (obat-obatan)
,,,Belanja obat-obatan
,,,"1 Ls x 1.000.000,00 = 1.000.000,00"

1.19 . 1.19.03 . 01 . 16 . 5 . 2 . 2 . 11 ,Belanja Makanan dan  Minuman ,200000000.00
1.19 . 1.19.03 . 01 . 16 . 5 . 2 . 2 . 11 . 01 ,Belanja Makanan Dan Minuman Harian Pegawai ,200000000.00,Belanja Makanan dan Minuman Harian Pegawai
,,,"Belanja pengisian air minum (isi ulang), gula, teh, kopi, dll"
,,,"1 Ls x 2.000.000,00 = 2.000.000,00"

1.19 . 1.19.03 . 01 . 17 ,Penyediaan makanan dan minuman ,2505500000.00,Sumber Dana : 
,,,Lokasi Kegiatan : Kabupaten Bantul
,,,"Keluaran :  Kebutuhan jamuan rapat, tamu dan operasional terpenuhi"
,,,Target:  1 Tahun
1.19 . 1.19.03 . 01 . 17 . 5 . 2 . 2 ,Belanja Barang dan Jasa ,2505500000.00
1.19 . 1.19.03 . 01 . 17 . 5 . 2 . 2 . 11 ,Belanja Makanan dan  Minuman ,2505500000.00
1.19 . 1.19.03 . 01 . 17 . 5 . 2 . 2 . 11 . 02 ,Belanja Makanan Dan Minuman Rapat ,570000000.00,"Belanja Makan, Snack dan Minum Rapat"
,,,"200 Ok x 28.500,00 = 5.700.000,00"
1.19 . 1.19.03 . 01 . 17 . 5 . 2 . 2 . 11 . 03 ,Belanja Makanan Dan Minuman Tamu ,997500000.00,"Belanja Makan, Snack dan Minum Tamu"
,,,"350 Ok x 28.500,00 = 9.975.000,00"
1.19 . 1.19.03 . 01 . 17 . 5 . 2 . 2 . 11 . 04 ,Belanja makanan dan minuman Lembur ,400000000.00,Belanja Makan dan Minum Lembur
,,,"200 Ok x 20.000,00 = 4.000.000,00"
1.19 . 1.19.03 . 01 . 17 . 5 . 2 . 2 . 11 . 05 ,Belanja Makanan dan Minuman Pelaksanaan Kegiatan ,538000000.00,Belanja Makan dan Minum Pelaksanaan Kegiatan
,,,Belanja Makan dan Minum Pelaksanaan Kegiatan :
,,,Operasional
,,,Upacara - upacara
,,,Pembinaan
,,,"200 Ok x 20.000,00 = 4.000.000,00"
,,,Belanja Penambah Daya Tahan Tubuh (PBK)
,,,"276 Ok x 5.000,00 = 1.380.000,00"
1.19 . 1.19.03 . 01 . 18 ,Rapat-rapat koordinasi dan konsultasi ke luar daerah ,12100000000.00,Sumber Dana : 
,,,Lokasi Kegiatan : Luar Propinsi
,,,Keluaran :  Kerjasama lintas daerah/propinsi
,,,Target:  1 Tahun
1.19 . 1.19.03 . 01 . 18 . 5 . 2 . 2 ,Belanja Barang dan Jasa ,12100000000.00
1.19 . 1.19.03 . 01 . 18 . 5 . 2 . 2 . 15 ,Belanja Perjalanan Dinas ,12100000000.00
1.19 . 1.19.03 . 01 . 18 . 5 . 2 . 2 . 15 . 02 ,Belanja Perjalanan Dinas Luar Daerah ,12100000000.00,"Perjalanan Dinas ke DKI, Wil Jabodetabek dan atau Daerah diluar Pulau Jawa"
,,,"Tiket 1 Ls x 15.000.000,00 = 15.000.000,00"
,,,"Gol IV 15 Oh x 1.700.000,00 = 25.500.000,00"
,,,"Gol III 15 Oh x 1.550.000,00 = 23.250.000,00"
,,,"Gol II 10 Oh x 1.425.000,00 = 14.250.000,00"
,,,Perjalanan Dinas di Pulau Jawa (di Luar DIY)
,,,Tiket
,,,"1 Ls x 8.000.000,00 = 8.000.000,00"
,,,"Gol III 20 Oh x 950.000,00 = 19.000.000,00"
,,,"Gol II 20 Oh x 800.000,00 = 16.000.000,00"
1.19 . 1.19.03 . 01 . 19 ,Rapat-rapat koordinasi dan konsultasi dalam daerah ,900000000.00,Sumber Dana : 
,,,Lokasi Kegiatan : Dalam Propinsi
,,,Keluaran :  Kerjasama antar daerah se - kab
,,,Target:  1 Tahun
1.19 . 1.19.03 . 01 . 19 . 5 . 2 . 2 ,Belanja Barang dan Jasa ,900000000.00
1.19 . 1.19.03 . 01 . 19 . 5 . 2 . 2 . 15 ,Belanja Perjalanan Dinas ,900000000.00
1.19 . 1.19.03 . 01 . 19 . 5 . 2 . 2 . 15 . 01 ,Belanja Perjalanan Dinas Dalam Daerah ,900000000.00,Perjalanan Dinas Dalam Kabupaten
,,,"Gol III 50 Oh x 40.000,00 = 2.000.000,00"
,,,"Gol II 50 Oh x 30.000,00 = 1.500.000,00"
,,,Perjalanan Dinas di propinsi DIY (Luar kabupaten)
,,,"Gol II 50 Oh x 50.000,00 = 2.500.000,00"
,,,"Gol III 50 Oh x 60.000,00 = 3.000.000,00"
1.19 . 1.19.03 . 01 . 22 ,Penyediaan jasa tenaga teknis pendukung/tenaga perkantoran ,130533600000.00,Sumber Dana : 
,,,Lokasi Kegiatan : Kabupaten Bantul
,,,Keluaran :  Kebutuhan tenaga tehnis terpenuhi
,,,Target:  1 Tahun
1.19 . 1.19.03 . 01 . 22 . 5 . 2 . 1 ,Belanja Pegawai ,130533600000.00
1.19 . 1.19.03 . 01 . 22 . 5 . 2 . 1 . 02 ,Honorarium Non PNS ,130533600000.00
1.19 . 1.19.03 . 01 . 22 . 5 . 2 . 1 . 02 . 02 ,Honorarium Pegawai Honorer/Tidak Tetap ,6873600000.00,Honorarium Pegawai Honorer / Tidak Tetap
,,,SAR Parangtritis 5 org
,,,"60 Ob x 1.145.600,00 = 68.736.000,00"
1.19 . 1.19.03 . 01 . 22 . 5 . 2 . 1 . 02 . 03 ,Honorarium Pegawai Kontrak ,123660000000.00,Honorarium Tenaga Tehnis Administrasi Keuangan
,,,"12 Ob x 1.350.000,00 = 16.200.000,00"
,,,Honorarium Tenaga Pusdalops
,,,Danru Pusdalops 3 org
,,,"36 Ob x 1.250.000,00 = 45.000.000,00"
,,,Admin Pusdalops 4 org
,,,"48 Ob x 1.050.000,00 = 50.400.000,00"
,,,Tehnis Pusdalops 5 org
,,,"60 Ob x 1.200.000,00 = 72.000.000,00"
,,,Honorarium Tenaga SAR
,,,Petugas SAR 72 org
,,,"864 Ob x 650.000,00 = 561.600.000,00"
,,,Honorarium Tenaga PBK
,,,Danru dan driver 8 org
,,,"96 Ob x 1.250.000,00 = 120.000.000,00"
,,,Anggota PBK 15 org
,,,"180 Ob x 1.200.000,00 = 216.000.000,00"
,,,Anggota PBK 3 org x 11 bln
,,,"33 Ob x 1.200.000,00 = 39.600.000,00"
,,,Honorarium Tenaga TRC
,,,Danru TRC 1 or
,,,"12 Ob x 1.250.000,00 = 15.000.000,00"
,,,Tehnis TRC 6 org
,,,"72 Ob x 1.100.000,00 = 79.200.000,00"
,,,Honorarium Tenaga Penjaga Togor
,,,Tehnis Penjaga Togor 3 org
,,,"36 Ob x 600.000,00 = 21.600.000,00"
1.19 . 1.19.03 . 02 ,Program Peningkatan Sarana dan Prasarana Aparatur ,55850000000.00
1.19 . 1.19.03 . 02 . 24 ,Pemeliharaan rutin/berkala kendaraan dinas/operasional ,13500000000.00,Sumber Dana : 
,,,Lokasi Kegiatan : Kabupaten Bantul
,,,Keluaran :  Perawatan kendaraan terpenuhi
,,,Target:  1 Tahun
1.19 . 1.19.03 . 02 . 24 . 5 . 2 . 2 ,Belanja Barang dan Jasa ,13500000000.00
1.19 . 1.19.03 . 02 . 24 . 5 . 2 . 2 . 05 ,Belanja Perawatan Kendaraan Bermotor ,13500000000.00
1.19 . 1.19.03 . 02 . 24 . 5 . 2 . 2 . 05 . 01 ,Belanja Jasa Service ,750000000.00,Belanja jasa service
,,,Belianja jasa service
,,,"1 Ls x 7.500.000,00 = 7.500.000,00"
1.19 . 1.19.03 . 02 . 24 . 5 . 2 . 2 . 05 . 02 ,Belanja Penggantian Suku Cadang ,3500000000.00,Belanja penggantian suku cadang
,,,"1 Ls x 35.000.000,00 = 35.000.000,00"
1.19 . 1.19.03 . 02 . 24 . 5 . 2 . 2 . 05 . 03 ,Belanja Bahan Bakar Minyak/Gas Dan Pelumas ,9250000000.00,Belanja Bahan Bakar Minyak/gas dan Pelumas
,,,Belanja Pelumas
,,,"1 Ls x 7.500.000,00 = 7.500.000,00"
,,,Belanja BBM
,,,"1 Ls x 85.000.000,00 = 85.000.000,00"
1.19 . 1.19.03 . 02 . 26 ,Pemeliharaan rutin/berkala perlengkapan gedung kantor ,3000000000.00,Sumber Dana : 
,,,Lokasi Kegiatan : Kabupaten Bantul
,,,Keluaran :  Pemeliharaan gedung terpenuhi
,,,Target:  1 Tahun
1.19 . 1.19.03 . 02 . 26 . 5 . 2 . 2 ,Belanja Barang dan Jasa ,3000000000.00
1.19 . 1.19.03 . 02 . 26 . 5 . 2 . 2 . 20 ,Belanja Pemeliharaan ,3000000000.00
1.19 . 1.19.03 . 02 . 26 . 5 . 2 . 2 . 20 . 05 ,Belanja Pemeliharan Gedung dan Bangunan ,3000000000.00,Belanja Pemeliharaan gedung dan bangunan
,,,"1 Ls x 30.000.000,00 = 30.000.000,00"
1.19 . 1.19.03 . 02 . 30 ,Pemeliharaan rutin/berkala peralatan dan perlengkapan kantor ,5000000000.00,Sumber Dana : 
,,,Lokasi Kegiatan : Kabupaten Bantul
,,,Keluaran :  Pemeliharaan EWS dan peralatan kantor terjaga
,,,Target:  1 Tahun
1.19 . 1.19.03 . 02 . 30 . 5 . 2 . 2 ,Belanja Barang dan Jasa ,5000000000.00
1.19 . 1.19.03 . 02 . 30 . 5 . 2 . 2 . 20 ,Belanja Pemeliharaan ,5000000000.00
1.19 . 1.19.03 . 02 . 30 . 5 . 2 . 2 . 20 . 04 ,Belanja Pemeliharan Peralatan dan Mesin ,5000000000.00,Belanja Pemeliharaan Peralatan dan Mesin
,,,Belanja pemeliharaan EWS (sku cadang dan service)
,,,"1 Ls x 30.000.000,00 = 30.000.000,00"
,,,"Belanja Pemeliharaan Peralatan dan Perlengkapan Kantor (Komputer, Printer, AC, Mebelair, dll)"
,,,"1 Ls x 20.000.000,00 = 20.000.000,00"
1.19 . 1.19.03 . 02 . 34 ,Pengadaan peralatan dan perlengkapan kantor ,34350000000.00,Sumber Dana : 
,,,Lokasi Kegiatan : Kabupaten Bantul
,,,Keluaran :  Kebutuhan sarana dan prasarana terpenuhi
,,,Target:  1 Tahun
1.19 . 1.19.03 . 02 . 34 . 5 . 2 . 2 ,Belanja Barang dan Jasa ,25100000000.00
1.19 . 1.19.03 . 02 . 34 . 5 . 2 . 2 . 02 ,Belanja Bahan/Material ,500000000.00
1.19 . 1.19.03 . 02 . 34 . 5 . 2 . 2 . 02 . 07 ,Belanja Cindera Mata ,500000000.00,Belanja Cindera Mata
,,,"1 Ls x 5.000.000,00 = 5.000.000,00"
1.19 . 1.19.03 . 02 . 34 . 5 . 2 . 2 . 23 ,Belanja Barang Untuk Diserahkan kepada Masyarakat/Pihak Ketiga ,17600000000.00
1.19 . 1.19.03 . 02 . 34 . 5 . 2 . 2 . 23 . 01 ,Belanja Barang Yang Akan Diserahkan Kepada Masyarakat ,17600000000.00,Belanja Barang yang akan diserahkan kepada masyarakat
,,,Belanja Gergaji mesin
,,,"11 unit x 10.000.000,00 = 110.000.000,00"
,,,"Belanja peralatan bendo, tali, dll"
,,,"1 ls x 66.000.000,00 = 66.000.000,00"
1.19 . 1.19.03 . 02 . 34 . 5 . 2 . 2 . 34 ,Belanja Perlengkapan Penyelamatan ,7000000000.00
1.19 . 1.19.03 . 02 . 34 . 5 . 2 . 2 . 34 . 01 ,Belanja Perlengkapan TRC ,2000000000.00,Belanja Perlengkapan TRC
,,,"1 Ls x 20.000.000,00 = 20.000.000,00"
1.19 . 1.19.03 . 02 . 34 . 5 . 2 . 2 . 34 . 02 ,Belanja Perlengkapan SAR ,2000000000.00,Belanja Perlengkapan SAR
,,,"1 Ls x 20.000.000,00 = 20.000.000,00"
1.19 . 1.19.03 . 02 . 34 . 5 . 2 . 2 . 34 . 03 ,Belanja Perlengkapan PBK ,3000000000.00,Belanja Perlengkapan PBK
,,,"1 Ls x 30.000.000,00 = 30.000.000,00"
1.19 . 1.19.03 . 02 . 34 . 5 . 2 . 3 ,Belanja Modal ,9250000000.00
1.19 . 1.19.03 . 02 . 34 . 5 . 2 . 3 . 28 ,Belanja Modal Peralatan dan Mesin - Pengadaan Alat Rumah Tangga ,3800000000.00
1.19 . 1.19.03 . 02 . 34 . 5 . 2 . 3 . 28 . 01 ,Belanja Modal Peralatan dan Mesin - Pengadaan Meubelair ,2300000000.00,Belanja Modal Pengadaan Alat Rumah Tangga
,,,Belanja Modal Pengadaan Tangga Aluminium
,,,"1 Bh x 5.000.000,00 = 5.000.000,00"
,,,Rak Partisi
,,,"1 Ls x 15.000.000,00 = 15.000.000,00"
,,,Gordyn
,,,"1 Ls x 3.000.000,00 = 3.000.000,00"
1.19 . 1.19.03 . 02 . 34 . 5 . 2 . 3 . 28 . 04 ,Belanja Modal Peralatan dan Mesin - Pengadaan Alat Pendingin ,1500000000.00,Belanja Modal Pengadaan AC Mobil
,,,Belanja Modal Pengadaan AC Mobil 2 unit
,,,"2 unit x 7.500.000,00 = 15.000.000,00"
1.19 . 1.19.03 . 02 . 34 . 5 . 2 . 3 . 29 ,Belanja Modal Peralatan dan Mesin - Pengadaan  Komputer ,2600000000.00
1.19 . 1.19.03 . 02 . 34 . 5 . 2 . 3 . 29 . 02 ,Belanja Modal Peralatan dan Mesin - Pengadaan Personal Komputer ,1600000000.00,Belanja Modal Pengadaan Notebook/Laptop
,,,Belanja Modal Pengadaan Laptop
,,,"2 Unit x 8.000.000,00 = 16.000.000,00"
1.19 . 1.19.03 . 02 . 34 . 5 . 2 . 3 . 29 . 05 ,Belanja Modal Peralatan dan Mesin - Pengadaan Peralatan Personal Komputer,1000000000.00,Belanja Modal Pengadaan Peralatan Komputer
,,,HDD Eksternal
,,,"1 Ls x 5.000.000,00 = 5.000.000,00"
,,,HDD Internal
,,,"1 Ls x 5.000.000,00 = 5.000.000,00"
1.19 . 1.19.03 . 02 . 34 . 5 . 2 . 3 . 31 ,Belanja Modal Peralatan dan Mesin - Pengadaan Alat Studio ,1500000000.00
1.19 . 1.19.03 . 02 . 34 . 5 . 2 . 3 . 31 . 02 ,Belanja Modal Peralatan dan Mesin - Pengadaan Peralatan Studio Video dan Film,1500000000.00,Belanja Modal Pengadaan Kamera
,,,"1 unit x 15.000.000,00 = 15.000.000,00"
1.19 . 1.19.03 . 02 . 34 . 5 . 2 . 3 . 32 ,Belanja Modal Peralatan dan Mesin - Pengadaan Alat Komunikasi ,500000000.00
1.19 . 1.19.03 . 02 . 34 . 5 . 2 . 3 . 32 . 06 ,Belanja Modal Peralatan dan Mesin - Pengadaan Alat Komunikasi Sosial ,500000000.00,Belanja Modal Pengadaan Sound System
,,,"1 set x 5.000.000,00 = 5.000.000,00"
1.19 . 1.19.03 . 02 . 34 . 5 . 2 . 3 . 48 ,Belanja Modal Peralatan dan Mesin -Pengadaan Alat Keamanan dan Perlindungan,850000000.00
1.19 . 1.19.03 . 02 . 34 . 5 . 2 . 3 . 48 . 01 ,Belanja Modal Peralatan dan Mesin -Pengadaan Alat Bantu Kemanan ,850000000.00,Belanja Modal Pengadaan Alat Bantu Keamanan
,,,Belanja Modal Pengadaan Anhang
,,,"1 Unit x 8.500.000,00 = 8.500.000,00"
1.19 . 1.19.03 . 03 ,Program peningkatan disiplin aparatur ,9607500000.00
1.19 . 1.19.03 . 03 . 03 ,Pengadaan pakaian kerja lapangan ,9607500000.00,Sumber Dana : 
,,,Lokasi Kegiatan : Kabupaten Bantul
,,,Keluaran :  Uniform petugas terpenuhi
,,,Target:  1 Tahun
1.19 . 1.19.03 . 03 . 03 . 5 . 2 . 2 ,Belanja Barang dan Jasa ,9607500000.00
1.19 . 1.19.03 . 03 . 03 . 5 . 2 . 2 . 13 ,Belanja Pakaian Kerja ,9607500000.00
1.19 . 1.19.03 . 03 . 03 . 5 . 2 . 2 . 13 . 01 ,Belanja Pakaian Kerja Lapangan ,9607500000.00
,,,Belanja Pakaian Kerja Lapangan
,,,Belanja pakaian kerja lapangan SAR
,,,"79 Bh x 360.000,00 = 28.440.000,00"
,,,Belanja pakaian kerja lapangan TRC
,,,"22 Bh x 360.000,00 = 7.920.000,00"
,,,Belanja pakaian kerja lapangan PBK
,,,"27 Bh x 385.000,00 = 10.395.000,00"
,,,Belanja pakaian kerja lapangan Pusdalops
,,,"12 Bh x 360.000,00 = 4.320.000,00"
,,,Belanja Pakaian Khusus
,,,Belanja Pakaian Khusus Tahan Panas
,,,"3 set x 15.000.000,00 = 45.000.000,00"
1.19 . 1.19.03 . 05 ,Program Peningkatan Kapasitas Sumber Daya Aparatur ,4212000000.00
1.19 . 1.19.03 . 05 . 01 ,Pendidikan dan pelatihan formal ,4212000000.00,Sumber Dana : 
,,,Lokasi Kegiatan : Kabupaten Bantul
,,,Keluaran :  Pelatihan berbasis perempuan
,,,Target:  150 Peserta
1.19 . 1.19.03 . 05 . 01 . 5 . 2 . 1 ,Belanja Pegawai ,87000000.00
1.19 . 1.19.03 . 05 . 01 . 5 . 2 . 1 . 01 ,Honorarium PNS ,87000000.00
1.19 . 1.19.03 . 05 . 01 . 5 . 2 . 1 . 01 . 01 ,Honorarium Panitia Pelaksana Kegiatan ,87000000.00,Honorarium Panitia Pelaksana Kegiatan
,,,Ketua
,,,"1 ok x 90.000,00 = 90.000,00"
,,,Sekretaris
,,,"1 ok x 80.000,00 = 80.000,00"
,,,Anggota
,,,"10 ok x 70.000,00 = 700.000,00"
1.19 . 1.19.03 . 05 . 01 . 5 . 2 . 2 ,Belanja Barang dan Jasa ,4125000000.00
1.19 . 1.19.03 . 05 . 01 . 5 . 2 . 2 . 01 ,Belanja Bahan Pakai Habis ,200000000.00
1.19 . 1.19.03 . 05 . 01 . 5 . 2 . 2 . 01 . 01 ,Belanja Alat Tulis Kantor ,200000000.00,Belanja Alat Tulis Kantor
,,,Belanja ATK
,,,"1 Ls x 500.000,00 = 500.000,00"
,,,Belanja Pelatihan Kits
,,,"100 O/p x 15.000,00 = 1.500.000,00"
1.19 . 1.19.03 . 05 . 01 . 5 . 2 . 2 . 02 ,Belanja Bahan/Material ,400000000.00
1.19 . 1.19.03 . 05 . 01 . 5 . 2 . 2 . 02 . 18 ,Belanja Bahan Percontohan ,400000000.00,Belanja Bahan Percontohan / Bahan Praktek
,,,"1 Ls x 4.000.000,00 = 4.000.000,00"
1.19 . 1.19.03 . 05 . 01 . 5 . 2 . 2 . 03 ,Belanja Jasa Kantor ,15000000.00
1.19 . 1.19.03 . 05 . 01 . 5 . 2 . 2 . 03 . 14 ,Belanja Dekorasi ,15000000.00,Belanja Dekorasi
,,,"1 Keg x 150.000,00 = 150.000,00"
1.19 . 1.19.03 . 05 . 01 . 5 . 2 . 2 . 06 ,Belanja Cetak dan Penggandaan ,112500000.00
1.19 . 1.19.03 . 05 . 01 . 5 . 2 . 2 . 06 . 02 ,Belanja Penggandaan ,112500000.00,Belanja Penggandaan
,,,"7,500 Lbr x 150,00 = 1.125.000,00"
1.19 . 1.19.03 . 05 . 01 . 5 . 2 . 2 . 07 ,Belanja Sewa Rumah/Gedung/Gudang/Parkir ,200000000.00
1.19 . 1.19.03 . 05 . 01 . 5 . 2 . 2 . 07 . 03 ,Belanja Sewa Ruang Rapat/Pertemuan ,200000000.00,Belanja Sewa Ruang Rapat/Pertemuan
,,,"2 Ok x 1.000.000,00 = 2.000.000,00"
1.19 . 1.19.03 . 05 . 01 . 5 . 2 . 2 . 10 ,Belanja Sewa Perlengkapan dan Peralatan Kantor ,100000000.00
1.19 . 1.19.03 . 05 . 01 . 5 . 2 . 2 . 10 . 01 ,Belanja Sewa Meja Kursi ,100000000.00,Belanja Sewa Meja Kursi
,,,"2 Keg x 500.000,00 = 1.000.000,00"
1.19 . 1.19.03 . 05 . 01 . 5 . 2 . 2 . 11 ,Belanja Makanan dan  Minuman ,1067500000.00
1.19 . 1.19.03 . 05 . 01 . 5 . 2 . 2 . 11 . 02 ,Belanja Makanan Dan Minuman Rapat ,142500000.00,Belanja Makanan dan Minuman Rapat
,,,"Belanja Makan, Snack dan Minum Rapat"
,,,"50 Ok x 28.500,00 = 1.425.000,00"
1.19 . 1.19.03 . 05 . 01 . 5 . 2 . 2 . 11 . 05 ,Belanja Makanan dan Minuman Pelaksanaan Kegiatan ,925000000.00,Belanja Makanan dan Minuman Pelaksanaan Kegiatan
,,,Belanja Snack dan Minum 125 x 2 x 2 hari
,,,"500 Ok x 8.500,00 = 4.250.000,00"
,,,Belanja Makan dan Minum 125 x 2 hari
,,,"250 Ok x 20.000,00 = 5.000.000,00"
1.19 . 1.19.03 . 05 . 01 . 5 . 2 . 2 . 13 ,Belanja Pakaian Kerja ,750000000.00
1.19 . 1.19.03 . 05 . 01 . 5 . 2 . 2 . 13 . 01 ,Belanja Pakaian Kerja Lapangan ,750000000.00,Belanja Pakaian Kera Lapangan
,,,Belanja pengadaan kaos
,,,"125 Bh x 60.000,00 = 7.500.000,00"
1.19 . 1.19.03 . 05 . 01 . 5 . 2 . 2 . 35 ,"Jasa Narasumber, Tenaga Ahli, Yuri, Entry Data, Petugas Fogging dan Petugas Lapangan",1280000000.00
1.19 . 1.19.03 . 05 . 01 . 5 . 2 . 2 . 35 . 01 ,Jasa Nara Sumber/Moderator/Tenaga Ahli ,680000000.00,Honorarium Nara Smber/ Moderator/ Tenaga Ahli
,,,Honorarium Nara Sumber 4 org @ 2 jpl
,,,"4 O/2jpl x 500.000,00 = 2.000.000,00"
,,,Honorarium Tenaga Ahli (Pelatih) 2 org @ 4 jpl x 2 hari
,,,"4 Oh x 1.000.000,00 = 4.000.000,00"
,,,Honorarium Moderator 2 org @ 2 jpl x 2 hari
,,,"4 Oh x 200.000,00 = 800.000,00"
1.19 . 1.19.03 . 05 . 01 . 5 . 2 . 2 . 35 . 05 ,Jasa Peserta Seminar/Simposium /Workshop/Sosialisasi ,600000000.00,Honorarium Peserta Pelatihan
,,,Honorarium Peserta Pelatihan 100 org x  2 hari
,,,"200 Oh x 30.000,00 = 6.000.000,00"

1.06 . 1.19.03 . 21 ,Program perencanaan pembangunan daerah ,1000000000.00
1.06 . 1.19.03 . 21 . 32 ,Penyusunan Rencana Strategis (Renstra) SKPD ,500000000.00,Sumber Dana : 
,,,Lokasi Kegiatan : Kabupaten Bantul
,,,Keluaran :  Tersusunnya Dokumen Rencana Strategis SKPD
,,,Target:  1 Tahun
1.06 . 1.19.03 . 21 . 32 . 5 . 2 . 1 ,Belanja Pegawai ,232000000.00
1.06 . 1.19.03 . 21 . 32 . 5 . 2 . 1 . 01 ,Honorarium PNS ,232000000.00
1.06 . 1.19.03 . 21 . 32 . 5 . 2 . 1 . 01 . 01 ,Honorarium Panitia Pelaksana Kegiatan ,232000000.00,Honorarium Panitia Pelaksana Kegiatan
,,,Pembina 1 org
,,,"2 ob x 200.000,00 = 400.000,00"
,,,Pengarah 1 org
,,,"2 ob x 180.000,00 = 360.000,00"
,,,Ketua 1 org
,,,"2 ob x 170.000,00 = 340.000,00"
,,,Sekretaris 1 org
,,,"2 ob x 160.000,00 = 320.000,00"
,,,Anggota 3 org
,,,"6 ob x 150.000,00 = 900.000,00"
1.06 . 1.19.03 . 21 . 32 . 5 . 2 . 2 ,Belanja Barang dan Jasa ,268000000.00
1.06 . 1.19.03 . 21 . 32 . 5 . 2 . 2 . 01 ,Belanja Bahan Pakai Habis ,23100000.00
1.06 . 1.19.03 . 21 . 32 . 5 . 2 . 2 . 01 . 01 ,Belanja Alat Tulis Kantor ,23100000.00,Belanja Alat Tulis Kantor
,,,"1 Ls x 231.000,00 = 231.000,00"
1.06 . 1.19.03 . 21 . 32 . 5 . 2 . 2 . 06 ,Belanja Cetak dan Penggandaan ,105000000.00
1.06 . 1.19.03 . 21 . 32 . 5 . 2 . 2 . 06 . 02 ,Belanja Penggandaan ,105000000.00,Belanja Penggandaan
,,,"7,000 Lbr x 150,00 = 1.050.000,00"
1.06 . 1.19.03 . 21 . 32 . 5 . 2 . 2 . 11 ,Belanja Makanan dan  Minuman ,139900000.00
1.06 . 1.19.03 . 21 . 32 . 5 . 2 . 2 . 11 . 02 ,Belanja Makanan Dan Minuman Rapat ,39900000.00,Belanja Makanan dan Minuman Rapat
,,,"Belanja makan, snack dan minum rapat"
,,,"14 ok x 28.500,00 = 399.000,00"
1.06 . 1.19.03 . 21 . 32 . 5 . 2 . 2 . 11 . 04 ,Belanja makanan dan minuman Lembur ,100000000.00,Belanja Makanan dan Minuman Lembur
,,,Belanja Makan dan Minum Lembur
,,,"50 Ok x 20.000,00 = 1.000.000,00"
1.06 . 1.19.03 . 21 . 33 ,Penyusunan Rencana Kerja (Renja) SKPD ,500000000.00,Sumber Dana : 
,,,Lokasi Kegiatan : Kabupaten Bantul
,,,Keluaran :  Tersusunnya Dokumen Rencana Kerja 
,,,SKPD
,,,Target:  1 Tahun
1.06 . 1.19.03 . 21 . 33 . 5 . 2 . 1 ,Belanja Pegawai ,232000000.00
1.06 . 1.19.03 . 21 . 33 . 5 . 2 . 1 . 01 ,Honorarium PNS ,232000000.00
1.06 . 1.19.03 . 21 . 33 . 5 . 2 . 1 . 01 . 01 ,Honorarium Panitia Pelaksana Kegiatan ,232000000.00,Honorarium Panitia Pelaksana Kegiatan
,,,Sekretaris 1 org
,,,"2 ob x 160.000,00 = 320.000,00"
,,,Anggota 3 org
,,,"6 ob x 150.000,00 = 900.000,00"
,,,Pengarah 1 org
,,,"2 ob x 180.000,00 = 360.000,00"
,,,Pembina 1 org
,,,"2 ob x 200.000,00 = 400.000,00"
,,,Ketua 1 org
,,,"2 ob x 170.000,00 = 340.000,00"
1.06 . 1.19.03 . 21 . 33 . 5 . 2 . 2 ,Belanja Barang dan Jasa ,268000000.00
1.06 . 1.19.03 . 21 . 33 . 5 . 2 . 2 . 01 ,Belanja Bahan Pakai Habis ,23100000.00
1.06 . 1.19.03 . 21 . 33 . 5 . 2 . 2 . 01 . 01 ,Belanja Alat Tulis Kantor ,23100000.00,Belanja Alat Tulis Kantor
,,,"1 Ls x 231.000,00 = 231.000,00"
1.06 . 1.19.03 . 21 . 33 . 5 . 2 . 2 . 06 ,Belanja Cetak dan Penggandaan ,105000000.00
1.06 . 1.19.03 . 21 . 33 . 5 . 2 . 2 . 06 . 02 ,Belanja Penggandaan ,105000000.00,Belanja Penggandaan
,,,"7,000 Lbr x 150,00 = 1.050.000,00"
1.06 . 1.19.03 . 21 . 33 . 5 . 2 . 2 . 11 ,Belanja Makanan dan  Minuman ,139900000.00
1.06 . 1.19.03 . 21 . 33 . 5 . 2 . 2 . 11 . 02 ,Belanja Makanan Dan Minuman Rapat ,39900000.00,Belanja Makanan dan Minuman Rapat
,,,"Belanja Makan, Snack dan Minm Rapat"
,,,"14 Ok x 28.500,00 = 399.000,00"
1.06 . 1.19.03 . 21 . 33 . 5 . 2 . 2 . 11 . 04 ,Belanja makanan dan minuman Lembur ,100000000.00,Belanja Makanan dan Minuman Lembur
,,,Belanja Makan dan Minum Lembur
,,,"50 Ok x 20.000,00 = 1.000.000,00"
1.19 . 1.19.03 . 22 ,Program pencegahan dini dan penanggulangan korban bencana alam ,114077850000.00
1.19 . 1.19.03 . 22 . 01 ,Pemantauan dan penyebarluasan informasi potensi bencana alam ,10368750000.00,Sumber Dana : 
,,,Lokasi Kegiatan : Kabupaten Bantul
,,,Keluaran :  Pemantauan dan penyebarluasan 
,,,informasi bencana
,,,Target:  1 Tahun
1.19 . 1.19.03 . 22 . 01 . 5 . 2 . 2 ,Belanja Barang dan Jasa ,10368750000.00
1.19 . 1.19.03 . 22 . 01 . 5 . 2 . 2 . 01 ,Belanja Bahan Pakai Habis ,35000000.00
1.19 . 1.19.03 . 22 . 01 . 5 . 2 . 2 . 01 . 01 ,Belanja Alat Tulis Kantor ,35000000.00,Belanja Alat Tulis Kantor
,,,"1 Ls x 350.000,00 = 350.000,00"
1.19 . 1.19.03 . 22 . 01 . 5 . 2 . 2 . 03 ,Belanja Jasa Kantor ,2600000000.00
1.19 . 1.19.03 . 22 . 01 . 5 . 2 . 2 . 03 . 15 ,Belanja Publikasi ,2600000000.00,Belanja Publikasi
,,,Publikasi Bantul Radio
,,,"1 Ls x 6.000.000,00 = 6.000.000,00"
,,,Bantul Expo
,,,"Sewa Stand, Dokumentasi,Dekorasi, Sewa Peralatan, Makan Minum Petugas Piket, dll"
,,,"1 Ls x 10.000.000,00 = 10.000.000,00"
,,,Karnaval
,,,"Dokumentasi,Dekorasi,Sewa Peralatan, Makan Minum Operasional, dll"
,,,"1 Ls x 5.000.000,00 = 5.000.000,00"
,,,"Spanduk, leaflet, dll"
,,,"1 Ls x 5.000.000,00 = 5.000.000,00"
1.19 . 1.19.03 . 22 . 01 . 5 . 2 . 2 . 06 ,Belanja Cetak dan Penggandaan ,275000000.00
1.19 . 1.19.03 . 22 . 01 . 5 . 2 . 2 . 06 . 01 ,Belanja Cetak ,200000000.00,Belanja Cetak Kegiatan Pengadaan Tenaga Kontrak
,,,"Belanja cetak LJK, Co card, dll"
,,,"1 Ls x 2.000.000,00 = 2.000.000,00"
1.19 . 1.19.03 . 22 . 01 . 5 . 2 . 2 . 06 . 02 ,Belanja Penggandaan ,75000000.00,Belanja Penggandaan/Foto copy Kegiatan Pengadaan Tenaga Kontrak
,,,"5,000 Lbr x 150,00 = 750.000,00"
1.19 . 1.19.03 . 22 . 01 . 5 . 2 . 2 . 11 ,Belanja Makanan dan  Minuman ,4169750000.00
1.19 . 1.19.03 . 22 . 01 . 5 . 2 . 2 . 11 . 02 ,Belanja Makanan Dan Minuman Rapat ,213750000.00,Belanja Makanan dan Minuman Rapat Kegiatan Pengadaan Tenaga kontrak
,,,"Belanja Makan, Snack dan Minum pelaksanaan Kegiatan"
,,,"75 Ok x 28.500,00 = 2.137.500,00"
1.19 . 1.19.03 . 22 . 01 . 5 . 2 . 2 . 11 . 05 ,Belanja Makanan dan Minuman Pelaksanaan Kegiatan ,3956000000.00,Belanja Makanan dan Minuman Pelaksanaan Kegiatan
,,,Belanja Makan dan Minum Evakuasi
,,,"1,000 Ok x 20.000,00 = 20.000.000,00"
,,,"Belanja Makan dan Minum Operasional (PAM, Kerja Bakti, dll)"
,,,"750 Ok x 20.000,00 = 15.000.000,00"
,,,"Belanja Makan, Snack dan Minum Kegiatan Pengadaan Tenaga Kontrak"
,,,"160 Ok x 28.500,00 = 4.560.000,00"
1.19 . 1.19.03 . 22 . 01 . 5 . 2 . 2 . 35 ,"Jasa Narasumber, Tenaga Ahli, Yuri, Entry Data, Petugas Fogging dan Petugas Lapangan",3289000000.00
1.19 . 1.19.03 . 22 . 01 . 5 . 2 . 2 . 35 . 01 ,Jasa Nara Sumber/Moderator/Tenaga Ahli ,289000000.00,Honorarium Narasumber/Tenaga Ahli Pengadaan Tenaga Kontrak
,,,Assesor
,,,"3 Ok x 150.000,00 = 450.000,00"
,,,Pewawancara
,,,"4 Ok x 200.000,00 = 800.000,00"
,,,Petugas Pengesahan Kartu Ujian 4 org x 1 hari
,,,"4 oh x 80.000,00 = 320.000,00"
,,,Petugas Pengawas Ujian 5 org x 1 hari
,,,"5 oh x 80.000,00 = 400.000,00"
,,,Petugas Penyusun Naskah Ujian 3 org x 2 materi
,,,"6 ok x 100.000,00 = 600.000,00"
,,,Petugas LJK Hasil Ujian 4 org x 1 hari
,,,"4 oh x 80.000,00 = 320.000,00"
1.19 . 1.19.03 . 22 . 01 . 5 . 2 . 2 . 35 . 09 ,Jasa Petugas Lapangan ,3000000000.00,Honorarium Petugas Lapangan TRC
,,,Honor petugas TRC 10 0rg x 12 bln
,,,"120 Ob x 250.000,00 = 30.000.000,00"
1.19 . 1.19.03 . 22 . 05 ,Peningkatan ketrampilan dan kualitas penanggulangan bencana alam ,14821750000.00,Sumber Dana : 
,,,Lokasi Kegiatan : Kabupaten Bantul
,,,Keluaran :  Ketrampilan dan kualitas penanggulangan bencana lebih meningkat
,,,Target:  1 Keg
1.19 . 1.19.03 . 22 . 05 . 5 . 2 . 1 ,Belanja Pegawai ,52000000.00
1.19 . 1.19.03 . 22 . 05 . 5 . 2 . 1 . 01 ,Honorarium PNS ,52000000.00
1.19 . 1.19.03 . 22 . 05 . 5 . 2 . 1 . 01 . 01 ,Honorarium Panitia Pelaksana Kegiatan ,52000000.00,Honorarium Panitia Pelaksana Kegiatan
,,,Ketua
,,,"1 Ok x 90.000,00 = 90.000,00"
,,,Sekretaris
,,,"1 Ok x 80.000,00 = 80.000,00"
,,,Anggota
,,,"5 Ok x 70.000,00 = 350.000,00"
1.19 . 1.19.03 . 22 . 05 . 5 . 2 . 2 ,Belanja Barang dan Jasa ,14769750000.00
1.19 . 1.19.03 . 22 . 05 . 5 . 2 . 2 . 01 ,Belanja Bahan Pakai Habis ,855000000.00
1.19 . 1.19.03 . 22 . 05 . 5 . 2 . 2 . 01 . 01 ,Belanja Alat Tulis Kantor ,855000000.00,Belanja Alat Tulis Kantor
,,,"1 Ls x 300.000,00 = 300.000,00"
,,,Belanja Seminar kit 50 peserta x 11 desa
,,,"550 o/p x 15.000,00 = 8.250.000,00"
1.19 . 1.19.03 . 22 . 05 . 5 . 2 . 2 . 03 ,Belanja Jasa Kantor ,165000000.00
1.19 . 1.19.03 . 22 . 05 . 5 . 2 . 2 . 03 . 14 ,Belanja Dekorasi ,165000000.00,Belanja Dekorasi
,,,Belanja Dekorasi 11 desa
,,,"11 Ls x 150.000,00 = 1.650.000,00"
1.19 . 1.19.03 . 22 . 05 . 5 . 2 . 2 . 07 ,Belanja Sewa Rumah/Gedung/Gudang/Parkir ,550000000.00
1.19 . 1.19.03 . 22 . 05 . 5 . 2 . 2 . 07 . 03 ,Belanja Sewa Ruang Rapat/Pertemuan ,550000000.00,Belanja sewa ruang rapat/pertemuan
,,,Belanja sewa ruang rapat/ pertemuan 11 pertemuan
,,,"11 Ok x 500.000,00 = 5.500.000,00"
1.19 . 1.19.03 . 22 . 05 . 5 . 2 . 2 . 11 ,Belanja Makanan dan  Minuman ,2944750000.00
1.19 . 1.19.03 . 22 . 05 . 5 . 2 . 2 . 11 . 02 ,Belanja Makanan Dan Minuman Rapat ,57000000.00,Belanja Makanan dan Minuman Rapat
,,,"Belanja Makan, Snack dan Minum Rapat"
,,,"20 Ok x 28.500,00 = 570.000,00"
1.19 . 1.19.03 . 22 . 05 . 5 . 2 . 2 . 11 . 05 ,Belanja Makanan dan Minuman Pelaksanaan Kegiatan ,2887750000.00,Belanja Makanan dan Minuman Pelaksanaan Kegiatan
,,,Belanja Snack dan Minum Pelaksanaan Kegiatan Binjas
,,,"1,000 Ok x 8.500,00 = 8.500.000,00"
,,,"Belanja Makan, Snack dan Minum Pelaksanaan Kegiatan "
,,,Peningkatan Ketrampilan dan Kualitas PB 65 org x 11 desa
,,,"715 Ok x 28.500,00 = 20.377.500,00"
1.19 . 1.19.03 . 22 . 05 . 5 . 2 . 2 . 13 ,Belanja Pakaian Kerja ,4290000000.00
1.19 . 1.19.03 . 22 . 05 . 5 . 2 . 2 . 13 . 01 ,Belanja Pakaian Kerja Lapangan ,4290000000.00,Belanja Pakaian Kerja Lapangan (kaos)
,,,Belanja pakaian kaos 65 org x 11 desa
,,,"715 buah x 60.000,00 = 42.900.000,00"
1.19 . 1.19.03 . 22 . 05 . 5 . 2 . 2 . 35 ,"Jasa Narasumber, Tenaga Ahli, Yuri, Entry Data, Petugas Fogging dan Petugas Lapangan",5965000000.00
1.19 . 1.19.03 . 22 . 05 . 5 . 2 . 2 . 35 . 01 ,Jasa Nara Sumber/Moderator/Tenaga Ahli ,4150000000.00,Honorarium Nara Sumber/Moderator/Tenaga Ahli
,,,Honorarium Instruktur Binjas
,,,"12 Bln x 250.000,00 = 3.000.000,00"
,,,Honorarium Narasumber Tingkat Lokal 2 org x 11 desa
,,,"22 ok x 1.500.000,00 = 33.000.000,00"
,,,Honorarium Narasumber Lainnya 1 org x 11 desa
,,,"11 ok x 500.000,00 = 5.500.000,00"
1.19 . 1.19.03 . 22 . 05 . 5 . 2 . 2 . 35 . 05 ,Jasa Peserta Seminar/Simposium /Workshop/Sosialisasi ,1815000000.00,Honorarium peserta pelatihan
,,,Honorarium peserta pelatihan 50 org x 11 desa
,,,"605 ok x 30.000,00 = 18.150.000,00"
1.19 . 1.19.03 . 22 . 13 ,Fasilitasi pemantauan dan penyaluran bantuan bencana alam ,31972500000.00,Sumber Dana : 
,,,Lokasi Kegiatan : Kabupaten Bantul
,,,Keluaran :  Penyaluran Bantuan Terfasilitasi
,,,Target:  100 %
1.19 . 1.19.03 . 22 . 13 . 5 . 2 . 1 ,Belanja Pegawai ,147500000.00
1.19 . 1.19.03 . 22 . 13 . 5 . 2 . 1 . 01 ,Honorarium PNS ,147500000.00
1.19 . 1.19.03 . 22 . 13 . 5 . 2 . 1 . 01 . 02 ,Honorarium Tim Pengadaan Barang Dan Jasa ,147500000.00,Honorarium Tim Pengadaan Barang dan Jasa Pengadaan 
,,,Bahan Bangunan
,,,Pejabat Pembuat Komitmen
,,,"1 o/p x 350.000,00 = 350.000,00"
,,,Pejabat Pengadaan Barang dan Jasa
,,,"1 o/p x 300.000,00 = 300.000,00"
,,,Pejabat Penerima Hasil Pekerjaan
,,,"1 o/p x 225.000,00 = 225.000,00"
,,,Honorarium Tim Pengadaan Barang dan Jasa Pengadaan 
,,,Bahan Makanan
,,,Pejabat Pembuat Komitmen
,,,"1 o/p x 250.000,00 = 250.000,00"
,,,Pejabat Pengadaan
,,,"1 o/p x 200.000,00 = 200.000,00"
,,,Pejabat Penerima Hasil Pekerjaan
,,,"1 o/p x 150.000,00 = 150.000,00"
1.19 . 1.19.03 . 22 . 13 . 5 . 2 . 2 ,Belanja Barang dan Jasa ,31825000000.00
1.19 . 1.19.03 . 22 . 13 . 5 . 2 . 2 . 01 ,Belanja Bahan Pakai Habis ,50000000.00
1.19 . 1.19.03 . 22 . 13 . 5 . 2 . 2 . 01 . 01 ,Belanja Alat Tulis Kantor ,50000000.00,Belanja Alat Tulis Kantor
,,,"1 Ls x 500.000,00 = 500.000,00"
1.19 . 1.19.03 . 22 . 13 . 5 . 2 . 2 . 02 ,Belanja Bahan/Material ,29700000000.00
1.19 . 1.19.03 . 22 . 13 . 5 . 2 . 2 . 02 . 01 ,Belanja Bahan Baku Bangunan ,21000000000.00,Belanja Bahan Baku Bangunan
,,,"Pasir, Semen, Kayu, Batu bata, Seng, dll"
,,,"10 Paket x 5.000.000,00 = 50.000.000,00"
,,,Bronjong
,,,"1 Ls x 160.000.000,00 = 160.000.000,00"
1.19 . 1.19.03 . 22 . 13 . 5 . 2 . 2 . 02 . 08 ,Belanja Bahan Makanan ,3700000000.00,Belanja Bahan Makanan
,,,"Beras, Mie Instan, Gula pasir, Telur, Minyak Goreng, Kecap, Sarden, dll"

,,,"200 Paket x 185.000,00 = 37.000.000,00"
1.19 . 1.19.03 . 22 . 13 . 5 . 2 . 2 . 02 . 14 ,Belanja Air Bersih ,5000000000.00,Belanja Air Bersih
,,,Belanja Bantuan Air Bersih
,,,"1 Ls x 50.000.000,00 = 50.000.000,00"
1.19 . 1.19.03 . 22 . 13 . 5 . 2 . 2 . 06 ,Belanja Cetak dan Penggandaan ,75000000.00
1.19 . 1.19.03 . 22 . 13 . 5 . 2 . 2 . 06 . 02 ,Belanja Penggandaan ,75000000.00,Belanja Penggandaan
,,,"5,000 Lbr x 150,00 = 750.000,00"
1.19 . 1.19.03 . 22 . 13 . 5 . 2 . 2 . 11 ,Belanja Makanan dan  Minuman ,2000000000.00
1.19 . 1.19.03 . 22 . 13 . 5 . 2 . 2 . 11 . 05 ,Belanja Makanan dan Minuman Pelaksanaan Kegiatan ,2000000000.00,Belanja Makanan dan Minuman Pelaksanaan Kegiatan
,,,"Belanja Makan dan Minum operasional (Pendistribusian bantuan, Pengambilan  logistik, Droping air, dll)"
,,,"1,000 Ok x 20.000,00 = 20.000.000,00"
1.19 . 1.19.03 . 22 . 15 ,Pengembangan desa siaga bencana ,4648500000.00,Sumber Dana : 
,,,Lokasi Kegiatan : Kabupaten Bantul
,,,Keluaran :  Desa Wukirsari dan Jatimulyo
,,,Target:  1 Keg
1.19 . 1.19.03 . 22 . 15 . 5 . 2 . 2 ,Belanja Barang dan Jasa ,4648500000.00
1.19 . 1.19.03 . 22 . 15 . 5 . 2 . 2 . 01 ,Belanja Bahan Pakai Habis ,275000000.00
1.19 . 1.19.03 . 22 . 15 . 5 . 2 . 2 . 01 . 01 ,Belanja Alat Tulis Kantor ,275000000.00,Belanja Alat Tulis Kantor
,,,Belanja ATK
,,,"1 Ls x 500.000,00 = 500.000,00"
,,,Belanja Seminar Kits
,,,"150 O/p x 15.000,00 = 2.250.000,00"
1.19 . 1.19.03 . 22 . 15 . 5 . 2 . 2 . 02 ,Belanja Bahan/Material ,300000000.00
1.19 . 1.19.03 . 22 . 15 . 5 . 2 . 2 . 02 . 18 ,Belanja Bahan Percontohan ,300000000.00,Belanja Bahan Percontohan/ Bahan Praktek
,,,Belanja Bahan Percontohan / Bahan Praktek
,,,"1 Ls x 3.000.000,00 = 3.000.000,00"
1.19 . 1.19.03 . 22 . 15 . 5 . 2 . 2 . 03 ,Belanja Jasa Kantor ,60000000.00
1.19 . 1.19.03 . 22 . 15 . 5 . 2 . 2 . 03 . 14 ,Belanja Dekorasi ,60000000.00,Belanja Dekorasi
,,,"2 Keg x 300.000,00 = 600.000,00"
1.19 . 1.19.03 . 22 . 15 . 5 . 2 . 2 . 06 ,Belanja Cetak dan Penggandaan ,75000000.00
1.19 . 1.19.03 . 22 . 15 . 5 . 2 . 2 . 06 . 02 ,Belanja Penggandaan ,75000000.00,Belanja Penggandaan
,,,"5,000 Lbr x 150,00 = 750.000,00"
1.19 . 1.19.03 . 22 . 15 . 5 . 2 . 2 . 07 ,Belanja Sewa Rumah/Gedung/Gudang/Parkir ,100000000.00
1.19 . 1.19.03 . 22 . 15 . 5 . 2 . 2 . 07 . 02 ,Belanja Sewa Gedung/Kantor/Tempat ,100000000.00,Belanja Sewa Gedung/Tempat
,,,Belanja sewa gedung
,,,"2 Keg x 500.000,00 = 1.000.000,00"
1.19 . 1.19.03 . 22 . 15 . 5 . 2 . 2 . 10 ,Belanja Sewa Perlengkapan dan Peralatan Kantor ,60000000.00
1.19 . 1.19.03 . 22 . 15 . 5 . 2 . 2 . 10 . 01 ,Belanja Sewa Meja Kursi ,60000000.00,Belanja Sewa Meja Kursi
,,,"2 Keg x 300.000,00 = 600.000,00"
1.19 . 1.19.03 . 22 . 15 . 5 . 2 . 2 . 11 ,Belanja Makanan dan  Minuman ,1168500000.00
1.19 . 1.19.03 . 22 . 15 . 5 . 2 . 2 . 11 . 02 ,Belanja Makanan Dan Minuman Rapat ,85500000.00,Belanja Makanan dan Minuman Rapat
,,,"Belanja Makan, Snack dan Minum Rapat"
,,,"30 Ok x 28.500,00 = 855.000,00"
1.19 . 1.19.03 . 22 . 15 . 5 . 2 . 2 . 11 . 05 ,Belanja Makanan dan Minuman Pelaksanaan Kegiatan ,1083000000.00,Belanja Makanan dan Minuman Pelaksanaan Kegiatan
,,,"Belanja Makan, Snack dan Minum Pelaksanaan Kegiatan"
,,,"380 Ok x 28.500,00 = 10.830.000,00"
1.19 . 1.19.03 . 22 . 15 . 5 . 2 . 2 . 13 ,Belanja Pakaian Kerja ,1140000000.00
1.19 . 1.19.03 . 22 . 15 . 5 . 2 . 2 . 13 . 01 ,Belanja Pakaian Kerja Lapangan ,1140000000.00,Belanja Pakaian Kerja Lapangan
,,,Belanja pakaian kaos
,,,"190 Bh x 60.000,00 = 11.400.000,00"
1.19 . 1.19.03 . 22 . 15 . 5 . 2 . 2 . 35 ,"Jasa Narasumber, Tenaga Ahli, Yuri, Entry Data, Petugas Fogging dan Petugas Lapangan",1470000000.00
1.19 . 1.19.03 . 22 . 15 . 5 . 2 . 2 . 35 . 01 ,Jasa Nara Sumber/Moderator/Tenaga Ahli ,720000000.00,Honorarium Nara Sumber/Moderator/Tenaga Ahli
,,,Honorarium Nara Sumber 2 org/2jpl x 2 hr x 2 desa
,,,"6 O/jpl x 500.000,00 = 3.000.000,00"
,,,Honorarium Fasilitator 2 org/2jpl x 2 hr x 2 desa
,,,"6 O/jpl x 500.000,00 = 3.000.000,00"
,,,Honorarium Moderator 2 org/2jpl x 2 hr x 2 desa
,,,"6 O/jpl x 200.000,00 = 1.200.000,00"
1.19 . 1.19.03 . 22 . 15 . 5 . 2 . 2 . 35 . 05 ,Jasa Peserta Seminar/Simposium /Workshop/Sosialisasi ,750000000.00,Honorarium Peserta
,,,Honorarium Peserta 75 org x 2 hr x 2 desa
,,,"300 Ok x 25.000,00 = 7.500.000,00"
1.19 . 1.19.03 . 22 . 18 ,Gladi posko dan gladi lapang ,7133250000.00,Sumber Dana : 
,,,Lokasi Kegiatan : Kabupaten Bantul
,,,Keluaran :  Simulasi bencana
,,,Target:  500 Masyarakat
1.19 . 1.19.03 . 22 . 18 . 5 . 2 . 1 ,Belanja Pegawai ,157000000.00
1.19 . 1.19.03 . 22 . 18 . 5 . 2 . 1 . 01 ,Honorarium PNS ,157000000.00
1.19 . 1.19.03 . 22 . 18 . 5 . 2 . 1 . 01 . 01 ,Honorarium Panitia Pelaksana Kegiatan ,157000000.00,Honorarium Panitia Pelaksana Kegiatan
,,,Ketua
,,,"1 Ok x 90.000,00 = 90.000,00"
,,,Sekretaris
,,,"1 Ok x 80.000,00 = 80.000,00"
,,,Anggota
,,,"20 Ok x 70.000,00 = 1.400.000,00"
1.19 . 1.19.03 . 22 . 18 . 5 . 2 . 2 ,Belanja Barang dan Jasa ,6976250000.00
1.19 . 1.19.03 . 22 . 18 . 5 . 2 . 2 . 01 ,Belanja Bahan Pakai Habis ,40000000.00
1.19 . 1.19.03 . 22 . 18 . 5 . 2 . 2 . 01 . 01 ,Belanja Alat Tulis Kantor ,40000000.00,Belanja Alat Tulis Kantor
,,,"1 Ls x 400.000,00 = 400.000,00"
1.19 . 1.19.03 . 22 . 18 . 5 . 2 . 2 . 02 ,Belanja Bahan/Material ,300000000.00
1.19 . 1.19.03 . 22 . 18 . 5 . 2 . 2 . 02 . 18 ,Belanja Bahan Percontohan ,300000000.00,Belanja Bahan Percontohan / Bahan Praktek
,,,Belanja bahan percontohan/ bahan praktek
,,,"1 Ls x 3.000.000,00 = 3.000.000,00"
1.19 . 1.19.03 . 22 . 18 . 5 . 2 . 2 . 03 ,Belanja Jasa Kantor ,145000000.00
1.19 . 1.19.03 . 22 . 18 . 5 . 2 . 2 . 03 . 14 ,Belanja Dekorasi ,45000000.00,Belanja Dekorasi
,,,"3 Keg x 150.000,00 = 450.000,00"
1.19 . 1.19.03 . 22 . 18 . 5 . 2 . 2 . 03 . 15 ,Belanja Publikasi ,100000000.00,Belanja Publikasi
,,,"1 Ls x 1.000.000,00 = 1.000.000,00"
1.19 . 1.19.03 . 22 . 18 . 5 . 2 . 2 . 06 ,Belanja Cetak dan Penggandaan ,112500000.00
1.19 . 1.19.03 . 22 . 18 . 5 . 2 . 2 . 06 . 02 ,Belanja Penggandaan ,112500000.00,Belanja Penggandaan
,,,"7,500 Lbr x 150,00 = 1.125.000,00"
1.19 . 1.19.03 . 22 . 18 . 5 . 2 . 2 . 07 ,Belanja Sewa Rumah/Gedung/Gudang/Parkir ,100000000.00
1.19 . 1.19.03 . 22 . 18 . 5 . 2 . 2 . 07 . 03 ,Belanja Sewa Ruang Rapat/Pertemuan ,100000000.00,Belanja Sewa Ruang Rapat/pertemuan
,,,"2 Keg x 500.000,00 = 1.000.000,00"
1.19 . 1.19.03 . 22 . 18 . 5 . 2 . 2 . 10 ,Belanja Sewa Perlengkapan dan Peralatan Kantor ,60000000.00
1.19 . 1.19.03 . 22 . 18 . 5 . 2 . 2 . 10 . 01 ,Belanja Sewa Meja Kursi ,60000000.00,Belanja Sewa Meja Kursi
,,,"2 Keg x 300.000,00 = 600.000,00"
1.19 . 1.19.03 . 22 . 18 . 5 . 2 . 2 . 11 ,Belanja Makanan dan  Minuman ,4203750000.00
1.19 . 1.19.03 . 22 . 18 . 5 . 2 . 2 . 11 . 02 ,Belanja Makanan Dan Minuman Rapat ,213750000.00,Belanja Makanan dan Minuman Rapat
,,,"Belanja Makan, Snack dan Minum Rapat"
,,,"75 Ok x 28.500,00 = 2.137.500,00"
1.19 . 1.19.03 . 22 . 18 . 5 . 2 . 2 . 11 . 05 ,Belanja Makanan dan Minuman Pelaksanaan Kegiatan ,3990000000.00,Belanja Makanan dan Minuman Pelaksanaan Kegiatan
,,,"Belanja Makan, Snack dan Minum Pelaksanaan kegiatan Sosialisasi"
,,,"550 Ok x 28.500,00 = 15.675.000,00"
,,,"Belanja Makan, Snack dan Minum Pelaksanaan kegiatan Gladi Posko"
,,,"150 Ok x 28.500,00 = 4.275.000,00"
,,,"Belanja Makan, Snack dan Minum Pelaksanaan kegiatan Gladi Lapang"
,,,"700 Ok x 28.500,00 = 19.950.000,00"
1.19 . 1.19.03 . 22 . 18 . 5 . 2 . 2 . 35 ,"Jasa Narasumber, Tenaga Ahli, Yuri, Entry Data, Petugas Fogging dan Petugas Lapangan",2015000000.00
1.19 . 1.19.03 . 22 . 18 . 5 . 2 . 2 . 35 . 01 ,Jasa Nara Sumber/Moderator/Tenaga Ahli ,640000000.00,Honorarium Nara Sumber/Moderator/Tenaga Ahli
,,,Honorarium Nara Sumber 2 org/2 jpl x 4 keg
,,,"8 O/jpl x 800.000,00 = 6.400.000,00"
1.19 . 1.19.03 . 22 . 18 . 5 . 2 . 2 . 35 . 05 ,Jasa Peserta Seminar/Simposium /Workshop/Sosialisasi ,1375000000.00,Honorarium Peserta
,,,Honorarium Peserta Gladi Lapang
,,,"550 Ok x 25.000,00 = 13.750.000,00"
1.19 . 1.19.03 . 22 . 19 ,Fasilitasi dan Koordinasi penanganan kerusakan infrastruktur ,1212500000.00,Sumber Dana : 
,,,Lokasi Kegiatan : Kabupaten Bantul
,,,Keluaran :  Koordinasi penanganan kerusakan infrastruktur
,,,Target:  1 Tahun
1.19 . 1.19.03 . 22 . 19 . 5 . 2 . 2 ,Belanja Barang dan Jasa ,1212500000.00
1.19 . 1.19.03 . 22 . 19 . 5 . 2 . 2 . 01 ,Belanja Bahan Pakai Habis ,100000000.00
1.19 . 1.19.03 . 22 . 19 . 5 . 2 . 2 . 01 . 01 ,Belanja Alat Tulis Kantor ,100000000.00,Belanja Alat Tulis Kantor
,,,"1 ls x 1.000.000,00 = 1.000.000,00"
1.19 . 1.19.03 . 22 . 19 . 5 . 2 . 2 . 06 ,Belanja Cetak dan Penggandaan ,400000000.00
1.19 . 1.19.03 . 22 . 19 . 5 . 2 . 2 . 06 . 01 ,Belanja Cetak ,250000000.00,Belanja Cetak
,,,"1 Ls x 2.500.000,00 = 2.500.000,00"
1.19 . 1.19.03 . 22 . 19 . 5 . 2 . 2 . 06 . 02 ,Belanja Penggandaan ,150000000.00,Belanja penggandaan
,,,"10,000 Lbr x 150,00 = 1.500.000,00"
1.19 . 1.19.03 . 22 . 19 . 5 . 2 . 2 . 11 ,Belanja Makanan dan  Minuman ,712500000.00
1.19 . 1.19.03 . 22 . 19 . 5 . 2 . 2 . 11 . 02 ,Belanja Makanan Dan Minuman Rapat ,142500000.00,Belanja Makanan dan Minuman Rapat
,,,"Belanja Makan, Snack dan Minum Rapat"
,,,"50 Ok x 28.500,00 = 1.425.000,00"
1.19 . 1.19.03 . 22 . 19 . 5 . 2 . 2 . 11 . 05 ,Belanja Makanan dan Minuman Pelaksanaan Kegiatan ,570000000.00,Belanja Makanan dan Minuman Pelaksanaan Kegiatan
,,,"Belanja Makan, Snack dan Minum Kegiatan Sosialisasi"
,,,"200 Ok x 28.500,00 = 5.700.000,00"
1.19 . 1.19.03 . 22 . 21 ,Penyusunan rencana operasi kedaruratan ,2722750000.00,Sumber Dana : 
,,,Lokasi Kegiatan : Kabupaten Bantul
,,,Keluaran :  Disusunnya Dokumen Rencana Operasi Kedaduratan Bencana Banjir
,,,Target:  1 Dokumen
1.19 . 1.19.03 . 22 . 21 . 5 . 2 . 2 ,Belanja Barang dan Jasa ,2722750000.00
1.19 . 1.19.03 . 22 . 21 . 5 . 2 . 2 . 01 ,Belanja Bahan Pakai Habis ,90000000.00
1.19 . 1.19.03 . 22 . 21 . 5 . 2 . 2 . 01 . 01 ,Belanja Alat Tulis Kantor ,90000000.00,Belanja Alat tulis kantor
,,,"1 Ls x 300.000,00 = 300.000,00"
,,,Belanja Seminar kit
,,,"40 O/p x 15.000,00 = 600.000,00"
1.19 . 1.19.03 . 22 . 21 . 5 . 2 . 2 . 03 ,Belanja Jasa Kantor ,15000000.00
1.19 . 1.19.03 . 22 . 21 . 5 . 2 . 2 . 03 . 14 ,Belanja Dekorasi ,15000000.00,Belanja Dekorasi
,,,"1 Keg x 150.000,00 = 150.000,00"
1.19 . 1.19.03 . 22 . 21 . 5 . 2 . 2 . 07 ,Belanja Sewa Rumah/Gedung/Gudang/Parkir ,600000000.00
1.19 . 1.19.03 . 22 . 21 . 5 . 2 . 2 . 07 . 03 ,Belanja Sewa Ruang Rapat/Pertemuan ,600000000.00,Belanja Sewa Ruang Rapat/Pertemuan
,,,"6 Keg x 1.000.000,00 = 6.000.000,00"
1.19 . 1.19.03 . 22 . 21 . 5 . 2 . 2 . 10 ,Belanja Sewa Perlengkapan dan Peralatan Kantor ,300000000.00
1.19 . 1.19.03 . 22 . 21 . 5 . 2 . 2 . 10 . 01 ,Belanja Sewa Meja Kursi ,300000000.00,Belanja Sewa Meja Kursi
,,,"6 Keg x 500.000,00 = 3.000.000,00"
1.19 . 1.19.03 . 22 . 21 . 5 . 2 . 2 . 11 ,Belanja Makanan dan  Minuman ,897750000.00
1.19 . 1.19.03 . 22 . 21 . 5 . 2 . 2 . 11 . 02 ,Belanja Makanan Dan Minuman Rapat ,42750000.00,Belanja Makanan dan Minuman Rapat
,,,"Belanja Makan, Snack dan Minum"
,,,"15 Ok x 28.500,00 = 427.500,00"
1.19 . 1.19.03 . 22 . 21 . 5 . 2 . 2 . 11 . 05 ,Belanja Makanan dan Minuman Pelaksanaan Kegiatan ,855000000.00,Belanja Makanan dan Minuman Pelaksanaan Kegiatan
,,,"Belanja Makan, Snack dan Minum 50 org x 6 FGD"
,,,"300 Ok x 28.500,00 = 8.550.000,00"
1.19 . 1.19.03 . 22 . 21 . 5 . 2 . 2 . 35 ,"Jasa Narasumber, Tenaga Ahli, Yuri, Entry Data, Petugas Fogging dan Petugas Lapangan",820000000.00
1.19 . 1.19.03 . 22 . 21 . 5 . 2 . 2 . 35 . 01 ,Jasa Nara Sumber/Moderator/Tenaga Ahli ,220000000.00,Honorarium Nara Sumber/Moderator/Tenaga Ahli
,,,Honorarium Nara Sumber tingkat lokal 1 org/2 jpl
,,,"1 O/jpl x 1.000.000,00 = 1.000.000,00"
,,,Honorarium Nara Sumber Lainnya 2org/2 jpl
,,,"2 O/jpl x 500.000,00 = 1.000.000,00"
,,,Honorarium Moderator 1 org/2 jpl
,,,"1 O/jpl x 200.000,00 = 200.000,00"
1.19 . 1.19.03 . 22 . 21 . 5 . 2 . 2 . 35 . 05 ,Jasa Peserta Seminar/Simposium /Workshop/Sosialisasi ,600000000.00,honorarium Peserta
,,,"240 Ok x 25.000,00 = 6.000.000,00"
1.19 . 1.19.03 . 22 . 22 ,Pengembangan budaya sadar bencana ,2831850000.00,Sumber Dana : 
,,,Lokasi Kegiatan : Kabupaten Bantul
,,,Keluaran :  Pengembangan budaya sadar bencana bagi siswa
,,,Target:  1 Keg
1.19 . 1.19.03 . 22 . 22 . 5 . 2 . 2 ,Belanja Barang dan Jasa ,2831850000.00
1.19 . 1.19.03 . 22 . 22 . 5 . 2 . 2 . 01 ,Belanja Bahan Pakai Habis ,330000000.00
1.19 . 1.19.03 . 22 . 22 . 5 . 2 . 2 . 01 . 01 ,Belanja Alat Tulis Kantor ,330000000.00,Belanja Alat Tulis Kantor
,,,"1 Ls x 300.000,00 = 300.000,00"
,,,Belanja Seminar Kit
,,,"200 O/p x 15.000,00 = 3.000.000,00"
1.19 . 1.19.03 . 22 . 22 . 5 . 2 . 2 . 03 ,Belanja Jasa Kantor ,15000000.00
1.19 . 1.19.03 . 22 . 22 . 5 . 2 . 2 . 03 . 14 ,Belanja Dekorasi ,15000000.00,Belanja Dekorasi
,,,"1 Keg x 150.000,00 = 150.000,00"
1.19 . 1.19.03 . 22 . 22 . 5 . 2 . 2 . 06 ,Belanja Cetak dan Penggandaan ,160000000.00
1.19 . 1.19.03 . 22 . 22 . 5 . 2 . 2 . 06 . 01 ,Belanja Cetak ,100000000.00,Belanja Cetak
,,,"1 Ls x 1.000.000,00 = 1.000.000,00"
1.19 . 1.19.03 . 22 . 22 . 5 . 2 . 2 . 06 . 02 ,Belanja Penggandaan ,60000000.00,Belanja Penggandaan
,,,"4,000 Lbr x 150,00 = 600.000,00"
1.19 . 1.19.03 . 22 . 22 . 5 . 2 . 2 . 07 ,Belanja Sewa Rumah/Gedung/Gudang/Parkir ,100000000.00
1.19 . 1.19.03 . 22 . 22 . 5 . 2 . 2 . 07 . 03 ,Belanja Sewa Ruang Rapat/Pertemuan ,100000000.00,Belanja Sewa Ruang Rapat/Pertemuan
,,,"1 Keg x 1.000.000,00 = 1.000.000,00"
1.19 . 1.19.03 . 22 . 22 . 5 . 2 . 2 . 10 ,Belanja Sewa Perlengkapan dan Peralatan Kantor ,50000000.00
1.19 . 1.19.03 . 22 . 22 . 5 . 2 . 2 . 10 . 01 ,Belanja Sewa Meja Kursi ,50000000.00,Belanja Sewa Meja Kursi
,,,"1 Keg x 500.000,00 = 500.000,00"
1.19 . 1.19.03 . 22 . 22 . 5 . 2 . 2 . 11 ,Belanja Makanan dan  Minuman ,686850000.00
1.19 . 1.19.03 . 22 . 22 . 5 . 2 . 2 . 11 . 02 ,Belanja Makanan Dan Minuman Rapat ,59850000.00,Belanja Makanan dan Minuman Rapat
,,,"Belanja Makan, Snack dan Minum Rapat"
,,,"21 Ok x 28.500,00 = 598.500,00"
1.19 . 1.19.03 . 22 . 22 . 5 . 2 . 2 . 11 . 05 ,Belanja Makanan dan Minuman Pelaksanaan Kegiatan ,627000000.00,Belanja Makanan dan Minuman Pelaksanaan Kegiatan
,,,"Belanja Makan, Snack dan Minum Pelaksanaan Kegiatan"
,,,"220 Ok x 28.500,00 = 6.270.000,00"
1.19 . 1.19.03 . 22 . 22 . 5 . 2 . 2 . 13 ,Belanja Pakaian Kerja ,1320000000.00
1.19 . 1.19.03 . 22 . 22 . 5 . 2 . 2 . 13 . 01 ,Belanja Pakaian Kerja Lapangan ,1320000000.00,Belanja Pakaian Kerja Lapangan
,,,Belanja kaos
,,,"220 Bh x 60.000,00 = 13.200.000,00"
1.19 . 1.19.03 . 22 . 22 . 5 . 2 . 2 . 35 ,"Jasa Narasumber, Tenaga Ahli, Yuri, Entry Data, Petugas Fogging dan Petugas Lapangan",170000000.00
1.19 . 1.19.03 . 22 . 22 . 5 . 2 . 2 . 35 . 01 ,Jasa Nara Sumber/Moderator/Tenaga Ahli ,170000000.00,Belanja Nara Sumber/Moderator/ Tenaga Ahli
,,,Honorarium Narasumber 3 org/2jpl
,,,"3 O/jpl x 500.000,00 = 1.500.000,00"
,,,Honorarium Moderator 1 org/2jpl
,,,"1 O/jpl x 200.000,00 = 200.000,00"
1.19 . 1.19.03 . 22 . 23 ,Pembuatan Dokumen Rencana Aksi Daerah (RAD) dan Kontijensi Plan ,11714750000.00,Sumber Dana : 
,,,Lokasi Kegiatan : Kabupaten Bantul
,,,Keluaran :  Dokumen Rencana Kontijensi Longsor
,,,Target:  1 Dokumen
1.19 . 1.19.03 . 22 . 23 . 5 . 2 . 1 ,Belanja Pegawai ,139500000.00
1.19 . 1.19.03 . 22 . 23 . 5 . 2 . 1 . 01 ,Honorarium PNS ,139500000.00
1.19 . 1.19.03 . 22 . 23 . 5 . 2 . 1 . 01 . 01 ,Honorarium Panitia Pelaksana Kegiatan ,52000000.00,Honorarium Panitia Pelaksana Kegiatan
,,,Ketua
,,,"1 Ok x 90.000,00 = 90.000,00"
,,,Sekretaris
,,,"1 ok x 80.000,00 = 80.000,00"
,,,Anggota
,,,"5 Ok x 70.000,00 = 350.000,00"
1.19 . 1.19.03 . 22 . 23 . 5 . 2 . 1 . 01 . 02 ,Honorarium Tim Pengadaan Barang Dan Jasa ,87500000.00,Honorarium Tim Pengadaan Barang dan Jasa
,,,Pejabat Pembuat Komitmen
,,,"1 O/p x 350.000,00 = 350.000,00"
,,,Pejabat Pengadaan Barang dan Jasa
,,,"1 O/p x 300.000,00 = 300.000,00"
,,,Pejabat Penerima hasil Pekerjaan
,,,"1 O/p x 225.000,00 = 225.000,00"
1.19 . 1.19.03 . 22 . 23 . 5 . 2 . 2 ,Belanja Barang dan Jasa ,11575250000.00
1.19 . 1.19.03 . 22 . 23 . 5 . 2 . 2 . 01 ,Belanja Bahan Pakai Habis ,125000000.00
1.19 . 1.19.03 . 22 . 23 . 5 . 2 . 2 . 01 . 01 ,Belanja Alat Tulis Kantor ,125000000.00,Belanja Alat Tulis Kantor Penyusunan Rencana Aksi Daerah
,,,Belanja Alat Tulis kantor
,,,"1 Ls x 650.000,00 = 650.000,00"
,,,Belanja Seminar kit
,,,"40 O/p x 15.000,00 = 600.000,00"
1.19 . 1.19.03 . 22 . 23 . 5 . 2 . 2 . 06 ,Belanja Cetak dan Penggandaan ,150000000.00
1.19 . 1.19.03 . 22 . 23 . 5 . 2 . 2 . 06 . 02 ,Belanja Penggandaan ,150000000.00,Belanja Penggandaan
,,,"10,000 Lbr x 150,00 = 1.500.000,00"
1.19 . 1.19.03 . 22 . 23 . 5 . 2 . 2 . 07 ,Belanja Sewa Rumah/Gedung/Gudang/Parkir ,100000000.00
1.19 . 1.19.03 . 22 . 23 . 5 . 2 . 2 . 07 . 03 ,Belanja Sewa Ruang Rapat/Pertemuan ,100000000.00,Belanja sewa ruang rapat/pertemuan
,,,Belanja sewa ruang rapat/pertemuan penyusunan Rencana Aksi Daerah
,,,"1 Ok x 1.000.000,00 = 1.000.000,00"
1.19 . 1.19.03 . 22 . 23 . 5 . 2 . 2 . 11 ,Belanja Makanan dan  Minuman ,470250000.00
1.19 . 1.19.03 . 22 . 23 . 5 . 2 . 2 . 11 . 02 ,Belanja Makanan Dan Minuman Rapat ,85500000.00,Belanja Makanan dan Minuman Rapat
,,,"Belanja Makan, Snack dan Minum Rapat"
,,,"30 Ok x 28.500,00 = 855.000,00"
1.19 . 1.19.03 . 22 . 23 . 5 . 2 . 2 . 11 . 05 ,Belanja Makanan dan Minuman Pelaksanaan Kegiatan ,384750000.00,"Belanja makan, snack dan minum pelaksanaan kegiatan Penyusunan Rencana Aksi Daerah"
,,,"Belanja makan, snack dan minum pelaksanaan kegiatan "
,,,45 org x 3 FGD
,,,"135 ok x 28.500,00 = 3.847.500,00"
1.19 . 1.19.03 . 22 . 23 . 5 . 2 . 2 . 21 ,Belanja Jasa Konsultansi ,10000000000.00
1.19 . 1.19.03 . 22 . 23 . 5 . 2 . 2 . 21 . 01 ,Belanja Jasa Konsultansi Penelitian ,10000000000.00,Belanja Jasa Konsultansi Penelitian
,,,Belanja jasa konsultansi pembuatan Dokumen Kajian Akademis Persiapan Perda Pemadam Kebakaran
,,,"1 paket x 50.000.000,00 = 50.000.000,00"
,,,Belanja jasa konsultansi Penyusunan Draft Perda Peran 
,,,Serta Lembaga Usaha Penyelenggaraan Penanggulangan Bencana
,,,"1 paket x 50.000.000,00 = 50.000.000,00"
1.19 . 1.19.03 . 22 . 23 . 5 . 2 . 2 . 35 ,"Jasa Narasumber, Tenaga Ahli, Yuri, Entry Data, Petugas Fogging dan Petugas Lapangan",730000000.00
1.19 . 1.19.03 . 22 . 23 . 5 . 2 . 2 . 35 . 01 ,Jasa Nara Sumber/Moderator/Tenaga Ahli ,460000000.00,Honorarium Nara Sumber/Moderator/Tenaga Ahli Penyusunan Rencana Aksi Daerah
,,,Honorarium Narasumber 2 org/2jpl x 3 FGD pembuatan kontijensi
,,,"6 Ok x 500.000,00 = 3.000.000,00"
,,,Honorarium Narasumber 1 org/2jpl x 3 FGD
,,,"3 Ok x 200.000,00 = 600.000,00"
,,,Honorarium Narasumber 1 org/2jpl x 3 FGD
,,,"1 Ok x 1.000.000,00 = 1.000.000,00"
1.19 . 1.19.03 . 22 . 23 . 5 . 2 . 2 . 35 . 05 ,Jasa Peserta Seminar/Simposium /Workshop/Sosialisasi ,270000000.00,Honorarium Peserta Penyusunan Rencana Aksi Daerah
,,,Honorarium Peserta 30 org x 3 FGD
,,,"90 Ok x 30.000,00 = 2.700.000,00"
1.19 . 1.19.03 . 22 . 25 ,Relokasi korban bencana alam ,11600500000.00,Sumber Dana : 
,,,Lokasi Kegiatan : Kabupaten Bantul
,,,Keluaran :  Terpenuhinya tempat tinggal korban bencana
,,,Target:  1 Tahun
1.19 . 1.19.03 . 22 . 25 . 5 . 2 . 2 ,Belanja Barang dan Jasa ,11600500000.00
1.19 . 1.19.03 . 22 . 25 . 5 . 2 . 2 . 01 ,Belanja Bahan Pakai Habis ,100000000.00
1.19 . 1.19.03 . 22 . 25 . 5 . 2 . 2 . 01 . 01 ,Belanja Alat Tulis Kantor ,100000000.00,Belanja Alat Tulis Kantor
,,,"1 Ls x 1.000.000,00 = 1.000.000,00"
1.19 . 1.19.03 . 22 . 25 . 5 . 2 . 2 . 02 ,Belanja Bahan/Material ,10500000000.00
1.19 . 1.19.03 . 22 . 25 . 5 . 2 . 2 . 02 . 01 ,Belanja Bahan Baku Bangunan ,10500000000.00,Belanja Bahan Baku Bangunan
,,,"6 KK x 17.500.000,00 = 105.000.000,00"
1.19 . 1.19.03 . 22 . 25 . 5 . 2 . 2 . 06 ,Belanja Cetak dan Penggandaan ,60000000.00
1.19 . 1.19.03 . 22 . 25 . 5 . 2 . 2 . 06 . 02 ,Belanja Penggandaan ,60000000.00,Belanja Penggandaan
,,,"4,000 Lbr x 150,00 = 600.000,00"
1.19 . 1.19.03 . 22 . 25 . 5 . 2 . 2 . 11 ,Belanja Makanan dan  Minuman ,940500000.00
1.19 . 1.19.03 . 22 . 25 . 5 . 2 . 2 . 11 . 02 ,Belanja Makanan Dan Minuman Rapat ,85500000.00,Belanja Makanan dan Minuman Rapat
,,,"Belanja Makan, Snack dan Minum Rapat"
,,,"30 Ok x 28.500,00 = 855.000,00"
1.19 . 1.19.03 . 22 . 25 . 5 . 2 . 2 . 11 . 05 ,Belanja Makanan dan Minuman Pelaksanaan Kegiatan ,855000000.00,Belanja Makanan dan Minuman Pelaksanaan Kegiatan
,,,"Belanja Makan, Snack dan Minum Pelaksanaan kegiatan Sosialisasi"
,,,"300 Ok x 28.500,00 = 8.550.000,00"
1.19 . 1.19.03 . 22 . 27 ,Penyelenggaraan posko pengendalian bencana ,3375000000.00,Sumber Dana : 
,,,Lokasi Kegiatan : Kabupaten Bantul
,,,Keluaran :  Penyediaan Posko Siaga darurat
,,,Target:  30 Hari
1.19 . 1.19.03 . 22 . 27 . 5 . 2 . 2 ,Belanja Barang dan Jasa ,3375000000.00
1.19 . 1.19.03 . 22 . 27 . 5 . 2 . 2 . 06 ,Belanja Cetak dan Penggandaan ,45000000.00
1.19 . 1.19.03 . 22 . 27 . 5 . 2 . 2 . 06 . 02 ,Belanja Penggandaan ,45000000.00,Belanja Penggandaan
,,,"3,000 Lbr x 150,00 = 450.000,00"
1.19 . 1.19.03 . 22 . 27 . 5 . 2 . 2 . 11 ,Belanja Makanan dan  Minuman ,720000000.00
1.19 . 1.19.03 . 22 . 27 . 5 . 2 . 2 . 11 . 05 ,Belanja Makanan dan Minuman Pelaksanaan Kegiatan ,720000000.00,Belanja Makanan dan Minuman Pelaksanaan Kegiatan
,,,Belanja Makan dan Minum operasional
,,,"360 Ok x 20.000,00 = 7.200.000,00"
1.19 . 1.19.03 . 22 . 27 . 5 . 2 . 2 . 35 ,"Jasa Narasumber, Tenaga Ahli, Yuri, Entry Data, Petugas Fogging dan Petugas Lapangan",2610000000.00
1.19 . 1.19.03 . 22 . 27 . 5 . 2 . 2 . 35 . 09 ,Jasa Petugas Lapangan ,2610000000.00,Honor Petugas Lapangan
,,,Ketua 1 x 30 hari kedaruratan
,,,"30 oh x 90.000,00 = 2.700.000,00"
,,,Sekretaris 1 x 30 hari kedaruratan
,,,"30 oh x 80.000,00 = 2.400.000,00"
,,,Anggota 10 x 30 hari kedaruratan
,,,"300 oh x 70.000,00 = 21.000.000,00"
1.19 . 1.19.03 . 22 . 29 ,Penguatan kapasitas satgas BPBD ,1092500000.00,Sumber Dana : 
,,,Lokasi Kegiatan : Kabupaten Bantul
,,,Keluaran :  Meningkatnya Kapasitas Satgas
,,,Target:  1 Keg
1.19 . 1.19.03 . 22 . 29 . 5 . 2 . 1 ,Belanja Pegawai ,52000000.00
1.19 . 1.19.03 . 22 . 29 . 5 . 2 . 1 . 01 ,Honorarium PNS ,52000000.00
1.19 . 1.19.03 . 22 . 29 . 5 . 2 . 1 . 01 . 01 ,Honorarium Panitia Pelaksana Kegiatan ,52000000.00,Honorarium Panitia Pelaksana Kegiatan
,,,Ketua
,,,"1 Ok x 90.000,00 = 90.000,00"
,,,Sekretaris
,,,"1 Ok x 80.000,00 = 80.000,00"
,,,Anggota
,,,"5 Ok x 70.000,00 = 350.000,00"
1.19 . 1.19.03 . 22 . 29 . 5 . 2 . 2 ,Belanja Barang dan Jasa ,1040500000.00
1.19 . 1.19.03 . 22 . 29 . 5 . 2 . 2 . 01 ,Belanja Bahan Pakai Habis ,105000000.00
1.19 . 1.19.03 . 22 . 29 . 5 . 2 . 2 . 01 . 01 ,Belanja Alat Tulis Kantor ,105000000.00,Belanja Alat tulis Kantor
,,,"1 Ls x 300.000,00 = 300.000,00"
,,,Belanja Pelatihan kit
,,,"50 O/p x 15.000,00 = 750.000,00"
1.19 . 1.19.03 . 22 . 29 . 5 . 2 . 2 . 02 ,Belanja Bahan/Material ,300000000.00
1.19 . 1.19.03 . 22 . 29 . 5 . 2 . 2 . 02 . 18 ,Belanja Bahan Percontohan ,300000000.00,Belanja Bahan Percontohan
,,,Belanja Bahan Praktek
,,,"1 Ls x 3.000.000,00 = 3.000.000,00"
1.19 . 1.19.03 . 22 . 29 . 5 . 2 . 2 . 03 ,Belanja Jasa Kantor ,15000000.00
1.19 . 1.19.03 . 22 . 29 . 5 . 2 . 2 . 03 . 14 ,Belanja Dekorasi ,15000000.00,Belanja Dekorasi
,,,"1 Keg x 150.000,00 = 150.000,00"
1.19 . 1.19.03 . 22 . 29 . 5 . 2 . 2 . 11 ,Belanja Makanan dan  Minuman ,370500000.00
1.19 . 1.19.03 . 22 . 29 . 5 . 2 . 2 . 11 . 02 ,Belanja Makanan Dan Minuman Rapat ,85500000.00,Belanja Makanan dan Minuman Rapat
,,,"Belanja Makan, Snack dan Minum Rapat"
,,,"30 Ok x 28.500,00 = 855.000,00"
1.19 . 1.19.03 . 22 . 29 . 5 . 2 . 2 . 11 . 05 ,Belanja Makanan dan Minuman Pelaksanaan Kegiatan ,285000000.00,"Belanja makan, snack dan minum pelaksanaan kegiatan"
,,,"Belanja makan, snack dan minum 50 org x 2 hr"
,,,"100 ok x 28.500,00 = 2.850.000,00"
1.19 . 1.19.03 . 22 . 29 . 5 . 2 . 2 . 35 ,"Jasa Narasumber, Tenaga Ahli, Yuri, Entry Data, Petugas Fogging dan Petugas Lapangan",250000000.00
1.19 . 1.19.03 . 22 . 29 . 5 . 2 . 2 . 35 . 01 ,Jasa Nara Sumber/Moderator/Tenaga Ahli ,250000000.00,BeLanja Narasumber/Moderator/Tenaga Ahli
,,,Belanja Narasumber 1 org / 2 jpl
,,,"1 o/jpl x 500.000,00 = 500.000,00"
,,,Belanja Instruktur Pelatihan 2 org/ 2jpl x 2 hr x
,,,"4 o/jpl x 500.000,00 = 2.000.000,00"
1.19 . 1.19.03 . 22 . 30 ,Kajian resiko bencana ,2235500000.00,Sumber Dana : 
,,,Lokasi Kegiatan : Kabupaten Bantul
,,,Keluaran :  Dokumen Kajian Resiko Bencana
,,,Target:  1 Dokumen
1.19 . 1.19.03 . 22 . 30 . 5 . 2 . 2 ,Belanja Barang dan Jasa ,2235500000.00
1.19 . 1.19.03 . 22 . 30 . 5 . 2 . 2 . 01 ,Belanja Bahan Pakai Habis ,30000000.00
1.19 . 1.19.03 . 22 . 30 . 5 . 2 . 2 . 01 . 01 ,Belanja Alat Tulis Kantor ,30000000.00,Belanja Alat Tulis Kantor
,,,"1 Ls x 300.000,00 = 300.000,00"
1.19 . 1.19.03 . 22 . 30 . 5 . 2 . 2 . 03 ,Belanja Jasa Kantor ,15000000.00
1.19 . 1.19.03 . 22 . 30 . 5 . 2 . 2 . 03 . 14 ,Belanja Dekorasi ,15000000.00,Belanja Dekorasi
,,,"1 Keg x 150.000,00 = 150.000,00"
1.19 . 1.19.03 . 22 . 30 . 5 . 2 . 2 . 06 ,Belanja Cetak dan Penggandaan ,150000000.00
1.19 . 1.19.03 . 22 . 30 . 5 . 2 . 2 . 06 . 02 ,Belanja Penggandaan ,150000000.00,Belanja Penggandaan
,,,Belanja Pengandaan
,,,"10,000 Lbr x 150,00 = 1.500.000,00"
1.19 . 1.19.03 . 22 . 30 . 5 . 2 . 2 . 11 ,Belanja Makanan dan  Minuman ,940500000.00
1.19 . 1.19.03 . 22 . 30 . 5 . 2 . 2 . 11 . 02 ,Belanja Makanan Dan Minuman Rapat ,85500000.00,Belanja Makanan dan Minuman Rapat
,,,"Belanja Makan, Snack dan Minum Rapat"
,,,"30 Ok x 28.500,00 = 855.000,00"
1.19 . 1.19.03 . 22 . 30 . 5 . 2 . 2 . 11 . 05 ,Belanja Makanan dan Minuman Pelaksanaan Kegiatan ,855000000.00,Belanja Makanan dan Minuman Pelaksanaan Kegiatan
,,,"Belanja Makan, Snack dan Minum Sosialisasi"
,,,"150 Ok x 28.500,00 = 4.275.000,00"
,,,"Belanja Makan, Snack dan Minum FGD"
,,,"150 Ok x 28.500,00 = 4.275.000,00"
1.19 . 1.19.03 . 22 . 30 . 5 . 2 . 2 . 35 ,"Jasa Narasumber, Tenaga Ahli, Yuri, Entry Data, Petugas Fogging dan Petugas Lapangan",1100000000.00
1.19 . 1.19.03 . 22 . 30 . 5 . 2 . 2 . 35 . 01 ,Jasa Nara Sumber/Moderator/Tenaga Ahli ,1100000000.00,Honorarium Nara Sumber/Moderator/ Tenaga Ahli
,,,Honorarium Surveyor 10 org
,,,"10 Ok x 1.000.000,00 = 10.000.000,00"
,,,Honorarium Pengolah Data 2 org
,,,"2 Ok x 500.000,00 = 1.000.000,00"
1.19 . 1.19.03 . 22 . 31 ,Penyusunan standar operasional dan prosedur ,980250000.00,Sumber Dana : 
,,,Lokasi Kegiatan : Kabupaten Bantul
,,,Keluaran :  Penyusunan SOP Kebencanaan
,,,Target:  1 Keg
1.19 . 1.19.03 . 22 . 31 . 5 . 2 . 2 ,Belanja Barang dan Jasa ,980250000.00
1.19 . 1.19.03 . 22 . 31 . 5 . 2 . 2 . 01 ,Belanja Bahan Pakai Habis ,142500000.00
1.19 . 1.19.03 . 22 . 31 . 5 . 2 . 2 . 01 . 01 ,Belanja Alat Tulis Kantor ,142500000.00,Belanja Alat Tulis Kantor
,,,"1 Ls x 300.000,00 = 300.000,00"
,,,Belanja Seminar Kit
,,,"75 Ok x 15.000,00 = 1.125.000,00"
1.19 . 1.19.03 . 22 . 31 . 5 . 2 . 2 . 03 ,Belanja Jasa Kantor ,15000000.00
1.19 . 1.19.03 . 22 . 31 . 5 . 2 . 2 . 03 . 14 ,Belanja Dekorasi ,15000000.00,Belanja Dekorasi
,,,"1 Keg x 150.000,00 = 150.000,00"
1.19 . 1.19.03 . 22 . 31 . 5 . 2 . 2 . 06 ,Belanja Cetak dan Penggandaan ,150000000.00
1.19 . 1.19.03 . 22 . 31 . 5 . 2 . 2 . 06 . 02 ,Belanja Penggandaan ,150000000.00,Belanja Penggandaan
,,,"10,000 Lbr x 150,00 = 1.500.000,00"
1.19 . 1.19.03 . 22 . 31 . 5 . 2 . 2 . 07 ,Belanja Sewa Rumah/Gedung/Gudang/Parkir ,100000000.00
1.19 . 1.19.03 . 22 . 31 . 5 . 2 . 2 . 07 . 03 ,Belanja Sewa Ruang Rapat/Pertemuan ,100000000.00,Belanja Sewa Ruang Rapat/Pertemuan
,,,"1 Ok x 1.000.000,00 = 1.000.000,00"
1.19 . 1.19.03 . 22 . 31 . 5 . 2 . 2 . 10 ,Belanja Sewa Perlengkapan dan Peralatan Kantor ,50000000.00
1.19 . 1.19.03 . 22 . 31 . 5 . 2 . 2 . 10 . 01 ,Belanja Sewa Meja Kursi ,50000000.00,Belanja Sewa Meja Kursi
,,,"1 Keg x 500.000,00 = 500.000,00"
1.19 . 1.19.03 . 22 . 31 . 5 . 2 . 2 . 11 ,Belanja Makanan dan  Minuman ,327750000.00
1.19 . 1.19.03 . 22 . 31 . 5 . 2 . 2 . 11 . 02 ,Belanja Makanan Dan Minuman Rapat ,85500000.00,Belanja Makanan dan Minuman Rapat
,,,"Belanja makan, snack dan minum rapat"
,,,"30 Ok x 28.500,00 = 855.000,00"
1.19 . 1.19.03 . 22 . 31 . 5 . 2 . 2 . 11 . 05 ,Belanja Makanan dan Minuman Pelaksanaan Kegiatan ,242250000.00,Belanja Makanan dan Minuman Pelaksanaan Kegiatan
,,,"Belanja Makan, Snack dan Minum Pelaksanaan Kegiatan"
,,,"85 Ok x 28.500,00 = 2.422.500,00"
1.19 . 1.19.03 . 22 . 31 . 5 . 2 . 2 . 35 ,"Jasa Narasumber, Tenaga Ahli, Yuri, Entry Data, Petugas Fogging dan Petugas Lapangan",195000000.00
1.19 . 1.19.03 . 22 . 31 . 5 . 2 . 2 . 35 . 01 ,Jasa Nara Sumber/Moderator/Tenaga Ahli ,195000000.00,Honorarium Narasumber/Moderator/Tenaga Ahli
,,,Belanja Narasumber 1 org/2 jpl
,,,"1 o/jpl x 750.000,00 = 750.000,00"
,,,Belanja Narasumber 2 org/2 jpl
,,,"2 O/jpl x 500.000,00 = 1.000.000,00"
,,,Belanja Moderator 1 org/2 jpl
,,,"1 O/jpl x 200.000,00 = 200.000,00"
1.19 . 1.19.03 . 22 . 32 ,Penguatan FPRB ,2507500000.00,Sumber Dana : 
,,,Lokasi Kegiatan : Kabupaten Bantul
,,,Keluaran :  Terfasilitasinya Forum Pengurangan 
,,,Resiko Bencana
,,,Target:  1 Keg
1.19 . 1.19.03 . 22 . 32 . 5 . 2 . 2 ,Belanja Barang dan Jasa ,2507500000.00
1.19 . 1.19.03 . 22 . 32 . 5 . 2 . 2 . 01 ,Belanja Bahan Pakai Habis ,327500000.00
1.19 . 1.19.03 . 22 . 32 . 5 . 2 . 2 . 01 . 01 ,Belanja Alat Tulis Kantor ,327500000.00,Belanja Alat Tulis Kantor
,,,"1 Ls x 500.000,00 = 500.000,00"
,,,Belanja seminar kit
,,,"185 Ok x 15.000,00 = 2.775.000,00"
1.19 . 1.19.03 . 22 . 32 . 5 . 2 . 2 . 03 ,Belanja Jasa Kantor ,15000000.00
1.19 . 1.19.03 . 22 . 32 . 5 . 2 . 2 . 03 . 14 ,Belanja Dekorasi ,15000000.00,Belanja Dekorasi
,,,"1 Keg x 150.000,00 = 150.000,00"
1.19 . 1.19.03 . 22 . 32 . 5 . 2 . 2 . 06 ,Belanja Cetak dan Penggandaan ,75000000.00
1.19 . 1.19.03 . 22 . 32 . 5 . 2 . 2 . 06 . 02 ,Belanja Penggandaan ,75000000.00,Belanja Penggandaan
,,,"5,000 Lbr x 150,00 = 750.000,00"
1.19 . 1.19.03 . 22 . 32 . 5 . 2 . 2 . 07 ,Belanja Sewa Rumah/Gedung/Gudang/Parkir ,100000000.00
1.19 . 1.19.03 . 22 . 32 . 5 . 2 . 2 . 07 . 03 ,Belanja Sewa Ruang Rapat/Pertemuan ,100000000.00,Belanja sewa ruang rapat/pertemuan
,,,"1 Keg x 1.000.000,00 = 1.000.000,00"
1.19 . 1.19.03 . 22 . 32 . 5 . 2 . 2 . 10 ,Belanja Sewa Perlengkapan dan Peralatan Kantor ,50000000.00
1.19 . 1.19.03 . 22 . 32 . 5 . 2 . 2 . 10 . 01 ,Belanja Sewa Meja Kursi ,50000000.00,Belanja Sewa Meja Kursi
,,,"1 Keg x 500.000,00 = 500.000,00"
1.19 . 1.19.03 . 22 . 32 . 5 . 2 . 2 . 11 ,Belanja Makanan dan  Minuman ,570000000.00
1.19 . 1.19.03 . 22 . 32 . 5 . 2 . 2 . 11 . 05 ,Belanja Makanan dan Minuman Pelaksanaan Kegiatan ,570000000.00,Belanja Makanan dan Minuman Pelaksanaan Kegiatan
,,,"Belanja Makan, Snack dan Minum Pelaksanaan Kegiatan"
,,,"200 Ok x 28.500,00 = 5.700.000,00"
1.19 . 1.19.03 . 22 . 32 . 5 . 2 . 2 . 13 ,Belanja Pakaian Kerja ,1200000000.00
1.19 . 1.19.03 . 22 . 32 . 5 . 2 . 2 . 13 . 01 ,Belanja Pakaian Kerja Lapangan ,1200000000.00,Belanja Pakaian Kerja Lapangan
,,,Belanja kaos
,,,"200 Bh x 60.000,00 = 12.000.000,00"
1.19 . 1.19.03 . 22 . 32 . 5 . 2 . 2 . 35 ,"Jasa Narasumber, Tenaga Ahli, Yuri, Entry Data, Petugas Fogging dan Petugas Lapangan",170000000.00
1.19 . 1.19.03 . 22 . 32 . 5 . 2 . 2 . 35 . 01 ,Jasa Nara Sumber/Moderator/Tenaga Ahli ,170000000.00,Honorarium Nara Sumber/Moderator/Tenaga Ahli
,,,Honorarium Narasumber 3 org/2jpl
,,,"3 O/jpl x 500.000,00 = 1.500.000,00"
,,,Honorarium Moderator 1 org/2jpl
,,,"1 O/jpl x 200.000,00 = 200.000,00"
1.19 . 1.19.03 . 22 . 35 ,Peringatan Hari PRB ,4860000000.00,Sumber Dana : 
,,,Lokasi Kegiatan : Kabupaten Bantul
,,,Keluaran :  Gelar Budaya Siaga
,,,Target:  100 %
1.19 . 1.19.03 . 22 . 35 . 5 . 2 . 2 ,Belanja Barang dan Jasa ,4860000000.00
1.19 . 1.19.03 . 22 . 35 . 5 . 2 . 2 . 03 ,Belanja Jasa Kantor ,30000000.00
1.19 . 1.19.03 . 22 . 35 . 5 . 2 . 2 . 03 . 14 ,Belanja Dekorasi ,30000000.00,Belanja Dekorasi
,,,Belanja dekorasi Keg Gelar Budaya
,,,"1 Keg x 150.000,00 = 150.000,00"
,,,Belanja dekorasi Keg Refleksi
,,,"1 Keg x 150.000,00 = 150.000,00"
1.19 . 1.19.03 . 22 . 35 . 5 . 2 . 2 . 10 ,Belanja Sewa Perlengkapan dan Peralatan Kantor ,2350000000.00
1.19 . 1.19.03 . 22 . 35 . 5 . 2 . 2 . 10 . 05 ,Belanja Sewa Tenda ,1000000000.00,Belanja sewa tenda
,,,"1 Ls x 10.000.000,00 = 10.000.000,00"
1.19 . 1.19.03 . 22 . 35 . 5 . 2 . 2 . 10 . 07 ,Belanja Sewa Sound System ,350000000.00,Belanja Sewa Sound system
,,,"1 Ls x 3.500.000,00 = 3.500.000,00"
1.19 . 1.19.03 . 22 . 35 . 5 . 2 . 2 . 10 . 12 ,Belanja sewa peralatan dan perlengkapan kesenian/lomba ,1000000000.00,Belanja Sewa peralatan dan perlengkapan kesenian
,,,"1 Ls x 10.000.000,00 = 10.000.000,00"
1.19 . 1.19.03 . 22 . 35 . 5 . 2 . 2 . 11 ,Belanja Makanan dan  Minuman ,2280000000.00
1.19 . 1.19.03 . 22 . 35 . 5 . 2 . 2 . 11 . 05 ,Belanja Makanan dan Minuman Pelaksanaan Kegiatan ,2280000000.00,Belanja Makanan dan Minuman Pelaksanaan Kegiatan
,,,"Belanja Makan, Snack dan Minum Pelaksanaan Kegiatan Apel Siaga (Refleksi)"
,,,"300 Ok x 28.500,00 = 8.550.000,00"
,,,"Belanja Makan, Snack dan Minum Pelaksanaan Kegiatan Gelar Budaya Siaga"
,,,"500 Ok x 28.500,00 = 14.250.000,00"
1.19 . 1.19.03 . 22 . 35 . 5 . 2 . 2 . 35 ,"Jasa Narasumber, Tenaga Ahli, Yuri, Entry Data, Petugas Fogging dan Petugas Lapangan",200000000.00
1.19 . 1.19.03 . 22 . 35 . 5 . 2 . 2 . 35 . 01 ,Jasa Nara Sumber/Moderator/Tenaga Ahli ,200000000.00,Honorarium Nara Sumber/Moderator/Tenaga Ahli
,,,Honorarium Tenaga Ahli (Dalang) 1 org x 8 jpl
,,,"8 O/jpl x 250.000,00 = 2.000.000,00"
,SURPLUS / (DEFISIT) ,-470986518000.00
"Bantul, 30 Desember 2014"
BUPATI BANTUL
SRI SURYA WIDATI
