Judul,Penjabaran Anggaran Pendaptan dan Belanja Daerah,,
Daerah,Kabupaten Bantul,,
Tahun,2016,,
Kode Organisasi,1.17.01,,
Organisasi,Dinas Pariwisata,,
Kolom,4,,
No. Rekening,Uraian,Jumlah,Keterangan
1.17 . 1.17.01 . 00 . 00 . 4 ,PENDAPATAN ,11050000000,
1.17 . 1.17.01 . 00 . 00 . 4 . 1 ,PENDAPATAN ASLI DAERAH ,11050000000,
1.17 . 1.17.01 . 00 . 00 . 4 . 1 . 2 ,Hasil Retribusi Daerah ,11046850000,
1.17 . 1.17.01 . 00 . 00 . 4 . 1 . 2 . 02 ,Retribusi Jasa Usaha ,11046850000,
1.17 . 1.17.01 . 00 . 00 . 4 . 1 . 2 . 02 . 21 ,Retribusi Tempat Rekreasi dan Olahraga ,11046850000,"Perda Kab. Bantul Nomor 8 Tahun 2015
Obyek  Wisata Pantai Parangtritis2,538,000 orang x 3.750,00 = 9.517.500.000,00
Obyek Wisata Pantai Samas121,000 orang x 2.750,00 = 332.750.000,00
Obyek Wisata Pantai Goa Cemara110,400 orang x 2.750,00 = 303.600.000,00
Obyek Wisata Pantai Pandansimo160,000 orang x 2.750,00 = 440.000.000,00
Obyek Wisata Pantai Kwaru60,000 orang x 2.750,00 = 165.000.000,00
Obyek Wisata Goa Selarong45,000 orang x 2.750,00 = 123.750.000,00
Obyek Wisata Goa Cerme15,000 orang x 2.750,00 = 41.250.000,00
Kolam Renang Tirta Tamansari1 Tahun x 123.000.000,00 = 123.000.000,00"
1.17 . 1.17.01 . 00 . 00 . 4 . 1 . 4 ,Lain-lain Pendapatan Asli Daerah yang Sah ,3150000,
1.17 . 1.17.01 . 00 . 00 . 4 . 1 . 4 . 18 ,Lain-lain PAD yang Sah Lainnya ,3150000,
1.17 . 1.17.01 . 00 . 00 . 4 . 1 . 4 . 18 . 04 ,Pendapatan dari Sewa Gedung ,3150000,"Sewa Gedung1 tahun x 3.150.000,00 = 3.150.000,00"
1.17 . 1.17.01 . 00 . 00 . 5 ,BELANJA ,17712849700,
1.17 . 1.17.01 . 00 . 00 . 5 . 1 ,BELANJA TIDAK LANGSUNG ,5249685100,
1.17 . 1.17.01 . 00 . 00 ,Non Kegiatan ,5249685100,Sumber Dana : 
1.17 . 1.17.01 . 00 . 00 . 5 . 1 . 1 ,Belanja Pegawai ,5249685100,
1.17 . 1.17.01 . 00 . 00 . 5 . 1 . 1 . 01 ,Belanja Gaji dan Tunjangan ,5249685100,
1.17 . 1.17.01 . 00 . 00 . 5 . 1 . 1 . 01 . 01 ,Gaji Pokok PNS/Uang Representasi ,4183290000,"Gaji Pokok1 th x 4.183.290.000,00 = 4.183.290.000,00"
1.17 . 1.17.01 . 00 . 00 . 5 . 1 . 1 . 01 . 02 ,Tunjangan Keluarga ,382705512,"Tunjangan Keluarga1 th x 382.705.512,00 = 382.705.512,00"
1.17 . 1.17.01 . 00 . 00 . 5 . 1 . 1 . 01 . 03 ,Tunjangan Jabatan ,158293800,"Tunjangan Jabatan1 th x 158.293.800,00 = 158.293.800,00"
1.17 . 1.17.01 . 00 . 00 . 5 . 1 . 1 . 01 . 04 ,Tunjangan Fungsional ,0,"Tunjangan Fungsional1 th x 0,00 = 0,00"
1.17 . 1.17.01 . 00 . 00 . 5 . 1 . 1 . 01 . 05 ,Tunjangan Fungsional Umum ,224624400,"Tunjganan Fungsional Umum1 th x 224.624.400,00 = 224.624.400,00"
1.17 . 1.17.01 . 00 . 00 . 5 . 1 . 1 . 01 . 06 ,Tunjangan Beras ,270801550,"Tunjangan Beras1 th x 270.801.550,00 = 270.801.550,00"
1.17 . 1.17.01 . 00 . 00 . 5 . 1 . 1 . 01 . 07 ,Tunjangan PPh/Tunjangan Khusus ,29902085,"Tunjjangan PPh/Tunjangan Khusus1 th x 29.902.085,00 = 29.902.085,00"
1.17 . 1.17.01 . 00 . 00 . 5 . 1 . 1 . 01 . 08 ,Pembulatan Gaji ,67753,"Pembulatan Gaji1 th x 67.753,00 = 67.753,00"
1.17 . 1.17.01 . 01 . 01 . 5 . 2 ,BELANJA LANGSUNG ,12463164600,
1.17 . 1.17.01 . 01 ,Program Pelayanan Administrasi Perkantoran ,1765945500,
1.17 . 1.17.01 . 01 . 01 ,Penyediaan jasa surat menyurat ,3000000,"Sumber Dana : 
Lokasi Kegiatan : Dinas Kebudayaan dan Pariwisata
Keluaran :  Surat yang terkirim
Target:  1.050 Buah"
1.17 . 1.17.01 . 01 . 01 . 5 . 2 . 2 ,Belanja Barang dan Jasa ,3000000,
1.17 . 1.17.01 . 01 . 01 . 5 . 2 . 2 . 01 ,Belanja Bahan Pakai Habis ,3000000,
1.17 . 1.17.01 . 01 . 01 . 5 . 2 . 2 . 01 . 04 ,"Belanja Perangko, Materai Dan Benda Pos ",3000000,"Belanja Perangko, Materai, dan Benda Pos
Perangko600 buah x 2.000,00 = 1.200.000,00
Materai 6000150 buah x 6.000,00 = 900.000,00
Materai 3000300 buah x 3.000,00 = 900.000,00"
1.17 . 1.17.01 . 01 . 02 ,"Penyediaan jasa komunikasi, sumber daya air dan listrik ",28800000,"Sumber Dana : 
Lokasi Kegiatan : Dinas Kebudayaan dan Pariwisata
Keluaran :  Pembayaran Rekening Listrik, Telepon, dan Air
Target:  12 Bulan"
1.17 . 1.17.01 . 01 . 02 . 5 . 2 . 2 ,Belanja Barang dan Jasa ,28800000,
1.17 . 1.17.01 . 01 . 02 . 5 . 2 . 2 . 03 ,Belanja Jasa Kantor ,28800000,
1.17 . 1.17.01 . 01 . 02 . 5 . 2 . 2 . 03 . 01 ,Belanja Telepon ,21600000,"Belanja TeleponTelepon Kantor dan Joglo Parangtritis12 bulan x 1.000.000,00 = 12.000.000,00
Langganan speedy CCTV TPR Parangtritis12 bulan x 800.000,00 = 9.600.000,00"
1.17 . 1.17.01 . 01 . 02 . 5 . 2 . 2 . 03 . 03 ,Belanja Listrik ,7200000,"Belanja Listrik
Listrik Kantor, Joglo Pandansimo, Padepokan Sumber Karahayon12 bulan x 600.000,00 = 7.200.000,00"
1.17 . 1.17.01 . 01 . 06 ,Penyediaan jasa pemeliharaan dan perizinan kendaraan dinas/operasional,8000000,"Sumber Dana :
 Lokasi Kegiatan : Dinas Kebudayaan dan Pariwisata
Keluaran :  Pembayaran Pajak Kendaraan Bermotor
Target:  12 bulan"
1.17 . 1.17.01 . 01 . 06 . 5 . 2 . 2 ,Belanja Barang dan Jasa ,8000000,
1.17 . 1.17.01 . 01 . 06 . 5 . 2 . 2 . 05 ,Belanja Perawatan Kendaraan Bermotor ,8000000,
1.17 . 1.17.01 . 01 . 06 . 5 . 2 . 2 . 05 . 07 ,Belanja Surat Tanda Nomor Kendaraan ,8000000,"Belanja Surat Tanda Nomor Kendaraan
STNK Kendaraan Bermotor Kantor1 Ls x 8.000.000,00 = 8.000.000,00"
1.17 . 1.17.01 . 01 . 07 ,Penyediaan jasa administrasi keuangan ,50150000,"Sumber Dana :
 Lokasi Kegiatan : Dinas Kebudayaan dan Pariwisata
Keluaran :  Pelaksanaan dan laporan pertanggungjawaban tugas dan kegiatan
Target:  12 bulan"
1.17 . 1.17.01 . 01 . 07 . 5 . 2 . 1 ,Belanja Pegawai ,33330000,
1.17 . 1.17.01 . 01 . 07 . 5 . 2 . 1 . 01 ,Honorarium PNS ,33330000,
1.17 . 1.17.01 . 01 . 07 . 5 . 2 . 1 . 01 . 06 ,Honor Pengelola Keuangan dan Barang ,33330000,"Honor Pengelola Keuangan dan BarangPPK12 orang/bulan x 345.000,00 = 4.140.000,00
Bendahara Pengeluaran12 orang/bulan x 288.750,00 = 3.465.000,00
Bendahara Penerimaan12 orang/bulan x 288.750,00 = 3.465.000,00
Pembantu PPK24 orang/bualn x 210.000,00 = 5.040.000,00
Pembantu Bendahara Pengeluaran24 orang/bulan x 210.000,00 = 5.040.000,00
Pembantu Bendahara Penerimaan12 orang/bulan x 210.000,00 = 2.520.000,00
Pengurusan Gaji12 orang/bulan x 105.000,00 = 1.260.000,00
Pengelola Kepegawaian12 orang/bulan x 100.000,00 = 1.200.000,00
Pengurus Barang12 orang/bulan x 300.000,00 = 3.600.000,00
Penyimpan Barang12 orang/bulan x 300.000,00 = 3.600.000,00"
1.17 . 1.17.01 . 01 . 07 . 5 . 2 . 2 ,Belanja Barang dan Jasa ,16820000,
1.17 . 1.17.01 . 01 . 07 . 5 . 2 . 2 . 01 ,Belanja Bahan Pakai Habis ,6000000,
1.17 . 1.17.01 . 01 . 07 . 5 . 2 . 2 . 01 . 01 ,Belanja Alat Tulis Kantor ,6000000,"Belanja Alat Tulis Kantor
Alat Tulis Kantor12 bulan x 500.000,00 = 6.000.000,00"
1.17 . 1.17.01 . 01 . 07 . 5 . 2 . 2 . 03 ,Belanja Jasa Kantor ,350000,
1.17 . 1.17.01 . 01 . 07 . 5 . 2 . 2 . 03 . 26 ,Belanja Pajak Bumi dan Bangunan ,350000,"Belanja Pajak Bumi dan Bangunan
PBB Padepokan Sumber Karahayon1 tahun x 350.000,00 = 350.000,00"
1.17 . 1.17.01 . 01 . 07 . 5 . 2 . 2 . 06 ,Belanja Cetak dan Penggandaan ,4200000,
1.17 . 1.17.01 . 01 . 07 . 5 . 2 . 2 . 06 . 01 ,Belanja Cetak ,1200000,"Belanja Cetak48 buku x 25.000,00 = 1.200.000,00"
1.17 . 1.17.01 . 01 . 07 . 5 . 2 . 2 . 06 . 02 ,Belanja Penggandaan ,3000000,"Belanja Penggandaan20,000 lembar x 150,00 = 3.000.000,00"
1.17 . 1.17.01 . 01 . 07 . 5 . 2 . 2 . 11 ,Belanja Makanan dan  Minuman ,6270000,
1.17 . 1.17.01 . 01 . 07 . 5 . 2 . 2 . 11 . 02 ,Belanja Makanan Dan Minuman Rapat ,6270000,"Belanja Makan dan Minum Rapat
Makan, Minum, Snack220 OH x 28.500,00 = 6.270.000,00"
1.17 . 1.17.01 . 01 . 08 ,Penyediaan jasa kebersihan kantor ,1215500000,"Sumber Dana : 
Lokasi Kegiatan : Dinas Kebudayaan dan Pariwisata
Keluaran :  Honor Petugas kebersihan Obyek Wisata
Target:  50 Orang"
1.17 . 1.17.01 . 01 . 08 . 5 . 2 . 2 ,Belanja Barang dan Jasa ,1215500000,
1.17 . 1.17.01 . 01 . 08 . 5 . 2 . 2 . 01 ,Belanja Bahan Pakai Habis ,8000000,
1.17 . 1.17.01 . 01 . 08 . 5 . 2 . 2 . 01 . 05 ,Belanja Peralatan Kebersihan Dan Bahan Pembersih ,8000000,"Belanja peralatan Kebersihan dan Bahan Pembersih
Alat dan Bahan Pembersih Kantor4 Tw x 2.000.000,00 = 8.000.000,00"
1.17 . 1.17.01 . 01 . 08 . 5 . 2 . 2 . 35 ,"Jasa Narasumber, Tenaga Ahli, Yuri, Entry Data, Petugas Fogging dan Petugas Lapangan",1207500000,
1.17 . 1.17.01 . 01 . 08 . 5 . 2 . 2 . 35 . 09 ,Jasa Petugas Lapangan ,1207500000,"Honorarium Pegawai Kontrak
Jasa Petugas Kebersihan Obyek Wisata150 orang/bulan x 1.000.000,00 = 150.000.000,00
Jasa Petugas Kebersihan Obyek Wisata450 orang/bulan x 2.350.000,00 = 1.057.500.000,00"
1.17 . 1.17.01 . 01 . 09 ,Penyediaan jasa perbaikan peralatan kerja ,17500000,"Sumber Dana :
 Lokasi Kegiatan : Dinas Kebudayaan dan Pariwisata
Keluaran :  Fungsi dan kelayakan peralatan kerja kantor baik
Target:  8 Ls"
1.17 . 1.17.01 . 01 . 09 . 5 . 2 . 2 ,Belanja Barang dan Jasa ,17500000,
1.17 . 1.17.01 . 01 . 09 . 5 . 2 . 2 . 20 ,Belanja Pemeliharaan ,17500000,
1.17 . 1.17.01 . 01 . 09 . 5 . 2 . 2 . 20 . 06 ,Belanja Pemeliharan perlengkapan kantor ,17500000,"Pemeliharaan Perlengkapan Kantor
Pemeliharaan Komputer,Notebook,Printer,Mesin Tik Kamera,LCD,Dll1 ls x 12.500.000,00 = 12.500.000,00
Pemeliharaan AC,Wireless, TV,K.Angin dsb.1 ls x 5.000.000,00 = 5.000.000,00"
1.17 . 1.17.01 . 01 . 10 ,Penyediaan alat tulis kantor ,18000000,"Sumber Dana : 
Lokasi Kegiatan : Dinas Kebudayaan dan Pariwisata
Keluaran :  Pembelian ATK
Target:  4 Triwulan"
1.17 . 1.17.01 . 01 . 10 . 5 . 2 . 2 ,Belanja Barang dan Jasa ,18000000,
1.17 . 1.17.01 . 01 . 10 . 5 . 2 . 2 . 01 ,Belanja Bahan Pakai Habis ,18000000,
1.17 . 1.17.01 . 01 . 10 . 5 . 2 . 2 . 01 . 01 ,Belanja Alat Tulis Kantor ,18000000,"Belanja Alat Tulis Kantor
ATK Kantor12 bulan x 1.500.000,00 = 18.000.000,00"
1.17 . 1.17.01 . 01 . 11 ,Penyediaan barang cetakan dan penggandaan ,141619900,"Sumber Dana :
 Lokasi Kegiatan : Dinas Kebudayaan dan Pariwisata
Keluaran :  Barang Cetakan
Target:  160 Buku"
1.17 . 1.17.01 . 01 . 11 . 5 . 2 . 2 ,Belanja Barang dan Jasa ,141619900,
1.17 . 1.17.01 . 01 . 11 . 5 . 2 . 2 . 06 ,Belanja Cetak dan Penggandaan ,141619900,
1.17 . 1.17.01 . 01 . 11 . 5 . 2 . 2 . 06 . 01 ,Belanja Cetak ,128500000,"Belanja Cetak
Cetak Blangko Kantor100 bk x 25.000,00 = 2.500.000,00
Cetak Karcis Obyek Wisata25,200 bk x 5.000,00 = 126.000.000,00"
1.17 . 1.17.01 . 01 . 11 . 5 . 2 . 2 . 06 . 02 ,Belanja Penggandaan ,13119900,"Belanja Penggandaanfotocopy87,466 lembar x 150,00 = 13.119.900,00"
1.17 . 1.17.01 . 01 . 12 ,Penyediaan komponen instalasi listrik/penerangan bangunan kantor ,4000000,"Sumber Dana :
 Lokasi Kegiatan : Dinas Kebudayaan dan Pariwisata
Keluaran :  Tersedianya alat listrik dan elektronik kantor
Target:  4 Triwulan"
1.17 . 1.17.01 . 01 . 12 . 5 . 2 . 2 ,Belanja Barang dan Jasa ,4000000,
1.17 . 1.17.01 . 01 . 12 . 5 . 2 . 2 . 01 ,Belanja Bahan Pakai Habis ,4000000,
1.17 . 1.17.01 . 01 . 12 . 5 . 2 . 2 . 01 . 03 ,"Belanja Alat Listrik Dan Elektronik (Lampu Pijar, Battery Kering) ",4000000,"Belanja Alat Listrik dan ElektronikLampu pijar, baterai dsbnya4 tw x 1.000.000,00 = 4.000.000,00"
1.17 . 1.17.01 . 01 . 15 ,Penyediaan bahan bacaan dan peraturan perundang-undangan ,7000000,"Sumber Dana :
 Lokasi Kegiatan : Dinas Kebudayaan dan Pariwisata
Keluaran :  Surat kabar
Target:  1.800 Surat kabar"
1.17 . 1.17.01 . 01 . 15 . 5 . 2 . 2 ,Belanja Barang dan Jasa ,7000000,
1.17 . 1.17.01 . 01 . 15 . 5 . 2 . 2 . 03 ,Belanja Jasa Kantor ,7000000,
1.17 . 1.17.01 . 01 . 15 . 5 . 2 . 2 . 03 . 05 ,Belanja Surat Kabar/Majalah ,7000000,"Belanja Suratkabar/Majalah12 bulan x 500.000,00 = 6.000.000,00
Belanja Modal Buku Perundang undangan1 ls x 1.000.000,00 = 1.000.000,00"
1.17 . 1.17.01 . 01 . 17 ,Penyediaan makanan dan minuman ,215350000,"Sumber Dana : 
Lokasi Kegiatan : Dinas Kebudayaan dan Pariwisata
Keluaran :  Jumlah Pertemuan
Target:  1.240 OH"
1.17 . 1.17.01 . 01 . 17 . 5 . 2 . 2 ,Belanja Barang dan Jasa ,215350000,
1.17 . 1.17.01 . 01 . 17 . 5 . 2 . 2 . 11 ,Belanja Makanan dan  Minuman ,215350000,
1.17 . 1.17.01 . 01 . 17 . 5 . 2 . 2 . 11 . 01 ,Belanja Makanan Dan Minuman Harian Pegawai ,163600000,"Makan Minum Pemungut  Ret. TPR Parangtritis
TPR Parangtritis228 orang/bulan x 600.000,00 = 136.800.000,00
TPR Parangtritis27 orang/bulan x 600.000,00 = 16.200.000,00
Makan Minum Operasional UPKOW. Pandansimo4 tw x 650.000,00 = 2.600.000,00
OW. Samas4 tw x 600.000,00 = 2.400.000,00
OW. Goa Selarong4 tw x 300.000,00 = 1.200.000,00
OW. Goa Cerme4 tw x 300.000,00 = 1.200.000,00
OW Joglo Parangtritis4 tw x 800.000,00 = 3.200.000,00"
1.17 . 1.17.01 . 01 . 17 . 5 . 2 . 2 . 11 . 02 ,Belanja Makanan Dan Minuman Rapat ,42750000,"Belanja Makanan dan Minuman Rapat
Makan, minum, snack1,500 oh x 28.500,00 = 42.750.000,00"
1.17 . 1.17.01 . 01 . 17 . 5 . 2 . 2 . 11 . 03 ,Belanja Makanan Dan Minuman Tamu ,9000000,"Belanja Makanan dan Minuman Tamu
Makan, minum, snack300 oh x 30.000,00 = 9.000.000,00"
1.17 . 1.17.01 . 01 . 18 ,Rapat-rapat koordinasi dan konsultasi ke luar daerah ,20000000,"Sumber Dana : 
Lokasi Kegiatan : Dinas Kebudayaan dan Pariwisata
Keluaran :  Volume perjalanan dinas luar kantor
Target:  52 OH"
1.17 . 1.17.01 . 01 . 18 . 5 . 2 . 2 ,Belanja Barang dan Jasa ,20000000,
1.17 . 1.17.01 . 01 . 18 . 5 . 2 . 2 . 15 ,Belanja Perjalanan Dinas ,20000000,
1.17 . 1.17.01 . 01 . 18 . 5 . 2 . 2 . 15 . 02 ,Belanja Perjalanan Dinas Luar Daerah ,20000000,"Belanja Perjalanan Dinas Luar Daerah1 ls x 20.000.000,00 = 20.000.000,00"
1.17 . 1.17.01 . 01 . 19 ,Rapat-rapat koordinasi dan konsultasi dalam daerah ,20000000,"Sumber Dana : 
Lokasi Kegiatan : Dinas Kebudayaan dan Pariwisata
Keluaran :  Volume perjalanan dinas kantor
Target:  456 OH"
1.17 . 1.17.01 . 01 . 19 . 5 . 2 . 2 ,Belanja Barang dan Jasa ,20000000,
1.17 . 1.17.01 . 01 . 19 . 5 . 2 . 2 . 15 ,Belanja Perjalanan Dinas ,20000000,
1.17 . 1.17.01 . 01 . 19 . 5 . 2 . 2 . 15 . 01 ,Belanja Perjalanan Dinas Dalam Daerah ,20000000,"Belanja Perjalanan Dinas Dalam Daerah.1 ls x 20.000.000,00 = 20.000.000,00"
1.17 . 1.17.01 . 01 . 20 ,Penyediaan Jasa Keamanan ,17025600,"Sumber Dana : 
Lokasi Kegiatan : Dinas Kebudayaan dan Pariwisata
Keluaran :  Pembayaran Honor PTT Obyek Wisata
Target:  1 Orang"
1.17 . 1.17.01 . 01 . 20 . 5 . 2 . 1 ,Belanja Pegawai ,17025600,
1.17 . 1.17.01 . 01 . 20 . 5 . 2 . 1 . 02 ,Honorarium Non PNS ,17025600,
1.17 . 1.17.01 . 01 . 20 . 5 . 2 . 1 . 02 . 02 ,Honorarium Pegawai Honorer/Tidak Tetap ,17025600,"Honorarium Pegawai 
Honorer/Tidak TetapPenjaga Padepokan Sumber Karahayon12 orang/bulan x 1.418.800,00 = 17.025.600,00"
1.17 . 1.17.01 . 02 ,Program Peningkatan Sarana dan Prasarana Aparatur ,593974100,
1.17 . 1.17.01 . 02 . 22 ,Pemeliharaan rutin/berkala gedung kantor ,25000000,"Sumber Dana : 
Lokasi Kegiatan : Dinas Kebudayaan dan Pariwisata
Keluaran :  Perbaikan Gedung kantor
Target:  1 Ls"
1.17 . 1.17.01 . 02 . 22 . 5 . 2 . 2 ,Belanja Barang dan Jasa ,25000000,
1.17 . 1.17.01 . 02 . 22 . 5 . 2 . 2 . 02 ,Belanja Bahan/Material ,20000000,
1.17 . 1.17.01 . 02 . 22 . 5 . 2 . 2 . 02 . 01 ,Belanja Bahan Baku Bangunan ,20000000,"Belanja Bahan Baku Bangunan
Material Pemel.Gedung/Kantor1 ls x 20.000.000,00 = 20.000.000,00"
1.17 . 1.17.01 . 02 . 22 . 5 . 2 . 2 . 35 ,"Jasa Narasumber, Tenaga Ahli, Yuri, Entry Data, Petugas Fogging dan Petugas Lapangan",5000000,
1.17 . 1.17.01 . 02 . 22 . 5 . 2 . 2 . 35 . 06 ,Jasa Tenaga Harian Lepas ,5000000,"Honor/Upah Harian Tenaga Tukang1 ls x 5.000.000,00 = 5.000.000,00"
1.17 . 1.17.01 . 02 . 24 ,Pemeliharaan rutin/berkala kendaraan dinas/operasional ,255600000,"Sumber Dana : 
Lokasi Kegiatan : Dinas Kebudayaan dan Pariwisata
Keluaran :  Perbaikan kendaraan dinas
Target:  6 Roda 2"
1.17 . 1.17.01 . 02 . 24 . 5 . 2 . 2 ,Belanja Barang dan Jasa ,255600000,
1.17 . 1.17.01 . 02 . 24 . 5 . 2 . 2 . 05 ,Belanja Perawatan Kendaraan Bermotor ,255600000,
1.17 . 1.17.01 . 02 . 24 . 5 . 2 . 2 . 05 . 01 ,Belanja Jasa Service ,9300000,"Belanja Jasa Service
Kendaraan Roda 26 ls x 300.000,00 = 1.800.000,00
Kendaraan Roda 43 ls x 2.500.000,00 = 7.500.000,00"
1.17 . 1.17.01 . 02 . 24 . 5 . 2 . 2 . 05 . 02 ,Belanja Penggantian Suku Cadang ,20700000,"Belanja Penggantian Suku Cadang
Kendaraan Roda 26 ls x 750.000,00 = 4.500.000,00
Kendaraan Roda 43 ls x 5.400.000,00 = 16.200.000,00"
1.17 . 1.17.01 . 02 . 24 . 5 . 2 . 2 . 05 . 03 ,Belanja Bahan Bakar Minyak/Gas Dan Pelumas ,225600000,"Belanja Bahan Bakar Minyak/Gas dan Pelumas
Sekretariat12,000 liter/bulan x 11.500,00 = 138.000.000,00
Kebudayaan2,400 liter/bulan x 11.500,00 = 27.600.000,00
Pemasaran2,400 liter/bulan x 11.500,00 = 27.600.000,00
SODTW2,400 liter/bulan x 11.500,00 = 27.600.000,00
Oli Kendaraan12 bulan x 400.000,00 = 4.800.000,00"
1.17 . 1.17.01 . 02 . 29 ,Pemeliharaan rutin/berkala mebeleur ,19000000,"Sumber Dana : 
Lokasi Kegiatan : Dinas Kebudayaan dan Pariwisata
Keluaran :  Pemeliharaan Mebelair Kantor
Target:  1 Ls"
1.17 . 1.17.01 . 02 . 29 . 5 . 2 . 2 ,Belanja Barang dan Jasa ,19000000,
1.17 . 1.17.01 . 02 . 29 . 5 . 2 . 2 . 20 ,Belanja Pemeliharaan ,19000000,
1.17 . 1.17.01 . 02 . 29 . 5 . 2 . 2 . 20 . 06 ,Belanja Pemeliharan perlengkapan kantor ,19000000,"Belanja Pemeliharaan Perlengkapan Kantor
Meja,Kursi Kerja,Almari,Rak Dsbnya1 ls x 3.000.000,00 = 3.000.000,00
Pemeliharaan gamelan1 ls x 16.000.000,00 = 16.000.000,00"
1.17 . 1.17.01 . 02 . 34 ,Pengadaan peralatan dan perlengkapan kantor ,294374100,"Sumber Dana :
 Lokasi Kegiatan : Dinas Kebudayaan dan Pariwisata
Keluaran :  almari kayu
Target:  7 unit"
1.17 . 1.17.01 . 02 . 34 . 5 . 2 . 2 ,Belanja Barang dan Jasa ,8909100,
1.17 . 1.17.01 . 02 . 34 . 5 . 2 . 2 . 02 ,Belanja Bahan/Material ,8909100,
1.17 . 1.17.01 . 02 . 34 . 5 . 2 . 2 . 02 . 02 ,Belanja Bahan/Bibit Tanaman ,8909100,"Belanja Tanaman Penghias1 ls x 8.909.100,00 = 8.909.100,00"
1.17 . 1.17.01 . 02 . 34 . 5 . 2 . 3 ,Belanja Modal ,285465000,
1.17 . 1.17.01 . 02 . 34 . 5 . 2 . 3 . 27 ,Belanja Modal Peralatan dan Mesin - Pengadaan Alat Kantor ,54300000,
1.17 . 1.17.01 . 02 . 34 . 5 . 2 . 3 . 27 . 04 ,Belanja Modal Peralatan dan Mesin - Pengadaan Alat Penyimpanan Perlengkapan Kantor,54300000,"Brand KasPengadaan Brankas1 unit x 11.000.000,00 = 11.000.000,00
Lemari kayuAlmari Kayu7 unit x 3.000.000,00 = 21.000.000,00
Filling Besi/MetalFilling Cabinet4 unit x 4.325.000,00 = 17.300.000,00
Lemari KacaEtalase Kaca2 unit x 2.500.000,00 = 5.000.000,00"
1.17 . 1.17.01 . 02 . 34 . 5 . 2 . 3 . 28 ,Belanja Modal Peralatan dan Mesin - Pengadaan Alat Rumah Tangga ,74000000,
1.17 . 1.17.01 . 02 . 34 . 5 . 2 . 3 . 28 . 01 ,Belanja Modal Peralatan dan Mesin - Pengadaan Meubelair ,25000000,"Kursi Kayu/Rotan/BambuKursi kayu10 buah x 500.000,00 = 5.000.000,00
Bangku TungguBangku Kayu Panjang10 buah x 2.000.000,00 = 20.000.000,00"
1.17 . 1.17.01 . 02 . 34 . 5 . 2 . 3 . 28 . 04 ,Belanja Modal Peralatan dan Mesin - Pengadaan Alat Pendingin ,11500000,"AC Unit
AC1 unit x 11.500.000,00 = 11.500.000,00"
1.17 . 1.17.01 . 02 . 34 . 5 . 2 . 3 . 28 . 06 ,Belanja Modal Peralatan dan Mesin - Pengadaan Alat Rumah Tangga  (Home Use),29500000,"Televisi1 unit x 3.000.000,00 = 3.000.000,00
Sound System1 unit x 13.000.000,00 = 13.000.000,00
Handy Camhandycam1 unit x 13.500.000,00 = 13.500.000,00"
1.17 . 1.17.01 . 02 . 34 . 5 . 2 . 3 . 28 . 07 ,Belanja Modal Peralatan dan Mesin - Pengadaan Alat Pemadam Kebakaran ,8000000,"Pengadaan Alat Pemadam Kebakaran4 unit x 2.000.000,00 = 8.000.000,00"
1.17 . 1.17.01 . 02 . 34 . 5 . 2 . 3 . 29 ,Belanja Modal Peralatan dan Mesin - Pengadaan  Komputer ,27000000,
1.17 . 1.17.01 . 02 . 34 . 5 . 2 . 3 . 29 . 02 ,Belanja Modal Peralatan dan Mesin - Pengadaan Personal Komputer ,27000000,"P.C Unit/ Komputer PC
Komputer dan printer3 unit x 9.000.000,00 = 27.000.000,00"
1.17 . 1.17.01 . 02 . 34 . 5 . 2 . 3 . 48 ,Belanja Modal Peralatan dan Mesin -Pengadaan Alat Keamanan dan Perlindungan,130165000,
1.17 . 1.17.01 . 02 . 34 . 5 . 2 . 3 . 48 . 01 ,Belanja Modal Peralatan dan Mesin -Pengadaan Alat Bantu Kemanan ,30165000,"CCTV1 paket x 30.165.000,00 = 30.165.000,00"
1.17 . 1.17.01 . 02 . 34 . 5 . 2 . 3 . 48 . 02 ,Belanja Modal Peralatan dan Mesin -Pengadaan Alat Perlindungan ,100000000,"Alat Perlindungan Lain-lain
Pengadaan Teralis1 ls x 100.000.000,00 = 100.000.000,00"
1.17 . 1.17.01 . 15 ,Program Pengembangan Nilai Budaya ,3166500000,
1.17 . 1.17.01 . 15 . 01 ,Pelestarian dan aktualisasi adat budaya daerah ,3166500000,"Sumber Dana : 
Lokasi Kegiatan : Kabupaten Bantul dan Luar DIY
Keluaran :  Terlaksananya Pelestarian Seni Budaya Daerah Kabupaten Bantul
Target:  10 Kegiatan"
1.17 . 1.17.01 . 15 . 01 . 5 . 2 . 2 ,Belanja Barang dan Jasa ,3166500000,
1.17 . 1.17.01 . 15 . 01 . 5 . 2 . 2 . 01 ,Belanja Bahan Pakai Habis ,3750000,
1.17 . 1.17.01 . 15 . 01 . 5 . 2 . 2 . 01 . 01 ,Belanja Alat Tulis Kantor ,3750000,"Belanja Alat Tulis Kantor1 ls x 3.750.000,00 = 3.750.000,00"
1.17 . 1.17.01 . 15 . 01 . 5 . 2 . 2 . 02 ,Belanja Bahan/Material ,25800000,
1.17 . 1.17.01 . 15 . 01 . 5 . 2 . 2 . 02 . 04 ,Belanja Bahan Obat-Obatan ,800000,"Belanja bahan obat-obatan kegiatan (GSBY, GKLD 1, GSBB)
Belanja bahan obat-obatan kegiatan (GSBY, GSBB)1 ls x 800.000,00 = 800.000,00"
1.17 . 1.17.01 . 15 . 01 . 5 . 2 . 2 . 02 . 07 ,Belanja Cindera Mata ,25000000,"Belanja cindera mata
Belanja Souvenir100 buah x 250.000,00 = 25.000.000,00"
1.17 . 1.17.01 . 15 . 01 . 5 . 2 . 2 . 03 ,Belanja Jasa Kantor ,12000000,
1.17 . 1.17.01 . 15 . 01 . 5 . 2 . 2 . 03 . 15 ,Belanja Publikasi ,12000000,"Belanja Publikasi
Belanja Publikasi kegiatan (GSBY,GSBB, pentas seni dan wayang kulit)1 ls x 12.000.000,00 = 12.000.000,00"
1.17 . 1.17.01 . 15 . 01 . 5 . 2 . 2 . 06 ,Belanja Cetak dan Penggandaan ,1284000,
1.17 . 1.17.01 . 15 . 01 . 5 . 2 . 2 . 06 . 02 ,Belanja Penggandaan ,1284000,"Belanja Penggandaan/Fotocopy
Belanja Penggandaan6,420 lbr x 200,00 = 1.284.000,00"
1.17 . 1.17.01 . 15 . 01 . 5 . 2 . 2 . 07 ,Belanja Sewa Rumah/Gedung/Gudang/Parkir ,50000000,
1.17 . 1.17.01 . 15 . 01 . 5 . 2 . 2 . 07 . 05 ,Belanja Sewa Kamar Hotel/Penginapan ,50000000,"Sewa Kamar Penginapan (GSBY, GSBB)1 ls x 50.000.000,00 = 50.000.000,00"
1.17 . 1.17.01 . 15 . 01 . 5 . 2 . 2 . 08 ,Belanja Sewa Sarana Mobilitas ,45000000,
1.17 . 1.17.01 . 15 . 01 . 5 . 2 . 2 . 08 . 01 ,Belanja Sewa Sarana Mobilitas Darat ,45000000,"Belanja Sewa Sarana Mobilitas Darat
Sewa Bus (GSBY, GSBB)1 ls x 45.000.000,00 = 45.000.000,00"
1.17 . 1.17.01 . 15 . 01 . 5 . 2 . 2 . 11 ,Belanja Makanan dan  Minuman ,33941000,
1.17 . 1.17.01 . 15 . 01 . 5 . 2 . 2 . 11 . 02 ,Belanja Makanan Dan Minuman Rapat ,4091000,"Belanja Makanan dan Minuman Rapat100 porsi x 20.000,00 = 2.000.000,00
Belanja Snack dan Minum Rapat246 doz x 8.500,00 = 2.091.000,00"
1.17 . 1.17.01 . 15 . 01 . 5 . 2 . 2 . 11 . 05 ,Belanja Makanan dan Minuman Pelaksanaan Kegiatan ,29850000,"Belanja Makanan dan Minuman Pelaksanaan Kegiatan
Belanja Snack Minum Pelaksanaan GSBY50 doz x 8.500,00 = 425.000,00
Belanja Makan Minum Pelaksanaan GSBY450 porsi x 35.000,00 = 15.750.000,00
Belanja Snack Minum Pelaksanaan GSBB50 doz x 8.500,00 = 425.000,00
Belanja Makan Minum Pelaksanaan GSBB450 porsi x 25.000,00 = 11.250.000,00
Belanja Makan Minum Gladibersih Fest Sendratari50 porsi x 20.000,00 = 1.000.000,00
Belanja Makan Minum Blocking Fest Sendratari50 porsi x 20.000,00 = 1.000.000,00"
1.17 . 1.17.01 . 15 . 01 . 5 . 2 . 2 . 14 ,Belanja Pakaian khusus dan hari-hari tertentu ,20000000,
1.17 . 1.17.01 . 15 . 01 . 5 . 2 . 2 . 14 . 03 ,Belanja Pakaian Batik Tradisional ,12500000,"Belanja Pakaian Batik Tradisional
Belanja Pakaian Batik Tradisional (GSBY)40 buah x 132.500,00 = 5.300.000,00
Belanja Pakaian Batik Tradisional (GSBB)48 buah x 150.000,00 = 7.200.000,00"
1.17 . 1.17.01 . 15 . 01 . 5 . 2 . 2 . 14 . 11 ,Belanja Pakaian Kaos/Training ,7500000,"Belanja pakaian duta seni
Belanja pakaian duta seni Fest Sendratari50 buah x 150.000,00 = 7.500.000,00"
1.17 . 1.17.01 . 15 . 01 . 5 . 2 . 2 . 15 ,Belanja Perjalanan Dinas ,49725000,
1.17 . 1.17.01 . 15 . 01 . 5 . 2 . 2 . 15 . 01 ,Belanja Perjalanan Dinas Dalam Daerah ,9700000,"Belanja Perjalanan Dinas Dalam Daera
Perjalanan Dinas Gol. IV40 ok x 75.000,00 = 3.000.000,00
Perjalanan Dinas Gol. III90 ok x 50.000,00 = 4.500.000,00
Perjalanan Dinas Gol. II55 ok x 40.000,00 = 2.200.000,00"
1.17 . 1.17.01 . 15 . 01 . 5 . 2 . 2 . 15 . 02 ,Belanja Perjalanan Dinas Luar Daerah ,40025000,"Belanja Perjalanan Dinas Luar DaerahTiket1 ls x 8.000.000,00 = 8.000.000,00
Lumpsum1 ls x 7.025.000,00 = 7.025.000,00
Uang Saku1 ls x 25.000.000,00 = 25.000.000,00"
1.17 . 1.17.01 . 15 . 01 . 5 . 2 . 2 . 38 ,Belanja Jasa Pentas/Pertunjukan ,2925000000,
1.17 . 1.17.01 . 15 . 01 . 5 . 2 . 2 . 38 . 01 ,Belanja Jasa Pentas/Pertunjukan ,2925000000,"Belanja Jasa Pentas/Pertunjukan
Belanja Jasa Pentas GSBY1 ls x 34.000.000,00 = 34.000.000,00
Belanja Jasa Pentas GSBB1 ls x 36.000.000,00 = 36.000.000,00
Belanja Jasa Pentas Fest Sendratari1 ls x 35.000.000,00 = 35.000.000,00
Belanja Jasa Festival Kotagede1 kali x 60.000.000,00 = 60.000.000,00
Belanja Jasa Pentas Hari Jadi Kab. Bantul1 kali x 50.000.000,00 = 50.000.000,00
Belanja jasa pentas-pentas wayang kulit58 kali/bjj x 35.000.000,00 = 2.030.000.000,00
Belanja jasa pentas gelar budaya6 kali/bjj x 57.500.000,00 = 345.000.000,00
Belanja jasa pentas-pentas Jatilan4 kali/bjj x 10.000.000,00 = 40.000.000,00
Belanja jasa pentas wayang orang1 kali x 25.000.000,00 = 25.000.000,00
Belanja jasa pentas ketoprak10 kali/bjj x 20.000.000,00 = 200.000.000,00
Belanja jasa pentas-pentas seni budaya1 ls x 50.000.000,00 = 50.000.000,00
Belanja jasa pentas peringatan kemerdekaan RI1 kali x 20.000.000,00 = 20.000.000,00"
2.04 . 1.17.01 . 15 ,Program pengembangan pemasaran pariwisata ,976000000,
2.04 . 1.17.01 . 15 . 02 ,Peningkatan pemanfaatan teknologi informasi dalam pemasaran pariwisata,353000000,"Sumber Dana : 
Lokasi Kegiatan : Kabupaten Bantul, DIY
Keluaran :  Terlaksananya kegiatan publikasi melalui pemanfaatan teknologi informasi
Target:  3 kegiatan publikasi"
2.04 . 1.17.01 . 15 . 02 . 5 . 2 . 2 ,Belanja Barang dan Jasa ,163000000,
2.04 . 1.17.01 . 15 . 02 . 5 . 2 . 2 . 01 ,Belanja Bahan Pakai Habis ,800000,
2.04 . 1.17.01 . 15 . 02 . 5 . 2 . 2 . 01 . 01 ,Belanja Alat Tulis Kantor ,800000,"Belanja Alat Tulis Kantor
Belanja ATK1 ls x 800.000,00 = 800.000,00"
2.04 . 1.17.01 . 15 . 02 . 5 . 2 . 2 . 03 ,Belanja Jasa Kantor ,45000000,
2.04 . 1.17.01 . 15 . 02 . 5 . 2 . 2 . 03 . 15 ,Belanja Publikasi ,45000000,"Belanja Publikasi Melalui Media
Belanja Publikasi Pariwisata Melalui Media1 ls x 45.000.000,00 = 45.000.000,00"
2.04 . 1.17.01 . 15 . 02 . 5 . 2 . 2 . 06 ,Belanja Cetak dan Penggandaan ,490000,
2.04 . 1.17.01 . 15 . 02 . 5 . 2 . 2 . 06 . 02 ,Belanja Penggandaan ,490000,"Belanja penggandaan / fotokopi
Belanja fotokopi1 ls x 490.000,00 = 490.000,00"
2.04 . 1.17.01 . 15 . 02 . 5 . 2 . 2 . 11 ,Belanja Makanan dan  Minuman ,1710000,
2.04 . 1.17.01 . 15 . 02 . 5 . 2 . 2 . 11 . 02 ,Belanja Makanan Dan Minuman Rapat ,1710000,"Belanja makan minum rapat60 oh x 28.500,00 = 1.710.000,00"
2.04 . 1.17.01 . 15 . 02 . 5 . 2 . 2 . 45 ,Belanja Jasa Pengadaan Aplikasi ,115000000,
2.04 . 1.17.01 . 15 . 02 . 5 . 2 . 2 . 45 . 01 ,Belanja Jasa Pengadaan Aplikasi ,115000000,"Belanja Pengadaan Server Web
Belanja pengadaan server web pariwisata1 ls x 20.000.000,00 = 20.000.000,00
Belanja Pengadaan Digitalisasi Peta Wisata1 ls x 91.650.000,00 = 91.650.000,00
Biaya perencanaan1 keg x 2.225.000,00 = 2.225.000,00
Honor pejabat pengadaan1 ok x 250.000,00 = 250.000,00
Honor panitia penerima5 ok/bjj x 175.000,00 = 875.000,00"
2.04 . 1.17.01 . 15 . 02 . 5 . 2 . 3 ,Belanja Modal ,190000000,
2.04 . 1.17.01 . 15 . 02 . 5 . 2 . 3 . 53 ,Belanja Modal Gedung dan Bangunan - Pengadaan Bangunan Tugu Peringatan,190000000,
2.04 . 1.17.01 . 15 . 02 . 5 . 2 . 3 . 53 . 03 ,Belanja Modal Gedung dan Bangunan - Pengadaan Bangunan Tugu Peringatan Lainnya,190000000,"Media Reklame
Belanja pengadaan baliho pariwisata1 ls x 182.000.000,00 = 182.000.000,00
Honor pejabat pengadaan1 ok x 300.000,00 = 300.000,00
Honor panitia pengawas lapangan5 ok/bjj x 255.000,00 = 1.275.000,00
Honor panitia penerima5 bjj x 175.000,00 = 875.000,00
Belanja ATK1 ls x 890.000,00 = 890.000,00
Belanja makan minum rapat60 oh x 28.500,00 = 1.710.000,00
Belanja perjalanan dinas dalam daerah50 oh x 50.000,00 = 2.500.000,00
Belanja penggandaan / fotokopi1 ls x 450.000,00 = 450.000,00"
2.04 . 1.17.01 . 15 . 03 ,Pengembangan jaringan kerja sama promosi pariwisata ,91500000,"Sumber Dana :
 Lokasi Kegiatan : Bantul, DIY
Keluaran :  Pameran Gelar Potensi dan lomba kreasi batik
Target : 1 Kegiatan "
2.04 . 1.17.01 . 15 . 03 . 5 . 2 . 2 ,Belanja Barang dan Jasa ,91500000,
2.04 . 1.17.01 . 15 . 03 . 5 . 2 . 2 . 01 ,Belanja Bahan Pakai Habis ,2000000,
2.04 . 1.17.01 . 15 . 03 . 5 . 2 . 2 . 01 . 01 ,Belanja Alat Tulis Kantor ,2000000,"Belanja Alat Tulis Kantor
Belanja ATK kegiatan1 ls x 2.000.000,00 = 2.000.000,00"
2.04 . 1.17.01 . 15 . 03 . 5 . 2 . 2 . 02 ,Belanja Bahan/Material ,2200000,
2.04 . 1.17.01 . 15 . 03 . 5 . 2 . 2 . 02 . 07 ,Belanja Cindera Mata ,2200000,"Belanja piala penghargaan
Belanja piala lomba kratifitas seni batik1 ls x 1.200.000,00 = 1.200.000,00
Belanja cinderamata1 ls x 1.000.000,00 = 1.000.000,00"
2.04 . 1.17.01 . 15 . 03 . 5 . 2 . 2 . 03 ,Belanja Jasa Kantor ,5000000,
2.04 . 1.17.01 . 15 . 03 . 5 . 2 . 2 . 03 . 15 ,Belanja Publikasi ,5000000,"Belanja publikasi kegiatan1 ls x 5.000.000,00 = 5.000.000,00"
2.04 . 1.17.01 . 15 . 03 . 5 . 2 . 2 . 06 ,Belanja Cetak dan Penggandaan ,700000,
2.04 . 1.17.01 . 15 . 03 . 5 . 2 . 2 . 06 . 02 ,Belanja Penggandaan ,700000,"Belanja penggandaan / fotokopi
Belanja fotokopi kegiatan1 ls x 700.000,00 = 700.000,00"
2.04 . 1.17.01 . 15 . 03 . 5 . 2 . 2 . 07 ,Belanja Sewa Rumah/Gedung/Gudang/Parkir ,30000000,
2.04 . 1.17.01 . 15 . 03 . 5 . 2 . 2 . 07 . 02 ,Belanja Sewa Gedung/Kantor/Tempat ,30000000,"Belanja sewa gedung / tempat kegiatan
Belanja sewa tempat pelaksanaan kegiatan1 ls/keg x 30.000.000,00 = 30.000.000,00"
2.04 . 1.17.01 . 15 . 03 . 5 . 2 . 2 . 10 ,Belanja Sewa Perlengkapan dan Peralatan Kantor ,9000000,
2.04 . 1.17.01 . 15 . 03 . 5 . 2 . 2 . 10 . 05 ,Belanja Sewa Tenda ,4000000,"Belanja sewa tenda / panggung
Belanja sewa panggung / tenda pelaksanaan kegiatan1 ls x 4.000.000,00 = 4.000.000,00"
2.04 . 1.17.01 . 15 . 03 . 5 . 2 . 2 . 10 . 07 ,Belanja Sewa Sound System ,5000000,"Belanja sewa sound system
Belanja sewa sound system & lighting pelaksanaan kegiatan1 ls/pkt x 5.000.000,00 = 5.000.000,00"
2.04 . 1.17.01 . 15 . 03 . 5 . 2 . 2 . 11 ,Belanja Makanan dan  Minuman ,10500000,
2.04 . 1.17.01 . 15 . 03 . 5 . 2 . 2 . 11 . 02 ,Belanja Makanan Dan Minuman Rapat ,2500000,"Belanja makan minum rapat
Belanja snack makan minum rapat1 ls x 2.500.000,00 = 2.500.000,00"
2.04 . 1.17.01 . 15 . 03 . 5 . 2 . 2 . 11 . 05 ,Belanja Makanan dan Minuman Pelaksanaan Kegiatan ,8000000,"Belanja makan minum pelaksanaan kegiatan
Belanja snack makan minum pelaksanaan kegiatan1 ls x 8.000.000,00 = 8.000.000,00"
2.04 . 1.17.01 . 15 . 03 . 5 . 2 . 2 . 14 ,Belanja Pakaian khusus dan hari-hari tertentu ,2000000,
2.04 . 1.17.01 . 15 . 03 . 5 . 2 . 2 . 14 . 03 ,Belanja Pakaian Batik Tradisional ,2000000,"Belanja pakaian batik
Belanja bahan batik1 ls x 2.000.000,00 = 2.000.000,00"
2.04 . 1.17.01 . 15 . 03 . 5 . 2 . 2 . 15 ,Belanja Perjalanan Dinas ,3750000,
2.04 . 1.17.01 . 15 . 03 . 5 . 2 . 2 . 15 . 01 ,Belanja Perjalanan Dinas Dalam Daerah ,3750000,"Belanja perjalanan dinas dalam daerah1 ls x 3.750.000,00 = 3.750.000,00"
2.04 . 1.17.01 . 15 . 03 . 5 . 2 . 2 . 35 ,"Jasa Narasumber, Tenaga Ahli, Yuri, Entry Data, Petugas Fogging dan Petugas Lapangan",14350000,
2.04 . 1.17.01 . 15 . 03 . 5 . 2 . 2 . 35 . 01 ,Jasa Nara Sumber/Moderator/Tenaga Ahli ,2000000,"Honor narasumber / moderator / tenaga ahli
Honor narasumber workshop1 ls x 2.000.000,00 = 2.000.000,00"
2.04 . 1.17.01 . 15 . 03 . 5 . 2 . 2 . 35 . 02 ,Jasa Yuri Perlombaan/Pelatih ,5000000,"Honor yuri perlombaan
Honor yuri lomba cipta kreasi batik1 ls x 5.000.000,00 = 5.000.000,00"
2.04 . 1.17.01 . 15 . 03 . 5 . 2 . 2 . 35 . 06 ,Jasa Tenaga Harian Lepas ,7350000,"Honor tenaga harian lepas
Honor tenaga keamanan kegiatan1 ls x 2.000.000,00 = 2.000.000,00Honor tenaga peraga busana1 ls x 5.350.000,00 = 5.350.000,00"
2.04 . 1.17.01 . 15 . 03 . 5 . 2 . 2 . 37 ,Uang Untuk Diberikan Kepada Pihak Ketiga/Masyarakat ,12000000,
2.04 . 1.17.01 . 15 . 03 . 5 . 2 . 2 . 37 . 01 ,Uang Untuk Diberikan Kepada Pihak Ketiga/Masyarakat ,12000000,"Hadiah juara lomba
Hadiah uang pembinaan juara lomba cipta kreasi batik1 ls/bjj x 12.000.000,00 = 12.000.000,00"
2.04 . 1.17.01 . 15 . 05 ,Pelaksanaan promosi pariwisata nusantara di dalam dan di luar negeri ,531500000,"Sumber Dana : 
Lokasi Kegiatan : Dalam Negeri dan Luar Negeri
Keluaran :  Terlaksananya promosi pariwisata Kab. Bantul melalui berbagai media
Target:  80 kegiatan promosi pariwisata"
2.04 . 1.17.01 . 15 . 05 . 5 . 2 . 2 ,Belanja Barang dan Jasa ,531500000,
2.04 . 1.17.01 . 15 . 05 . 5 . 2 . 2 . 01 ,Belanja Bahan Pakai Habis ,4200000,
2.04 . 1.17.01 . 15 . 05 . 5 . 2 . 2 . 01 . 01 ,Belanja Alat Tulis Kantor ,3750000,"Belanja Alat Tulis Kantor
Belanja ATK kegiatan rutin1 ls x 2.750.000,00 = 2.750.000,00
Belanja ATK pemilihan duta wisata / dimas diajeng1 ls x 1.000.000,00 = 1.000.000,00"
2.04 . 1.17.01 . 15 . 05 . 5 . 2 . 2 . 01 . 04 ,"Belanja Perangko, Materai Dan Benda Pos ",450000,"Belanja Meterai1 ls x 450.000,00 = 450.000,00"
2.04 . 1.17.01 . 15 . 05 . 5 . 2 . 2 . 02 ,Belanja Bahan/Material ,34500000,
2.04 . 1.17.01 . 15 . 05 . 5 . 2 . 2 . 02 . 07 ,Belanja Cindera Mata ,2400000,"Belanja cinderamata piala penghargaan
Belanja piala penghargaan juara pemilihan duta wisata / dimas diajeng1 ls x 2.400.000,00 = 2.400.000,00"
2.04 . 1.17.01 . 15 . 05 . 5 . 2 . 2 . 02 . 18 ,Belanja Bahan Percontohan ,32100000,"Belanja bahan percontohan
Bahan percontohan promosi pariwisata dalam dan luar daerah1 ls/kl x 14.760.000,00 = 14.760.000,00
Bahan percontohan Bantul Ekspo1 ls x 6.340.000,00 = 6.340.000,00
Bahan percontohan kegiatan duta wisata / dimas diajeng1 ls/keg x 11.000.000,00 = 11.000.000,00"
2.04 . 1.17.01 . 15 . 05 . 5 . 2 . 2 . 03 ,Belanja Jasa Kantor ,122300000,
2.04 . 1.17.01 . 15 . 05 . 5 . 2 . 2 . 03 . 14 ,Belanja Dekorasi ,12500000,"Belanja dekorasi
Belanja pembuatan stand pameran1 ls x 12.500.000,00 = 12.500.000,00"
2.04 . 1.17.01 . 15 . 05 . 5 . 2 . 2 . 03 . 15 ,Belanja Publikasi ,34800000,"Belanja publikasi kegiatan PPPNDLN
Publikasi dan promosi melalui media massa1 ls/th x 20.000.000,00 = 20.000.000,00
Publikasi / sosialisasi program kerja SKPD1 ls/th x 4.800.000,00 = 4.800.000,00
Publikasi kegiatan pemilihan duta wisata / dimas diajeng bantul 20161 ls x 9.000.000,00 = 9.000.000,00
Publikasi kegiatan pemberdayaan dimas diajeng bantul1 ls x 1.000.000,00 = 1.000.000,00"
2.04 . 1.17.01 . 15 . 05 . 5 . 2 . 2 . 03 . 29 ,Belanja Iuran ,75000000,"Belanja IuranIuran kegiatan Javapromo1 ls/th x 60.000.000,00 = 60.000.000,00
Iuran pelaksanaan promosi luar daerah1 ls x 15.000.000,00 = 15.000.000,00"
2.04 . 1.17.01 . 15 . 05 . 5 . 2 . 2 . 06 ,Belanja Cetak dan Penggandaan ,62200000,
2.04 . 1.17.01 . 15 . 05 . 5 . 2 . 2 . 06 . 01 ,Belanja Cetak ,60000000,"Belanja cetak
Cetak Materi Promosi Pariwisata I1 ls x 50.000.000,00 = 50.000.000,00
Cetak Calendar of Event 20171 ls x 10.000.000,00 = 10.000.000,00
Cetak Materi Promosi Pariwisata II1 ls x 0,00 = 0,00"
2.04 . 1.17.01 . 15 . 05 . 5 . 2 . 2 . 06 . 02 ,Belanja Penggandaan ,2200000,"Belanja penggandaan / fotokopi
Belanja fotokopi kegiatan rutin PPPNDLN8,000 lb x 150,00 = 1.200.000,00
Belanja penggandaan materi kegiatan dimas diajeng bantul1 ls x 1.000.000,00 = 1.000.000,00"
2.04 . 1.17.01 . 15 . 05 . 5 . 2 . 2 . 07 ,Belanja Sewa Rumah/Gedung/Gudang/Parkir ,62000000,
2.04 . 1.17.01 . 15 . 05 . 5 . 2 . 2 . 07 . 02 ,Belanja Sewa Gedung/Kantor/Tempat ,62000000,"Belanja sewa gedung / tempat kegiatan
Sewa tempat Bantul Ekspo1 ls x 2.000.000,00 = 2.000.000,00
Sewa tempat kegiatan promosi luar daerah1 ls x 40.000.000,00 = 40.000.000,00
Sewa tempat pembekalan/workshop duta wisata / dimas diajeng bantul1 ls x 20.000.000,00 = 20.000.000,00"
2.04 . 1.17.01 . 15 . 05 . 5 . 2 . 2 . 08 ,Belanja Sewa Sarana Mobilitas ,8500000,
2.04 . 1.17.01 . 15 . 05 . 5 . 2 . 2 . 08 . 01 ,Belanja Sewa Sarana Mobilitas Darat ,8500000,"Sewa sarana transportasi
Sewa sarana transportasi kegiatan duta wisata / dimas diajeng bantul1 ls x 5.000.000,00 = 5.000.000,00
Sewa sarana transportasi pawai1 ls x 2.000.000,00 = 2.000.000,00
Sewa sarana transportasi angkutan pameran1 ls x 1.500.000,00 = 1.500.000,00"
2.04 . 1.17.01 . 15 . 05 . 5 . 2 . 2 . 10 ,Belanja Sewa Perlengkapan dan Peralatan Kantor ,28500000,
2.04 . 1.17.01 . 15 . 05 . 5 . 2 . 2 . 10 . 05 ,Belanja Sewa Tenda ,5000000,"Sewa tenda / panggung kegiatan
Sewa tenda / panggung kegiatan duta wisata / dimas diajeng bantul1 ls x 5.000.000,00 = 5.000.000,00"
2.04 . 1.17.01 . 15 . 05 . 5 . 2 . 2 . 10 . 06 ,Belanja Sewa Pakaian Adat/Tradisional ,12500000,"Belanja sewa pakaian adat / tradisional
Sewa baju tradisional kegiatan pemilhan dimas diajeng bantul1 ls x 7.500.000,00 = 7.500.000,00
Sewa pakaian tradisional kegiatan duta wisata / dimas diajeng bantul1 ls x 5.000.000,00 = 5.000.000,00"
2.04 . 1.17.01 . 15 . 05 . 5 . 2 . 2 . 10 . 07 ,Belanja Sewa Sound System ,7000000,"Sewa peralatan sound system
Sewa sound system kegiatan pemilihan dimas diajeng bantul1 pkt x 3.000.000,00 = 3.000.000,00
Sewa perlengkapan lighting pemilihan dimas diajeng  bantul1 pkt x 4.000.000,00 = 4.000.000,00"
2.04 . 1.17.01 . 15 . 05 . 5 . 2 . 2 . 10 . 13 ,Belanja sewa peralatan dan perlengkapan kegiatan ,4000000,"Sewa peralatan dan perlengkapan kegiatan
Sewa peralatan fotografi kegiatan dimas diajeng bantul1 ls x 2.500.000,00 = 2.500.000,00
Sewa peralatan dan perlengkapan make up dimas diajeng1 ls x 1.500.000,00 = 1.500.000,00"
2.04 . 1.17.01 . 15 . 05 . 5 . 2 . 2 . 11 ,Belanja Makanan dan  Minuman ,32250000,
2.04 . 1.17.01 . 15 . 05 . 5 . 2 . 2 . 11 . 02 ,Belanja Makanan Dan Minuman Rapat ,5075000,"Belanja makanan minuman rapat
Belanja snack makan minum rapat kegiatan PPPNDLN1 ls/th x 4.275.000,00 = 4.275.000,00
Belanja snack makan minum kegiatan Dimas Diajeng Bantul1 ls x 800.000,00 = 800.000,00"
2.04 . 1.17.01 . 15 . 05 . 5 . 2 . 2 . 11 . 05 ,Belanja Makanan dan Minuman Pelaksanaan Kegiatan ,27175000,"Belanja makanan minuman pelaksanaan kegiatan
Belanja snack jaga pameran1 ls x 1.275.000,00 = 1.275.000,00
Belanja makan minum pelaksanaan pameran1 ls x 900.000,00 = 900.000,00
Belanja makan minum kegiatan pemilihan dimas diajeng bantul1 ls x 5.000.000,00 = 5.000.000,00
Belanja paket table manner / gala dinner keg. dimas diajeng bantul1 ls/pkt x 10.000.000,00 = 10.000.000,00
Belanja makan minum grand final pemilihan duta wisata / dimas diajeng bantul1 ls x 5.000.000,00 = 5.000.000,00
Belanja makan minum kegiatan pemberdayaan duta wisata / dimas diajeng bantul1 ls x 5.000.000,00 = 5.000.000,00"
2.04 . 1.17.01 . 15 . 05 . 5 . 2 . 2 . 14 ,Belanja Pakaian khusus dan hari-hari tertentu ,5600000,
2.04 . 1.17.01 . 15 . 05 . 5 . 2 . 2 . 14 . 03 ,Belanja Pakaian Batik Tradisional ,2000000,"Belanja pakaian batik
Belanja pakaian batik seragam kegiatan pemilihan dimas diajeng bantul1 ls x 2.000.000,00 = 2.000.000,00"
2.04 . 1.17.01 . 15 . 05 . 5 . 2 . 2 . 14 . 05 ,Belanja pakaian kejuaraan/ lomba ,3600000,"Belanja pakaian lomba
Belanja selempang juara pemilihan dimas diajeng bantul1 ls x 3.600.000,00 = 3.600.000,00"
2.04 . 1.17.01 . 15 . 05 . 5 . 2 . 2 . 15 ,Belanja Perjalanan Dinas ,44120000,
2.04 . 1.17.01 . 15 . 05 . 5 . 2 . 2 . 15 . 01 ,Belanja Perjalanan Dinas Dalam Daerah ,7300000,"Belanja perjalanan dinas dalam daerah
Belanja perjalanan dinas dalam kabupaten1 ls x 3.600.000,00 = 3.600.000,00
Belanja perjalanan dinas luar kabupaten1 ls x 3.700.000,00 = 3.700.000,00"
2.04 . 1.17.01 . 15 . 05 . 5 . 2 . 2 . 15 . 02 ,Belanja Perjalanan Dinas Luar Daerah ,36820000,"Belanja perjalanan dinas luar daerah
Belanja perjalanan dinas luar daerah kegiatan PPPNDLN1 ls/keg x 36.820.000,00 = 36.820.000,00"
2.04 . 1.17.01 . 15 . 05 . 5 . 2 . 2 . 21 ,Belanja Jasa Konsultansi ,50000000,
2.04 . 1.17.01 . 15 . 05 . 5 . 2 . 2 . 21 . 02 ,Belanja Jasa Konsultansi Perencanaan ,50000000,"Belanja Jasa Konsultasi Kajian Length of Stay
Belanja jasa studi/kajian Length of Stay1 ls x 45.000.000,00 = 45.000.000,00
Honor pejabat pengadaan1 ok x 250.000,00 = 250.000,00
Honor panitia penerima5 bjj x 250.000,00 = 1.250.000,00
Honor tim supervisi perencanaan5 bjj x 255.000,00 = 1.275.000,00
Belanja makan minum rapat30 oh x 20.000,00 = 600.000,00
Belanja ATK1 ls x 250.000,00 = 250.000,00
Belanja fotokopi1 ls x 375.000,00 = 375.000,00
Belanja perjalanan dinas20 oh x 50.000,00 = 1.000.000,00"
2.04 . 1.17.01 . 15 . 05 . 5 . 2 . 2 . 35 ,"Jasa Narasumber, Tenaga Ahli, Yuri, Entry Data, Petugas Fogging dan Petugas Lapangan",38330000,
2.04 . 1.17.01 . 15 . 05 . 5 . 2 . 2 . 35 . 01 ,Jasa Nara Sumber/Moderator/Tenaga Ahli ,6080000,"Honor Narasumber / Moderator / Tenaga Ahli
Honor narasumber sosialisasi program kerja SKPD1 ls/th x 1.080.000,00 = 1.080.000,00
Honor narasumber pembekalan duta wisata / dimas diajeng bantul1 ls x 2.000.000,00 = 2.000.000,00
Honor MC seleksi pemilihan dimas diajeng bantul1 ls x 1.500.000,00 = 1.500.000,00
Honor MC grand final pemilihan dimas diajeng bantul1 ls x 1.500.000,00 = 1.500.000,00"
2.04 . 1.17.01 . 15 . 05 . 5 . 2 . 2 . 35 . 02 ,Jasa Yuri Perlombaan/Pelatih ,8500000,"Honor yuri pemilihan dimas dianjeg bantul
Honor juri kegiatan pemilihan dimas diajeng bantul 20161 ls x 8.500.000,00 = 8.500.000,00"
2.04 . 1.17.01 . 15 . 05 . 5 . 2 . 2 . 35 . 06 ,Jasa Tenaga Harian Lepas ,23750000,"Honor tenaga harian lepas
Honor tenaga bongkar pasang pameran1 ls/keg x 750.000,00 = 750.000,00
Honor tenaga keamanan kegiatan pemilihan dimas diajeng bantul1 ls x 2.000.000,00 = 2.000.000,00
Honor petugas jaga TIC - PSG1 ls/th x 21.000.000,00 = 21.000.000,00"
2.04 . 1.17.01 . 15 . 05 . 5 . 2 . 2 . 36 ,Belanja Jasa Transport Petugas/Peserta ,6000000,
2.04 . 1.17.01 . 15 . 05 . 5 . 2 . 2 . 36 . 02 ,Honorarium Peserta Rapat/Sosialisasi ,6000000,"Honor peserta kegiatan
Honor peserta kegiatan pemberdayaan duta wisata / dimas diajeng bantul1 ls x 6.000.000,00 = 6.000.000,00"
2.04 . 1.17.01 . 15 . 05 . 5 . 2 . 2 . 37 ,Uang Untuk Diberikan Kepada Pihak Ketiga/Masyarakat ,33000000,
2.04 . 1.17.01 . 15 . 05 . 5 . 2 . 2 . 37 . 01 ,Uang Untuk Diberikan Kepada Pihak Ketiga/Masyarakat ,33000000,"Hadian pemenang/juara lomba
Uang pembinaan juara pemilihan duta wisata / dimas diajeng bantul 20161 ls/bjj x 33.000.000,00 = 33.000.000,00"
2.04 . 1.17.01 . 16 ,Program pengembangan destinasi pariwisata ,5231745000,
2.04 . 1.17.01 . 16 . 01 ,Pengembangan objek pariwisata unggulan ,1072400000,"Sumber Dana : 
Lokasi Kegiatan : Obyek Wisata Kab. Bantul
Keluaran :  Terselenggaranya Pentasi Seni di Obyek  Wisata
Target:  107 Pentas Seni"
2.04 . 1.17.01 . 16 . 01 . 5 . 2 . 2 ,Belanja Barang dan Jasa ,1072400000,
2.04 . 1.17.01 . 16 . 01 . 5 . 2 . 2 . 01 ,Belanja Bahan Pakai Habis ,1275000,
2.04 . 1.17.01 . 16 . 01 . 5 . 2 . 2 . 01 . 01 ,Belanja Alat Tulis Kantor ,1275000,"Belanja ATK1 ls x 1.275.000,00 = 1.275.000,00"
2.04 . 1.17.01 . 16 . 01 . 5 . 2 . 2 . 02 ,Belanja Bahan/Material ,1200000,
2.04 . 1.17.01 . 16 . 01 . 5 . 2 . 2 . 02 . 07 ,Belanja Cindera Mata ,1200000,"Belanja Cinderamata
Belanja Trophy8 bh x 150.000,00 = 1.200.000,00"
2.04 . 1.17.01 . 16 . 01 . 5 . 2 . 2 . 03 ,Belanja Jasa Kantor ,16700000,
2.04 . 1.17.01 . 16 . 01 . 5 . 2 . 2 . 03 . 15 ,Belanja Publikasi ,16700000,"Belanja Publikasi
Spanduk15 bh x 200.000,00 = 3.000.000,00
Back drop4 bh x 800.000,00 = 3.200.000,00
Baliho10 bh x 750.000,00 = 7.500.000,00
Media1 kali x 3.000.000,00 = 3.000.000,00"
2.04 . 1.17.01 . 16 . 01 . 5 . 2 . 2 . 06 ,Belanja Cetak dan Penggandaan ,875000,
2.04 . 1.17.01 . 16 . 01 . 5 . 2 . 2 . 06 . 02 ,Belanja Penggandaan ,875000,"belanja PenggandaanFoto Copy5,000 lbr x 175,00 = 875.000,00"
2.04 . 1.17.01 . 16 . 01 . 5 . 2 . 2 . 10 ,Belanja Sewa Perlengkapan dan Peralatan Kantor ,368750000,
2.04 . 1.17.01 . 16 . 01 . 5 . 2 . 2 . 10 . 01 ,Belanja Sewa Meja Kursi ,2000000,"Belanja sewa meja kursi4 paket x 500.000,00 = 2.000.000,00"
2.04 . 1.17.01 . 16 . 01 . 5 . 2 . 2 . 10 . 04 ,Belanja Sewa Generator ,87250000,"Belanja sewa generator
Pentas reguler100 unit x 750.000,00 = 75.000.000,00
Event tertentu7 unit x 1.750.000,00 = 12.250.000,00"
2.04 . 1.17.01 . 16 . 01 . 5 . 2 . 2 . 10 . 05 ,Belanja Sewa Tenda ,137000000,"Belanja sewa tenda/panggung/taman
Belanja sewa tendfa/pnggung pentas reguler100 paket x 1.200.000,00 = 120.000.000,00
belanja sewa tenda event tertentu40 unit x 200.000,00 = 8.000.000,00
Belanja sewa panggung event tertentu360 m2 x 20.000,00 = 7.200.000,00
Belanja sewa taman2 paket x 900.000,00 = 1.800.000,00"
2.04 . 1.17.01 . 16 . 01 . 5 . 2 . 2 . 10 . 07 ,Belanja Sewa Sound System ,142500000,"Belanja sewa sound system
Belanja sewa sound system pentas reguler100 unit x 1.250.000,00 = 125.000.000,00
Belanja sewa sound system event tertentu7 unit x 2.500.000,00 = 17.500.000,00"
2.04 . 1.17.01 . 16 . 01 . 5 . 2 . 2 . 11 ,Belanja Makanan dan  Minuman ,29250000,
2.04 . 1.17.01 . 16 . 01 . 5 . 2 . 2 . 11 . 02 ,Belanja Makanan Dan Minuman Rapat ,3250000,"Belanja makan minum rapat
makan minum rapat100 org x 15.000,00 = 1.500.000,00
Snack minujm rapat175 org x 10.000,00 = 1.750.000,00"
2.04 . 1.17.01 . 16 . 01 . 5 . 2 . 2 . 11 . 05 ,Belanja Makanan dan Minuman Pelaksanaan Kegiatan ,26000000,"Belanja makan minum/snack pelaksanaan kegiatan
Makan minum keg. Jogja Air Show500 org x 20.000,00 = 10.000.000,00
Makan minum Keg. festival Jatilan150 org x 20.000,00 = 3.000.000,00
Snack minum Keg. Festival Jatilan700 org x 10.000,00 = 7.000.000,00
Jamuan prasmanan Keg. Festival Perahu Naga150 org x 40.000,00 = 6.000.000,00"
2.04 . 1.17.01 . 16 . 01 . 5 . 2 . 2 . 14 ,Belanja Pakaian khusus dan hari-hari tertentu ,15000000,
2.04 . 1.17.01 . 16 . 01 . 5 . 2 . 2 . 14 . 03 ,Belanja Pakaian Batik Tradisional ,15000000,"Belanja pakaian khusus dan hari-hari tertentu
belasnja pakaian batik tradisionil75 bh x 150.000,00 = 11.250.000,00
belanja pakaian kerja lapangan30 bh x 125.000,00 = 3.750.000,00"
2.04 . 1.17.01 . 16 . 01 . 5 . 2 . 2 . 15 ,Belanja Perjalanan Dinas ,3250000,
2.04 . 1.17.01 . 16 . 01 . 5 . 2 . 2 . 15 . 01 ,Belanja Perjalanan Dinas Dalam Daerah ,3250000,"Belanja perjalanan dinas dalam daerah
Belanja perjalanan dinas keg. event wisata1 ls/bjj x 3.250.000,00 = 3.250.000,00"
2.04 . 1.17.01 . 16 . 01 . 5 . 2 . 2 . 35 ,"Jasa Narasumber, Tenaga Ahli, Yuri, Entry Data, Petugas Fogging dan Petugas Lapangan",8000000,
2.04 . 1.17.01 . 16 . 01 . 5 . 2 . 2 . 35 . 01 ,Jasa Nara Sumber/Moderator/Tenaga Ahli ,8000000,"Jasa Juri/Nara sumber/Tenaga lapangan
Jasa Juri /Nara sumber Festival Jatilan8 org x 500.000,00 = 4.000.000,00
Jasa MC Festival Jatilan2 org x 500.000,00 = 1.000.000,00
Jasa petugas lapangan Keg. Festival Jatilan60 org x 50.000,00 = 3.000.000,00"
2.04 . 1.17.01 . 16 . 01 . 5 . 2 . 2 . 37 ,Uang Untuk Diberikan Kepada Pihak Ketiga/Masyarakat ,27000000,
2.04 . 1.17.01 . 16 . 01 . 5 . 2 . 2 . 37 . 01 ,Uang Untuk Diberikan Kepada Pihak Ketiga/Masyarakat ,27000000,"Uang untuk diberikan kepada masyarakat
Uang hadiah Festival Jatilan1 ls/bjj x 27.000.000,00 = 27.000.000,00"
2.04 . 1.17.01 . 16 . 01 . 5 . 2 . 2 . 38 ,Belanja Jasa Pentas/Pertunjukan ,601100000,
2.04 . 1.17.01 . 16 . 01 . 5 . 2 . 2 . 38 . 01 ,Belanja Jasa Pentas/Pertunjukan ,601100000,"Belanja pentas pertunjukan
Belanja pentas pertunjukan reguler80 kali x 5.000.000,00 = 400.000.000,00
Festival Jatilan17 group x 4.000.000,00 = 68.000.000,00
Festival Layang-layang1 kali x 94.600.000,00 = 94.600.000,00
Parade Band1 kali x 10.000.000,00 = 10.000.000,00
Gelar seni malam 1 Sura1 kali x 12.500.000,00 = 12.500.000,00
Gelar seni malam 15 sura1 kali x 10.000.000,00 = 10.000.000,00
Gelar seni Liburan Natal1 kali x 0,00 = 0,00
Gelar seni Malam tahun baru1 kali x 6.000.000,00 = 6.000.000,00"
2.04 . 1.17.01 . 16 . 02 ,Peningkatan pembangunan sarana dan prasarana pariwisata ,3255000000,"Sumber Dana : 
Keluaran :  Terbangunnya Sarana Dan Prasarana Obyek wisata
Target:  4 Obyek wisata"
2.04 . 1.17.01 . 16 . 02 . 5 . 2 . 3 ,Belanja Modal ,3255000000,
2.04 . 1.17.01 . 16 . 02 . 5 . 2 . 3 . 49 ,Belanja Modal Gedung dan Bangunan - Pengadaan Bangunan Gedung Tempat Kerja,1155000000,
2.04 . 1.17.01 . 16 . 02 . 5 . 2 . 3 . 49 . 08 ,Belanja Modal Gedung dan Bangunan - Pengadaan Bangunan Gedung Tempat Ibadah,95000000,"Belanja Modal Rehab Mushola Relokasi Parangtritis
Rehab Mushola Relokasi Parangtritis1 paket x 90.405.000,00 = 90.405.000,00
Biaya Perencanaan1 paket x 3.600.000,00 = 3.600.000,00
Honor Pejabat Pengadaan Barang / jasa1 ok x 250.000,00 = 250.000,00
Honor Pejabat Penerima Pemeriksa Pekerjaan1 ok x 225.000,00 = 225.000,00
belanja Makan Minum Rapat10 ok x 17.500,00 = 175.000,00
Belanja Foto Kopi300 lbr x 150,00 = 45.000,00
Belanja Perjalanan Dinas6 ok x 50.000,00 = 300.000,00"
2.04 . 1.17.01 . 16 . 02 . 5 . 2 . 3 . 49 . 27 ,Belanja Modal Gedung dan Bangunan - Pengadaan Bangunan Gedung Tempat Kerja Lainnya,1060000000,"Belanja Modal Bangunan Tempat Pembuangan Sampah ( TPS) O.W. Goa Cemara
Belanja Modal Bangunan Tempat Pembuangan Sampah ( TPS ) O.W. Goa Cemara1 paket x 191.525.000,00 = 191.525.000,00
Biaya Perencanaan1 paket x 5.250.000,00 = 5.250.000,00
Honor Pejabar Pengadaan barang/Jasa1 ok x 300.000,00 = 300.000,00
honor Tim Pengawas lapangan5 bjj x 250.000,00 = 1.250.000,00
Honor Panitia Penerima Pemeriksa Pekerjaan5 bjj x 175.000,00 = 875.000,00
belanja Makan Minum Rapat10 ok x 17.500,00 = 175.000,00
Belanja Foto Kopi500 lbr x 150,00 = 75.000,00
belanja ATK1 paket x 250.000,00 = 250.000,00
Belanja Perjalanan Dinas6 ok x 50.000,00 = 300.000,00
Belanja Modal Bangunan Tamanisasi ParangkusumoBangunan Tamanisasi Parangkusumo1 paket x 191.525.000,00 = 191.525.000,00
Biaya Perencanaan1 paket x 5.250.000,00 = 5.250.000,00
Honor Tim Pengawas Lapangan5 bjj x 250.000,00 = 1.250.000,00
Honor Panitia Penerima Pemeriksa Pekerjaan5 bjj x 175.000,00 = 875.000,00
Honor Pejabat Pengadaan Barang/Jasa1 ok x 300.000,00 = 300.000,00
Belanja makan Minum Rapat10 ok x 17.500,00 = 175.000,00
Belanja ATK1 paket x 250.000,00 = 250.000,00
Belanja Foto kopi500 lbr x 150,00 = 75.000,00
Belanja Perjalanan Dinas6 ok x 50.000,00 = 300.000,00
Belanja Modal Land Scape Joglo Goa Cemara1 paket x 191.525.000,00 = 191.525.000,00
Biaya Perencanaan1 paket x 5.250.000,00 = 5.250.000,00
honor Pejabat Pengadaan barang/Jasa1 ok x 300.000,00 = 300.000,00
honor Tim Pengawas Lapangan5 bjj x 250.000,00 = 1.250.000,00
Honor Panitia Penerima Pemeriksa Pekerjaan5 bjj x 175.000,00 = 875.000,00
belanja Makan Minum Rapat10 ok x 17.500,00 = 175.000,00
Belanja ATK1 paket x 250.000,00 = 250.000,00
Belanja Foto Kopi500 lbr x 150,00 = 75.000,00
Belanja Perjalanan Dinas6 ok x 50.000,00 = 300.000,00
Belanja Modal Area Parkir O.W. Pantai BaruPembuatan Area Parkir O.W. Pantai Baru1 paket x 191.525.000,00 = 191.525.000,00
Biaya Perencanaan1 paket x 5.250.000,00 = 5.250.000,00
honor Pejabat Pengadaan barang/Jasa1 ok x 300.000,00 = 300.000,00
Honor Tim Pengawas lapangan5 bjj x 250.000,00 = 1.250.000,00
Honor Panitia Penerima Pemeriksa5 bjj x 175.000,00 = 875.000,00
Belanja makan minum Rapat10 ok x 17.500,00 = 175.000,00
Belanja ATK1 paket x 250.000,00 = 250.000,00Belanja Foto Kopi500 lbr x 150,00 = 75.000,00
Belanja Perjalanan Dinas6 ok x 50.000,00 = 300.000,00
Belanja Modal Area Parkir ParangkusumoPembuata Area Parkir Parangkusumo1 paket x 152.825.000,00 = 152.825.000,00
Biaya Perencanaan1 paket x 4.000.000,00 = 4.000.000,00
Honor Pejabat Pengadaan barang/jasa1 ok x 250.000,00 = 250.000,00
Honor Tim Pengawas lapangan5 bjj x 250.000,00 = 1.250.000,00
Honor Panitia Penerima Pemeriksa5 bjj x 175.000,00 = 875.000,00
Belanja Makan Minum Rapat10 ok x 17.500,00 = 175.000,00Belanja ATK1 paket x 250.000,00 = 250.000,00
Belanja Foto Kopi500 lbr x 150,00 = 75.000,00
Belanja  Perjalanan Dinas6 ok x 50.000,00 = 300.000,00
Belanja Area Parkir O.W. Goa Cemara1 paket x 95.025.000,00 = 95.025.000,00
Biaya Perencanaan1 paket x 3.750.000,00 = 3.750.000,00
Honor Pejabat Pengadaan barang/Jasa1 ok x 250.000,00 = 250.000,00
Honor Tim Pengawas lapangan1 ok x 250.000,00 = 250.000,00
Honor Penerima Pemeriksa1 ok x 225.000,00 = 225.000,00
belanja Makan Minum Rapat5 ok x 17.500,00 = 87.500,00
Belanja ATK1 paket x 125.000,00 = 125.000,00
Belanja Foto Kopi250 lbr x 150,00 = 37.500,00
Belanja Perjalanan Dinas5 ok x 50.000,00 = 250.000,00"
2.04 . 1.17.01 . 16 . 02 . 5 . 2 . 3 . 53 ,Belanja Modal Gedung dan Bangunan - Pengadaan Bangunan Tugu Peringatan,800000000,
2.04 . 1.17.01 . 16 . 02 . 5 . 2 . 3 . 53 . 03 ,Belanja Modal Gedung dan Bangunan - Pengadaan Bangunan Tugu Peringatan Lainnya,800000000,"Belanja Icon Papan Nama O.W. Pantai Baru1 paket x 191.525.000,00 = 191.525.000,00
Biaya Perencanaan1 paket x 5.250.000,00 = 5.250.000,00
Honor Pejabat pengadaan Barang/Jasa1 ok x 300.000,00 = 300.000,00
Honor Tim Pengawas lapangan5 bjj x 250.000,00 = 1.250.000,00
Honor Panitia Penerima Pemeriksa5 bjj x 175.000,00 = 875.000,00
Belanja makan Minum Rapat10 ok x 17.500,00 = 175.000,00
Belanja ATK1 paket x 250.000,00 = 250.000,00
Belanja Foto kopi500 lbr x 150,00 = 75.000,00
Belanja Perjalanan Dinas6 ok x 50.000,00 = 300.000,00
Belanja Icon Papan Nama O.W. Pantai Depok1 paket x 191.525.000,00 = 191.525.000,00
Biaya Perencanaan1 paket x 5.250.000,00 = 5.250.000,00
Honor Pejabat Pengadaan Barang/Jasa1 ok x 300.000,00 = 300.000,00
Honor Tim Pengawas lapangan5 bjj x 250.000,00 = 1.250.000,00
Honor Panitia Penerima Pemeriksa5 bjj x 175.000,00 = 875.000,00
Belanja Makan Minum Rapat10 ok x 17.500,00 = 175.000,00
Belanja ATK1 paket x 250.000,00 = 250.000,00
Belanja Foto Kopi500 lbr x 150,00 = 75.000,00
Belanja perjalanan Dinas6 ok x 50.000,00 = 300.000,00
Belanja Icon papan Nama Gunung Bintang Piyungan
Belanja Modal Icon Papan Nama Gunung Bintang Piyungan1 paket x 191.525.000,00 = 191.525.000,00
biaya Perencanaan1 paket x 5.250.000,00 = 5.250.000,00
Honor Pejabat Pengadaan Barang/Jasa1 ok x 300.000,00 = 300.000,00
Honor Tim Pengawas lapangan5 bjj x 250.000,00 = 1.250.000,00
Honor Panitia penerima Pemeriksa Pekerjaan5 bjj x 175.000,00 = 875.000,00
Belanja makan Minum Rapat10 ok x 17.500,00 = 175.000,00
Belanja ATK1 paket x 250.000,00 = 250.000,00
Belanja Foto Kopi500 lbr x 150,00 = 75.000,00
Belanja Perjalanan Dinas6 ok x 50.000,00 = 300.000,00
Belaanja Icon papan Nama Mangunan Dlingo
Belanja Icon papan Nama Mangunan Dlingo1 paket x 191.525.000,00 = 191.525.000,00
Biaya perencanaan1 paket x 5.250.000,00 = 5.250.000,00
Honor Pengadaan barang/Jasa1 ok x 300.000,00 = 300.000,00
Honor Panitia /Tim Pengawas lapangan5 bjj x 250.000,00 = 1.250.000,00
Honor Tim Panitia penerima Pemeriksa5 bjj x 175.000,00 = 875.000,00
Belanja makan Minum Rapat10 ok x 17.500,00 = 175.000,00
biaya ATK1 paket x 250.000,00 = 250.000,00
Biaya Foto Kopi500 lbr x 150,00 = 75.000,00
Belanja Perjalanan Dinas6 ok x 50.000,00 = 300.000,00"
2.04 . 1.17.01 . 16 . 02 . 5 . 2 . 3 . 59 ,"Belanja Modal Jalan, Irigasi dan Jaringan - Pengadaan Jalan ",900000000,
2.04 . 1.17.01 . 16 . 02 . 5 . 2 . 3 . 59 . 05 ,"Belanja Modal Jalan, Irigasi dan Jaringan - Pengadaan Jalan Khusus ",900000000,"Belanja Modal Pengadaan Jalan Konblok 
Relokasi Mancingan BaruPembuatan Jalan Konblok Relokasi Mancingan Baru1 paket x 191.525.000,00 = 191.525.000,00
Biaya Perencanaan1 paket x 5.250.000,00 = 5.250.000,00
Honor Pejabat Pengadaan Barang/Jasa1 ok x 300.000,00 = 300.000,00
Honor Tim Pengawas Lapangan5 ok x 250.000,00 = 1.250.000,00
Honor Panitia penerima dan Pemeriksa Pekerjaan5 ok x 175.000,00 = 875.000,00
Alat tulis Kantor1 paket x 250.000,00 = 250.000,00Belanja Foto Copy500 lbr x 150,00 = 75.000,00
Belanja Makan Minum Rapat10 ok x 17.500,00 = 175.000,00
Belanja Perjalanan Dinas6 ok x 50.000,00 = 300.000,00
Belanja Modal Rehab Jalan O.W. Pantai Baru ( Lanjutan )Rehab Jalan O.W. Pantai Baru ( Lanjutan )1 paket x 191.525.000,00 = 191.525.000,00
Biaya Perencanaan1 paket x 5.250.000,00 = 5.250.000,00
Honor Pejabat Pengadaan Barang/Jasa1 ok x 300.000,00 = 300.000,00
Honor Tim Pengawas lapangan5 ok x 250.000,00 = 1.250.000,00
Honor Panitia Penerima Pemeriksa5 ok x 175.000,00 = 875.000,00
Belanja ATK1 paket x 250.000,00 = 250.000,00
Belanja Makan Minum Rapat10 ok x 17.500,00 = 175.000,00
Belanja Foto Kopi500 lbr x 150,00 = 75.000,00
Belanja Perjalanan Dinas6 ok x 50.000,00 = 300.000,00
Belanja Modal Jalan Konblok O.W. Pantai Depok
Pembuatan Jalan Konblok O.W. Pantai Depok ( Lanjutan )1 paket x 191.525.000,00 = 191.525.000,00
Biaya Perencanaan1 paket x 5.250.000,00 = 5.250.000,00
Honor Pejabat Pengadaan Barang/Jasa1 ok x 300.000,00 = 300.000,00
Honor Tim Pengawas Lapangan5 ok x 250.000,00 = 1.250.000,00
Honor Panitia Penerima Pemeriksa5 ok x 175.000,00 = 875.000,00
Belanja ATK1 paket x 250.000,00 = 250.000,00
Belanja Makan Minum Rapat10 ok x 17.500,00 = 175.000,00
Belanja Foto Copi500 lbr x 150,00 = 75.000,00
Belanja Perjalanan Dinas6 ok x 50.000,00 = 300.000,00
Belanja Modal Jalan Konblok Relokasi Mancingan ( Baru )Pembuatan Jalan konblok Relokasi Mancingan1 paket x 191.525.000,00 = 191.525.000,00
Biaya Perencanaan1 paket x 5.250.000,00 = 5.250.000,00
Honor Pejabat Pengadaan Barang/Jasa1 ok x 300.000,00 = 300.000,00
Honor Tim Pengawas Lapangan5 ok x 250.000,00 = 1.250.000,00
honor Panitia Penerima Pemeriksa5 ok x 175.000,00 = 875.000,00
Belanja Makan Minum Rapat10 ok x 17.500,00 = 175.000,00Belanja ATK1 paket x 250.000,00 = 250.000,00
Belanja foto kopi500 lbr x 150,00 = 75.000,00Belanja Perjalanan Dinas6 ok x 50.000,00 = 300.000,00
Belanja Modal Rehab Jalan Relokasi MancinganRehab Jalan Konblok Relokasi Mancingan ( pintu keluar )1 paket x 95.087.500,00 = 95.087.500,00
Biaya Perencanaan1 paket x 3.600.000,00 = 3.600.000,00
Honor Pejabat Pengadaan Barang/Jasa1 ok x 250.000,00 = 250.000,00
Honor Panitia Penerima Pemeriksa1 ok x 225.000,00 = 225.000,00
Belanja Makan Minum Rapat10 ok x 17.500,00 = 175.000,00
Belanja ATK1 paket x 125.000,00 = 125.000,00
Belanja Foto Kopi250 lbr x 150,00 = 37.500,00
Belanja Perjalanan Dinas10 ok x 50.000,00 = 500.000,00"
2.04 . 1.17.01 . 16 . 02 . 5 . 2 . 3 . 60 ,"Belanja Modal Jalan, Irigasi dan Jaringan - Pengadaan Jembatan ",200000000,
2.04 . 1.17.01 . 16 . 02 . 5 . 2 . 3 . 60 . 05 ,"Belanja Modal Jalan, Irigasi dan Jaringan - Pengadaan Jembatan Khusus ",200000000,"Belanja Modal Rehab Jembatan O.W. Parangtritis1 paket x 191.525.000,00 = 191.525.000,00
Biaya Perencanaan1 paket x 5.250.000,00 = 5.250.000,00
Honjor Pejabat Pengadaan Barang/Jasa1 ok x 300.000,00 = 300.000,00
Honor Tim Pengawas lapangan5 bjj x 250.000,00 = 1.250.000,00
Honor Panitia Penerima Pemeriksa5 bjj x 175.000,00 = 875.000,00
Belanja Makan Minum Rapat10 ok x 17.500,00 = 175.000,00
Belanja ATK1 paket x 250.000,00 = 250.000,00Belanja Foto Kopi500 lbr x 150,00 = 75.000,00
Belanja Perjalanan Dinas6 ok x 50.000,00 = 300.000,00"
2.04 . 1.17.01 . 16 . 02 . 5 . 2 . 3 . 79 ,"Belanja Modal Jalan, Irigasi dan Jaringan - Pengadaan Jaringan Listrik ",200000000,
2.04 . 1.17.01 . 16 . 02 . 5 . 2 . 3 . 79 . 01 ,"Belanja Modal Jalan, Irigasi dan Jaringan - Pengadaan Jaringan  Transmisi ",200000000,"Pengadaan Jaringan Tranmisi Listrik Icon O.W. Parangtritis1 paket x 191.525.000,00 = 191.525.000,00
Biaya Perencanaan1 paket x 5.250.000,00 = 5.250.000,00
Honor Pejabat Pengadaan barang/Jasa1 ok x 300.000,00 = 300.000,00
Honor Tim Pengawas lapangan5 bjj x 250.000,00 = 1.250.000,00
honor Panitia Penerima Pemeriksa5 bjj x 175.000,00 = 875.000,00
Belanja makan Minum Rapat10 ok x 17.500,00 = 175.000,00
Belanja Atk1 paket x 250.000,00 = 250.000,00
Belanja Foto Kopi500 lbr x 150,00 = 75.000,00
Belanja Perjalanan Dinas6 ok x 50.000,00 = 300.000,00"
2.04 . 1.17.01 . 16 . 05 ,Pemantauan dan evaluasi pelaksanaan program pengembangan destinasi pemasaran pariwisata,147300000,"Sumber Dana :
 Keluaran :  Terselenggaranya pengendalian obyek
Target:  5 kegiatan"
2.04 . 1.17.01 . 16 . 05 . 5 . 2 . 2 ,Belanja Barang dan Jasa ,147300000,
2.04 . 1.17.01 . 16 . 05 . 5 . 2 . 2 . 01 ,Belanja Bahan Pakai Habis ,820000,
2.04 . 1.17.01 . 16 . 05 . 5 . 2 . 2 . 01 . 01 ,Belanja Alat Tulis Kantor ,820000,"Belanja ATK1 ls x 820.000,00 = 820.000,00"
2.04 . 1.17.01 . 16 . 05 . 5 . 2 . 2 . 06 ,Belanja Cetak dan Penggandaan ,525000,
2.04 . 1.17.01 . 16 . 05 . 5 . 2 . 2 . 06 . 02 ,Belanja Penggandaan ,525000,"Belanja penggandaan
Foto Copy3,000 lbr x 175,00 = 525.000,00"
2.04 . 1.17.01 . 16 . 05 . 5 . 2 . 2 . 10 ,Belanja Sewa Perlengkapan dan Peralatan Kantor ,22180000,
2.04 . 1.17.01 . 16 . 05 . 5 . 2 . 2 . 10 . 01 ,Belanja Sewa Meja Kursi ,2080000,"Belanja sewa meja kursi
Belanja sewa meja160 bh x 5.000,00 = 800.000,00
Belanja sewa kursi640 bh x 2.000,00 = 1.280.000,00"
2.04 . 1.17.01 . 16 . 05 . 5 . 2 . 2 . 10 . 04 ,Belanja Sewa Generator ,2000000,"Belanja sewa generator
Sewa diesel4 unit x 500.000,00 = 2.000.000,00"
2.04 . 1.17.01 . 16 . 05 . 5 . 2 . 2 . 10 . 05 ,Belanja Sewa Tenda ,16000000,"Belanja sewa tenda80 unit x 200.000,00 = 16.000.000,00"
2.04 . 1.17.01 . 16 . 05 . 5 . 2 . 2 . 10 . 07 ,Belanja Sewa Sound System ,2100000,"Belanja sewa sound system
Sewa pengeras suara7 unit x 300.000,00 = 2.100.000,00"
2.04 . 1.17.01 . 16 . 05 . 5 . 2 . 2 . 11 ,Belanja Makanan dan  Minuman ,35625000,
2.04 . 1.17.01 . 16 . 05 . 5 . 2 . 2 . 11 . 02 ,Belanja Makanan Dan Minuman Rapat ,1125000,"Belanja makan minum rapat
Makan minum rapat75 org x 15.000,00 = 1.125.000,00"
2.04 . 1.17.01 . 16 . 05 . 5 . 2 . 2 . 11 . 05 ,Belanja Makanan dan Minuman Pelaksanaan Kegiatan ,34500000,"Belanja makan minum pelaksanaan kegiatan
Makan minum dan snack pelaksanaan kegiatan850 org x 30.000,00 = 25.500.000,00
maskan m inum SAR450 org x 20.000,00 = 9.000.000,00"
2.04 . 1.17.01 . 16 . 05 . 5 . 2 . 2 . 15 ,Belanja Perjalanan Dinas ,3150000,
2.04 . 1.17.01 . 16 . 05 . 5 . 2 . 2 . 15 . 01 ,Belanja Perjalanan Dinas Dalam Daerah ,3150000,"Belanja perjalanan dinas dalam daerah
Perjalanan dinas dalam daerah1 ls/bjj x 3.150.000,00 = 3.150.000,00"
2.04 . 1.17.01 . 16 . 05 . 5 . 2 . 2 . 35 ,"Jasa Narasumber, Tenaga Ahli, Yuri, Entry Data, Petugas Fogging dan Petugas Lapangan",85000000,
2.04 . 1.17.01 . 16 . 05 . 5 . 2 . 2 . 35 . 09 ,Jasa Petugas Lapangan ,85000000,"Jasa Petugas Lapangan
Libur Natal100 or x 100.000,00 = 10.000.000,00
Malam Tahun Baru 2017100 or x 100.000,00 = 10.000.000,00
Padusan Romadhon 2016100 or x 100.000,00 = 10.000.000,00
lebaran 2016420 or x 100.000,00 = 42.000.000,00
Malam satu suro130 bl x 100.000,00 = 13.000.000,00"
2.04 . 1.17.01 . 16 . 06 ,Pengembangan daerah tujuan wisata ,320000000,"Sumber Dana : 
Keluaran :  Berkembangnya Daerah Tujuan Wisata
Target:  1 Lokasi"
2.04 . 1.17.01 . 16 . 06 . 5 . 2 . 2 ,Belanja Barang dan Jasa ,320000000,
2.04 . 1.17.01 . 16 . 06 . 5 . 2 . 2 . 21 ,Belanja Jasa Konsultansi ,320000000,
2.04 . 1.17.01 . 16 . 06 . 5 . 2 . 2 . 21 . 02 ,Belanja Jasa Konsultansi Perencanaan ,320000000,"Study master Plan Parangendog
- ParangkusumoStudy Master Plan Parangendog
 - Parangkusumo1 paket x 48.820.000,00 = 48.820.000,00
Honor Pejabat Pengadaan Barang/Jasa1 paket x 250.000,00 = 250.000,00
Honor Panitia Penerima Pemeriksa5 bjj x 255.000,00 = 1.275.000,00
Honor Tim Supervisi Perencanaan5 bjj x 255.000,00 = 1.275.000,00
Belanja Makam Minum Rapat14 ok x 17.500,00 = 245.000,00
Belanja ATK1 paket x 300.000,00 = 300.000,00
Belanja Foto Kopi1,150 lbr x 150,00 = 172.500,00
Belanja perjalanan Dinas16 ok x 50.000,00 = 800.000,00
Study Desain Enginering Detail Parangendog
 - ParangkusumoStudy Desain Enginering Detail Parangendog parangkusumo1 paket x 49.055.000,00 = 49.055.000,00
Honor Pejabat Pengadaan Barang/Jasa1 ok x 250.000,00 = 250.000,00
Honor Panitia Penerima Pemeriksa5 bjj x 255.000,00 = 1.275.000,00
Honor Tim Supervisi Perencana5 bjj x 255.000,00 = 1.275.000,00
Belanja makan minum Rapat14 ok x 17.500,00 = 245.000,00
Belanja ATK1 paket x 300.000,00 = 300.000,00
Belanja Foto Kopi1,150 lbr x 150,00 = 172.500,00
Belanja Perjalanan Dinas16 ok x 50.000,00 = 800.000,00
Study Rencana Teknis Obyek Wisata SelarongStudy Rencana Teknis Obyek Wisata  Goa Selarong1 buku x 49.055.000,00 = 49.055.000,00
Honor Pejabat Pengadaan barang/Jasa1 ok x 250.000,00 = 250.000,00
Honor Panitia Penerima Pemeriksa5 bjj x 255.000,00 = 1.275.000,00
Honor Tim Supervisi Perencana5 bjj x 255.000,00 = 1.275.000,00
Belanja makan minum Rapat14 ok x 17.500,00 = 245.000,00
Belanja ATK1 paket x 300.000,00 = 300.000,00
Belanja Foto Kopi1,150 lbr x 150,00 = 172.500,00
Belanja Perjalanan Dinas16 ok x 50.000,00 = 800.000,00
Study Rencana Teknis Obyek Wisata Kebon Agung1 paket x 49.055.000,00 = 49.055.000,00
Honor Pejabat Pengadaan barang/jasa1 ok x 250.000,00 = 250.000,00
Honor Panitia Penerima Pemeriksa5 bjj x 255.000,00 = 1.275.000,00
Honor Tim Supervisi Perencana5 bjj x 255.000,00 = 1.275.000,00
Belanja makan minum Rapat14 ok x 17.500,00 = 245.000,00
Belanja Foto Kopi1,150 lbr x 150,00 = 172.500,00
Belanja ATK1 paket x 300.000,00 = 300.000,00
Belanja Perjalanan Dinas16 ok x 50.000,00 = 800.000,00
Study Rencana Teknis Obyek Wisata Pantai BaruStudy Rencanja Teknis Obyek Wisata Pantai baru1 paket x 49.055.000,00 = 49.055.000,00
Honor Pejabat pengadaan Barang/Jasa1 ok x 250.000,00 = 250.000,00
Honor Panitia Penerima Pemeriksa5 bjj x 255.000,00 = 1.275.000,00
Honor Tim Supervisi Perencana5 bjj x 255.000,00 = 1.275.000,00
Belanja Makan Minum Rapat14 ok x 17.500,00 = 245.000,00
Belanja ATK1 ok x 300.000,00 = 300.000,00
Belanja Foto Kopi1,150 lbr x 150,00 = 172.500,00
Belanja Perjalanan Dinas16 ok x 50.000,00 = 800.000,00
Study Rencana Teknis Obyek Wisata Depok1 paket x 49.055.000,00 = 49.055.000,00
Honor Pejabat Pengadaan barang/jasa1 ok x 250.000,00 = 250.000,00
Honor Panitia Penerima Pemeriksa5 bjj x 255.000,00 = 1.275.000,00
Honor Tim Supervisi Perencanaan5 bjj x 255.000,00 = 1.275.000,00
Belanja makan minum Rapat14 ok x 17.500,00 = 245.000,00
Belanja ATK1 paket x 300.000,00 = 300.000,00
Belanja Foto Kopi1,150 lbr x 150,00 = 172.500,00
Belanja Perjalanan Dinas16 ok x 50.000,00 = 800.000,00"
2.04 . 1.17.01 . 16 . 09 ,Pemeliharaan Rutin/Berkala Sarana dan Prasarana Obyek Wisata ,280325000,"Sumber Dana : 
Keluaran :  Terpeliharanya Sarana Dan Prasarana Obyek Wisata
Target:  8 Obyek Wisata"
2.04 . 1.17.01 . 16 . 09 . 5 . 2 . 2 ,Belanja Barang dan Jasa ,280325000,
2.04 . 1.17.01 . 16 . 09 . 5 . 2 . 2 . 01 ,Belanja Bahan Pakai Habis ,7200000,
2.04 . 1.17.01 . 16 . 09 . 5 . 2 . 2 . 01 . 01 ,Belanja Alat Tulis Kantor ,3200000,"Belanja Alat Tulis kantor8 obyek x 400.000,00 = 3.200.000,00"
2.04 . 1.17.01 . 16 . 09 . 5 . 2 . 2 . 01 . 03 ,"Belanja Alat Listrik Dan Elektronik (Lampu Pijar, Battery Kering) ",4000000,"belanja alat listrik dan elektronik8 obyek x 500.000,00 = 4.000.000,00"
2.04 . 1.17.01 . 16 . 09 . 5 . 2 . 2 . 02 ,Belanja Bahan/Material ,160000000,
2.04 . 1.17.01 . 16 . 09 . 5 . 2 . 2 . 02 . 01 ,Belanja Bahan Baku Bangunan ,160000000,"Belanja Bahan baku bangunan8 obyek x 20.000.000,00 = 160.000.000,00"
2.04 . 1.17.01 . 16 . 09 . 5 . 2 . 2 . 03 ,Belanja Jasa Kantor ,4000000,
2.04 . 1.17.01 . 16 . 09 . 5 . 2 . 2 . 03 . 15 ,Belanja Publikasi ,4000000,"Belanja Publikasi
Belanja Publikasi baliho, Papan Petujuk arah, Rambu.8 obyek x 500.000,00 = 4.000.000,00"
2.04 . 1.17.01 . 16 . 09 . 5 . 2 . 2 . 06 ,Belanja Cetak dan Penggandaan ,825000,
2.04 . 1.17.01 . 16 . 09 . 5 . 2 . 2 . 06 . 02 ,Belanja Penggandaan ,825000,"Belanja Penggandaan
Belanja Foto Kopi5,500 lbr x 150,00 = 825.000,00"
2.04 . 1.17.01 . 16 . 09 . 5 . 2 . 2 . 11 ,Belanja Makanan dan  Minuman ,1750000,
2.04 . 1.17.01 . 16 . 09 . 5 . 2 . 2 . 11 . 02 ,Belanja Makanan Dan Minuman Rapat ,1750000,"Belanja Makan Dan Minum Rapat
Belanja makan Dan Minum Rapat Pemeliharaan Rutin100 ok x 17.500,00 = 1.750.000,00"
2.04 . 1.17.01 . 16 . 09 . 5 . 2 . 2 . 15 ,Belanja Perjalanan Dinas ,34550000,
2.04 . 1.17.01 . 16 . 09 . 5 . 2 . 2 . 15 . 01 ,Belanja Perjalanan Dinas Dalam Daerah ,4550000,"Perjalanan Dinas Dalam Daerah91 ok x 50.000,00 = 4.550.000,00"
2.04 . 1.17.01 . 16 . 09 . 5 . 2 . 2 . 15 . 02 ,Belanja Perjalanan Dinas Luar Daerah ,30000000,"Perjalanan Dinas Luar Daerah1 paket x 30.000.000,00 = 30.000.000,00"
2.04 . 1.17.01 . 16 . 09 . 5 . 2 . 2 . 35 ,"Jasa Narasumber, Tenaga Ahli, Yuri, Entry Data, Petugas Fogging dan Petugas Lapangan",72000000,
2.04 . 1.17.01 . 16 . 09 . 5 . 2 . 2 . 35 . 06 ,Jasa Tenaga Harian Lepas ,72000000,"Honorarium Tenaga lepas
Honor Upah Tenaga pekerja8 obyek x 9.000.000,00 = 72.000.000,00"
2.04 . 1.17.01 . 16 . 11 ,Peningkatan Pelayanan Kepariwisataan ,156720000,"Sumber Dana : 
Lokasi Kegiatan : Bantul
Keluaran :  Terlaksananya koordinasi stake holder pelayanan kepariwisataan
Target:  2 kali"
2.04 . 1.17.01 . 16 . 11 . 5 . 2 . 1 ,Belanja Pegawai ,49000000,
2.04 . 1.17.01 . 16 . 11 . 5 . 2 . 1 . 01 ,Honorarium PNS ,49000000,
2.04 . 1.17.01 . 16 . 11 . 5 . 2 . 1 . 01 . 01 ,Honorarium Panitia Pelaksana Kegiatan ,49000000,"Honorarium Panitia Pelaksana Kegiatan
Tim Pembina Kepariwisataan Kab. Bantul1 ls x 49.000.000,00 = 49.000.000,00"
2.04 . 1.17.01 . 16 . 11 . 5 . 2 . 2 ,Belanja Barang dan Jasa ,107720000,
2.04 . 1.17.01 . 16 . 11 . 5 . 2 . 2 . 01 ,Belanja Bahan Pakai Habis ,500000,
2.04 . 1.17.01 . 16 . 11 . 5 . 2 . 2 . 01 . 01 ,Belanja Alat Tulis Kantor ,500000,"Alat tulis kantor
ATK Keg. Peningkatan pelayanan Kepariwisataan1 ls x 500.000,00 = 500.000,00"
2.04 . 1.17.01 . 16 . 11 . 5 . 2 . 2 . 06 ,Belanja Cetak dan Penggandaan ,300000,
2.04 . 1.17.01 . 16 . 11 . 5 . 2 . 2 . 06 . 02 ,Belanja Penggandaan ,300000,"Belanja Penggandaan
Fotocopy2,000 lembar x 150,00 = 300.000,00"
2.04 . 1.17.01 . 16 . 11 . 5 . 2 . 2 . 11 ,Belanja Makanan dan  Minuman ,9120000,
2.04 . 1.17.01 . 16 . 11 . 5 . 2 . 2 . 11 . 02 ,Belanja Makanan Dan Minuman Rapat ,3420000,"Belanja Makanan dan Minuman rapat
Snack, Makan dan Minum rapat120 oh x 28.500,00 = 3.420.000,00"
2.04 . 1.17.01 . 16 . 11 . 5 . 2 . 2 . 11 . 05 ,Belanja Makanan dan Minuman Pelaksanaan Kegiatan ,5700000,"Snack dan Makan Sosialisasi Keg. Peningkatan Pelayanan200 oh x 28.500,00 = 5.700.000,00"
2.04 . 1.17.01 . 16 . 11 . 5 . 2 . 2 . 13 ,Belanja Pakaian Kerja ,23800000,
2.04 . 1.17.01 . 16 . 11 . 5 . 2 . 2 . 13 . 01 ,Belanja Pakaian Kerja Lapangan ,23800000,"Belanja Pakaian Kerja Lapangan
Petugas Pemungut Retribusi47 ok x 400.000,00 = 18.800.000,00
Petugas Pengendali (batik)25 ok x 200.000,00 = 5.000.000,00"
2.04 . 1.17.01 . 16 . 11 . 5 . 2 . 2 . 15 ,Belanja Perjalanan Dinas ,74000000,
2.04 . 1.17.01 . 16 . 11 . 5 . 2 . 2 . 15 . 01 ,Belanja Perjalanan Dinas Dalam Daerah ,14000000,"Belanja Perjalanan Dinas dalam daerah1 ls x 14.000.000,00 = 14.000.000,00"
2.04 . 1.17.01 . 16 . 11 . 5 . 2 . 2 . 15 . 02 ,Belanja Perjalanan Dinas Luar Daerah ,60000000,"Belanja Perjalanan Dinas Luar Daerah1 ls x 60.000.000,00 = 60.000.000,00"
1.17 . 1.17.01 . 17 ,Program Pengelolaan Keragaman Budaya ,373200000,
1.17 . 1.17.01 . 17 . 01 ,Pengembangan kesenian dan kebudayaan daerah ,324200000,"Sumber Dana : 
Lokasi Kegiatan : Bantul dan DIY
Keluaran :  Prestasi Seniman di Kabupaten Meningkat
Target:  9 kegiatan"
1.17 . 1.17.01 . 17 . 01 . 5 . 2 . 2 ,Belanja Barang dan Jasa ,324200000,
1.17 . 1.17.01 . 17 . 01 . 5 . 2 . 2 . 01 ,Belanja Bahan Pakai Habis ,1500000,
1.17 . 1.17.01 . 17 . 01 . 5 . 2 . 2 . 01 . 01 ,Belanja Alat Tulis Kantor ,1500000,"Belanja Alat Tulis Kantor
Belanja ATK1 ls x 1.500.000,00 = 1.500.000,00"
1.17 . 1.17.01 . 17 . 01 . 5 . 2 . 2 . 06 ,Belanja Cetak dan Penggandaan ,425000,
1.17 . 1.17.01 . 17 . 01 . 5 . 2 . 2 . 06 . 02 ,Belanja Penggandaan ,425000,"Belanja penggandaan
Belanja penggandan2,125 lembar x 200,00 = 425.000,00"
1.17 . 1.17.01 . 17 . 01 . 5 . 2 . 2 . 11 ,Belanja Makanan dan  Minuman ,850000,
1.17 . 1.17.01 . 17 . 01 . 5 . 2 . 2 . 11 . 02 ,Belanja Makanan Dan Minuman Rapat ,850000,"Belanja Makanan dan Minuman Rapat
Belanja Snack dan Minum Rapat100 org x 8.500,00 = 850.000,00"
1.17 . 1.17.01 . 17 . 01 . 5 . 2 . 2 . 15 ,Belanja Perjalanan Dinas ,3425000,
1.17 . 1.17.01 . 17 . 01 . 5 . 2 . 2 . 15 . 01 ,Belanja Perjalanan Dinas Dalam Daerah ,3425000,"Belanja Perjalanan Dinas dalam Daerah
Perjalanan Dinas Gol. IV15 ok x 75.000,00 = 1.125.000,00
Perjalanan Dinas Gol. III30 ok x 50.000,00 = 1.500.000,00
Perjalanan Dinas Gol II20 ok x 40.000,00 = 800.000,00"
1.17 . 1.17.01 . 17 . 01 . 5 . 2 . 2 . 21 ,Belanja Jasa Konsultansi ,150000000,
1.17 . 1.17.01 . 17 . 01 . 5 . 2 . 2 . 21 . 01 ,Belanja Jasa Konsultansi Penelitian ,150000000,"Study Kawasan Monumen Bibis1 ls x 150.000.000,00 = 150.000.000,00"
1.17 . 1.17.01 . 17 . 01 . 5 . 2 . 2 . 38 ,Belanja Jasa Pentas/Pertunjukan ,168000000,
1.17 . 1.17.01 . 17 . 01 . 5 . 2 . 2 . 38 . 01 ,Belanja Jasa Pentas/Pertunjukan ,168000000,"Belanja Jasa Pentas/PertunjukanBiaya
 Jasa Pentas/Pertunjukan ParadeTari Nusantara dan Gelar Seni Pertunjukan2 kel. seni x 13.000.000,00 = 26.000.000,00
Biaya Jasa Pentas/Pertunjukan Fest. Bentara Upacara Adat2 kel seni x 10.000.000,00 = 20.000.000,00
Biaya Jasa Pentas/Pertunjukan Fest. Langen Carita1 kali x 10.000.000,00 = 10.000.000,00
Biaya Jasa Pentas/Pertunjukan Fest. Ketoprak Lesung/Ketoprak Remaja1 kali x 14.000.000,00 = 14.000.000,00
Biaya Jasa Pentas/Pertunjukan Fest. Jathilan dan Reog1 kali x 20.000.000,00 = 20.000.000,00
Biaya Jasa Pentas/Pertunjukan Fest. Seni Religius dan Kerakyatan1 kali x 16.000.000,00 = 16.000.000,00
Biaya Jasa Pentas/Pertunjukan Fest. Dalang Anak dan Remaja1 kali x 10.000.000,00 = 10.000.000,00
Biaya Jasa Pentas/Pertunjukan Fest. Ketoprak1 kali x 40.000.000,00 = 40.000.000,00
Biaya Jasa Pentas/Pertunjukan Fest. Seni Budaya1 ls x 12.000.000,00 = 12.000.000,00"
1.17 . 1.17.01 . 17 . 02 ,Penyusunan sistem informasi database bidang kebudayaan ,49000000,"Sumber Dana : 
Lokasi Kegiatan : Bantul
Keluaran :  Informasi Database Bidang Kebudayaan Dapat Tersusun
Target:  2 Kegiatan"
1.17 . 1.17.01 . 17 . 02 . 5 . 2 . 2 ,Belanja Barang dan Jasa ,49000000,
1.17 . 1.17.01 . 17 . 02 . 5 . 2 . 2 . 01 ,Belanja Bahan Pakai Habis ,1000000,
1.17 . 1.17.01 . 17 . 02 . 5 . 2 . 2 . 01 . 01 ,Belanja Alat Tulis Kantor ,1000000,"Belanja Alat Tulis Kantor
Belanja ATK1 ok x 1.000.000,00 = 1.000.000,00"
1.17 . 1.17.01 . 17 . 02 . 5 . 2 . 2 . 06 ,Belanja Cetak dan Penggandaan ,31005000,
1.17 . 1.17.01 . 17 . 02 . 5 . 2 . 2 . 06 . 01 ,Belanja Cetak ,31005000,"Belanja Cetak
Belanja Cetak572 buku x 50.000,00 = 28.600.000,00
Belanja Penggandaan12,025 lbr x 200,00 = 2.405.000,00"
1.17 . 1.17.01 . 17 . 02 . 5 . 2 . 2 . 11 ,Belanja Makanan dan  Minuman ,2220000,
1.17 . 1.17.01 . 17 . 02 . 5 . 2 . 2 . 11 . 02 ,Belanja Makanan Dan Minuman Rapat ,2220000,"Belanja Makanan dan Minuman Rapat
Belanja Makan dan Minum Rapat60 org x 20.000,00 = 1.200.000,00
Belanja Snack dan Minum Rapat120 org x 8.500,00 = 1.020.000,00"
1.17 . 1.17.01 . 17 . 02 . 5 . 2 . 2 . 15 ,Belanja Perjalanan Dinas ,11375000,
1.17 . 1.17.01 . 17 . 02 . 5 . 2 . 2 . 15 . 01 ,Belanja Perjalanan Dinas Dalam Daerah ,11375000,"Belanja Perjalanan Dinas dalam Daerah
Perjalanan Dinas Gol. IV25 ok x 75.000,00 = 1.875.000,00
Perjalanan Dinas Gol. III150 ok x 50.000,00 = 7.500.000,00
Perjalanan Dinas Gol. II50 ok x 40.000,00 = 2.000.000,00"
1.17 . 1.17.01 . 17 . 02 . 5 . 2 . 2 . 35 ,"Jasa Narasumber, Tenaga Ahli, Yuri, Entry Data, Petugas Fogging dan Petugas Lapangan",3400000,
1.17 . 1.17.01 . 17 . 02 . 5 . 2 . 2 . 35 . 01 ,Jasa Nara Sumber/Moderator/Tenaga Ahli ,3400000,"Honorarium Narasumber/Tenaga Ahli
Honorarium Tenaga Ahli17 ok x 200.000,00 = 3.400.000,00"
2.04 . 1.17.01 . 17 ,Program pengembangan Kemitraan ,355800000,
2.04 . 1.17.01 . 17 . 01 ,Pengembangan dan penguatan informasi dan database ,45000000,"Sumber Dana : 
Lokasi Kegiatan : Kabupaten Bantul"
2.04 . 1.17.01 . 17 . 01 . 5 . 2 . 2 ,Belanja Barang dan Jasa ,45000000,
2.04 . 1.17.01 . 17 . 01 . 5 . 2 . 2 . 01 ,Belanja Bahan Pakai Habis ,2000000,
2.04 . 1.17.01 . 17 . 01 . 5 . 2 . 2 . 01 . 01 ,Belanja Alat Tulis Kantor ,2000000,"Belanja Alat Tulis Kantor
Belanja ATK kegiatan1 ls x 2.000.000,00 = 2.000.000,00"
2.04 . 1.17.01 . 17 . 01 . 5 . 2 . 2 . 06 ,Belanja Cetak dan Penggandaan ,30675000,
2.04 . 1.17.01 . 17 . 01 . 5 . 2 . 2 . 06 . 01 ,Belanja Cetak ,26400000,"Belanja Cetak Buku Data Base
Belanja cetak buku data base pariwisata th 20161 ls x 26.400.000,00 = 26.400.000,00"
2.04 . 1.17.01 . 17 . 01 . 5 . 2 . 2 . 06 . 02 ,Belanja Penggandaan ,4275000,"Belanja penggandaan / fotokopi
Belanja fotokopi28,500 lb x 150,00 = 4.275.000,00"
2.04 . 1.17.01 . 17 . 01 . 5 . 2 . 2 . 11 ,Belanja Makanan dan  Minuman ,4275000,
2.04 . 1.17.01 . 17 . 01 . 5 . 2 . 2 . 11 . 02 ,Belanja Makanan Dan Minuman Rapat ,4275000,"Belanja makanan minuman rapat
Belanja makan minum snack rapat1 ls x 4.275.000,00 = 4.275.000,00"
2.04 . 1.17.01 . 17 . 01 . 5 . 2 . 2 . 15 ,Belanja Perjalanan Dinas ,8050000,
2.04 . 1.17.01 . 17 . 01 . 5 . 2 . 2 . 15 . 01 ,Belanja Perjalanan Dinas Dalam Daerah ,8050000,"Belanja perjalanan dinas dalam daerah
Belanja perjalanan dinas dalam kabupaten1 ls x 4.600.000,00 = 4.600.000,00
Belanja perjalanan dinas luar kabupaten1 ls x 3.450.000,00 = 3.450.000,00"
2.04 . 1.17.01 . 17 . 05 ,Pelaksanaan koordinasi pembangunan kemitraan pariwisata ,65000000,"Sumber Dana : 
Lokasi Kegiatan : Kabupaten Bantul
Keluaran :  Terselenggaranya kegiatan sarasehan forkom pokdarwis
Target:  6 kali sarasehan"
2.04 . 1.17.01 . 17 . 05 . 5 . 2 . 2 ,Belanja Barang dan Jasa ,65000000,
2.04 . 1.17.01 . 17 . 05 . 5 . 2 . 2 . 01 ,Belanja Bahan Pakai Habis ,12200000,
2.04 . 1.17.01 . 17 . 05 . 5 . 2 . 2 . 01 . 01 ,Belanja Alat Tulis Kantor ,12200000,"Belanja Alat Tulis Kantor
Belanja ATK kegiatan rutin1 ls x 1.400.000,00 = 1.400.000,00
Belanja ATK peserta sosialisasi / pertemuan1 ls x 10.800.000,00 = 10.800.000,00"
2.04 . 1.17.01 . 17 . 05 . 5 . 2 . 2 . 03 ,Belanja Jasa Kantor ,1200000,
2.04 . 1.17.01 . 17 . 05 . 5 . 2 . 2 . 03 . 15 ,Belanja Publikasi ,1200000,"Belanja publikasi kegiatan
Belanja publikasi kegiatan koordinasi kemitraan6 keg x 200.000,00 = 1.200.000,00"
2.04 . 1.17.01 . 17 . 05 . 5 . 2 . 2 . 06 ,Belanja Cetak dan Penggandaan ,1260000,
2.04 . 1.17.01 . 17 . 05 . 5 . 2 . 2 . 06 . 02 ,Belanja Penggandaan ,1260000,"Belanja penggandaan / fotokopi
Belanja fotokopi kegiatan8,400 lb x 150,00 = 1.260.000,00"
2.04 . 1.17.01 . 17 . 05 . 5 . 2 . 2 . 07 ,Belanja Sewa Rumah/Gedung/Gudang/Parkir ,3000000,
2.04 . 1.17.01 . 17 . 05 . 5 . 2 . 2 . 07 . 02 ,Belanja Sewa Gedung/Kantor/Tempat ,3000000,"Belanja sewa gedung / tempat
Belanja sewa tempat kegiatan koordinasi kemitraan6 keg x 500.000,00 = 3.000.000,00"
2.04 . 1.17.01 . 17 . 05 . 5 . 2 . 2 . 11 ,Belanja Makanan dan  Minuman ,14790000,
2.04 . 1.17.01 . 17 . 05 . 5 . 2 . 2 . 11 . 02 ,Belanja Makanan Dan Minuman Rapat ,2820000,"Belanja makanan minuman rapat
Belanja makan minum rapat90 oh x 20.000,00 = 1.800.000,00
Belanja snack minum rapat120 oh x 8.500,00 = 1.020.000,00"
2.04 . 1.17.01 . 17 . 05 . 5 . 2 . 2 . 11 . 05 ,Belanja Makanan dan Minuman Pelaksanaan Kegiatan ,11970000,"Belanja makanan minuman pelaksanaan kegiatan
Belanja makan minum peserta kegiatan1 ls x 10.260.000,00 = 10.260.000,00
Belanja makan minum panitia kegiatan1 ls x 1.710.000,00 = 1.710.000,00"
2.04 . 1.17.01 . 17 . 05 . 5 . 2 . 2 . 15 ,Belanja Perjalanan Dinas ,9750000,
2.04 . 1.17.01 . 17 . 05 . 5 . 2 . 2 . 15 . 01 ,Belanja Perjalanan Dinas Dalam Daerah ,9750000,"Belanja perjalanan dinas dalam daerah
Belanja perjalanan dinas dalam kabupaten1 ls x 5.550.000,00 = 5.550.000,00
Belanja perjalanan dinas luar kabupaten1 ls x 4.200.000,00 = 4.200.000,00"
2.04 . 1.17.01 . 17 . 05 . 5 . 2 . 2 . 35 ,"Jasa Narasumber, Tenaga Ahli, Yuri, Entry Data, Petugas Fogging dan Petugas Lapangan",12000000,
2.04 . 1.17.01 . 17 . 05 . 5 . 2 . 2 . 35 . 01 ,Jasa Nara Sumber/Moderator/Tenaga Ahli ,12000000,"Honor narasumber / moderator / penceramah / tenaga ahli
Honor narasumber / pembicara kegiatan koordinasi kemitraan1 ls x 12.000.000,00 = 12.000.000,00"
2.04 . 1.17.01 . 17 . 05 . 5 . 2 . 2 . 36 ,Belanja Jasa Transport Petugas/Peserta ,10800000,
2.04 . 1.17.01 . 17 . 05 . 5 . 2 . 2 . 36 . 02 ,Honorarium Peserta Rapat/Sosialisasi ,10800000,"Honor peserta sosialisasi / pertemuan
Honor peserta sosialisasi / pertemuan koordinasi kemitraan360 ok x 30.000,00 = 10.800.000,00"
2.04 . 1.17.01 . 17 . 07 ,Pengembangan sumber daya manusia dan profesionalisme bidang pariwisata,56000000,"Sumber Dana : 
Lokasi Kegiatan : Kabupaten Bantul
Keluaran :  Terselenggaranya kegiatan sarasehan dan sosialisasi bidang pariwisata
Target:  225 orang pelaku"
2.04 . 1.17.01 . 17 . 07 . 5 . 2 . 2 ,Belanja Barang dan Jasa ,56000000,
2.04 . 1.17.01 . 17 . 07 . 5 . 2 . 2 . 01 ,Belanja Bahan Pakai Habis ,11550000,
2.04 . 1.17.01 . 17 . 07 . 5 . 2 . 2 . 01 . 01 ,Belanja Alat Tulis Kantor ,11550000,"Belanja Alat Tulis Kantor
Belanja ATK kegiatan rutin1 ls x 1.800.000,00 = 1.800.000,00
Belanja ATK peserta sosialisasi1 ls x 9.750.000,00 = 9.750.000,00"
2.04 . 1.17.01 . 17 . 07 . 5 . 2 . 2 . 03 ,Belanja Jasa Kantor ,1200000,
2.04 . 1.17.01 . 17 . 07 . 5 . 2 . 2 . 03 . 15 ,Belanja Publikasi ,1200000,"Belanja publikasi kegiatan
Belanja publikasi kegiatan PSDM1 ls x 1.200.000,00 = 1.200.000,00"
2.04 . 1.17.01 . 17 . 07 . 5 . 2 . 2 . 06 ,Belanja Cetak dan Penggandaan ,1005000,
2.04 . 1.17.01 . 17 . 07 . 5 . 2 . 2 . 06 . 02 ,Belanja Penggandaan ,1005000,"Belanja penggandaan / fotokopi
Belanja fotokopi kegiatan PSDM6,700 lb x 150,00 = 1.005.000,00"
2.04 . 1.17.01 . 17 . 07 . 5 . 2 . 2 . 07 ,Belanja Sewa Rumah/Gedung/Gudang/Parkir ,3000000,
2.04 . 1.17.01 . 17 . 07 . 5 . 2 . 2 . 07 . 03 ,Belanja Sewa Ruang Rapat/Pertemuan ,3000000,"Belanja sewa gedung / tempat
Belanja sewa tempat kegiatan6 keg x 500.000,00 = 3.000.000,00"
2.04 . 1.17.01 . 17 . 07 . 5 . 2 . 2 . 11 ,Belanja Makanan dan  Minuman ,16245000,
2.04 . 1.17.01 . 17 . 07 . 5 . 2 . 2 . 11 . 02 ,Belanja Makanan Dan Minuman Rapat ,3420000,"Belanja makanan minuman rapat
Belanja makan minum snack rapat1 ls x 3.420.000,00 = 3.420.000,00"
2.04 . 1.17.01 . 17 . 07 . 5 . 2 . 2 . 11 . 05 ,Belanja Makanan dan Minuman Pelaksanaan Kegiatan ,12825000,"Belanja makanan minuman pelaksanaan kegiatan
Belanja makan minum snack pelaksanaan kegiatan1 ls x 12.825.000,00 = 12.825.000,00"
2.04 . 1.17.01 . 17 . 07 . 5 . 2 . 2 . 15 ,Belanja Perjalanan Dinas ,6050000,
2.04 . 1.17.01 . 17 . 07 . 5 . 2 . 2 . 15 . 01 ,Belanja Perjalanan Dinas Dalam Daerah ,6050000,"Belanja perjalanan dinas dalam daerah
Belanja perjalanan dinas dalam kabupaten1 ls x 3.200.000,00 = 3.200.000,00
Belanja perjalanan dinas luar kabupaten1 ls x 2.850.000,00 = 2.850.000,00"
2.04 . 1.17.01 . 17 . 07 . 5 . 2 . 2 . 35 ,"Jasa Narasumber, Tenaga Ahli, Yuri, Entry Data, Petugas Fogging dan Petugas Lapangan",5250000,
2.04 . 1.17.01 . 17 . 07 . 5 . 2 . 2 . 35 . 01 ,Jasa Nara Sumber/Moderator/Tenaga Ahli ,5250000,"Honor narasumber / pembicara / tenaga ahli
Honor narasumber / pembicara kegiatan PSDM1 ls x 5.250.000,00 = 5.250.000,00"
2.04 . 1.17.01 . 17 . 07 . 5 . 2 . 2 . 36 ,Belanja Jasa Transport Petugas/Peserta ,11700000,
2.04 . 1.17.01 . 17 . 07 . 5 . 2 . 2 . 36 . 02 ,Honorarium Peserta Rapat/Sosialisasi ,11700000,"Honorarium peserta sosialisasi / pertemuan
Honor peserta sosialisasi / pertemuan kegiatan PSDM1 ls x 11.700.000,00 = 11.700.000,00"
2.04 . 1.17.01 . 17 . 10 ,Pendampingan Desa Wisata ,134300000,"Sumber Dana : 
Lokasi Kegiatan : Kabupaten Bantul, DIY
Keluaran :  Keikutsertaan dalam keg. lomba desa wisata, pokdarwis dan homestay tingkat Kabupaten, Provinsi dan Nasional
Target:  36 Desa Wisata"
2.04 . 1.17.01 . 17 . 10 . 5 . 2 . 2 ,Belanja Barang dan Jasa ,134300000,
2.04 . 1.17.01 . 17 . 10 . 5 . 2 . 2 . 01 ,Belanja Bahan Pakai Habis ,4970000,
2.04 . 1.17.01 . 17 . 10 . 5 . 2 . 2 . 01 . 01 ,Belanja Alat Tulis Kantor ,4970000,"Belanja ATK keg. Pendampingan Desa Wisata
Belanja ATK kegiatan rutin1 ls x 1.970.000,00 = 1.970.000,00
Belanja ATK peserta workshop1 ls x 3.000.000,00 = 3.000.000,00"
2.04 . 1.17.01 . 17 . 10 . 5 . 2 . 2 . 02 ,Belanja Bahan/Material ,3000000,
2.04 . 1.17.01 . 17 . 10 . 5 . 2 . 2 . 02 . 07 ,Belanja Cindera Mata ,3000000,"Belanja cinderamata piala penghargaan
Belanja piala penghargaan juara lomba1 ls x 3.000.000,00 = 3.000.000,00"
2.04 . 1.17.01 . 17 . 10 . 5 . 2 . 2 . 03 ,Belanja Jasa Kantor ,5400000,
2.04 . 1.17.01 . 17 . 10 . 5 . 2 . 2 . 03 . 12 ,Belanja Transportasi dan Akomodasi ,3600000,"Belanja sewa transportasi
Belanja sewa transportasi kegiatan test tour pendampingan desa wisata1 ls x 3.600.000,00 = 3.600.000,00"
2.04 . 1.17.01 . 17 . 10 . 5 . 2 . 2 . 03 . 15 ,Belanja Publikasi ,1800000,"Belanja publikasi kegiatan Pendampingan Desa Wisata12 kl x 150.000,00 = 1.800.000,00"
2.04 . 1.17.01 . 17 . 10 . 5 . 2 . 2 . 06 ,Belanja Cetak dan Penggandaan ,2190000,
2.04 . 1.17.01 . 17 . 10 . 5 . 2 . 2 . 06 . 02 ,Belanja Penggandaan ,2190000,"Belanja penggandaan / fotokopi
Belanja fotokopi kegiatan pendampingan14,600 lb x 150,00 = 2.190.000,00"
2.04 . 1.17.01 . 17 . 10 . 5 . 2 . 2 . 07 ,Belanja Sewa Rumah/Gedung/Gudang/Parkir ,1000000,
2.04 . 1.17.01 . 17 . 10 . 5 . 2 . 2 . 07 . 02 ,Belanja Sewa Gedung/Kantor/Tempat ,1000000,"Belanja sewa gedung/tempat
Belanja sewa tempat penilaian lomba1 ls x 1.000.000,00 = 1.000.000,00"
2.04 . 1.17.01 . 17 . 10 . 5 . 2 . 2 . 11 ,Belanja Makanan dan  Minuman ,25515000,
2.04 . 1.17.01 . 17 . 10 . 5 . 2 . 2 . 11 . 02 ,Belanja Makanan Dan Minuman Rapat ,4062500,"Belanja makanan dan minuman rapat pendampingan
Belanja makan minum rapat pendampingan desa wisata150 oh x 20.000,00 = 3.000.000,00
Belanja snack minum rapat pendampingan desa wisata125 oh x 8.500,00 = 1.062.500,00"
2.04 . 1.17.01 . 17 . 10 . 5 . 2 . 2 . 11 . 04 ,Belanja makanan dan minuman Lembur ,1000000,"Belanja makanan minuman lembur kegiatan pendampingan
Belanja makan minum lembur pendampingan desa wisata50 oh x 20.000,00 = 1.000.000,00"
2.04 . 1.17.01 . 17 . 10 . 5 . 2 . 2 . 11 . 05 ,Belanja Makanan dan Minuman Pelaksanaan Kegiatan ,20452500,"Belanja makanan minuman pelaksanaan kegiatan
Belanja makan minum snack kegiatan lomba490 ok x 28.500,00 = 13.965.000,00
Belanja makan minum kegiatan workshop/sosialisasi desa wisata1 ls x 3.500.000,00 = 3.500.000,00
Belanja snack kegiatan workshop desa wisata1 ls x 850.000,00 = 850.000,00
Belanja makan minum snack kegiatan test tour desa wisata75 ok x 28.500,00 = 2.137.500,00"
2.04 . 1.17.01 . 17 . 10 . 5 . 2 . 2 . 14 ,Belanja Pakaian khusus dan hari-hari tertentu ,4500000,
2.04 . 1.17.01 . 17 . 10 . 5 . 2 . 2 . 14 . 11 ,Belanja Pakaian Kaos/Training ,4500000,"Belanja pakaian kaos
Belanja pakaian kaos peserta test tour1 ls x 4.500.000,00 = 4.500.000,00"
2.04 . 1.17.01 . 17 . 10 . 5 . 2 . 2 . 15 ,Belanja Perjalanan Dinas ,35825000,
2.04 . 1.17.01 . 17 . 10 . 5 . 2 . 2 . 15 . 01 ,Belanja Perjalanan Dinas Dalam Daerah ,13225000,"Belanja perjalanan dinas dalam daerah pendampingan desa wisata
Belanja perjalanan dinas dalam kabupaten1 ls x 7.000.000,00 = 7.000.000,00
Belanja perjalanan dinas luar kabupaten1 ls x 6.225.000,00 = 6.225.000,00"
2.04 . 1.17.01 . 17 . 10 . 5 . 2 . 2 . 15 . 02 ,Belanja Perjalanan Dinas Luar Daerah ,22600000,"Belanja perjalanan dinas luar daerah keg. Pendampingan desa wisata 1 ls x 22.600.000,00 = 22.600.000,00"
2.04 . 1.17.01 . 17 . 10 . 5 . 2 . 2 . 21 ,Belanja Jasa Konsultansi ,0,
2.04 . 1.17.01 . 17 . 10 . 5 . 2 . 2 . 21 . 02 ,Belanja Jasa Konsultansi Perencanaan ,0,"Belanja jasa kajian Desa Wisata1 ls x 0,00 = 0,00"
2.04 . 1.17.01 . 17 . 10 . 5 . 2 . 2 . 35 ,"Jasa Narasumber, Tenaga Ahli, Yuri, Entry Data, Petugas Fogging dan Petugas Lapangan",12900000,
2.04 . 1.17.01 . 17 . 10 . 5 . 2 . 2 . 35 . 01 ,Jasa Nara Sumber/Moderator/Tenaga Ahli ,4900000,"Honor narasumber / moderator / tenaga ahli
Honor narasumber worshop desa wisata8 oh/jpl x 500.000,00 = 4.000.000,00
Honor moderator workshop1 ok x 300.000,00 = 300.000,00
Honor notulis workshop1 ok x 100.000,00 = 100.000,00
Honor pemandu keg. test tour desa wisata2 oh x 250.000,00 = 500.000,00"
2.04 . 1.17.01 . 17 . 10 . 5 . 2 . 2 . 35 . 02 ,Jasa Yuri Perlombaan/Pelatih ,8000000,"Honor yuri / penilai lomba
Honor penilai lomba desa wisata1 ls x 1.500.000,00 = 1.500.000,00
Honor penilai lomba pokdarwis1 ls x 1.500.000,00 = 1.500.000,00
Honor yuri / penilai lomba homestay1 ls x 5.000.000,00 = 5.000.000,00"
2.04 . 1.17.01 . 17 . 10 . 5 . 2 . 2 . 36 ,Belanja Jasa Transport Petugas/Peserta ,2250000,
2.04 . 1.17.01 . 17 . 10 . 5 . 2 . 2 . 36 . 02 ,Honorarium Peserta Rapat/Sosialisasi ,2250000,"Honor peserta sosialisasi
Honor peserta workshop desa wisata75 oh x 30.000,00 = 2.250.000,00"
2.04 . 1.17.01 . 17 . 10 . 5 . 2 . 2 . 37 ,Uang Untuk Diberikan Kepada Pihak Ketiga/Masyarakat ,36750000,
2.04 . 1.17.01 . 17 . 10 . 5 . 2 . 2 . 37 . 01 ,Uang Untuk Diberikan Kepada Pihak Ketiga/Masyarakat ,36750000,"Hadiah juara Lomba Desa Wisata
Hadiah juara desa wisata mandiri1 ls/bjj x 6.000.000,00 = 6.000.000,00
Hadiah juara desa wisata tumbuh1 ls/bjj x 6.000.000,00 = 6.000.000,00
Hadiah juara desa wisata embrio1 ls/bjj x 6.000.000,00 = 6.000.000,00
Hadiah juara Lomba Pokdarwis1 ls/bjj x 6.000.000,00 = 6.000.000,00
Hadiah juara Lomba Homestay1 ls/bjj x 12.750.000,00 = 12.750.000,00"
2.04 . 1.17.01 . 17 . 11 ,Kerjasama Lembaga Kepariwisataan ,55500000,"Sumber Dana : 
Lokasi Kegiatan : Dalam dan Luar Kabupaten Bantul
Keluaran :  Meningkatnya jumlah kerjasama organisasi/lembaga kepariwisataan
Target:  4 koordinasi organisasi"
2.04 . 1.17.01 . 17 . 11 . 5 . 2 . 2 ,Belanja Barang dan Jasa ,55500000,
2.04 . 1.17.01 . 17 . 11 . 5 . 2 . 2 . 01 ,Belanja Bahan Pakai Habis ,10875000,
2.04 . 1.17.01 . 17 . 11 . 5 . 2 . 2 . 01 . 01 ,Belanja Alat Tulis Kantor ,10875000,"Belanja alat tulis kantor
Belanja ATK kegiatan rutin1 ls x 1.500.000,00 = 1.500.000,00
Belanja ATK peserta kegiatan375 ok x 25.000,00 = 9.375.000,00"
2.04 . 1.17.01 . 17 . 11 . 5 . 2 . 2 . 03 ,Belanja Jasa Kantor ,1000000,
2.04 . 1.17.01 . 17 . 11 . 5 . 2 . 2 . 03 . 15 ,Belanja Publikasi ,1000000,"Belanja publikasi kegiatan5 kl x 200.000,00 = 1.000.000,00"
2.04 . 1.17.01 . 17 . 11 . 5 . 2 . 2 . 06 ,Belanja Cetak dan Penggandaan ,1207500,
2.04 . 1.17.01 . 17 . 11 . 5 . 2 . 2 . 06 . 02 ,Belanja Penggandaan ,1207500,"Belanja penggandaan / fotokopi
Belanja fotokopi kegiatan8,050 lb x 150,00 = 1.207.500,00"
2.04 . 1.17.01 . 17 . 11 . 5 . 2 . 2 . 07 ,Belanja Sewa Rumah/Gedung/Gudang/Parkir ,2500000,
2.04 . 1.17.01 . 17 . 11 . 5 . 2 . 2 . 07 . 02 ,Belanja Sewa Gedung/Kantor/Tempat ,2500000,"Belanja sewa tempat pertemuan
Belanja sewa gedung/tempat pertemuan5 kl x 500.000,00 = 2.500.000,00"
2.04 . 1.17.01 . 17 . 11 . 5 . 2 . 2 . 11 ,Belanja Makanan dan  Minuman ,13792500,
2.04 . 1.17.01 . 17 . 11 . 5 . 2 . 2 . 11 . 02 ,Belanja Makanan Dan Minuman Rapat ,1680000,"Belanja makanan dan minuman rapat
Belanja makan minum rapat50 oh x 20.000,00 = 1.000.000,00
Belanja snack minum rapat80 oh x 8.500,00 = 680.000,00"
2.04 . 1.17.01 . 17 . 11 . 5 . 2 . 2 . 11 . 05 ,Belanja Makanan dan Minuman Pelaksanaan Kegiatan ,12112500,"Belanja makanan dan minuman pelaksanaan kegiatan
Belanja snack minum kegiatan425 oh x 8.500,00 = 3.612.500,00
Belanja makan minum kegiatan425 oh x 20.000,00 = 8.500.000,00"
2.04 . 1.17.01 . 17 . 11 . 5 . 2 . 2 . 15 ,Belanja Perjalanan Dinas ,7375000,
2.04 . 1.17.01 . 17 . 11 . 5 . 2 . 2 . 15 . 01 ,Belanja Perjalanan Dinas Dalam Daerah ,7375000,"Belanja perjalanan dinas dalam daerah
Perjalanan dinas dalam kabupaten1 ls x 4.000.000,00 = 4.000.000,00
Perjalanan dinas luar kabupaten1 ls x 3.375.000,00 = 3.375.000,00"
2.04 . 1.17.01 . 17 . 11 . 5 . 2 . 2 . 35 ,"Jasa Narasumber, Tenaga Ahli, Yuri, Entry Data, Petugas Fogging dan Petugas Lapangan",7500000,
2.04 . 1.17.01 . 17 . 11 . 5 . 2 . 2 . 35 . 01 ,Jasa Nara Sumber/Moderator/Tenaga Ahli ,7500000,"Jasa Narasumber / Moderator / Penceramah
Honor narasumber / moderator15 o/k x 500.000,00 = 7.500.000,00"
2.04 . 1.17.01 . 17 . 11 . 5 . 2 . 2 . 36 ,Belanja Jasa Transport Petugas/Peserta ,11250000,
2.04 . 1.17.01 . 17 . 11 . 5 . 2 . 2 . 36 . 02 ,Honorarium Peserta Rapat/Sosialisasi ,11250000,"Honor Peserta Sosialisasi/Pertemuan
Honor peserta sosialisasi / pertemuan375 ok x 30.000,00 = 11.250.000,00"
,SURPLUS / (DEFISIT),-6662849700,
