Judul,Penjabaran Anggaran Pendaptan dan Belanja Daerah,,
Daerah,Kabupaten Bantul,,
Tahun,2016,,
Kode Organisasi,1.19.03,,
Organisasi,Badan Penanggulangan Bencana,,
Kolom,4,,
No. Rekening,Uraian,Jumlah,Keterangan
1.19 . 1.19.03 . 00 . 00 . 5  , BELANJA  ,7353139900,
1.19 . 1.19.03 . 00 . 00 . 5 . 1  , BELANJA TIDAK LANGSUNG  ,1552831300,
1.19 . 1.19.03 . 00 . 00  , Non Kegiatan  ,1552831300, Sumber Dana : 
1.19 . 1.19.03 . 00 . 00 . 5 . 1 . 1  , Belanja Pegawai  ,1552831300,
1.19 . 1.19.03 . 00 . 00 . 5 . 1 . 1 . 01  , Belanja Gaji dan Tunjangan  ,1552831300,
1.19 . 1.19.03 . 00 . 00 . 5 . 1 . 1 . 01 . 01  , Gaji Pokok PNS/Uang Representasi  ,1080642800," Gaji Pokok1 th x 1.080.642.800,00 = 1.080.642.800,00"
1.19 . 1.19.03 . 00 . 00 . 5 . 1 . 1 . 01 . 02  , Tunjangan Keluarga  ,105675640," Tunjangan Keluarga1 th x 105.675.640,00 = 105.675.640,00"
1.19 . 1.19.03 . 00 . 00 . 5 . 1 . 1 . 01 . 03  , Tunjangan Jabatan  ,48837600," Tunjangan Jabatan1 th x 48.837.600,00 = 48.837.600,00"
1.19 . 1.19.03 . 00 . 00 . 5 . 1 . 1 . 01 . 04  , Tunjangan Fungsional  ,0," Tunjangan Fungsional1 th x 0,00 = 0,00"
1.19 . 1.19.03 . 00 . 00 . 5 . 1 . 1 . 01 . 05  , Tunjangan Fungsional Umum  ,53978400," Tunjganan Fungsional Umum1 th x 53.978.400,00 = 53.978.400,00"
1.19 . 1.19.03 . 00 . 00 . 5 . 1 . 1 . 01 . 06  , Tunjangan Beras  ,68180530," Tunjangan Beras1 th x 68.180.530,00 = 68.180.530,00"
1.19 . 1.19.03 . 00 . 00 . 5 . 1 . 1 . 01 . 07  , Tunjangan PPh/Tunjangan Khusus  ,8299939," Tunjjangan PPh/Tunjangan Khusus1 th x 8.299.939,00 = 8.299.939,00"
1.19 . 1.19.03 . 00 . 00 . 5 . 1 . 1 . 01 . 08  , Pembulatan Gaji  ,16391," Pembulatan Gaji1 th x 16.391,00 = 16.391,00"
1.19 . 1.19.03 . 00 . 00 . 5 . 1 . 1 . 01 . 28  , Tunjangan Uang Makan  ,187200000," Tunjangan Uang Makan312 orang/bulan x 600.000,00 = 187.200.000,00"
1.19 . 1.19.03 . 01 . 01 . 5 . 2  , BELANJA LANGSUNG  ,5800308600,
1.19 . 1.19.03 . 01  , Program Pelayanan Administrasi Perkantoran  ,1941988600,
1.19 . 1.19.03 . 01 . 01  , Penyediaan jasa surat menyurat  ,4500000," Sumber Dana : APBD

 Lokasi Kegiatan : Kabupaten Bantul

 Keluaran :  Kebutuhan Surat menyurat terpenuhi

 Target:  1 Tahun"
1.19 . 1.19.03 . 01 . 01 . 5 . 2 . 2  , Belanja Barang dan Jasa  ,4500000,
1.19 . 1.19.03 . 01 . 01 . 5 . 2 . 2 . 01  , Belanja Bahan Pakai Habis  ,4500000,
1.19 . 1.19.03 . 01 . 01 . 5 . 2 . 2 . 01 . 04  ," Belanja Perangko, Materai Dan Benda Pos  ",4500000," APBD

 Belanja Perangko, Materai dan Benda Pos

 Belanja Materai1 Ls x 4.500.000,00 = 4.500.000,00"
1.19 . 1.19.03 . 01 . 02  ," Penyediaan jasa komunikasi, sumber daya air dan listrik  ",39800000," Sumber Dana : APBD

 Lokasi Kegiatan : Kabupaten bantul

 Keluaran :  Kebutuhan Telepon, Air, Listrik terpenuhi

 Target:  1 Tahun"
1.19 . 1.19.03 . 01 . 02 . 5 . 2 . 2  , Belanja Barang dan Jasa  ,39800000,
1.19 . 1.19.03 . 01 . 02 . 5 . 2 . 2 . 03  , Belanja Jasa Kantor  ,39800000,
1.19 . 1.19.03 . 01 . 02 . 5 . 2 . 2 . 03 . 01  , Belanja Telepon  ,24000000," APBD

 Belanja Telepon12 Bln x 2.000.000,00 = 24.000.000,00"
1.19 . 1.19.03 . 01 . 02 . 5 . 2 . 2 . 03 . 02  , Belanja Air  ,3600000," APBD

 Belanja Air12 Bln x 300.000,00 = 3.600.000,00"
1.19 . 1.19.03 . 01 . 02 . 5 . 2 . 2 . 03 . 03  , Belanja Listrik  ,7200000," APBD

 Belanja Listrik12 Bln x 600.000,00 = 7.200.000,00"
1.19 . 1.19.03 . 01 . 02 . 5 . 2 . 2 . 03 . 30  , Belanja Jasa Tambah Daya Listrik  ,5000000," APBD

 Belanja jasa tambah daya listrik1 ls x 5.000.000,00 = 5.000.000,00"
1.19 . 1.19.03 . 01 . 06  , Penyediaan jasa pemeliharaan dan perizinan kendaraan dinas/operasional ,31600000," Sumber Dana : APBD

 Lokasi Kegiatan : Kabupaten Bantul

 Keluaran :  Terpenuhinya perpanjangan STNK Kendaraan dinas/operasional

 Target:  1 Tahun"
1.19 . 1.19.03 . 01 . 06 . 5 . 2 . 2  , Belanja Barang dan Jasa  ,31600000,
1.19 . 1.19.03 . 01 . 06 . 5 . 2 . 2 . 05  , Belanja Perawatan Kendaraan Bermotor  ,31600000,
1.19 . 1.19.03 . 01 . 06 . 5 . 2 . 2 . 05 . 07  , Belanja Surat Tanda Nomor Kendaraan  ,31600000," APBD

 Belanja Surat Tanda Nomor Kendaraan

 Perpanjangan STNK roda 218 unit x 500.000,00 = 9.000.000,00

 Perpanjangan STNK roda 47 unit x 1.800.000,00 = 12.600.000,00

 Perpanjangan STNK roda 65 unit x 2.000.000,00 = 10.000.000,00"
1.19 . 1.19.03 . 01 . 07  , Penyediaan jasa administrasi keuangan  ,24235000," Sumber Dana : APBD

 Lokasi Kegiatan : Kabupaten Bantul

 Keluaran :  Kinerja lebih optimal

 Target:  1 Tahun"
1.19 . 1.19.03 . 01 . 07 . 5 . 2 . 1  , Belanja Pegawai  ,24060000,
1.19 . 1.19.03 . 01 . 07 . 5 . 2 . 1 . 01  , Honorarium PNS  ,24060000,
1.19 . 1.19.03 . 01 . 07 . 5 . 2 . 1 . 01 . 06  , Honor Pengelola Keuangan dan Barang  ,24060000," APBD

 Honor Pengelola Keuangan dan Barang

 PPK SKPD12 Ob x 265.000,00 = 3.180.000,00

 Pembantu PPK- SKPD24 Ob x 150.000,00 = 3.600.000,00

 Bendahara Pengeluaran12 Ob x 240.000,00 = 2.880.000,00

 Bendahara Pengeluaran Pembantu (pengurus gaji)12 Ob x 75.000,00 = 900.000,00

 Pembuat Dokumen36 Ob x 150.000,00 = 5.400.000,00

 Pengurus Barang12 Ob x 250.000,00 = 3.000.000,00

 Pengurus Barang Pembantu12 Ob x 100.000,00 = 1.200.000,00

 Penyimpan Barang12 Ob x 250.000,00 = 3.000.000,00

 Pengelola Urusan Kepegawaian12 Ob x 75.000,00 = 900.000,00"
1.19 . 1.19.03 . 01 . 07 . 5 . 2 . 2  , Belanja Barang dan Jasa  ,175000,
1.19 . 1.19.03 . 01 . 07 . 5 . 2 . 2 . 01  , Belanja Bahan Pakai Habis  ,100000,
1.19 . 1.19.03 . 01 . 07 . 5 . 2 . 2 . 01 . 01  , Belanja Alat Tulis Kantor  ,100000," APBD

 Belanja Alat Tulis Kantor1 Ls x 100.000,00 = 100.000,00"
1.19 . 1.19.03 . 01 . 07 . 5 . 2 . 2 . 06  , Belanja Cetak dan Penggandaan  ,75000,
1.19 . 1.19.03 . 01 . 07 . 5 . 2 . 2 . 06 . 02  , Belanja Penggandaan  ,75000," APBD

 Belanja penggandaan500 Lbr x 150,00 = 75.000,00"
1.19 . 1.19.03 . 01 . 08  , Penyediaan jasa kebersihan kantor  ,22800000," Sumber Dana : APBD

 Lokasi Kegiatan : Kabupaten Bantul

 Keluaran :  Peralatan dan alat kebersihan terpenuhi

 Target:  1 Tahun"
1.19 . 1.19.03 . 01 . 08 . 5 . 2 . 1  , Belanja Pegawai  ,16800000,
1.19 . 1.19.03 . 01 . 08 . 5 . 2 . 1 . 02  , Honorarium Non PNS  ,16800000,
1.19 . 1.19.03 . 01 . 08 . 5 . 2 . 1 . 02 . 03  , Honorarium Pegawai Kontrak  ,16800000," APBD

 Honorarium Pegawai Kontrak

 Honorarium Pegawai Kontrak Petugas Kebersihan24 Ob x 700.000,00 = 16.800.000,00"
1.19 . 1.19.03 . 01 . 08 . 5 . 2 . 2  , Belanja Barang dan Jasa  ,6000000,
1.19 . 1.19.03 . 01 . 08 . 5 . 2 . 2 . 01  , Belanja Bahan Pakai Habis  ,6000000,
1.19 . 1.19.03 . 01 . 08 . 5 . 2 . 2 . 01 . 05  , Belanja Peralatan Kebersihan Dan Bahan Pembersih  ,6000000," APBD

 Belanja Peralatan Kebersihan dan Bahan Pembersih1 Ls x 6.000.000,00 = 6.000.000,00"
1.19 . 1.19.03 . 01 . 10  , Penyediaan alat tulis kantor  ,20147100," Sumber Dana : APBD

 Lokasi Kegiatan : Kabupaten Bantul

 Keluaran :  Kebutuhan ATK terpenuhi

 Target:  1 Tahun"
1.19 . 1.19.03 . 01 . 10 . 5 . 2 . 2  , Belanja Barang dan Jasa  ,20147100,
1.19 . 1.19.03 . 01 . 10 . 5 . 2 . 2 . 01  , Belanja Bahan Pakai Habis  ,20147100,
1.19 . 1.19.03 . 01 . 10 . 5 . 2 . 2 . 01 . 01  , Belanja Alat Tulis Kantor  ,20147100," APBD

 Belanja Alat Tulis Kantor1 Ls x 20.147.100,00 = 20.147.100,00"
1.19 . 1.19.03 . 01 . 11  , Penyediaan barang cetakan dan penggandaan  ,12500000," Sumber Dana : APBD

 Lokasi Kegiatan : Kabupaten Bantul

 Keluaran :  Kebutuhan cetakan dan foto copy terpenuhi

 Target:  1 Tahun"
1.19 . 1.19.03 . 01 . 11 . 5 . 2 . 2  , Belanja Barang dan Jasa  ,12500000,
1.19 . 1.19.03 . 01 . 11 . 5 . 2 . 2 . 06  , Belanja Cetak dan Penggandaan  ,12500000,
1.19 . 1.19.03 . 01 . 11 . 5 . 2 . 2 . 06 . 01  , Belanja Cetak  ,5000000," APBD

 Belanja cetak1 Ls x 5.000.000,00 = 5.000.000,00"
1.19 . 1.19.03 . 01 . 11 . 5 . 2 . 2 . 06 . 02  , Belanja Penggandaan  ,7500000," APBD

 Belanja Penggandaan50,000 Lbr x 150,00 = 7.500.000,00"
1.19 . 1.19.03 . 01 . 12  , Penyediaan komponen instalasi listrik/penerangan bangunan kantor  ,10000000," Sumber Dana : APBD

 Lokasi Kegiatan : Kabupaten Bantul

 Keluaran :  Kebutuhan alat-alat listrik terpenuhi

 Target:  1 Tahun"
1.19 . 1.19.03 . 01 . 12 . 5 . 2 . 2  , Belanja Barang dan Jasa  ,10000000,
1.19 . 1.19.03 . 01 . 12 . 5 . 2 . 2 . 01  , Belanja Bahan Pakai Habis  ,10000000,
1.19 . 1.19.03 . 01 . 12 . 5 . 2 . 2 . 01 . 03  ," Belanja Alat Listrik Dan Elektronik (Lampu Pijar, Battery Kering)  ",10000000," APBD

 Belanja Alat Listrik Dan Elektronik1 Ls x 10.000.000,00 = 10.000.000,00"
1.19 . 1.19.03 . 01 . 15  , Penyediaan bahan bacaan dan peraturan perundang-undangan  ,3780000," Sumber Dana : APBD

 Lokasi Kegiatan : Kabupaten Bantul

 Keluaran :  Kebutuhan bacaan terpenuhi

 Target:  1 Tahun"
1.19 . 1.19.03 . 01 . 15 . 5 . 2 . 2  , Belanja Barang dan Jasa  ,3780000,
1.19 . 1.19.03 . 01 . 15 . 5 . 2 . 2 . 03  , Belanja Jasa Kantor  ,3780000,
1.19 . 1.19.03 . 01 . 15 . 5 . 2 . 2 . 03 . 05  , Belanja Surat Kabar/Majalah  ,3780000," APBD

 Belanja Surat Kabar/Majalah12 bln x 315.000,00 = 3.780.000,00"
1.19 . 1.19.03 . 01 . 16  , Penyediaan bahan logistik kantor  ,11500000," Sumber Dana : APBD

 Lokasi Kegiatan : Kabupaten Bantul

 Keluaran :  Kabutuhan logistik terpenuhi

 Target:  1 Tahun"
1.19 . 1.19.03 . 01 . 16 . 5 . 2 . 2  , Belanja Barang dan Jasa  ,11500000,
1.19 . 1.19.03 . 01 . 16 . 5 . 2 . 2 . 01  , Belanja Bahan Pakai Habis  ,3500000,
1.19 . 1.19.03 . 01 . 16 . 5 . 2 . 2 . 01 . 08  , Belanja Pengisian Tabung Gas  ,2500000," APBD

 Belanja Pengisian Tabung Gas1 Ls x 2.500.000,00 = 2.500.000,00"
1.19 . 1.19.03 . 01 . 16 . 5 . 2 . 2 . 01 . 11  , Belanja Bahan medis (obat-obatan) habis pakai  ,1000000," APBD

 Belanja Bahan Medis (obat-obatan)1 Ls x 1.000.000,00 = 1.000.000,00"
1.19 . 1.19.03 . 01 . 16 . 5 . 2 . 2 . 11  , Belanja Makanan dan  Minuman  ,8000000,
1.19 . 1.19.03 . 01 . 16 . 5 . 2 . 2 . 11 . 01  , Belanja Makanan Dan Minuman Harian Pegawai  ,8000000," APBD

 Belanja Makanan dan Minuman Harian Pegawai

 Belanja air minum isi ulang, gula, teh , kopi1 Ls x 8.000.000,00 = 8.000.000,00"
1.19 . 1.19.03 . 01 . 17  , Penyediaan makanan dan minuman  ,35112500," Sumber Dana : APBD

 Lokasi Kegiatan : Kabupaten Bantul

 Keluaran :  Kebutuhan jamuan rapat, tamu dan operasional terpenuhi

 Target:  1 Tahun"
1.19 . 1.19.03 . 01 . 17 . 5 . 2 . 2  , Belanja Barang dan Jasa  ,35112500,
1.19 . 1.19.03 . 01 . 17 . 5 . 2 . 2 . 11  , Belanja Makanan dan  Minuman  ,35112500,
1.19 . 1.19.03 . 01 . 17 . 5 . 2 . 2 . 11 . 02  , Belanja Makanan Dan Minuman Rapat  ,7125000," APBD

 Belanja Makanan dan Minuman Rapat250 Ok x 28.500,00 = 7.125.000,00"
1.19 . 1.19.03 . 01 . 17 . 5 . 2 . 2 . 11 . 03  , Belanja Makanan Dan Minuman Tamu  ,8550000," APBDBelanja Makanan dan Minuman Tamu300 Ok x 28.500,00 = 8.550.000,00"
1.19 . 1.19.03 . 01 . 17 . 5 . 2 . 2 . 11 . 04  , Belanja makanan dan minuman Lembur  ,2137500," APBD

 Belanja Makanan dan Minuman Lembur75 Ok x 28.500,00 = 2.137.500,00"
1.19 . 1.19.03 . 01 . 17 . 5 . 2 . 2 . 11 . 05  , Belanja Makanan dan Minuman Pelaksanaan Kegiatan  ,17300000," APBD

 Belanja Makanan dan Minuman Pelaksanaan Kegiatan Operasional,

 Upacara-upacara, Pembinaan, dll100 Ok x 20.000,00 = 2.000.000,00

 Belanja Snack dan minum Binjas1,800 Ok x 8.500,00 = 15.300.000,00"
1.19 . 1.19.03 . 01 . 18  , Rapat-rapat koordinasi dan konsultasi ke luar daerah  ,132100000," Sumber Dana : APBD

 Lokasi Kegiatan : Luar Propinsi

 Keluaran :  Kerjasama lintas daerah/propinsi

 Target:  1 Tahun"
1.19 . 1.19.03 . 01 . 18 . 5 . 2 . 2  , Belanja Barang dan Jasa  ,132100000,
1.19 . 1.19.03 . 01 . 18 . 5 . 2 . 2 . 15  , Belanja Perjalanan Dinas  ,132100000,
1.19 . 1.19.03 . 01 . 18 . 5 . 2 . 2 . 15 . 02  , Belanja Perjalanan Dinas Luar Daerah  ,132100000," APBD

 Belanja Perjalanan Dinas Luar Daerah (DKI, Jabodetabek, dan atau diluar Pulau Jawa)

 Golongan IV30 Oh x 1.700.000,00 = 51.000.000,00

 Golongan III20 Oh x 1.500.000,00 = 30.000.000,00

 Tiket Perjalanan1 Ls x 25.000.000,00 = 25.000.000,00

 Belanja Perjalanan Dinas Luar Daerah (Di Pulau Jawa dan atau Diluar Propinsi)

 Gol III12 Oh x 825.000,00 = 9.900.000,00

 Gol II12 Oh x 725.000,00 = 8.700.000,00

 Tiket Perjalanan1 Ls x 7.500.000,00 = 7.500.000,00"
1.19 . 1.19.03 . 01 . 19  , Rapat-rapat koordinasi dan konsultasi dalam daerah  ,10000000," Sumber Dana : APBD

 Lokasi Kegiatan : Dalam Propinsi

 Keluaran :  Kerjasama antar daerah se - kab

 Target:  1 Tahun"
1.19 . 1.19.03 . 01 . 19 . 5 . 2 . 2  , Belanja Barang dan Jasa  ,10000000,
1.19 . 1.19.03 . 01 . 19 . 5 . 2 . 2 . 15  , Belanja Perjalanan Dinas  ,10000000,
1.19 . 1.19.03 . 01 . 19 . 5 . 2 . 2 . 15 . 01  , Belanja Perjalanan Dinas Dalam Daerah  ,10000000," APBD

 Belanja Perjalanan Dinas Dalam Daerah (Prop DIY)

 Gol III50 Oh x 60.000,00 = 3.000.000,00

 Gol II50 Oh x 50.000,00 = 2.500.000,00

 Belanja Perjalanan Dinas Dalam Daerah (Kabupaten Bantul)

 gol III60 Oh x 40.000,00 = 2.400.000,00

 Gol II70 Oh x 30.000,00 = 2.100.000,00"
1.19 . 1.19.03 . 01 . 22  , Penyediaan jasa tenaga teknis pendukung/tenaga perkantoran  ,1583914000," Sumber Dana : APBD

 Lokasi Kegiatan : Kabupaten Bantul

 Keluaran :  Kebutuhan tenaga tehnis terpenuhi

 Target:  1 Tahun"
1.19 . 1.19.03 . 01 . 22 . 5 . 2 . 1  , Belanja Pegawai  ,1579114000,
1.19 . 1.19.03 . 01 . 22 . 5 . 2 . 1 . 02  , Honorarium Non PNS  ,1579114000,
1.19 . 1.19.03 . 01 . 22 . 5 . 2 . 1 . 02 . 02  , Honorarium Pegawai Honorer/Tidak Tetap  ,72414000," APBD

 Honorarium Pegawai Honorer/Tidak TetapSAR Parangtritis 5 org x 12 Bln60 Ob x 1.206.900,00 = 72.414.000,00"
1.19 . 1.19.03 . 01 . 22 . 5 . 2 . 1 . 02 . 03  , Honorarium Pegawai Kontrak  ,1506700000," APBD

 Honorarium Pegawai Kontrak Tenaga Tehnis Administrasi Keuangan12 Ob x 1.500.000^00 = 18.000.000^00

 Honorarium Pegawai Kontrak PusdalopsDanru 2 org x 12 Bln24 Ob x 1.350.000^00 = 32.400.000^00

 Tehnis 5 org x 12 Bln60 Ob x 1.250.000^00 = 75.000.000^00

 Admin 2 org x 12 Bln24 Ob x 1.100.000^00 = 26.400.000^00

 Manajer Pusdalops 1 x 12 bln12 Ob x 1.400.000^00 = 16.800.000^00

 Tehnis 2 org x 11 Bln22 Ob x 1.250.000^00 = 27.500.000^00

 Honorarium Pegawai Kontrak PBKDanru dan driver 6 org x 12 Bln72 Ob x 1.300.000^00 = 93.600.000^00

 Anggota 19 org x 12 Bln228 Ob x 1.250.000^00 = 285.000.000^00

 Admin 1 org x 12 Bln12 Bln x 1.100.000^00 = 13.200.000^00

 Komandan Satgas PBK 1 org x 12 Bln12 Ob x 1.400.000^00 = 16.800.000^00

 Wakil Satgas PBK 1 org x 12 Bln12 Ob x 1.350.000^00 = 16.200.000^00

 Angota 6 org x 11 Bln66 Ob x 1.250.000^00 = 82.500.000^00

 Honorarium Pegawai Kontrak SARAnggota SAR 72 org x 12 Bln864 Ob x 700.000^00 = 604.800.000^00

 Honorarium Pegawai Kontrak TRCDanru TRC 1 org x 12 Bln12 Ob x 1.350.000^00 = 16.200.000^00

 Anggota TRC 6 org x 12 Bln72 Ob x 1.250.000^00 = 90.000.000^00

 Anggota TRC 2 org x 11 Bln22 Ob x 1.250.000^00 = 27.500.000^00

 Honorarium Pegawai Kontrak Penjaga TogorAnggota 3 org x 12 Bln36 Ob x 700.000^00 = 25.200.000^00

 Honorarium Pegawai Kontrak SekretariatHonorarium Pegawai Kontrak Sekretariat 3 org x 12 bln36 Ob x 1.100.000^00 = 39.600.000^00"
1.19 . 1.19.03 . 01 . 22 . 5 . 2 . 2  , Belanja Barang dan Jasa  ,4800000,
1.19 . 1.19.03 . 01 . 22 . 5 . 2 . 2 . 35  ," Jasa Narasumber, Tenaga Ahli, Yuri, Entry Data, Petugas Fogging dan Petugas Lapangan ",4800000,
1.19 . 1.19.03 . 01 . 22 . 5 . 2 . 2 . 35 . 02  , Jasa Yuri Perlombaan/Pelatih  ,4800000," APBD

 Jasa Pelatih/Instruktur

 Jasa Pelatih/Instruktur Binjas24 Ok x 200.000,00 = 4.800.000,00"
1.19 . 1.19.03 . 02  , Program Peningkatan Sarana dan Prasarana Aparatur  ,1136875000,
1.19 . 1.19.03 . 02 . 03  , Pembangunan gedung kantor  ,350000000," Sumber Dana :

 Lokasi Kegiatan : Kecamatan Banguntapan"
1.19 . 1.19.03 . 02 . 03 . 5 . 2 . 3  , Belanja Modal  ,350000000,
1.19 . 1.19.03 . 02 . 03 . 5 . 2 . 3 . 49  , Belanja Modal Gedung dan Bangunan - Pengadaan Bangunan Gedung Tempat Kerja ,350000000,
1.19 . 1.19.03 . 02 . 03 . 5 . 2 . 3 . 49 . 27  , Belanja Modal Gedung dan Bangunan - Pengadaan Bangunan Gedung Tempat Kerja Lainnya ,350000000," Bangunan Tempat Kerja Lain-lain

 Belanja Modal Pengadaan Posko Pemadam Kebakaran1 Unit x 345.000.000,00 = 345.000.000,00

 Honorarium Tim Pengadaan Barang dan JasaPejabat Pembuat Komitmen1 O/P x 500.000,00 = 500.000,00

 Panitia Pengadaan :

 - Ketua Rp. 500.000 x 1 org

 - Sekertaris Rp. 450.000 x 1 org

 - Anggota Rp. 400.000 x 3 org1 O/P x 2.150.000,00 = 2.150.000,00

 Panitia Penerima/Pemeriksa :

 - Ketua Rp. 250.000 x 1 org

 - Sekertaris Rp. 200.000 x 1 org

 - Anggota Rp. 150.000 x 2 org1 O/P x 750.000,00 = 750.000,00

 Belanja Alat Tulis KantorBelanja ATK1 Ls x 332.500,00 = 332.500,00

 Belanja Penggandaan1,800 Lbr x 150,00 = 270.000,00

 Belanja makan, snack dan minum rapat35 Ok x 28.500,00 = 997.500,00"
1.19 . 1.19.03 . 02 . 24  , Pemeliharaan rutin/berkala kendaraan dinas/operasional  ,195000000," Sumber Dana : APBD

 Lokasi Kegiatan : Kabupaten Bantul

 Keluaran :  Perawatan kendaraan terpenuhi



 Target:  1 Tahun"
1.19 . 1.19.03 . 02 . 24 . 5 . 2 . 2  , Belanja Barang dan Jasa  ,195000000,
1.19 . 1.19.03 . 02 . 24 . 5 . 2 . 2 . 05  , Belanja Perawatan Kendaraan Bermotor  ,195000000,
1.19 . 1.19.03 . 02 . 24 . 5 . 2 . 2 . 05 . 01  , Belanja Jasa Service  ,10000000," APBD

 Belanja Jasa Service1 Ls x 10.000.000,00 = 10.000.000,00"
1.19 . 1.19.03 . 02 . 24 . 5 . 2 . 2 . 05 . 02  , Belanja Penggantian Suku Cadang  ,75000000," APBD

 Belanja Penggantian Suku Cadang1 Ls x 75.000.000,00 = 75.000.000,00"
1.19 . 1.19.03 . 02 . 24 . 5 . 2 . 2 . 05 . 03  , Belanja Bahan Bakar Minyak/Gas Dan Pelumas  ,95000000," APBD

 Belanja Bahan Bakar Minyak/Gas Dan PelumasPelumas1 Ls x 10.000.000,00 = 10.000.000,00BBM1 Ls x 85.000.000,00 = 85.000.000,00"
1.19 . 1.19.03 . 02 . 24 . 5 . 2 . 2 . 05 . 10  , Belanja Pengecatan kendaraan  ,15000000," Belanja Pengecatan Kendaraan

 Belanja Pengecatan Kendaraan Dinas/Operasional1 Ls x 15.000.000,00 = 15.000.000,00"
1.19 . 1.19.03 . 02 . 26  , Pemeliharaan rutin/berkala perlengkapan gedung kantor  ,50000000," Sumber Dana : APBD

 Lokasi Kegiatan : Kabupaten Bantul

 Keluaran :  Pemeliharaan gedung terpenuhi

 Target:  1 Tahun"
1.19 . 1.19.03 . 02 . 26 . 5 . 2 . 2  , Belanja Barang dan Jasa  ,50000000,
1.19 . 1.19.03 . 02 . 26 . 5 . 2 . 2 . 20  , Belanja Pemeliharaan  ,50000000,
1.19 . 1.19.03 . 02 . 26 . 5 . 2 . 2 . 20 . 05  , Belanja Pemeliharan Gedung dan Bangunan  ,50000000," APBD

 Belanja Pemeliharaan Gedung dan Bangunan1 Ls x 50.000.000,00 = 50.000.000,00"
1.19 . 1.19.03 . 02 . 30  , Pemeliharaan rutin/berkala peralatan dan perlengkapan kantor  ,70000000," Sumber Dana : APBD

 Lokasi Kegiatan : Kabupaten Bantul

 Keluaran :  Pemeliharaan EWS dan peralatan kantor terjaga 

 Target:  1 Tahun"
1.19 . 1.19.03 . 02 . 30 . 5 . 2 . 2  , Belanja Barang dan Jasa  ,70000000,
1.19 . 1.19.03 . 02 . 30 . 5 . 2 . 2 . 20  , Belanja Pemeliharaan  ,70000000,
1.19 . 1.19.03 . 02 . 30 . 5 . 2 . 2 . 20 . 04  , Belanja Pemeliharan Peralatan dan Mesin  ,70000000," APBD

 Belanja Pemeliharaan Peralatan dan MesinPemeliharaan EWS1 Ls x 40.000.000,00 = 40.000.000,00

 Pemeliharaan Peralatan dan perlengkapan kantor  (komputer, printer, AC, Chainsaw, dll)1 Ls x 30.000.000,00 = 30.000.000,00"
1.19 . 1.19.03 . 02 . 34  , Pengadaan peralatan dan perlengkapan kantor  ,471875000," Sumber Dana : APBD

 Lokasi Kegiatan : Kabupaten Bantul

 Keluaran :  Kebutuhan sarana dan prasarana terpenuhi

 Target:  1 Tahun"
1.19 . 1.19.03 . 02 . 34 . 5 . 2 . 2  , Belanja Barang dan Jasa  ,128000000,
1.19 . 1.19.03 . 02 . 34 . 5 . 2 . 2 . 02  , Belanja Bahan/Material  ,3000000,
1.19 . 1.19.03 . 02 . 34 . 5 . 2 . 2 . 02 . 07  , Belanja Cindera Mata  ,3000000," APBD

 Belanja Cindera Mata1 Ls x 3.000.000,00 = 3.000.000,00"
1.19 . 1.19.03 . 02 . 34 . 5 . 2 . 2 . 07  , Belanja Sewa Rumah/Gedung/Gudang/Parkir  ,25000000,
1.19 . 1.19.03 . 02 . 34 . 5 . 2 . 2 . 07 . 08  , Belanja Sewa Tanah/Lahan untuk Repeater  ,25000000,"  APBD

 Belanja Sewa Tanah/Lahan untuk Ripieter1 Ls x 25.000.000,00 = 25.000.000,00"
1.19 . 1.19.03 . 02 . 34 . 5 . 2 . 2 . 34  , Belanja Perlengkapan Penyelamatan  ,100000000,
1.19 . 1.19.03 . 02 . 34 . 5 . 2 . 2 . 34 . 01  , Belanja Perlengkapan TRC  ,20000000," APBD

 Belanja Perlengkapan TRC1 Ls x 20.000.000,00 = 20.000.000,00APBD"
1.19 . 1.19.03 . 02 . 34 . 5 . 2 . 2 . 34 . 02  , Belanja Perlengkapan SAR  ,20000000,"  APBD

 Belanja Perlengkapan SAR1 Ls x 20.000.000,00 = 20.000.000,00APBD"
1.19 . 1.19.03 . 02 . 34 . 5 . 2 . 2 . 34 . 03  , Belanja Perlengkapan PBK  ,60000000,"  APBD

 Belanja Perlengkapan PBK1 Ls x 60.000.000,00 = 60.000.000,00"
1.19 . 1.19.03 . 02 . 34 . 5 . 2 . 3  , Belanja Modal  ,343875000,
1.19 . 1.19.03 . 02 . 34 . 5 . 2 . 3 . 16  , Belanja Modal Peralatan dan Mesin - Pengadaan Alat-alat Bantu  ,125750000,
1.19 . 1.19.03 . 02 . 34 . 5 . 2 . 3 . 16 . 04  , Belanja Modal Peralatan dan Mesin - Pengadaan Electric Generating Set  ,125750000,"  APBD

 Belanja Modal Pengadaan Electric Generating Set

 Belanja Modal Pengadaan Generator1 Set x 125.000.000,00 = 125.000.000,00

 Honorarium Tim Pengadaan Barang dan Jasa1 o/bjj x 750.000,00 = 750.000,00"
1.19 . 1.19.03 . 02 . 34 . 5 . 2 . 3 . 28  , Belanja Modal Peralatan dan Mesin - Pengadaan Alat Rumah Tangga  ,22500000,
1.19 . 1.19.03 . 02 . 34 . 5 . 2 . 3 . 28 . 04  , Belanja Modal Peralatan dan Mesin - Pengadaan Alat Pendingin  ,22500000," APBD

 Belanja Modal Pengadaan Alat PendinginBelanja Modal Pengadaan AC3 unit x 7.500.000,00 = 22.500.000,00"
1.19 . 1.19.03 . 02 . 34 . 5 . 2 . 3 . 32  , Belanja Modal Peralatan dan Mesin - Pengadaan Alat Komunikasi  ,15000000,
1.19 . 1.19.03 . 02 . 34 . 5 . 2 . 3 . 32 . 01  , Belanja Modal Peralatan dan Mesin - Pengadaan Alat Komunikasi Telephone ,15000000," APBD

 Sound SystemBelanja Modal Pengadaan Sound System1 unit x 15.000.000,00 = 15.000.000,00"
1.19 . 1.19.03 . 02 . 34 . 5 . 2 . 3 . 33  , Belanja Modal Peralatan dan Mesin - Pengadaan Peralatan Pemancar  ,24000000,
1.19 . 1.19.03 . 02 . 34 . 5 . 2 . 3 . 33 . 04  , Belanja Modal Peralatan dan Mesin - Pengadaan Peralatan Pemancar UHF  ,24000000," APBD

 Alat Pemancar UHF Lain-lainBelanja Modal Pengadaan RIG Mobile3 unit x 8.000.000,00 = 24.000.000,00"
1.19 . 1.19.03 . 02 . 34 . 5 . 2 . 3 . 48  , Belanja Modal Peralatan dan Mesin -Pengadaan Alat Keamanan dan Perlindungan ,5000000,
1.19 . 1.19.03 . 02 . 34 . 5 . 2 . 3 . 48 . 01  , Belanja Modal Peralatan dan Mesin -Pengadaan Alat Bantu Kemanan  ,5000000," APBD

 Belanja Modal Pengadaan Alat Bantu KeamananBelanja Modal Pengadaan Gergaji Tiang2 unit x 2.500.000,00 = 5.000.000,00"
1.19 . 1.19.03 . 02 . 34 . 5 . 2 . 3 . 51  , Belanja Modal Gedung dan Bangunan - Pengadaan Bangunan Menara  ,125875000,
1.19 . 1.19.03 . 02 . 34 . 5 . 2 . 3 . 51 . 03  , Belanja Modal Gedung dan Bangunan - Pengadaan Bangunan Menara Telekomunikasi ,125875000," APBD

 Belanja Modal Pengadaan Menara Telekomunikasi

 Belanja Modal Pengadaan Tower Ripieter1 Unit x 125.000.000,00 = 125.000.000,00

 Honorarium Pejabat Pengadaan Barang dan Jasa1 Bjj x 875.000,00 = 875.000,00"
1.19 . 1.19.03 . 02 . 34 . 5 . 2 . 3 . 85  , Belanja Modal Aset Tetap Lainnya - Pengadaan Barang Bercorak Kebudayaan  ,25750000,
1.19 . 1.19.03 . 02 . 34 . 5 . 2 . 3 . 85 . 06  , Belanja Modal Aset Tetap Lainnya - Pengadaan Barang Bercorak Kebudayaan Maket dan Foto Dokumen ,25750000," APBD

 Belanja Modal Pengadaan Barang Bercorak Kebudayaan Maket dan Foto Dokumentasi

 Belanja Modal Pengadaan Maket Tsunami1 Ls x 25.000.000,00 = 25.000.000,00

 Honorarium Tim Pengadaan Barang dan Jasa1 O/bjj x 750.000,00 = 750.000,00"
1.19 . 1.19.03 . 03  , Program peningkatan disiplin aparatur  ,149750000,
1.19 . 1.19.03 . 03 . 03  , Pengadaan pakaian kerja lapangan  ,149750000," Sumber Dana : APBD

 Lokasi Kegiatan : Kabupaten Bantul

 Keluaran :  Uniform petugas terpenuhi

 Target:  1 Tahun"
1.19 . 1.19.03 . 03 . 03 . 5 . 2 . 2  , Belanja Barang dan Jasa  ,149750000,
1.19 . 1.19.03 . 03 . 03 . 5 . 2 . 2 . 13  , Belanja Pakaian Kerja  ,89750000,
1.19 . 1.19.03 . 03 . 03 . 5 . 2 . 2 . 13 . 01  , Belanja Pakaian Kerja Lapangan  ,89750000," APBD 

 Belanja Pakaian Kerja Lapangan

 PBK28 Buah x 850.000,00 = 23.800.000,00

 TRC17 Buah x 850.000,00 = 14.450.000,00

 Pusdalops12 Buah x 500.000,00 = 6.000.000,00

 SAR79 Buah x 500.000,00 = 39.500.000,00

 BPBD30 Buah x 200.000,00 = 6.000.000,00"
1.19 . 1.19.03 . 03 . 03 . 5 . 2 . 2 . 14  , Belanja Pakaian khusus dan hari-hari tertentu  ,60000000,
1.19 . 1.19.03 . 03 . 03 . 5 . 2 . 2 . 14 . 08  , Belanja pakaian khusus tahan api  ,60000000," APBD

 Belanja Pakaian Khusus Tahan Api3 Unit x 20.000.000,00 = 60.000.000,00"
1.19 . 1.19.03 . 05  , Program Peningkatan Kapasitas Sumber Daya Aparatur  ,19475000,
1.19 . 1.19.03 . 05 . 01  , Pendidikan dan pelatihan formal  ,19475000," Sumber Dana : APBD

 Lokasi Kegiatan : Kabupaten Bantul

 Keluaran :  Pelatihan berbasis Difabel

 Target:  150 Peserta"
1.19 . 1.19.03 . 05 . 01 . 5 . 2 . 2  , Belanja Barang dan Jasa  ,19475000,
1.19 . 1.19.03 . 05 . 01 . 5 . 2 . 2 . 01  , Belanja Bahan Pakai Habis  ,950000,
1.19 . 1.19.03 . 05 . 01 . 5 . 2 . 2 . 01 . 01  , Belanja Alat Tulis Kantor  ,950000," APBD

 Belanjab Alat tulis Kantor

 Belanja Alat Tulis Kantor1 ls x 500.000,00 = 500.000,00

 Belanja Tool kits 30 paket30 o/p x 15.000,00 = 450.000,00"
1.19 . 1.19.03 . 05 . 01 . 5 . 2 . 2 . 02  , Belanja Bahan/Material  ,3000000,
1.19 . 1.19.03 . 05 . 01 . 5 . 2 . 2 . 02 . 18  , Belanja Bahan Percontohan  ,3000000," APBD

 Belanja Bahan Percontohan

 Belanja Bahan Percontohan/Praktek1 ls x 3.000.000,00 = 3.000.000,00"
1.19 . 1.19.03 . 05 . 01 . 5 . 2 . 2 . 06  , Belanja Cetak dan Penggandaan  ,750000,
1.19 . 1.19.03 . 05 . 01 . 5 . 2 . 2 . 06 . 02  , Belanja Penggandaan  ,750000," APBD

 Belanja Penggandaan5,000 lbr x 150,00 = 750.000,00"
1.19 . 1.19.03 . 05 . 01 . 5 . 2 . 2 . 07  , Belanja Sewa Rumah/Gedung/Gudang/Parkir  ,2000000,
1.19 . 1.19.03 . 05 . 01 . 5 . 2 . 2 . 07 . 02  , Belanja Sewa Gedung/Kantor/Tempat  ,2000000," APBD

 Belanja Sewa Gedung/Kantor/tempatSewa Gedung/ Tempat2 ok x 1.000.000,00 = 2.000.000,00"
1.19 . 1.19.03 . 05 . 01 . 5 . 2 . 2 . 10  , Belanja Sewa Perlengkapan dan Peralatan Kantor  ,1000000,
1.19 . 1.19.03 . 05 . 01 . 5 . 2 . 2 . 10 . 01  , Belanja Sewa Meja Kursi  ,1000000," APBD

 Belanja Sewa Meja Kursi2 Ok x 500.000,00 = 1.000.000,00"
1.19 . 1.19.03 . 05 . 01 . 5 . 2 . 2 . 11  , Belanja Makanan dan  Minuman  ,4275000,
1.19 . 1.19.03 . 05 . 01 . 5 . 2 . 2 . 11 . 02  , Belanja Makanan Dan Minuman Rapat  ,1710000," APBD

 Belanja Makanan dan Minuman Rapat

 Belanja Makan, Snack dan Minum rapat60 Ok x 28.500,00 = 1.710.000,00"
1.19 . 1.19.03 . 05 . 01 . 5 . 2 . 2 . 11 . 05  , Belanja Makanan dan Minuman Pelaksanaan Kegiatan  ,2565000," APBD

 Belanja Makanan dan Minuman Pelaksanaan Kegiatan

 Belanja makan, snack dan minum pelaksanaan kegiatan 45 org x 2 hr90 Ok x 28.500,00 = 2.565.000,00"
1.19 . 1.19.03 . 05 . 01 . 5 . 2 . 2 . 13  , Belanja Pakaian Kerja  ,2700000,
1.19 . 1.19.03 . 05 . 01 . 5 . 2 . 2 . 13 . 01  , Belanja Pakaian Kerja Lapangan  ,2700000," APBD

 Belanja Pakaian Kerja Lapangan

 Belanja Pakaian Kerja Lapangan/ Kaos45 Ok x 60.000,00 = 2.700.000,00"
1.19 . 1.19.03 . 05 . 01 . 5 . 2 . 2 . 35  ," Jasa Narasumber, Tenaga Ahli, Yuri, Entry Data, Petugas Fogging dan Petugas Lapangan ",4800000,
1.19 . 1.19.03 . 05 . 01 . 5 . 2 . 2 . 35 . 01  , Jasa Nara Sumber/Moderator/Tenaga Ahli  ,3000000," APBD

 Belanja Narasumber/Moderator/Tenaga AhliBelanja Narasumber 3 org/2 jpl3 Ok x 500.000,00 = 1.500.000,00

 Jasa Tenaga Ahli/Pelatih 3 org/2 jpl3 Ok x 500.000,00 = 1.500.000,00"
1.19 . 1.19.03 . 05 . 01 . 5 . 2 . 2 . 35 . 05  , Jasa Peserta Seminar/Simposium /Workshop/Sosialisasi  ,1800000," APBD

 Jasa Peserta Seminar/Simposium/Workshop/Sosialisasi

 Jasa peserta 30 org x 2 hr60 Ok x 30.000,00 = 1.800.000,00"
1.19 . 1.19.03 . 22  , Program pencegahan dini dan penanggulangan korban bencana alam  ,2552220000,
1.19 . 1.19.03 . 22 . 01  , Pemantauan dan penyebarluasan informasi potensi bencana alam  ,125000000," Sumber Dana : APBD

 Lokasi Kegiatan : Kabupaten Bantul

 Keluaran :  Pemantauan dan penyebarluasan informasi bencana

 Target:  1 Tahun"
1.19 . 1.19.03 . 22 . 01 . 5 . 2 . 2  , Belanja Barang dan Jasa  ,125000000,
1.19 . 1.19.03 . 22 . 01 . 5 . 2 . 2 . 03  , Belanja Jasa Kantor  ,35000000,
1.19 . 1.19.03 . 22 . 01 . 5 . 2 . 2 . 03 . 15  , Belanja Publikasi  ,35000000," APBD

 Belanja Publikasi Spanduk, Leaflet, Stiker, Iklan radio1 Ls x 15.000.000,00 = 15.000.000,00

 Bantul Expo Stand, Display, makan minum operasional/piket, dll1 Ls x 12.500.000,00 = 12.500.000,00

 Karnaval Display, Makan minum operasional, dll1 Ls x 7.500.000,00 = 7.500.000,00"
1.19 . 1.19.03 . 22 . 01 . 5 . 2 . 2 . 11  , Belanja Makanan dan  Minuman  ,60000000,
1.19 . 1.19.03 . 22 . 01 . 5 . 2 . 2 . 11 . 05  , Belanja Makanan dan Minuman Pelaksanaan Kegiatan  ,60000000," APBD

 Belanja Makan Minum Pelaksanaan KegiatanMakan Minum Evakuasi2,000 Ok x 20.000,00 = 40.000.000,00M

 akan Minum Operasional (PAM, Kerja Bakti, Operasional, dll)1,000 Ok x 20.000,00 = 20.000.000,00"
1.19 . 1.19.03 . 22 . 01 . 5 . 2 . 2 . 35  ," Jasa Narasumber, Tenaga Ahli, Yuri, Entry Data, Petugas Fogging dan Petugas Lapangan ",30000000,
1.19 . 1.19.03 . 22 . 01 . 5 . 2 . 2 . 35 . 09  , Jasa Petugas Lapangan  ,30000000," APBD

 Jasa Petugas LapanganJasa Petugas Lapangan TRC120 Ob x 250.000,00 = 30.000.000,00"
1.19 . 1.19.03 . 22 . 05  , Peningkatan ketrampilan dan kualitas penanggulangan bencana alam  ,190645000," Sumber Dana : APBD

 Lokasi Kegiatan : Kabupaten Bantul

 Keluaran :  Ketrampilan dan kualitas penanggulangan bencana lebih meningkat

 Target:  1 Keg"
1.19 . 1.19.03 . 22 . 05 . 5 . 2 . 2  , Belanja Barang dan Jasa  ,190645000,
1.19 . 1.19.03 . 22 . 05 . 5 . 2 . 2 . 01  , Belanja Bahan Pakai Habis  ,500000,
1.19 . 1.19.03 . 22 . 05 . 5 . 2 . 2 . 01 . 01  , Belanja Alat Tulis Kantor  ,500000," APBD

 Belanja Alat Tulis Kantor1 Ls x 500.000,00 = 500.000,00"
1.19 . 1.19.03 . 22 . 05 . 5 . 2 . 2 . 02  , Belanja Bahan/Material  ,11000000,
1.19 . 1.19.03 . 22 . 05 . 5 . 2 . 2 . 02 . 18  , Belanja Bahan Percontohan  ,11000000," APBD

 Belanja Bahan Percontohan/ Bahan Praktek

 Belanja Bahan Praktek11 Ok x 1.000.000,00 = 11.000.000,00"
1.19 . 1.19.03 . 22 . 05 . 5 . 2 . 2 . 03  , Belanja Jasa Kantor  ,1650000,
1.19 . 1.19.03 . 22 . 05 . 5 . 2 . 2 . 03 . 14  , Belanja Dekorasi  ,1650000," APBD

 Belanja Dekorasi11 Ok x 150.000,00 = 1.650.000,00"
1.19 . 1.19.03 . 22 . 05 . 5 . 2 . 2 . 06  , Belanja Cetak dan Penggandaan  ,750000,
1.19 . 1.19.03 . 22 . 05 . 5 . 2 . 2 . 06 . 02  , Belanja Penggandaan  ,750000," APBD

 Belanja Penggandaan5,000 Lbr x 150,00 = 750.000,00"
1.19 . 1.19.03 . 22 . 05 . 5 . 2 . 2 . 07  , Belanja Sewa Rumah/Gedung/Gudang/Parkir  ,11000000,
1.19 . 1.19.03 . 22 . 05 . 5 . 2 . 2 . 07 . 02  , Belanja Sewa Gedung/Kantor/Tempat  ,11000000," APBD

 Belanja Sewa Gedung/Kantor/Tempat

 Belanja Sewa Gedung/Kantor/Tempat 2 hr x 11 Keg22 Keg x 500.000,00 = 11.000.000,00"
1.19 . 1.19.03 . 22 . 05 . 5 . 2 . 2 . 10  , Belanja Sewa Perlengkapan dan Peralatan Kantor  ,6600000,
1.19 . 1.19.03 . 22 . 05 . 5 . 2 . 2 . 10 . 01  , Belanja Sewa Meja Kursi  ,6600000," APBD

 Belanja Sewa Meja Kursi

 Belanja Sewa Meja Kursi 2 hr x 11 keg22 Keg x 300.000,00 = 6.600.000,00"
1.19 . 1.19.03 . 22 . 05 . 5 . 2 . 2 . 11  , Belanja Makanan dan  Minuman  ,44745000,
1.19 . 1.19.03 . 22 . 05 . 5 . 2 . 2 . 11 . 02  , Belanja Makanan Dan Minuman Rapat  ,855000," APBD

 Belanja Makanan dan Minuman Rapat30 Ok x 28.500,00 = 855.000,00"
1.19 . 1.19.03 . 22 . 05 . 5 . 2 . 2 . 11 . 05  , Belanja Makanan dan Minuman Pelaksanaan Kegiatan  ,43890000," APBD

 Belanja Makanan dan Minuman Pelaksanaan Kegiatan

 Belanja Makan, Snack dan Minum Pelaksanaan kegiatan 2 hr x 70 org x 11 Keg1,540 Ok x 28.500,00 = 43.890.000,00"
1.19 . 1.19.03 . 22 . 05 . 5 . 2 . 2 . 13  , Belanja Pakaian Kerja  ,42900000,
1.19 . 1.19.03 . 22 . 05 . 5 . 2 . 2 . 13 . 01  , Belanja Pakaian Kerja Lapangan  ,42900000," APBD

 Belanja Pakaian Kerja Lapangan

 Belanja Pakaian Kaos715 buah x 60.000,00 = 42.900.000,00"
1.19 . 1.19.03 . 22 . 05 . 5 . 2 . 2 . 35  ," Jasa Narasumber, Tenaga Ahli, Yuri, Entry Data, Petugas Fogging dan Petugas Lapangan ",71500000,
1.19 . 1.19.03 . 22 . 05 . 5 . 2 . 2 . 35 . 01  , Jasa Nara Sumber/Moderator/Tenaga Ahli  ,38500000," APBD

 Jasa Narasumber/Moderator/Tenaga Ahli

 Jasa Narasumber 1 org/2jpl x 11 Keg11 Ok x 1.500.000,00 = 16.500.000,00

 Jasa Narasumber 2 org/2jpl x 11 Keg22 Ok x 500.000,00 = 11.000.000,00

 Jasa Instruktur 2 org/2 jpl x 11 Keg22 Ok x 500.000,00 = 11.000.000,00"
1.19 . 1.19.03 . 22 . 05 . 5 . 2 . 2 . 35 . 05  , Jasa Peserta Seminar/Simposium /Workshop/Sosialisasi  ,33000000," APBD

 Jasa Peserta Seminar/Simposium/Workshop/Sosialisasi

 Jasa Peserta Sosialisasi 50 org x 2 hr x 11 Desa1,100 Ok x 30.000,00 = 33.000.000,00"
1.19 . 1.19.03 . 22 . 07  , Sosialisasi mitigasi penanggulangan bencana alam & sosial  ,762400000," Sumber Dana : APBD

 Lokasi Kegiatan : Kabupaten Bantul

 Keluaran :  Terselenggaranya Peringatan Reflexi 10 tahun Gempa Bumi

 Target:  100 %"
1.19 . 1.19.03 . 22 . 07 . 5 . 2 . 1  , Belanja Pegawai  ,4500000,
1.19 . 1.19.03 . 22 . 07 . 5 . 2 . 1 . 01  , Honorarium PNS  ,4500000,
1.19 . 1.19.03 . 22 . 07 . 5 . 2 . 1 . 01 . 02  , Honorarium Tim Pengadaan Barang Dan Jasa  ,4500000," APBD

 Honorarium Tim Pengadaan Barang Dan Jasa

 Honorarium Tim Pengadaan Barang dan Jasa 750.000 o/bjj x 6 paket1 O/p x 4.500.000,00 = 4.500.000,00"
1.19 . 1.19.03 . 22 . 07 . 5 . 2 . 2  , Belanja Barang dan Jasa  ,757900000,
1.19 . 1.19.03 . 22 . 07 . 5 . 2 . 2 . 01  , Belanja Bahan Pakai Habis  ,82000000,
1.19 . 1.19.03 . 22 . 07 . 5 . 2 . 2 . 01 . 01  , Belanja Alat Tulis Kantor  ,82000000," APBD

 Belanja Alat tulis Kantor1 Ls x 2.000.000,00 = 2.000.000,00

 Seminar kits 400 org x 2 Keg800 O/p x 100.000,00 = 80.000.000,00"
1.19 . 1.19.03 . 22 . 07 . 5 . 2 . 2 . 02  , Belanja Bahan/Material  ,40000000,
1.19 . 1.19.03 . 22 . 07 . 5 . 2 . 2 . 02 . 07  , Belanja Cindera Mata  ,30000000," APBD

 Belanja Cindera MataBelanja Piala/Tropi Untuk Lomba-lomba1 Ls x 10.000.000,00 = 10.000.000,00

 Belanja Dorprize1 Ls x 10.000.000,00 = 10.000.000,00

 Belanja Bingkisan lomba1 Ls x 10.000.000,00 = 10.000.000,00"
1.19 . 1.19.03 . 22 . 07 . 5 . 2 . 2 . 02 . 18  , Belanja Bahan Percontohan  ,10000000," APBD

 Belanja Bahan Percontohan

 Belanja Bahan Praktek1 Ls x 10.000.000,00 = 10.000.000,00"
1.19 . 1.19.03 . 22 . 07 . 5 . 2 . 2 . 03  , Belanja Jasa Kantor  ,217500000,
1.19 . 1.19.03 . 22 . 07 . 5 . 2 . 2 . 03 . 12  , Belanja Transportasi dan Akomodasi  ,132500000," APBD

 Belanja Transportasi dan Akomodasi

 Belanja Transportasi dan Akomodasi Narsum Nasional 2 org1 Ls x 20.000.000,00 = 20.000.000,00

 Belanja Half day Seminar 450 org x 2 Keg900 Ok x 125.000,00 = 112.500.000,00"
1.19 . 1.19.03 . 22 . 07 . 5 . 2 . 2 . 03 . 15  , Belanja Publikasi  ,85000000," APBD

 Belanja Publikasi

 Belanja Publikasi Iklan cetak/elektronik, Leaflet, Spanduk, Banner, dll (Lomba-lomba, Pameran, Sepeda Sehat, Gelar Budaya Seni, dll)1 Ls x 85.000.000,00 = 85.000.000,00"
1.19 . 1.19.03 . 22 . 07 . 5 . 2 . 2 . 06  , Belanja Cetak dan Penggandaan  ,1350000,
1.19 . 1.19.03 . 22 . 07 . 5 . 2 . 2 . 06 . 02  , Belanja Penggandaan  ,1350000," APBD

 Belanja penggandaan9,000 Lbr x 150,00 = 1.350.000,00"
1.19 . 1.19.03 . 22 . 07 . 5 . 2 . 2 . 07  , Belanja Sewa Rumah/Gedung/Gudang/Parkir  ,26000000,
1.19 . 1.19.03 . 22 . 07 . 5 . 2 . 2 . 07 . 02  , Belanja Sewa Gedung/Kantor/Tempat  ,26000000," APBD

 Belanja Sewa Gedung/Kantor/Tempat

 Belanja Sewa Tempat Pameran/kapling 100 Kapling1 Ls x 25.000.000,00 = 25.000.000,00

 Belanja Sewa Tempat Apel Siaga Dan Gladi1 Ls x 1.000.000,00 = 1.000.000,00"
1.19 . 1.19.03 . 22 . 07 . 5 . 2 . 2 . 10  , Belanja Sewa Perlengkapan dan Peralatan Kantor  ,110000000,
1.19 . 1.19.03 . 22 . 07 . 5 . 2 . 2 . 10 . 05  , Belanja Sewa Tenda  ,90000000," APBD

 Belanja Sewa TendaBelanja Sewa Tenda Lomba-lomba7 Ok x 6.000.000,00 = 42.000.000,00

 Belanja Sewa Tenda Sepeda Sehat1 ls x 6.000.000,00 = 6.000.000,00

 Belanja Sewa Tenda Pameran 5 hr5 Oh x 6.000.000,00 = 30.000.000,00

 Belanja Sewa Tenda Gelar Budaya Seni1 Ls x 6.000.000,00 = 6.000.000,00

 Belanja Sewa Tenda Apel Siaga dan Gladi1 Ls x 6.000.000,00 = 6.000.000,00"
1.19 . 1.19.03 . 22 . 07 . 5 . 2 . 2 . 10 . 07  , Belanja Sewa Sound System  ,10000000," APBD

 Belanja Sewa Sound System

 Belanja Sewa Sound System Gelar Budaya Seni1 Ls x 10.000.000,00 = 10.000.000,00"
1.19 . 1.19.03 . 22 . 07 . 5 . 2 . 2 . 10 . 13  , Belanja sewa peralatan dan perlengkapan kegiatan  ,10000000," APBD

 Belanja sewa peralatan dan perlengkapan kegiatan1 Ls x 10.000.000,00 = 10.000.000,00"
1.19 . 1.19.03 . 22 . 07 . 5 . 2 . 2 . 11  , Belanja Makanan dan  Minuman  ,125350000,
1.19 . 1.19.03 . 22 . 07 . 5 . 2 . 2 . 11 . 02  , Belanja Makanan Dan Minuman Rapat  ,25650000," APBD

 Belanja Makanan dan Minuman Rapat

 Belanja makan, snack dan minum rapat900 Ok x 28.500,00 = 25.650.000,00"
1.19 . 1.19.03 . 22 . 07 . 5 . 2 . 2 . 11 . 05  , Belanja Makanan dan Minuman Pelaksanaan Kegiatan  ,99700000," APBD

 Belanja Makanan dan Minuman Pelaksanaan Kegiatan

 Belanja makan, snack dan minum kegiatan Lomba-lomba 250 org x 7 keg1,750 ok x 28.500,00 = 49.875.000,00

 Belanja makan, snack dan minum kegiatan Sepeda Sehat 1000 org1,000 ok x 8.500,00 = 8.500.000,00

 Belanja makan, snack dan minum kegiatan Gelar Budaya Seni 500 org500 Ok x 28.500,00 = 14.250.000,00

 Belanja makan, snack dan minum kegiatan Renungan 200 org200 Ok x 28.500,00 = 5.700.000,00

 Belanja makan, snack dan minum kegiatan Apel Siaga dan Gladi 500 org500 Ok x 28.500,00 = 14.250.000,00

 Belanja makan, snack dan minum kegiatan Gelar Seni 50 org x 5 Hr250 Ok x 28.500,00 = 7.125.000,00"
1.19 . 1.19.03 . 22 . 07 . 5 . 2 . 2 . 13  , Belanja Pakaian Kerja  ,60000000,
1.19 . 1.19.03 . 22 . 07 . 5 . 2 . 2 . 13 . 01  , Belanja Pakaian Kerja Lapangan  ,60000000," APBD

 Belanja Pakaian Kerja Lapangan

 Belanja Pakaian Kerja Lapangan (kaos)1,000 buah x 60.000,00 = 60.000.000,00"
1.19 . 1.19.03 . 22 . 07 . 5 . 2 . 2 . 35  ," Jasa Narasumber, Tenaga Ahli, Yuri, Entry Data, Petugas Fogging dan Petugas Lapangan ",35700000,
1.19 . 1.19.03 . 22 . 07 . 5 . 2 . 2 . 35 . 01  , Jasa Nara Sumber/Moderator/Tenaga Ahli  ,30500000," APBD

 Jasa Narasumber/Moderator/Tenaga Ahli Seminar

 Jasa Narasumber Nasional 2 org x 2 keg4 Ok x 3.500.000,00 = 14.000.000,00

 Jasa Narasumber lokal 3 org x 2 keg6 Ok x 2.000.000,00 = 12.000.000,00

 Jasa Narasumber Lainnya 1 org x 2 keg2 Ok x 500.000,00 = 1.000.000,00

 Jasa Tenaga Ahli/MC lomba-lomba 7 keg7 Ok x 500.000,00 = 3.500.000,00"
1.19 . 1.19.03 . 22 . 07 . 5 . 2 . 2 . 35 . 02  , Jasa Yuri Perlombaan/Pelatih  ,4300000," APBD

 Jasa Yuri PerlombaanJasa Yuri Perlombaan lomba Mewarnai Tingkat TK 3 org3 Ok x 100.000,00 = 300.000,00

 Jasa Yuri Perlombaan lomba Menggambar Tingkat SD 8 org4 Ok x 100.000,00 = 400.000,00

 Jasa Yuri Perlombaan lomba Karya Ilmiah Tingkat SMP 12 org6 Ok x 100.000,00 = 600.000,00

 Jasa Yuri Perlombaan lomba Karya Ilmiah Tingkat SMA 12 org6 ok x 100.000,00 = 600.000,00

 Jasa Yuri Perlombaan lomba Cerdas Tangkas Tingkat SMP 6 org6 Ok x 100.000,00 = 600.000,00

 Jasa Yuri Perlombaan lomba Cerdas Tangkas Tingkat SMA 6 org6 Ok x 100.000,00 = 600.000,00

 Jasa Yuri Perlombaan Lomba Kompetensi komunitas PB 12 org12 o/shift x 100.000,00 = 1.200.000,00"
1.19 . 1.19.03 . 22 . 07 . 5 . 2 . 2 . 35 . 09  , Jasa Petugas Lapangan  ,900000," APBD

 Jasa Petugas Lapangan

 Jasa Petugas Lapangan/Piket 6 org x 5 hr30 O/shift x 30.000,00 = 900.000,00"
1.19 . 1.19.03 . 22 . 07 . 5 . 2 . 2 . 37  , Uang Untuk Diberikan Kepada Pihak Ketiga/Masyarakat  ,20000000,
1.19 . 1.19.03 . 22 . 07 . 5 . 2 . 2 . 37 . 01  , Uang Untuk Diberikan Kepada Pihak Ketiga/Masyarakat  ,20000000," APBD

 Uang Untuk Diberikan Kepada Pihak Ketiga/Masyarakat

 Uang Pembinaan Juara Lomba-lomba1 Ls x 20.000.000,00 = 20.000.000,00"
1.19 . 1.19.03 . 22 . 07 . 5 . 2 . 2 . 38  , Belanja Jasa Pentas/Pertunjukan  ,40000000,
1.19 . 1.19.03 . 22 . 07 . 5 . 2 . 2 . 38 . 01  , Belanja Jasa Pentas/Pertunjukan  ,40000000," APBD

 Belanja Jasa Pentas/Pertunjukan

 Belanja Jasa Pentas/Pertunjukan Gelar Budaya Seni1 Ls x 40.000.000,00 = 40.000.000,00"
1.19 . 1.19.03 . 22 . 13  , pemantauan dan penyaluran bantuan bencana alam ,268050000," Sumber Dana : APBD

 Lokasi Kegiatan : Kabupaten Bantul

 Keluaran : Penyaluran Bantuan Terfasilitasi

 Target : 100 %"
1.19 . 1.19.03 . 22 . 13 . 5 . 2 . 1  , Belanja Pegawai ,1800000,
1.19 . 1.19.03 . 22 . 13 . 5 . 2 . 1 . 01  , Honorarium PNS ,1800000,
1.19 . 1.19.03 . 22 . 13 . 5 . 2 . 1 . 01 . 02  , Honorarium Tim Pengadaan Barang Dan Jasa ,1800000," APBD

 Honorarium Tim Pengadaan Barang dan Jasa

 Pejabat Pembuat Komitmen3 O/p x 250.000,00 = 750.000,00

 Pejabat Pengadaan3 O/p x 200.000,00 = 600.000,00Pejabat Penerima3 O/p x 150.000,00 = 450.000,00"
1.19 . 1.19.03 . 22 . 13 . 5 . 2 . 2  , Belanja Barang dan Jasa ,266250000,
1.19 . 1.19.03 . 22 . 13 . 5 . 2 . 2 . 01  , Belanja Bahan Pakai Habis ,500000,
1.19 . 1.19.03 . 22 . 13 . 5 . 2 . 2 . 01 . 01  , Belanja Alat Tulis Kantor ,500000," APBD

 Belanja Alat Tulis Kantor1 Ls x 500.000,00 = 500.000,00"
1.19 . 1.19.03 . 22 . 13 . 5 . 2 . 2 . 02  , Belanja Bahan/Material ,235000000,
1.19 . 1.19.03 . 22 . 13 . 5 . 2 . 2 . 02 . 01  , Belanja Bahan Baku Bangunan ,100000000," APBD

 Belanja Bahan Baku Bangunan20 Paket x 5.000.000,00 = 100.000.000,00"
,  ,60000000," APBD

 Belanja Bahan Makanan

 Belanja Bahan Makanan200 Paket x 300.000,00 = 60.000.000,00"
1.19 . 1.19.03 . 22 . 13 . 5 . 2 . 2 . 02 . 14 , Belanja Air Bersih ,75000000," APBD

 Belanja Air Bersih1 Ls x 75.000.000,00 = 75.000.000,00"
1.19 . 1.19.03 . 22 . 13 . 5 . 2 . 2 . 06 , Belanja Cetak dan Penggandaan ,750000,
1.19 . 1.19.03 . 22 . 13 . 5 . 2 . 2 . 06 . 02 , Belanja Penggandaan ,750000," PBD

 Belanja Penggandaan5,000 Lbr x 150,00 = 750.000,00"
1.19 . 1.19.03 . 22 . 13 . 5 . 2 . 2 . 11 , Belanja Makanan dan Minuman ,30000000,
1.19 . 1.19.03 . 22 . 13 . 5 . 2 . 2 . 11 . 05 , Belanja Makanan dan Minuman Pelaksanaan Kegiatan ,30000000," APBD

 Belanja Makan dan minum pelaksanaan kegiatan

 Belanja makan dan minum pelaksanaan kegitan(pendistribusian bantuan, monitoring dan droping air, dll)1,500 Ok x 20.000,00 = 30.000.000,00"
1.19 . 1.19.03 . 22 . 15 , Pengembangan desa siaga bencana ,91990000," Sumber Dana : APBD

 Lokasi Kegiatan : Kabupaten Bantul

 Keluaran :  Desa Wukirsari dan Jatimulyo

 Target:  1 Keg"
1.19 . 1.19.03 . 22 . 15 . 5 . 2 . 2  , Belanja Barang dan Jasa  ,91990000,
1.19 . 1.19.03 . 22 . 15 . 5 . 2 . 2 . 01  , Belanja Bahan Pakai Habis  ,9200000,
1.19 . 1.19.03 . 22 . 15 . 5 . 2 . 2 . 01 . 01  , Belanja Alat Tulis Kantor  ,9200000," APBD

 Belanja Alat Tulis Kantor1 Ls x 800.000,00 = 800.000,00

 Belanja Tool Kits 60 org x 4 desa240 o/p x 35.000,00 = 8.400.000,00"
1.19 . 1.19.03 . 22 . 15 . 5 . 2 . 2 . 02  , Belanja Bahan/Material  ,16000000,
1.19 . 1.19.03 . 22 . 15 . 5 . 2 . 2 . 02 . 18  , Belanja Bahan Percontohan  ,16000000," APBD

 Belanja Bahan Percontohan

 Belanja Bahan Percontohan/Bahan Praktek 4 desa4 O/P x 4.000.000,00 = 16.000.000,00"
1.19 . 1.19.03 . 22 . 15 . 5 . 2 . 2 . 03  , Belanja Jasa Kantor  ,600000,
1.19 . 1.19.03 . 22 . 15 . 5 . 2 . 2 . 03 . 14  , Belanja Dekorasi  ,600000," APBD

 Belanja Dekorasi4 ok x 150.000,00 = 600.000,00"
1.19 . 1.19.03 . 22 . 15 . 5 . 2 . 2 . 06  , Belanja Cetak dan Penggandaan  ,1500000,
1.19 . 1.19.03 . 22 . 15 . 5 . 2 . 2 . 06 . 02  , Belanja Penggandaan  ,1500000," APBD

 Belanja Penggandaan10,000 Lbr x 150,00 = 1.500.000,00"
1.19 . 1.19.03 . 22 . 15 . 5 . 2 . 2 . 07  , Belanja Sewa Rumah/Gedung/Gudang/Parkir  ,4000000,
1.19 . 1.19.03 . 22 . 15 . 5 . 2 . 2 . 07 . 02  , Belanja Sewa Gedung/Kantor/Tempat  ,4000000," APBD

 Belanja Sewa Gedung/Kantor/Tempat

 Belanja Sewa Gedung/Kantor/Tempat 2 hr x 4 desa8 ok x 500.000,00 = 4.000.000,00"
1.19 . 1.19.03 . 22 . 15 . 5 . 2 . 2 . 10  , Belanja Sewa Perlengkapan dan Peralatan Kantor  ,1200000,
1.19 . 1.19.03 . 22 . 15 . 5 . 2 . 2 . 10 . 01  , Belanja Sewa Meja Kursi  ,1200000," APBD

 Belanja Sewa Meja Kursi4 Ok x 300.000,00 = 1.200.000,00"
1.19 . 1.19.03 . 22 . 15 . 5 . 2 . 2 . 11  , Belanja Makanan dan  Minuman  ,21090000,
1.19 . 1.19.03 . 22 . 15 . 5 . 2 . 2 . 11 . 02  , Belanja Makanan Dan Minuman Rapat  ,2850000," APBD

 Belanja Makanan dan Minuman Rapat

 Belanja Makan, Snack dan Minum Rapat100 Ok x 28.500,00 = 2.850.000,00"
1.19 . 1.19.03 . 22 . 15 . 5 . 2 . 2 . 11 . 05  , Belanja Makanan dan Minuman Pelaksanaan Kegiatan  ,18240000," APBD

 Belanja Makanan dan Minuman Pelaksanaan Kegiatan

 Belanja Makan, Snack dan Minum Pelaksnaan Kegiatan 80 org x 2 hr x 4 desa640 Ok x 28.500,00 = 18.240.000,00"
1.19 . 1.19.03 . 22 . 15 . 5 . 2 . 2 . 35  ," Jasa Narasumber, Tenaga Ahli, Yuri, Entry Data, Petugas Fogging dan Petugas Lapangan ",38400000,
1.19 . 1.19.03 . 22 . 15 . 5 . 2 . 2 . 35 . 01  , Jasa Nara Sumber/Moderator/Tenaga Ahli  ,24000000," APBD

 Jasa Narasumber/Moderator/Tenaga Ahli

 Jasa Narasumber 2 org/2 jpl x 2 hr x 4 desa16 Ok x 500.000,00 = 8.000.000,00

 Jasa Tenaga Ahli/Instruktur/Pelatih 4 org/2 jpl x 2 hr x 4 desa32 Ok x 500.000,00 = 16.000.000,00"
1.19 . 1.19.03 . 22 . 15 . 5 . 2 . 2 . 35 . 05  , Jasa Peserta Seminar/Simposium /Workshop/Sosialisasi  ,14400000," APBD

 Jasa Peserta Seminar/Simposium/Workshop/Sosialisasi

 Jasa Peserta Pelatihan 60 org x 2 hr x 4 Desa480 Ok x 30.000,00 = 14.400.000,00"
1.19 . 1.19.03 . 22 . 18  , Gladi posko dan gladi lapang  ,54435000," Sumber Dana : APBD

 Lokasi Kegiatan : Kabupaten Bantul

 Keluaran :  Simulasi bencana

 Target:  500 Masyarakat"
1.19 . 1.19.03 . 22 . 18 . 5 . 2 . 2  , Belanja Barang dan Jasa  ,54435000,
1.19 . 1.19.03 . 22 . 18 . 5 . 2 . 2 . 01  , Belanja Bahan Pakai Habis  ,500000,
1.19 . 1.19.03 . 22 . 18 . 5 . 2 . 2 . 01 . 01  , Belanja Alat Tulis Kantor  ,500000," APBD

 Belanja Alat Tulis Kantor

 Belanja Alat Tulis1 Ls x 500.000,00 = 500.000,00"
1.19 . 1.19.03 . 22 . 18 . 5 . 2 . 2 . 02  , Belanja Bahan/Material  ,5000000,
1.19 . 1.19.03 . 22 . 18 . 5 . 2 . 2 . 02 . 18  , Belanja Bahan Percontohan  ,5000000," APBD

 Belanja Bahan Percontohan1 ls x 5.000.000,00 = 5.000.000,00"
1.19 . 1.19.03 . 22 . 18 . 5 . 2 . 2 . 03  , Belanja Jasa Kantor  ,3000000,
1.19 . 1.19.03 . 22 . 18 . 5 . 2 . 2 . 03 . 14  , Belanja Dekorasi  ,1000000," APBD

 Belanja Dekorasi1 Ls x 1.000.000,00 = 1.000.000,00"
1.19 . 1.19.03 . 22 . 18 . 5 . 2 . 2 . 03 . 15  , Belanja Publikasi  ,2000000," APBD

 Belanja Publikasi1 Ls x 2.000.000,00 = 2.000.000,00"
1.19 . 1.19.03 . 22 . 18 . 5 . 2 . 2 . 06  , Belanja Cetak dan Penggandaan  ,1200000,
1.19 . 1.19.03 . 22 . 18 . 5 . 2 . 2 . 06 . 02  , Belanja Penggandaan  ,1200000," APBD

 Belanja Penggandaan8,000 lbr x 150,00 = 1.200.000,00"
1.19 . 1.19.03 . 22 . 18 . 5 . 2 . 2 . 10  , Belanja Sewa Perlengkapan dan Peralatan Kantor  ,5000000,
1.19 . 1.19.03 . 22 . 18 . 5 . 2 . 2 . 10 . 05  , Belanja Sewa Tenda  ,5000000," APBD

 Belanja Sewa Tenda1 Ls x 5.000.000,00 = 5.000.000,00"
1.19 . 1.19.03 . 22 . 18 . 5 . 2 . 2 . 11  , Belanja Makanan dan  Minuman  ,20235000,
1.19 . 1.19.03 . 22 . 18 . 5 . 2 . 2 . 11 . 02  , Belanja Makanan Dan Minuman Rapat  ,1710000," APBD

 Belanja Makanan dan Minuman Rapat

 Belanja Makan, Snack dan Minum Rapat60 Ok x 28.500,00 = 1.710.000,00"
1.19 . 1.19.03 . 22 . 18 . 5 . 2 . 2 . 11 . 05  , Belanja Makanan dan Minuman Pelaksanaan Kegiatan  ,18525000," APBD

 Belanja Makanan dan Minuman Pelaksanaan Kegiatan

 Belanja Makan, Snack dan Minum Gladi Posko 125 org125 Ok x 28.500,00 = 3.562.500,00

 Belanja Makan, Snack dan Minum Gladi Lapang 525 org525 Ok x 28.500,00 = 14.962.500,00"
1.19 . 1.19.03 . 22 . 18 . 5 . 2 . 2 . 35  ," Jasa Narasumber, Tenaga Ahli, Yuri, Entry Data, Petugas Fogging dan Petugas Lapangan ",19500000,
1.19 . 1.19.03 . 22 . 18 . 5 . 2 . 2 . 35 . 01  , Jasa Nara Sumber/Moderator/Tenaga Ahli  ,1500000," APBD

 Jasa Narasumber/Moderator/Tenaga Ahli

 Jasa Narasumber 3 org/2 jpl x 1 Keg3 Ok x 500.000,00 = 1.500.000,00"
1.19 . 1.19.03 . 22 . 18 . 5 . 2 . 2 . 35 . 05  , Jasa Peserta Seminar/Simposium /Workshop/Sosialisasi  ,18000000," APBDJasa Peserta Seminar/Simposium/Workshop/SosialisasiJasa Peserta Gladi Posko 100 org x 1 Keg100 Ok x 30.000,00 = 3.000.000,00Jasa Peserta Gladi lapang 500 org x 1 keg500 ok x 30.000,00 = 15.000.000,00"
1.19 . 1.19.03 . 22 . 19  ,  penanganan kerusakan infrastruktur  ,12250000," Sumber Dana : APBD

 Lokasi Kegiatan : Kabupaten Bantul

 Keluaran :  Koordinasi penanganan kerusakan infrastruktur

 Target:  1 Tahun"
1.19 . 1.19.03 . 22 . 19 . 5 . 2 . 2  , Belanja Barang dan Jasa  ,12250000,
1.19 . 1.19.03 . 22 . 19 . 5 . 2 . 2 . 01  , Belanja Bahan Pakai Habis  ,500000,
1.19 . 1.19.03 . 22 . 19 . 5 . 2 . 2 . 01 . 01  , Belanja Alat Tulis Kantor  ,500000," APBD

 Belanja Alat Tulis Kantor1 ls x 500.000,00 = 500.000,00"
1.19 . 1.19.03 . 22 . 19 . 5 . 2 . 2 . 06  , Belanja Cetak dan Penggandaan  ,3200000,
1.19 . 1.19.03 . 22 . 19 . 5 . 2 . 2 . 06 . 01  , Belanja Cetak  ,2000000," APBD

 Belanja Cetak

 Belanja Cetak Leafleat dan atau brosur1 Ls x 2.000.000,00 = 2.000.000,00"
1.19 . 1.19.03 . 22 . 19 . 5 . 2 . 2 . 06 . 02  , Belanja Penggandaan  ,1200000," APBD

 Belanja Penggandaan8,000 Lbr x 150,00 = 1.200.000,00"
1.19 . 1.19.03 . 22 . 19 . 5 . 2 . 2 . 11  , Belanja Makanan dan  Minuman  ,8550000,
1.19 . 1.19.03 . 22 . 19 . 5 . 2 . 2 . 11 . 02  , Belanja Makanan Dan Minuman Rapat  ,2850000," APBD

 Belanja Makanan dan Minuman Rapat

 Belanja Makan, Snack dan Minum Rapat100 Ok x 28.500,00 = 2.850.000,00"
1.19 . 1.19.03 . 22 . 19 . 5 . 2 . 2 . 11 . 05  , Belanja Makanan dan Minuman Pelaksanaan Kegiatan  ,5700000," APBD

 Belanja Makanan dan Minuman Pelaksanaan Kegiatan

 Belanja Makan, Snack dan Minum Kegiatan Survey lokasi pasca bencana200 Ok x 28.500,00 = 5.700.000,00"
1.19 . 1.19.03 . 22 . 21  , Penyusunan rencana operasi kedaruratan  ,27460000," Sumber Dana : APBD

 Lokasi Kegiatan : Kabupaten Bantul

 Keluaran :  Disusunnya Dokumen Rencana Operasi Kedaduratan Bencana Banjir

 Target:  1 Dokumen"
1.19 . 1.19.03 . 22 . 21 . 5 . 2 . 2  , Belanja Barang dan Jasa  ,27460000,
1.19 . 1.19.03 . 22 . 21 . 5 . 2 . 2 . 01  , Belanja Bahan Pakai Habis  ,1350000,
1.19 . 1.19.03 . 22 . 21 . 5 . 2 . 2 . 01 . 01  , Belanja Alat Tulis Kantor  ,1350000," APBD

 Belanja Alat Tulis Kantor1 Ls x 600.000,00 = 600.000,00

 Belanja seminar kits 50 org50 O/p x 15.000,00 = 750.000,00"
1.19 . 1.19.03 . 22 . 21 . 5 . 2 . 2 . 03  , Belanja Jasa Kantor  ,150000,
1.19 . 1.19.03 . 22 . 21 . 5 . 2 . 2 . 03 . 14  , Belanja Dekorasi  ,150000," APBD

 Belanja Dekorasi1 Ls x 150.000,00 = 150.000,00"
1.19 . 1.19.03 . 22 . 21 . 5 . 2 . 2 . 06  , Belanja Cetak dan Penggandaan  ,5950000,
1.19 . 1.19.03 . 22 . 21 . 5 . 2 . 2 . 06 . 02  , Belanja Penggandaan  ,5950000," APBD

 Belanja Penggandaan3,000 Lbr x 150,00 = 450.000,00

 Belanja Penggandaan dan jilid dokumen 55 x 2 dok110 Dok x 50.000,00 = 5.500.000,00"
1.19 . 1.19.03 . 22 . 21 . 5 . 2 . 2 . 11  , Belanja Makanan dan  Minuman  ,7410000,
1.19 . 1.19.03 . 22 . 21 . 5 . 2 . 2 . 11 . 02  , Belanja Makanan Dan Minuman Rapat  ,1425000," APBD

 Belanja Makanan dan Minuman Rapat

 Belanja Makan, snack dan minum rapat50 ok x 28.500,00 = 1.425.000,00"
1.19 . 1.19.03 . 22 . 21 . 5 . 2 . 2 . 11 . 05  , Belanja Makanan dan Minuman Pelaksanaan Kegiatan  ,5985000," APBD

 Belanja Makanan dan Minuman Pelaksanaan Kegiatan

 Belanja makan, snack dan minum 70 org x 3 FGD210 ok x 28.500,00 = 5.985.000,00"
1.19 . 1.19.03 . 22 . 21 . 5 . 2 . 2 . 35  ," Jasa Narasumber, Tenaga Ahli, Yuri, Entry Data, Petugas Fogging dan Petugas Lapangan ",12600000,
1.19 . 1.19.03 . 22 . 21 . 5 . 2 . 2 . 35 . 01  , Jasa Nara Sumber/Moderator/Tenaga Ahli  ,8100000," APBD

 Jasa Narasumber/Moderator/Tenaga Ahli

 Jasa Narasumber lokal 1 org/2 jpl x 3 FGD3 ok x 1.500.000,00 = 4.500.000,00

 Jasa Narasumber Lainnya 2 org/2 jpl x 3 FGD6 Ok x 500.000,00 = 3.000.000,00

 Jasa Moderator lokal 1 org/2 jpl x 3 FGD3 Ok x 200.000,00 = 600.000,00"
1.19 . 1.19.03 . 22 . 21 . 5 . 2 . 2 . 35 . 05  , Jasa Peserta Seminar/Simposium /Workshop/Sosialisasi  ,4500000," APBD

 Jasa Peserta Seminar/Simposium/Workshop/Sosialisasi

 Jasa Peserta Workshop 50 org x 3 FGD150 ok x 30.000,00 = 4.500.000,00"
1.19 . 1.19.03 . 22 . 22  , Pengembangan budaya sadar bencana  ,26392500," Sumber Dana : APBD

 Lokasi Kegiatan : Kabupaten Bantul

 Keluaran :  Pengembangan budaya sadar bencana bagi pengusaha

 Target:  1 Keg"
1.19 . 1.19.03 . 22 . 22 . 5 . 2 . 2  , Belanja Barang dan Jasa  ,26392500,
1.19 . 1.19.03 . 22 . 22 . 5 . 2 . 2 . 01  , Belanja Bahan Pakai Habis  ,6500000,
1.19 . 1.19.03 . 22 . 22 . 5 . 2 . 2 . 01 . 01  , Belanja Alat Tulis Kantor  ,6500000," APBD

 Belanja Alat Tulis Kantor1 Ls x 500.000,00 = 500.000,00

 Belanja Seminar Kits120 O/p x 50.000,00 = 6.000.000,00"
1.19 . 1.19.03 . 22 . 22 . 5 . 2 . 2 . 03  , Belanja Jasa Kantor  ,150000,
1.19 . 1.19.03 . 22 . 22 . 5 . 2 . 2 . 03 . 14  , Belanja Dekorasi  ,150000," APBD

 Belanja Dekorasi1 Unit x 150.000,00 = 150.000,00"
1.19 . 1.19.03 . 22 . 22 . 5 . 2 . 2 . 06  , Belanja Cetak dan Penggandaan  ,5300000,
1.19 . 1.19.03 . 22 . 22 . 5 . 2 . 2 . 06 . 01  , Belanja Cetak  ,5000000," APBD

 Belanja cetak

 Belanja cetak (banner, leaflet, dll)1 Ls x 5.000.000,00 = 5.000.000,00"
1.19 . 1.19.03 . 22 . 22 . 5 . 2 . 2 . 06 . 02  , Belanja Penggandaan  ,300000," APBD

 Belanja Penggandaan2,000 Lbr x 150,00 = 300.000,00"
1.19 . 1.19.03 . 22 . 22 . 5 . 2 . 2 . 11  , Belanja Makanan dan  Minuman  ,5842500,
1.19 . 1.19.03 . 22 . 22 . 5 . 2 . 2 . 11 . 02  , Belanja Makanan Dan Minuman Rapat  ,2280000," APBD

 Belanja Makanan dan Minuman Rapat

 Belanja makan, snack dan minum rapat80 Ok x 28.500,00 = 2.280.000,00"
1.19 . 1.19.03 . 22 . 22 . 5 . 2 . 2 . 11 . 05  , Belanja Makanan dan Minuman Pelaksanaan Kegiatan  ,3562500," APBD

 Belanja Makanan dan Minuman Pelaksanaan Kegiatan

 Belanja makan, snack dan minum pelaksanaan kegiatan125 org 125 ok x 28.500,00 = 3.562.500,00"
1.19 . 1.19.03 . 22 . 22 . 5 . 2 . 2 . 35  ," Jasa Narasumber, Tenaga Ahli, Yuri, Entry Data, Petugas Fogging dan Petugas Lapangan ",8600000,
1.19 . 1.19.03 . 22 . 22 . 5 . 2 . 2 . 35 . 01  , Jasa Nara Sumber/Moderator/Tenaga Ahli  ,5000000," APBD

 Jasa Narasumber/Moderator/Tenaga Ahli

 Jasa Narasumber 3 org/2 jpl3 Ok x 1.500.000,00 = 4.500.000,00

 Jasa Moderator 1 org1 Ok x 500.000,00 = 500.000,00"
1.19 . 1.19.03 . 22 . 22 . 5 . 2 . 2 . 35 . 05  , Jasa Peserta Seminar/Simposium /Workshop/Sosialisasi  ,3600000," APBD

 Jasa Peserta Semina/Simposium/Workshop/Sosialisasi

 Jasa Peserta Workshop120 Ok x 30.000,00 = 3.600.000,00"
1.19 . 1.19.03 . 22 . 23  , Pembuatan Dokumen Rencana Aksi Daerah (RAD) dan Kontijensi Plan  ,58212500," Sumber Dana : APBD

 Lokasi Kegiatan : Kabupaten Bantul

 Keluaran :  Dokumen Perda Pemadam Kebakaran

 Target:  1 Dokumen"
1.19 . 1.19.03 . 22 . 23 . 5 . 2 . 1  , Belanja Pegawai  ,875000,
1.19 . 1.19.03 . 22 . 23 . 5 . 2 . 1 . 01  , Honorarium PNS  ,875000,
1.19 . 1.19.03 . 22 . 23 . 5 . 2 . 1 . 01 . 02  , Honorarium Tim Pengadaan Barang Dan Jasa  ,875000," APBD

 Honorarium Tim Pengadaan Barang dan Jasa1 Bjj x 875.000,00 = 875.000,00"
1.19 . 1.19.03 . 22 . 23 . 5 . 2 . 2  , Belanja Barang dan Jasa  ,57337500,
1.19 . 1.19.03 . 22 . 23 . 5 . 2 . 2 . 01  , Belanja Bahan Pakai Habis  ,600000,
1.19 . 1.19.03 . 22 . 23 . 5 . 2 . 2 . 01 . 01  , Belanja Alat Tulis Kantor  ,600000," APBD

 Belanja Alat Tulis Kantor1 Ls x 600.000,00 = 600.000,00"
1.19 . 1.19.03 . 22 . 23 . 5 . 2 . 2 . 03  , Belanja Jasa Kantor  ,150000,
1.19 . 1.19.03 . 22 . 23 . 5 . 2 . 2 . 03 . 14  , Belanja Dekorasi  ,150000," APBD

 Belanja Dekorasi1 Ls x 150.000,00 = 150.000,00"
1.19 . 1.19.03 . 22 . 23 . 5 . 2 . 2 . 06  , Belanja Cetak dan Penggandaan  ,750000,
1.19 . 1.19.03 . 22 . 23 . 5 . 2 . 2 . 06 . 02  , Belanja Penggandaan  ,750000," APBD

 Belanja Penggandaan5,000 Lbr x 150,00 = 750.000,00"
1.19 . 1.19.03 . 22 . 23 . 5 . 2 . 2 . 07  , Belanja Sewa Rumah/Gedung/Gudang/Parkir  ,3000000,
1.19 . 1.19.03 . 22 . 23 . 5 . 2 . 2 . 07 . 02  , Belanja Sewa Gedung/Kantor/Tempat  ,3000000," APBD

 Belanja Sewa Gedung/Kantor/Tempat

 Belanja Sewa Gedung3 Ok x 1.000.000,00 = 3.000.000,00"
1.19 . 1.19.03 . 22 . 23 . 5 . 2 . 2 . 10  , Belanja Sewa Perlengkapan dan Peralatan Kantor  ,1500000,
1.19 . 1.19.03 . 22 . 23 . 5 . 2 . 2 . 10 . 01  , Belanja Sewa Meja Kursi  ,1500000," APBD

 Belanja Sewa Meja Kursi3 Ok x 500.000,00 = 1.500.000,00"
1.19 . 1.19.03 . 22 . 23 . 5 . 2 . 2 . 11  , Belanja Makanan dan  Minuman  ,7837500,
1.19 . 1.19.03 . 22 . 23 . 5 . 2 . 2 . 11 . 02  , Belanja Makanan Dan Minuman Rapat  ,1425000," APBD

 Belanja Makanan dan Minuman Rapat

 Belanja makan, snack dan minum rapat50 Ok x 28.500,00 = 1.425.000,00"
1.19 . 1.19.03 . 22 . 23 . 5 . 2 . 2 . 11 . 05  , Belanja Makanan dan Minuman Pelaksanaan Kegiatan  ,6412500," APBD

 Belanja Makanan dan Minuman Pelaksanaan Kegiatan

 Belanja makan, snack dan minum pelaksanaan 75 org x 3 FGD225 Ok x 28.500,00 = 6.412.500,00"
1.19 . 1.19.03 . 22 . 23 . 5 . 2 . 2 . 21  , Belanja Jasa Konsultansi  ,30000000,
1.19 . 1.19.03 . 22 . 23 . 5 . 2 . 2 . 21 . 02  , Belanja Jasa Konsultansi Perencanaan  ,30000000," APBD

 Belanja Jasa Konsultansi Perencanaan

 Belanja Jasa Konsultansi Perencanaan Penyusunan Perda Pemadam Kebakaran1 Ls x 30.000.000,00 = 30.000.000,00"
1.19 . 1.19.03 . 22 . 23 . 5 . 2 . 2 . 35  ," Jasa Narasumber, Tenaga Ahli, Yuri, Entry Data, Petugas Fogging dan Petugas Lapangan ",13500000,
1.19 . 1.19.03 . 22 . 23 . 5 . 2 . 2 . 35 . 01  , Jasa Nara Sumber/Moderator/Tenaga Ahli  ,8100000," APBD

 Jasa Narasumber/Moderator/Tenaga Ahli

 Jasa Narasumber 1 org/2 jpl x 3 FGD3 Ok x 1.500.000,00 = 4.500.000,00

 Jasa Narasumber 2 org/2 jpl x 3 FGD6 Ok x 500.000,00 = 3.000.000,00

 Jasa Moderator 1 org x 3 FGD3 Ok x 200.000,00 = 600.000,00"
1.19 . 1.19.03 . 22 . 23 . 5 . 2 . 2 . 35 . 05  , Jasa Peserta Seminar/Simposium /Workshop/Sosialisasi  ,5400000," APBD

 Jasa Peserta Seminar/Simposium/Workshop/Sosialisasi

 Jasa Peserta 60 org x 3 FGD180 Ok x 30.000,00 = 5.400.000,00"
1.19 . 1.19.03 . 22 . 25  , Relokasi korban bencana alam  ,134125000," Sumber Dana : APBD

 Lokasi Kegiatan : Kabupaten Bantul

 Keluaran :  Terpenuhinya tempat tinggal korban bencana 

 Target:  1 Tahun"
1.19 . 1.19.03 . 22 . 25 . 5 . 2 . 1  , Belanja Pegawai  ,750000,
1.19 . 1.19.03 . 22 . 25 . 5 . 2 . 1 . 01  , Honorarium PNS  ,750000,
1.19 . 1.19.03 . 22 . 25 . 5 . 2 . 1 . 01 . 02  , Honorarium Tim Pengadaan Barang Dan Jasa  ,750000," APBD

 Honorarium Tim Pengadaan Barang dan Jasa

 Pejabat Pembuat Komitmen1 O/p x 300.000,00 = 300.000,00

 Pejabat Pengadaan1 O/p x 250.000,00 = 250.000,00

 Pejabat Penerima1 O/p x 200.000,00 = 200.000,00"
1.19 . 1.19.03 . 22 . 25 . 5 . 2 . 2  , Belanja Barang dan Jasa  ,133375000,
1.19 . 1.19.03 . 22 . 25 . 5 . 2 . 2 . 01  , Belanja Bahan Pakai Habis  ,500000,
1.19 . 1.19.03 . 22 . 25 . 5 . 2 . 2 . 01 . 01  , Belanja Alat Tulis Kantor  ,500000," APBD

 Belanja Alat Tulis Kantor1 Ls x 500.000,00 = 500.000,00"
1.19 . 1.19.03 . 22 . 25 . 5 . 2 . 2 . 02  , Belanja Bahan/Material  ,125000000,
1.19 . 1.19.03 . 22 . 25 . 5 . 2 . 2 . 02 . 01  , Belanja Bahan Baku Bangunan  ,125000000," APBD

 Belanja Bahan Baku Bangunan

 Belanja bantuan stimulan bahan bangunan 5 KK5 KK x 25.000.000,00 = 125.000.000,00"
1.19 . 1.19.03 . 22 . 25 . 5 . 2 . 2 . 06  , Belanja Cetak dan Penggandaan  ,750000,
1.19 . 1.19.03 . 22 . 25 . 5 . 2 . 2 . 06 . 02  , Belanja Penggandaan  ,750000," APBD

 Belanja Penggandaan5,000 Lbr x 150,00 = 750.000,00"
1.19 . 1.19.03 . 22 . 25 . 5 . 2 . 2 . 11  , Belanja Makanan dan  Minuman  ,7125000,
1.19 . 1.19.03 . 22 . 25 . 5 . 2 . 2 . 11 . 02  , Belanja Makanan Dan Minuman Rapat  ,1425000," APBD

 Belanja Makanan dan Minuman RapatBelanja Makan, Snack dan Minum Rapat50 ok x 28.500,00 = 1.425.000,00"
1.19 . 1.19.03 . 22 . 25 . 5 . 2 . 2 . 11 . 05  , Belanja Makanan dan Minuman Pelaksanaan Kegiatan  ,5700000," APBD

 Belanja Makanan dan Minuman Pelaksanaan KegiatanBelanja makan, snack dan minum sosialisasi200 Ok x 28.500,00 = 5.700.000,00"
1.19 . 1.19.03 . 22 . 27  , Penyelenggaraan posko pengendalian bencana  ,47500000," Sumber Dana : APBD

 Lokasi Kegiatan : Kabupaten Bantul

 Keluaran :  Penyediaan Posko Siaga darurat dan tanggap darurat

 Target:  30 Hari"
1.19 . 1.19.03 . 22 . 27 . 5 . 2 . 2  , Belanja Barang dan Jasa  ,47500000,
1.19 . 1.19.03 . 22 . 27 . 5 . 2 . 2 . 01  , Belanja Bahan Pakai Habis  ,500000,
1.19 . 1.19.03 . 22 . 27 . 5 . 2 . 2 . 01 . 01  , Belanja Alat Tulis Kantor  ,500000," APBD

 Belanja Alat Tulis Kantor1 Ls x 500.000,00 = 500.000,00"
1.19 . 1.19.03 . 22 . 27 . 5 . 2 . 2 . 06  , Belanja Cetak dan Penggandaan  ,18000000,
1.19 . 1.19.03 . 22 . 27 . 5 . 2 . 2 . 06 . 02  , Belanja Penggandaan  ,18000000," APBD

 Belanja Penggandaan900 Ok x 20.000,00 = 18.000.000,00"
1.19 . 1.19.03 . 22 . 27 . 5 . 2 . 2 . 11  , Belanja Makanan dan  Minuman  ,20000000,
1.19 . 1.19.03 . 22 . 27 . 5 . 2 . 2 . 11 . 05  , Belanja Makanan dan Minuman Pelaksanaan Kegiatan  ,20000000," APBD

 Belanja makan, snack dan minum pelaksanaan kegiatan

 Belanja makan, snack dan minum pelaksanaan tanggap darurat1,000 Ok x 20.000,00 = 20.000.000,00"
1.19 . 1.19.03 . 22 . 27 . 5 . 2 . 2 . 35  ," Jasa Narasumber, Tenaga Ahli, Yuri, Entry Data, Petugas Fogging dan Petugas Lapangan ",9000000,
1.19 . 1.19.03 . 22 . 27 . 5 . 2 . 2 . 35 . 09  , Jasa Petugas Lapangan  ,9000000," APBD

 Jasa Petugas LapanganJasa Petugas Lapangan (Kedaruratan) 15 org x 30 hr300 Ok x 30.000,00 = 9.000.000,00"
1.19 . 1.19.03 . 22 . 29  , Penguatan kapasitas satgas BPBD  ,13325000," Sumber Dana : APBD

 Lokasi Kegiatan : Kabupaten Bantul

 Keluaran :  Meningkatnya Kapasitas Satgas

 Target:  1 Keg"
1.19 . 1.19.03 . 22 . 29 . 5 . 2 . 2  , Belanja Barang dan Jasa  ,13325000,
1.19 . 1.19.03 . 22 . 29 . 5 . 2 . 2 . 01  , Belanja Bahan Pakai Habis  ,950000,
1.19 . 1.19.03 . 22 . 29 . 5 . 2 . 2 . 01 . 01  , Belanja Alat Tulis Kantor  ,950000," APBD

 Belanja Alat Tulis Kantor1 Ls x 500.000,00 = 500.000,00

 Tool kits30 o/p x 15.000,00 = 450.000,00"
1.19 . 1.19.03 . 22 . 29 . 5 . 2 . 2 . 03  , Belanja Jasa Kantor  ,150000,
1.19 . 1.19.03 . 22 . 29 . 5 . 2 . 2 . 03 . 14  , Belanja Dekorasi  ,150000," APBD

 Belanja Dekorasi1 Ls x 150.000,00 = 150.000,00"
1.19 . 1.19.03 . 22 . 29 . 5 . 2 . 2 . 06  , Belanja Cetak dan Penggandaan  ,750000,
1.19 . 1.19.03 . 22 . 29 . 5 . 2 . 2 . 06 . 02  , Belanja Penggandaan  ,750000," APBD

 Belanja Penggandaan5,000 Lbr x 150,00 = 750.000,00"
1.19 . 1.19.03 . 22 . 29 . 5 . 2 . 2 . 11  , Belanja Makanan dan  Minuman  ,4275000,
1.19 . 1.19.03 . 22 . 29 . 5 . 2 . 2 . 11 . 02  , Belanja Makanan Dan Minuman Rapat  ,855000," APBD

 Belanja Makanan dan Minuman Rapat

 Belanja makan, snack dan minum rapat30 ok x 28.500,00 = 855.000,00"
1.19 . 1.19.03 . 22 . 29 . 5 . 2 . 2 . 11 . 05  , Belanja Makanan dan Minuman Pelaksanaan Kegiatan  ,3420000," APBD

 Belanja Makanan dan Minuman Pelaksanaan Kegiatan

 Belanja makan, snack dan minum pelaksanaan kegiatan120 Ok x 28.500,00 = 3.420.000,00"
1.19 . 1.19.03 . 22 . 29 . 5 . 2 . 2 . 35  ," Jasa Narasumber, Tenaga Ahli, Yuri, Entry Data, Petugas Fogging dan Petugas Lapangan ",7200000,
1.19 . 1.19.03 . 22 . 29 . 5 . 2 . 2 . 35 . 01  , Jasa Nara Sumber/Moderator/Tenaga Ahli  ,4500000," APBD

 Jasa Narasumber/Moderator/Tenaga Ahli

 Jasa Narasumber 3 org/2 jpl3 ok x 500.000,00 = 1.500.000,00

 Jasa Tenaga Ahli/Pelatih 6 org6 Ok x 500.000,00 = 3.000.000,00"
1.19 . 1.19.03 . 22 . 29 . 5 . 2 . 2 . 35 . 05  , Jasa Peserta Seminar/Simposium /Workshop/Sosialisasi  ,2700000," APBD

 Jasa Peserta Seminar/Simposium/Workshop/SosialisasiJasa peserta pelatihan 30 org x 3 hr90 Ok x 30.000,00 = 2.700.000,00"
1.19 . 1.19.03 . 22 . 30  , Kajian resiko bencana  ,33057500," Sumber Dana : APBD

 Lokasi Kegiatan : Kabupaten Bantul

 Keluaran :  Dokumen Kajian Resiko Bencana

 Target:  1 Dokumen"
1.19 . 1.19.03 . 22 . 30 . 5 . 2 . 2  , Belanja Barang dan Jasa  ,33057500,
1.19 . 1.19.03 . 22 . 30 . 5 . 2 . 2 . 01  , Belanja Bahan Pakai Habis  ,750000,
1.19 . 1.19.03 . 22 . 30 . 5 . 2 . 2 . 01 . 01  , Belanja Alat Tulis Kantor  ,750000," APBD

 Belanja Alat Tulis

 Belanja Alat Tulis Kantor1 Ls x 750.000,00 = 750.000,00"
1.19 . 1.19.03 . 22 . 30 . 5 . 2 . 2 . 03  , Belanja Jasa Kantor  ,2150000,
1.19 . 1.19.03 . 22 . 30 . 5 . 2 . 2 . 03 . 12  , Belanja Transportasi dan Akomodasi  ,2000000," APBD

 Belanja Transportasi dan Akomodasi1 Ls x 2.000.000,00 = 2.000.000,00"
1.19 . 1.19.03 . 22 . 30 . 5 . 2 . 2 . 03 . 14  , Belanja Dekorasi  ,150000," APBD

 Belanja Dekorasi1 Ls x 150.000,00 = 150.000,00"
1.19 . 1.19.03 . 22 . 30 . 5 . 2 . 2 . 06  , Belanja Cetak dan Penggandaan  ,5750000,
1.19 . 1.19.03 . 22 . 30 . 5 . 2 . 2 . 06 . 01  , Belanja Cetak  ,5000000," APBD

 Belanja cetak1 Ls x 5.000.000,00 = 5.000.000,00"
1.19 . 1.19.03 . 22 . 30 . 5 . 2 . 2 . 06 . 02  , Belanja Penggandaan  ,750000," APBD

 Belanja Penggandaan5,000 Lbr x 150,00 = 750.000,00"
1.19 . 1.19.03 . 22 . 30 . 5 . 2 . 2 . 11  , Belanja Makanan dan  Minuman  ,8407500,
1.19 . 1.19.03 . 22 . 30 . 5 . 2 . 2 . 11 . 02  , Belanja Makanan Dan Minuman Rapat  ,1710000," APBD

 Belanja Makanaan dan Minuman Rapat

 Belanja makan, snack dan minum rapat60 ok x 28.500,00 = 1.710.000,00"
1.19 . 1.19.03 . 22 . 30 . 5 . 2 . 2 . 11 . 05  , Belanja Makanan dan Minuman Pelaksanaan Kegiatan  ,6697500," APBD

 Belanja Makanan dan Minuman Pelaksanaan Kegiatan

 Belanja makan, snack dan minum pelaksanaan kegiatan sosialisasi160 Ok x 28.500,00 = 4.560.000,00

 Belanja makan, snack dan minum pelaksanaan kegiatan FGD75 Ok x 28.500,00 = 2.137.500,00"
1.19 . 1.19.03 . 22 . 30 . 5 . 2 . 2 . 35  ," Jasa Narasumber, Tenaga Ahli, Yuri, Entry Data, Petugas Fogging dan Petugas Lapangan ",16000000,
1.19 . 1.19.03 . 22 . 30 . 5 . 2 . 2 . 35 . 01  , Jasa Nara Sumber/Moderator/Tenaga Ahli  ,16000000," APBD

 Jasa Narasumber/Moderator/Tenaga Ahli

 Jasa Tenaga Ahli2 Ok x 2.000.000,00 = 4.000.000,00

 Jasa Surveyor6 Ok x 1.500.000,00 = 9.000.000,00

 Jasa Pengolah data2 Ok x 1.000.000,00 = 2.000.000,00

 Jasa Narasumber 2 org2 Ok x 500.000,00 = 1.000.000,00"
1.19 . 1.19.03 . 22 . 32  , Penguatan FPRB  ,32345000," Sumber Dana : APBD

 Lokasi Kegiatan : Kabupaten Bantul

 Keluaran :  Terfasilitasinya Forum Pengurangan Resiko Bencana dlm Penanggulangan Bencana

 Target:  1 Keg"
1.19 . 1.19.03 . 22 . 32 . 5 . 2 . 2  , Belanja Barang dan Jasa  ,32345000,
1.19 . 1.19.03 . 22 . 32 . 5 . 2 . 2 . 01  , Belanja Bahan Pakai Habis  ,2000000,
1.19 . 1.19.03 . 22 . 32 . 5 . 2 . 2 . 01 . 01  , Belanja Alat Tulis Kantor  ,2000000," APBD

 Belanja Alat Tulis Kantor1 Ls x 500.000,00 = 500.000,00

 Belanja Tool kits 100 org100 O/p x 15.000,00 = 1.500.000,00"
1.19 . 1.19.03 . 22 . 32 . 5 . 2 . 2 . 02  , Belanja Bahan/Material  ,3000000,
1.19 . 1.19.03 . 22 . 32 . 5 . 2 . 2 . 02 . 18  , Belanja Bahan Percontohan  ,3000000," APBD

 Belanja Bahan Percontohan1 ls x 3.000.000,00 = 3.000.000,00"
1.19 . 1.19.03 . 22 . 32 . 5 . 2 . 2 . 03  , Belanja Jasa Kantor  ,150000,
1.19 . 1.19.03 . 22 . 32 . 5 . 2 . 2 . 03 . 14  , Belanja Dekorasi  ,150000," APBD

 Belanja Dekorasi1 Ls x 150.000,00 = 150.000,00"
1.19 . 1.19.03 . 22 . 32 . 5 . 2 . 2 . 06  , Belanja Cetak dan Penggandaan  ,900000,
1.19 . 1.19.03 . 22 . 32 . 5 . 2 . 2 . 06 . 02  , Belanja Penggandaan  ,900000," APBD

 Belanja Penggandaan6,000 Lbr x 150,00 = 900.000,00"
1.19 . 1.19.03 . 22 . 32 . 5 . 2 . 2 . 07  , Belanja Sewa Rumah/Gedung/Gudang/Parkir  ,1000000,
1.19 . 1.19.03 . 22 . 32 . 5 . 2 . 2 . 07 . 02  , Belanja Sewa Gedung/Kantor/Tempat  ,1000000," APBD

 Belanja Sewa Gedung/Kantor/Tempat

 Belanja Sewa Gedung2 Ok x 500.000,00 = 1.000.000,00"
1.19 . 1.19.03 . 22 . 32 . 5 . 2 . 2 . 10  , Belanja Sewa Perlengkapan dan Peralatan Kantor  ,600000,
1.19 . 1.19.03 . 22 . 32 . 5 . 2 . 2 . 10 . 01  , Belanja Sewa Meja Kursi  ,600000," APBD

 Belanja Sewa Meja Kursi2 ok x 300.000,00 = 600.000,00"
1.19 . 1.19.03 . 22 . 32 . 5 . 2 . 2 . 11  , Belanja Makanan dan  Minuman  ,7695000,
1.19 . 1.19.03 . 22 . 32 . 5 . 2 . 2 . 11 . 02  , Belanja Makanan Dan Minuman Rapat  ,1425000," APBD

 Belanja Makanan dan Minuman Rapat

 Belanja makan, snack dan minum rapat50 Ok x 28.500,00 = 1.425.000,00"
1.19 . 1.19.03 . 22 . 32 . 5 . 2 . 2 . 11 . 05  , Belanja Makanan dan Minuman Pelaksanaan Kegiatan  ,6270000," APBD

 Belanja Makanan dan Minuman Pelaksanaan Kegiatan

 Belanja makan, snack dan minum pelaksanaan kegiatan220 Ok x 28.500,00 = 6.270.000,00"
1.19 . 1.19.03 . 22 . 32 . 5 . 2 . 2 . 13  , Belanja Pakaian Kerja  ,6600000,
1.19 . 1.19.03 . 22 . 32 . 5 . 2 . 2 . 13 . 01  , Belanja Pakaian Kerja Lapangan  ,6600000," APBD

 Belanja Pakaian Kerja Lapangan

 Belanja Pakaian Kaos110 Buah x 60.000,00 = 6.600.000,00"
1.19 . 1.19.03 . 22 . 32 . 5 . 2 . 2 . 35  ," Jasa Narasumber, Tenaga Ahli, Yuri, Entry Data, Petugas Fogging dan Petugas Lapangan ",10400000,
1.19 . 1.19.03 . 22 . 32 . 5 . 2 . 2 . 35 . 01  , Jasa Nara Sumber/Moderator/Tenaga Ahli  ,4400000," APBD

 Jasa Narasumber/Moderator/Tenaga Ahli

 Jasa Narasumber 2 org x 2 hr4 Ok x 500.000,00 = 2.000.000,00

 Jasa Moderator 1 org x 2 hr2 Ok x 200.000,00 = 400.000,00

 Jasa Tenaga Ahli/pelatih 2 org x 2 hr4 Ok x 500.000,00 = 2.000.000,00"
1.19 . 1.19.03 . 22 . 32 . 5 . 2 . 2 . 35 . 05  , Jasa Peserta Seminar/Simposium /Workshop/Sosialisasi  ,6000000," APBD

 Jasa Peserta Seminar/Simposium/Workshop/Sosialisasi

 Jasa Peserta 100 org x 2 hr200 oh x 30.000,00 = 6.000.000,00"
1.19 . 1.19.03 . 22 . 36  , Pembentukan Sekolah Siaga Bencana  ,157985000," Sumber Dana : APBD

 Lokasi Kegiatan : SMU 1 Bantul, SMK Kelautan Bantul, SMU 2 Bantu

 lKeluaran :  Terbentuknya Sekolah yang Siaga Bencana

 Target:  3 Sekolah"
1.19 . 1.19.03 . 22 . 36 . 5 . 2 . 1  , Belanja Pegawai  ,750000,
1.19 . 1.19.03 . 22 . 36 . 5 . 2 . 1 . 01  , Honorarium PNS  ,750000, APBD
1.19 . 1.19.03 . 22 . 36 . 5 . 2 . 1 . 01 . 02  , Honorarium Tim Pengadaan Barang Dan Jasa  ,750000," Honorarium Tim Pengadaan Barang dan Jasa

 Pejabat Pembuat Komitmen1 O/p x 300.000,00 = 300.000,00

 Pejabat Pengadaan1 O/p x 250.000,00 = 250.000,00

 Pejabat Penerima1 O/p x 200.000,00 = 200.000,00"
1.19 . 1.19.03 . 22 . 36 . 5 . 2 . 2  , Belanja Barang dan Jasa  ,157235000,
1.19 . 1.19.03 . 22 . 36 . 5 . 2 . 2 . 01  , Belanja Bahan Pakai Habis  ,500000,
1.19 . 1.19.03 . 22 . 36 . 5 . 2 . 2 . 01 . 01  , Belanja Alat Tulis Kantor  ,500000," APBD

 Belanja Alat Tulis kantor1 Ls x 500.000,00 = 500.000,00"
1.19 . 1.19.03 . 22 . 36 . 5 . 2 . 2 . 06  , Belanja Cetak dan Penggandaan  ,750000,
1.19 . 1.19.03 . 22 . 36 . 5 . 2 . 2 . 06 . 02  , Belanja Penggandaan  ,750000,"  APBD

 Belanja Penggandaan5,000 Lbr x 150,00 = 750.000,00"
1.19 . 1.19.03 . 22 . 36 . 5 . 2 . 2 . 11  , Belanja Makanan dan  Minuman  ,5985000,
1.19 . 1.19.03 . 22 . 36 . 5 . 2 . 2 . 11 . 02  , Belanja Makanan Dan Minuman Rapat  ,1710000," APBD

 Belanja Makanan dan Minuman Rapat

 Belanja Makan, Snack dan Minum Rapat60 Ok x 28.500,00 = 1.710.000,00"
1.19 . 1.19.03 . 22 . 36 . 5 . 2 . 2 . 11 . 05  , Belanja Makanan dan Minuman Pelaksanaan Kegiatan  ,4275000," APBD

 Belanja Makanan dan Minuman Pelaksanaan Kegiatan

 Belanja makan, snack dan minum pelaksanaan kegiatan Sosialisasi, Evaluasi dan Penilaian150 Ok x 28.500,00 = 4.275.000,00"
1.19 . 1.19.03 . 22 . 36 . 5 . 2 . 2 . 21  , Belanja Jasa Konsultansi  ,150000000,
1.19 . 1.19.03 . 22 . 36 . 5 . 2 . 2 . 21 . 02  , Belanja Jasa Konsultansi Perencanaan  ,150000000," APBD

 Belanja Jasa konsultansi Perencanaan

 Belanja Jasa Konsultansi Perencanaan Pembentukan Sekolah Siaga Bencana SMU 1 Bantul1 Paket x 50.000.000,00 = 50.000.000,00

 Belanja Jasa Konsultansi Perencanaan Pembentukan Sekolah Siaga Bencana SMU 2 Bantul1 Paket x 50.000.000,00 = 50.000.000,00

 Belanja Jasa Konsultansi Perencanaan Pembentukan Sekolah Siaga Bencana SMK Kelautan Bantul1 Paket x 50.000.000,00 = 50.000.000,00"
1.19 . 1.19.03 . 22 . 37  , Pembentukan Desa Tangguh Bencana  ,197700000," Sumber Dana : APBD

 Lokasi Kegiatan : Desa Srimartani dan Desa Sriharjo

 Keluaran :  Desa tangguh bencana

 Target:  2 Desa"
1.19 . 1.19.03 . 22 . 37 . 5 . 2 . 1  , Belanja Pegawai  ,750000,
1.19 . 1.19.03 . 22 . 37 . 5 . 2 . 1 . 01  , Honorarium PNS  ,750000,
1.19 . 1.19.03 . 22 . 37 . 5 . 2 . 1 . 01 . 02  , Honorarium Tim Pengadaan Barang Dan Jasa  ,750000," APBD

 Honorarium Tim Pengadaan Barang dan Jasa

 Pejabat Pembuat Komitmen1 O/p x 300.000,00 = 300.000,00

 Pejabat Pengadaan1 O/p x 250.000,00 = 250.000,00

 Pejabat Penerima1 O/p x 200.000,00 = 200.000,00"
1.19 . 1.19.03 . 22 . 37 . 5 . 2 . 2  , Belanja Barang dan Jasa  ,196950000,
1.19 . 1.19.03 . 22 . 37 . 5 . 2 . 2 . 01  , Belanja Bahan Pakai Habis  ,500000,
1.19 . 1.19.03 . 22 . 37 . 5 . 2 . 2 . 01 . 01  , Belanja Alat Tulis Kantor  ,500000," APBD

 Belanja Alat Tulis Kantor1 Ls x 500.000,00 = 500.000,00"
1.19 . 1.19.03 . 22 . 37 . 5 . 2 . 2 . 06  , Belanja Cetak dan Penggandaan  ,750000,
1.19 . 1.19.03 . 22 . 37 . 5 . 2 . 2 . 06 . 02  , Belanja Penggandaan  ,750000," APBD

 Belanja Penggandaan5,000 Lbr x 150,00 = 750.000,00"
1.19 . 1.19.03 . 22 . 37 . 5 . 2 . 2 . 11  , Belanja Makanan dan  Minuman  ,5700000,
1.19 . 1.19.03 . 22 . 37 . 5 . 2 . 2 . 11 . 02  , Belanja Makanan Dan Minuman Rapat  ,1425000," APBD

 Belanja Makanan dan Minuman RapatBelanja Makan, Snack dan Minum Rapat50 Ok x 28.500,00 = 1.425.000,00"
1.19 . 1.19.03 . 22 . 37 . 5 . 2 . 2 . 11 . 05  , Belanja Makanan dan Minuman Pelaksanaan Kegiatan  ,4275000," APBD

 Belanja Makanan dan Minuman Pelaksanaan Kegiatan

 Belanja Makan, Snack dan Minum Pelaksanaan Kegiatan Sosialisai, Evaluasi Tehnis dan Penilaian150 Ok x 28.500,00 = 4.275.000,00"
1.19 . 1.19.03 . 22 . 37 . 5 . 2 . 2 . 21  , Belanja Jasa Konsultansi  ,190000000,
1.19 . 1.19.03 . 22 . 37 . 5 . 2 . 2 . 21 . 02  , Belanja Jasa Konsultansi Perencanaan  ,190000000," APBD

 Belanja Jasa Konsultansi Perencanaan

 Belanja Jasa Konsultansi Perencanaan Pembentukan DesaTangguh Bencana Desa Srimartani Kecamatan Piyungan  1 Paket x 95.000.000,00 = 95.000.000,00

 Belanja Jasa Konsultansi Perencanaan Pembentukan Desa Tangguh Bencana Desa Sriharjo Kecamatan Imogiri 1 Paket x 95.000.000,00 = 95.000.000,00"
1.19 . 1.19.03 . 22 . 38  , Pelatihan Dala  ,24797500," Sumber Dana : APBD

 Lokasi Kegiatan : Kabupaten Bantul

 Keluaran :  Dapat menghitung kerugian dan kerusakan pasca bencana

 Target:  1 Keg"
1.19 . 1.19.03 . 22 . 38 . 5 . 2 . 2  , Belanja Barang dan Jasa  ,24797500,
1.19 . 1.19.03 . 22 . 38 . 5 . 2 . 2 . 01  , Belanja Bahan Pakai Habis  ,1750000,
1.19 . 1.19.03 . 22 . 38 . 5 . 2 . 2 . 01 . 01  , Belanja Alat Tulis Kantor  ,1750000," APBD

 Belanja Alat Tulis Kantor1 Ls x 1.000.000,00 = 1.000.000,00

 Belanja Tool Kits50 O/p x 15.000,00 = 750.000,00"
1.19 . 1.19.03 . 22 . 38 . 5 . 2 . 2 . 03  , Belanja Jasa Kantor  ,150000,
1.19 . 1.19.03 . 22 . 38 . 5 . 2 . 2 . 03 . 14  , Belanja Dekorasi  ,150000," APBD

 Belanja Dekorasi1 Ls x 150.000,00 = 150.000,00"
1.19 . 1.19.03 . 22 . 38 . 5 . 2 . 2 . 06  , Belanja Cetak dan Penggandaan  ,1200000,
1.19 . 1.19.03 . 22 . 38 . 5 . 2 . 2 . 06 . 02  , Belanja Penggandaan  ,1200000," APBD

 Belanja Penggandaan8,000 Lbr x 150,00 = 1.200.000,00"
1.19 . 1.19.03 . 22 . 38 . 5 . 2 . 2 . 07  , Belanja Sewa Rumah/Gedung/Gudang/Parkir  ,3000000,
1.19 . 1.19.03 . 22 . 38 . 5 . 2 . 2 . 07 . 02  , Belanja Sewa Gedung/Kantor/Tempat  ,3000000," APBD

 Belanja Sewa Gedung/Kantor/Tempat

 Belanja Sewa Gedung/Ruang Pertemuan3 Ok x 1.000.000,00 = 3.000.000,00"
1.19 . 1.19.03 . 22 . 38 . 5 . 2 . 2 . 11  , Belanja Makanan dan  Minuman  ,6697500,
1.19 . 1.19.03 . 22 . 38 . 5 . 2 . 2 . 11 . 02  , Belanja Makanan Dan Minuman Rapat  ,1425000," APBD

 Belanja Makanan dan Minuman RapatBelanja makan, snack dan minum rapat50 Ok x 28.500,00 = 1.425.000,00"
1.19 . 1.19.03 . 22 . 38 . 5 . 2 . 2 . 11 . 05  , Belanja Makanan dan Minuman Pelaksanaan Kegiatan  ,5272500," APBD

 Belanja Makanan dan Minuman Pelaksanaan Kegiatan

 Belanja makan, snack dan minum pelaksanaan kegiatan185 Ok x 28.500,00 = 5.272.500,00"
1.19 . 1.19.03 . 22 . 38 . 5 . 2 . 2 . 35  ," Jasa Narasumber, Tenaga Ahli, Yuri, Entry Data, Petugas Fogging dan Petugas Lapangan ",12000000,
1.19 . 1.19.03 . 22 . 38 . 5 . 2 . 2 . 35 . 01  , Jasa Nara Sumber/Moderator/Tenaga Ahli  ,7500000," APBD

 Jasa Narasumber/Moderator/Tenaga AhliJasa Narasumber lokal 1 org/2jpl x 3 FGD3 Ok x 1.500.000,00 = 4.500.000,00

 Jasa Narasumber Lainnya 2 org/2jpl x 3 FGD6 ok x 500.000,00 = 3.000.000,00"
1.19 . 1.19.03 . 22 . 38 . 5 . 2 . 2 . 35 . 05  , Jasa Peserta Seminar/Simposium /Workshop/Sosialisasi  ,4500000," APBD

 Jasa Peserta Seminar/Simposium/Workshop/Sosialisasi

 Jasa Peserta 50 org x 3 FGD150 Ok x 30.000,00 = 4.500.000,00"
1.19 . 1.19.03 . 22 . 39  , Peningkatan Kualitas Pelayanan Kegawatdaruratan  ,89175000," Sumber Dana : APBD

 Lokasi Kegiatan : Kabupaten Bantul

 Keluaran :  Bidang Ketugasan Kedaruratan

 Target:  1 Keg"
1.19 . 1.19.03 . 22 . 39 . 5 . 2 . 2  , Belanja Barang dan Jasa  ,89175000,
1.19 . 1.19.03 . 22 . 39 . 5 . 2 . 2 . 01  , Belanja Bahan Pakai Habis  ,3600000,
1.19 . 1.19.03 . 22 . 39 . 5 . 2 . 2 . 01 . 01  , Belanja Alat Tulis Kantor  ,3600000,"  APBD

 Belanja Alat Tulis Kantor1 Ok x 800.000,00 = 800.000,00

 Belanja Tool Kits80 O/p x 35.000,00 = 2.800.000,00"
1.19 . 1.19.03 . 22 . 39 . 5 . 2 . 2 . 03  , Belanja Jasa Kantor  ,150000,
1.19 . 1.19.03 . 22 . 39 . 5 . 2 . 2 . 03 . 14  , Belanja Dekorasi  ,150000," APBD 

 Belanja Dekorasi1 Ls x 150.000,00 = 150.000,00"
1.19 . 1.19.03 . 22 . 39 . 5 . 2 . 2 . 06  , Belanja Cetak dan Penggandaan  ,750000,
1.19 . 1.19.03 . 22 . 39 . 5 . 2 . 2 . 06 . 02  , Belanja Penggandaan  ,750000," APBD

 Belanja Penggandaan5,000 Lbr x 150,00 = 750.000,00"
1.19 . 1.19.03 . 22 . 39 . 5 . 2 . 2 . 07  , Belanja Sewa Rumah/Gedung/Gudang/Parkir  ,3000000,
1.19 . 1.19.03 . 22 . 39 . 5 . 2 . 2 . 07 . 02  , Belanja Sewa Gedung/Kantor/Tempat  ,3000000," APBD

 Belanja Sewa Gedung/Kantor/Tempat

 Belanja Sewa Gedung/Tempat Pertemuan3 Ok x 1.000.000,00 = 3.000.000,00"
1.19 . 1.19.03 . 22 . 39 . 5 . 2 . 2 . 10  , Belanja Sewa Perlengkapan dan Peralatan Kantor  ,4500000,
1.19 . 1.19.03 . 22 . 39 . 5 . 2 . 2 . 10 . 13  , Belanja sewa peralatan dan perlengkapan kegiatan  ,4500000," APBD

 Belanja Sewa Peralatan dan Perlengkapan Kegiatan3 Ok x 1.500.000,00 = 4.500.000,00"
1.19 . 1.19.03 . 22 . 39 . 5 . 2 . 2 . 11  , Belanja Makanan dan  Minuman  ,9975000,
1.19 . 1.19.03 . 22 . 39 . 5 . 2 . 2 . 11 . 02  , Belanja Makanan Dan Minuman Rapat  ,1425000," APBD

 Belanja Makanan dan Minuman RapatBelanja makan, snack dan minuman rapat50 Ok x 28.500,00 = 1.425.000,00"
1.19 . 1.19.03 . 22 . 39 . 5 . 2 . 2 . 11 . 05  , Belanja Makanan dan Minuman Pelaksanaan Kegiatan  ,8550000," APBD

 Belanja Makanan dan Minuman Pelaksanaan Kegiatan

 Belanja makan, snack dan minum pelaksanaan kegiatan 100 org x 3 hr300 ok x 28.500,00 = 8.550.000,00"
1.19 . 1.19.03 . 22 . 39 . 5 . 2 . 2 . 13  , Belanja Pakaian Kerja  ,12000000,
1.19 . 1.19.03 . 22 . 39 . 5 . 2 . 2 . 13 . 01  , Belanja Pakaian Kerja Lapangan  ,12000000," APBD

 Belanja Pakaian Kerja Lapangan120 Ok x 100.000,00 = 12.000.000,00"
1.19 . 1.19.03 . 22 . 39 . 5 . 2 . 2 . 35  ," Jasa Narasumber, Tenaga Ahli, Yuri, Entry Data, Petugas Fogging dan Petugas Lapangan ",55200000,
1.19 . 1.19.03 . 22 . 39 . 5 . 2 . 2 . 35 . 01  , Jasa Nara Sumber/Moderator/Tenaga Ahli  ,48000000," APBD

 Jasa Narasumber/Moderator/Tenaga Ahli

 Jasa Narasumber 8 org x 3 hr24 Ok x 1.500.000,00 = 36.000.000,00

 Jasa Pelatih 8 org x 3 hr24 Ok x 500.000,00 = 12.000.000,00"
1.19 . 1.19.03 . 22 . 39 . 5 . 2 . 2 . 35 . 05  , Jasa Peserta Seminar/Simposium /Workshop/Sosialisasi  ,7200000," APBD

 Jasa Peserta Seminar/Simposium/Workshop/Sosialisasi

 Jasa peserta pelatihan 80 org x 3 hr240 Ok x 30.000,00 = 7.200.000,00"
1.19 . 1.19.03 . 22 . 40  , Peringatan HUT Pemadam Kebakaran  ,86075000," Sumber Dana : APBD

 Lokasi Kegiatan : Kabupaten Bantul

 Keluaran :  Peringatan HUT Pemadam Kebakaran

 Target:  1 Keg"
1.19 . 1.19.03 . 22 . 40 . 5 . 2 . 2  , Belanja Barang dan Jasa  ,86075000,
1.19 . 1.19.03 . 22 . 40 . 5 . 2 . 2 . 01  , Belanja Bahan Pakai Habis  ,800000,
1.19 . 1.19.03 . 22 . 40 . 5 . 2 . 2 . 01 . 01  , Belanja Alat Tulis Kantor  ,800000," APBD

 Belanja Alat Tulis Kantor1 Ls x 800.000,00 = 800.000,00"
1.19 . 1.19.03 . 22 . 40 . 5 . 2 . 2 . 02  , Belanja Bahan/Material  ,5000000,
1.19 . 1.19.03 . 22 . 40 . 5 . 2 . 2 . 02 . 18  , Belanja Bahan Percontohan  ,5000000," APBD

 Belanja Bahan Percontohan

 Belanja Bahan Percontohan/Praktek1 Ls x 5.000.000,00 = 5.000.000,00"
1.19 . 1.19.03 . 22 . 40 . 5 . 2 . 2 . 03  , Belanja Jasa Kantor  ,150000,
1.19 . 1.19.03 . 22 . 40 . 5 . 2 . 2 . 03 . 14  , Belanja Dekorasi  ,150000,"  APBD

 Belanja Dekorasi1 Ls x 150.000,00 = 150.000,00"
1.19 . 1.19.03 . 22 . 40 . 5 . 2 . 2 . 06  , Belanja Cetak dan Penggandaan  ,750000,
1.19 . 1.19.03 . 22 . 40 . 5 . 2 . 2 . 06 . 02  , Belanja Penggandaan  ,750000,"  APBD

 Belanja Penggandaan5,000 Lbr x 150,00 = 750.000,00"
1.19 . 1.19.03 . 22 . 40 . 5 . 2 . 2 . 07  , Belanja Sewa Rumah/Gedung/Gudang/Parkir  ,3000000,
1.19 . 1.19.03 . 22 . 40 . 5 . 2 . 2 . 07 . 02  , Belanja Sewa Gedung/Kantor/Tempat  ,3000000,"  APBD

 Belanja Sewa Gedung/Kantor/TempatBelanja Sewa Gedung/tempat3 Ok x 1.000.000,00 = 3.000.000,00"
1.19 . 1.19.03 . 22 . 40 . 5 . 2 . 2 . 10  , Belanja Sewa Perlengkapan dan Peralatan Kantor  ,5000000,
1.19 . 1.19.03 . 22 . 40 . 5 . 2 . 2 . 10 . 05  , Belanja Sewa Tenda  ,5000000,"  APBD

 Belanja Sewa Tenda1 Ls x 5.000.000,00 = 5.000.000,00"
1.19 . 1.19.03 . 22 . 40 . 5 . 2 . 2 . 11  , Belanja Makanan dan  Minuman  ,21375000,
1.19 . 1.19.03 . 22 . 40 . 5 . 2 . 2 . 11 . 02  , Belanja Makanan Dan Minuman Rapat  ,2850000," APBD

 Belanja Makanan dan Minuman Rapat

 Belanja makan, snack dan minum rapat100 Ok x 28.500,00 = 2.850.000,00"
1.19 . 1.19.03 . 22 . 40 . 5 . 2 . 2 . 11 . 05  , Belanja Makanan dan Minuman Pelaksanaan Kegiatan  ,18525000," APBD

 Belanja Makanan dan Minuman Pelaksanaan Kegiatan

 Belanja makan, snack dan minum latihan150 Ok x 28.500,00 = 4.275.000,00

 Belanja makan, snack dan minum Apel dan Gladi500 Ok x 28.500,00 = 14.250.000,00"
1.19 . 1.19.03 . 22 . 40 . 5 . 2 . 2 . 13  , Belanja Pakaian Kerja  ,50000000,
1.19 . 1.19.03 . 22 . 40 . 5 . 2 . 2 . 13 . 01  , Belanja Pakaian Kerja Lapangan  ,50000000," APBD

 Belanja Pakaian Kerja Lapangan

 Belanja Pakaian lapangan (kaos dan topi)500 Bh x 100.000,00 = 50.000.000,00"
1.19 . 1.19.03 . 22 . 41  , Bina Lingkungan Pembangunan Sarana dan Prasarana  ,19300000," Sumber Dana : APBD

 Lokasi Kegiatan : Kabupaten Bantul

 Keluaran :  Bantuan stimulan untuk pembangunan sarana dan prasarana masyarakat yg direlokasiTarget:  5 KK"
1.19 . 1.19.03 . 22 . 41 . 5 . 2 . 2  , Belanja Barang dan Jasa  ,19300000,
1.19 . 1.19.03 . 22 . 41 . 5 . 2 . 2 . 01  , Belanja Bahan Pakai Habis  ,350000,
1.19 . 1.19.03 . 22 . 41 . 5 . 2 . 2 . 01 . 01  , Belanja Alat Tulis Kantor  ,350000," APBD

 Belanja Alat tulis kantor1 Ls x 350.000,00 = 350.000,00"
1.19 . 1.19.03 . 22 . 41 . 5 . 2 . 2 . 02  , Belanja Bahan/Material  ,12500000,
1.19 . 1.19.03 . 22 . 41 . 5 . 2 . 2 . 02 . 01  , Belanja Bahan Baku Bangunan  ,12500000," APBD

 Belanja bahan bangunan

 Belanja bahan bangunan untuk pembuatan drainase5 KK x 2.500.000,00 = 12.500.000,00"
1.19 . 1.19.03 . 22 . 41 . 5 . 2 . 2 . 06  , Belanja Cetak dan Penggandaan  ,750000,
1.19 . 1.19.03 . 22 . 41 . 5 . 2 . 2 . 06 . 02  , Belanja Penggandaan  ,750000," APBD

 Belanja Penggandaan5,000 lbr x 150,00 = 750.000,00"
1.19 . 1.19.03 . 22 . 41 . 5 . 2 . 2 . 11  , Belanja Makanan dan  Minuman  ,5700000,
1.19 . 1.19.03 . 22 . 41 . 5 . 2 . 2 . 11 . 02  , Belanja Makanan Dan Minuman Rapat  ,1425000," APBD

 Belanja Makanan dan Minuman Rapat

 Belanja makan, snack dan minum rapat50 Ok x 28.500,00 = 1.425.000,00"
1.19 . 1.19.03 . 22 . 41 . 5 . 2 . 2 . 11 . 05  , Belanja Makanan dan Minuman Pelaksanaan Kegiatan  ,4275000," APBD

 Belanja Makanan dan Minuman Pelaksanaan Kegiatan

 Belanja makan, snack dan minum sosialisasi150 Ok x 28.500,00 = 4.275.000,00"
1.19 . 1.19.03 . 22 . 45  , Pengembangan Sekolah Siaga Bencana  ,100000000," Sumber Dana : APBD

 Lokasi Kegiatan : Kabupaten Bantul

 Keluaran :  Pendampingan Sekolah Siaga bencana

 Target:  1 Keg"
1.19 . 1.19.03 . 22 . 45 . 5 . 2 . 2  , Belanja Barang dan Jasa  ,100000000,
1.19 . 1.19.03 . 22 . 45 . 5 . 2 . 2 . 01  , Belanja Bahan Pakai Habis  ,395000,
1.19 . 1.19.03 . 22 . 45 . 5 . 2 . 2 . 01 . 01  , Belanja Alat Tulis Kantor  ,395000," APBD

 Belanja Alat Tulis KantorBelanja ATK1 Ls x 395.000,00 = 395.000,00"
1.19 . 1.19.03 . 22 . 45 . 5 . 2 . 2 . 02  , Belanja Bahan/Material  ,8000000,
1.19 . 1.19.03 . 22 . 45 . 5 . 2 . 2 . 02 . 18  , Belanja Bahan Percontohan  ,8000000," APBD

 Belanja Bahan Percontohan

 Belanja Bahan Percontohan/Praktek4 Paket x 2.000.000,00 = 8.000.000,00"
1.19 . 1.19.03 . 22 . 45 . 5 . 2 . 2 . 03  , Belanja Jasa Kantor  ,4600000,
1.19 . 1.19.03 . 22 . 45 . 5 . 2 . 2 . 03 . 14  , Belanja Dekorasi  ,600000," APBD

 Belanja Dekorasi4 unit x 150.000,00 = 600.000,00"
1.19 . 1.19.03 . 22 . 45 . 5 . 2 . 2 . 03 . 15  , Belanja Publikasi  ,4000000," APBD

 Belanja Publikasi

 Belanja Publikasi (banner, umbul-umbul, spansuk, dll)1 Ls x 4.000.000,00 = 4.000.000,00"
1.19 . 1.19.03 . 22 . 45 . 5 . 2 . 2 . 06  , Belanja Cetak dan Penggandaan  ,5450000,
1.19 . 1.19.03 . 22 . 45 . 5 . 2 . 2 . 06 . 01  , Belanja Cetak  ,5000000," APBD

 Belanja Cetak1 Ls x 5.000.000,00 = 5.000.000,00"
1.19 . 1.19.03 . 22 . 45 . 5 . 2 . 2 . 06 . 02  , Belanja Penggandaan  ,450000," APBD

 Belanja penggandaan3,000 Lbr x 150,00 = 450.000,00"
1.19 . 1.19.03 . 22 . 45 . 5 . 2 . 2 . 10  , Belanja Sewa Perlengkapan dan Peralatan Kantor  ,10000000,
1.19 . 1.19.03 . 22 . 45 . 5 . 2 . 2 . 10 . 05  , Belanja Sewa Tenda  ,5000000," APBD

 Belanja Sewa Tenda1 Ls x 5.000.000,00 = 5.000.000,00"
1.19 . 1.19.03 . 22 . 45 . 5 . 2 . 2 . 10 . 13  , Belanja sewa peralatan dan perlengkapan kegiatan  ,5000000," APBD

 Belanja Sewa Peralatan dan Perlengkapan Kegiatan1 Ls x 5.000.000,00 = 5.000.000,00"
1.19 . 1.19.03 . 22 . 45 . 5 . 2 . 2 . 11  , Belanja Makanan dan  Minuman  ,63555000,
1.19 . 1.19.03 . 22 . 45 . 5 . 2 . 2 . 11 . 02  , Belanja Makanan Dan Minuman Rapat  ,855000," APBD

 Belanja makan, snack dan minum rapat30 Ok x 28.500,00 = 855.000,00"
1.19 . 1.19.03 . 22 . 45 . 5 . 2 . 2 . 11 . 05  , Belanja Makanan dan Minuman Pelaksanaan Kegiatan  ,62700000," APBD

 Belanja Makanan dan Minuman Pelaksanaan Kegiatan

 Belanja Makan, Snack dan Minum Pelaksanaan Kegiatan 4 sekolah x 275 org x 2 hr2,200 ok x 28.500,00 = 62.700.000,00"
1.19 . 1.19.03 . 22 . 45 . 5 . 2 . 2 . 35  ," Jasa Narasumber, Tenaga Ahli, Yuri, Entry Data, Petugas Fogging dan Petugas Lapangan ",8000000,
1.19 . 1.19.03 . 22 . 45 . 5 . 2 . 2 . 35 . 01  , Jasa Nara Sumber/Moderator/Tenaga Ahli  ,8000000," APBD

 Jasa Narasumber/Moderator/Tenaga Ahli

 Jasa Fasilitator/Instruktur 4 org x 4 sekolah16 Ok x 500.000,00 = 8.000.000,00"
,  SURPLUS / (DEFISIT)  ,7353139900,
      ,,,
      ,,,
      ,,,
      ,,,
      ,,,
      ,,,
      ,,,
      ,,,
      ,,,
      ,,,
