Judul,"Ringkasan Anggaran Pendapatan dan Belanja Daerah Berdasarkan Rincian Obyek Pendapatan, Belanja, dan Pembiayaan",,
Daerah,Kabupaten Bantul,,
Tahun,2015,,
Kode Organisasi,0,,
Nama Organisasi,Kabupaten Bantul,,
Kolom,4,,
NO URUT,URAIAN,JUMLAH,DASAR HUKUM
4,PENDAPATAN,1857098630926.18,
4 . 1,PENDAPATAN ASLI DAERAH,312419913746.54,
4 . 1 . 1,Pendapatan Pajak Daerah,85000100000.00,
4 . 1 . 1 . 01,Pajak Hotel,1001000000.00,
4 . 1 . 1 . 01 . 03,Hotel Bintang Empat,588400000.00,Perda Kab. Bantul No. 08 Tahun 2010
4 . 1 . 1 . 01 . 07,Hotel Melati Tiga,412600000.00,Perda Kab. Bantul No. 08 Tahun 2010
4 . 1 . 1 . 02,Pajak Restoran,3027200000.00,
4 . 1 . 1 . 02 . 01,Restoran,1500165000.00,Perda Kab. Bantul No. 08 Tahun 2010
4 . 1 . 1 . 02 . 02,Rumah Makan,44457000.00,Perda Kab. Bantul No. 08 Tahun 2010
4 . 1 . 1 . 02 . 05,Katering,1472178000.00,Perda Kab. Bantul No. 08 Tahun 2010
4 . 1 . 1 . 02 . 06,Warung,10400000.00,Perda Kab. Bantul No. 08 Tahun 2010
4 . 1 . 1 . 03,Pajak Hiburan,484000000.00,
4 . 1 . 1 . 03 . 05,Pameran,292215000.00,Perda Kab. Bantul No. 08 Tahun 2010
4 . 1 . 1 . 03 . 15,Permainan Ketangkasan,159500000.00,Perda Kab. Bantul No. 08 Tahun 2010
4 . 1 . 1 . 03 . 16,Panti Pijat/Refleksi,1650000.00,Perda Kab. Bantul No. 08 Tahun 2010
4 . 1 . 1 . 03 . 19,Pajak HIburan / Pertandingan Olahraga,30635000.00,Perda Kab. Bantul No. 08 Tahun 2010
4 . 1 . 1 . 04,Pajak Reklame,2310000000.00,
4 . 1 . 1 . 04 . 01,Reklame Papan/Bill Board/Videotron/Megatron,2009700000.00,Perda Kab. Bantul No. 08 Tahun 2010
4 . 1 . 1 . 04 . 02,Reklame Kain,103400000.00,Perda Kab. Bantul No. 08 Tahun 2010
4 . 1 . 1 . 04 . 03,Reklame Melekat/Stiker,194700000.00,Perda Kab. Bantul No. 08 Tahun 2010
4 . 1 . 1 . 04 . 05,Reklame Berjalan,2200000.00,Perda Kab. Bantul No. 08 Tahun 2010
4 . 1 . 1 . 05,Pajak Penerangan Jalan,22000000000.00,
4 . 1 . 1 . 05 . 02,Pajak Penerangan Jalan PLN,22000000000.00,Perda Kab. Bantul No. 08 Thn 2010
4 . 1 . 1 . 06,Pajak Pengambilan Bahan Galian Golongan C,385000000.00,
4 . 1 . 1 . 06 . 08,Pasir,385000000.00,Perda Kab. Bantul No. 08 Tahun 2010
4 . 1 . 1 . 07,Pajak Parkir,79200000.00,
4 . 1 . 1 . 07 . 01,Pajak Parkir,79200000.00,Perda Kab. Bantul No. 08 Tahun 2010
4 . 1 . 1 . 08,Pajak Air Bawah Tanah,181500000.00,
4 . 1 . 1 . 08 . 01,Pajak Air Bawah Tanah,181500000.00,Perda Kab. Bantul No. 08 Tahun 2010
4 . 1 . 1 . 09,Pajak Sarang Burung Walet,2200000.00,
4 . 1 . 1 . 09 . 01,Pajak Sarang Burung Walet,2200000.00,Perda Kab. Bantul No. 08 Tahun 2010
4 . 1 . 1 . 11,Pajak Bumi dan Bangunan (PBB),22869000000.00,
4 . 1 . 1 . 11 . 01,PBB Perkotaan dan Perdesaan,22869000000.00,Perda Kab. Bantul No. 18 Tahun 2011
4 . 1 . 1 . 12,Pajak Bea Perolehan Hak atas Tanah dan Bangunan (BPHTB),32661000000.00,
4 . 1 . 1 . 12 . 01,Bea Perolehan Atas Tanah dan Bangunan,32661000000.00,Perda Kab. Bantul No. 09 Tahun 2010
4 . 1 . 2,Hasil Retribusi Daerah,26774227400.00,
4 . 1 . 2 . 01,Retribusi Jasa Umum,11639951200.00,
4 . 1 . 2 . 01 . 01,Retribusi Pelayanan Kesehatan - Puskesmas,6908634000.00,Perda Kab. Bantul No. 09 Tahun 2011
4 . 1 . 2 . 01 . 07,Retribusi Pelayanan Persampahan/Kebersihan,721811800.00,Perda Kab. Bantul No. 09 Tahun 2011
4 . 1 . 2 . 01 . 19,Retribusi Pelayanan Parkir Di Tepi Jalan Umum,23750000.00,Perda Kab. Bantul No. 09 Tahun 2011
4 . 1 . 2 . 01 . 20,Retribusi Pelayanan Pasar,2032861400.00,Perda Kab. Bantul No. 09 Tahun 2011
4 . 1 . 2 . 01 . 23,Retribusi PKB - Mobil Penumpang - Sedan,7040000.00,Perda Kab. Bantul No. 09 Tahun 2011
4 . 1 . 2 . 01 . 25,Retribusi PKB - Mobil Penumpang - Minibus,1440000.00,Perda Kab. Bantul No. 09 Tahun 2011
4 . 1 . 2 . 01 . 27,Retribusi PKB - Mobil Bus - Bus,21840000.00,Perda Kab. Bantul No. 09 Tahun 2011
4 . 1 . 2 . 01 . 28,Retribusi PKB - Mobil Barang/ Beban - Pick Up,339588000.00,Perda Kab. Bantul No. 09 Tahun 2011
4 . 1 . 2 . 01 . 30,Retribusi PKB - Mobil Barang/ Beban - Truck,215787000.00,Perda Kab. Bantul No. 09 Tahun 2011
4 . 1 . 2 . 01 . 43,Retribusi Pelayanan Pendidikan  Pelatihan Teknis,114548000.00,Perda Kab. Bantul No. 08 Tahun 2013
4 . 1 . 2 . 01 . 44,Pemanfaatan Ruang untuk Menara Telekomunikasi - LRA,1000000000.00,Perda Kab. Bantul No. 09 Tahun 2011
4 . 1 . 2 . 01 . 45,Retribusi PKB - Buku Uji,43991000.00,Perda Kab. Bantul No. 09 Tahun 2011
4 . 1 . 2 . 01 . 47,Retribusi Penyediaan dan/atau Penyedotan Kakus,103660000.00,Perda Kab. Bantul Nomor 9 Tahun 2011
4 . 1 . 2 . 01 . 48,Retribusi Pelayanan Kesehatan Hewan,40000000.00,PERDA Kab Bantul no. 08 Tahun 2013
4 . 1 . 2 . 01 . 49,Retribusi Pelayanan Kesehatan di laboratorium Pengawasan Kualitas Air,65000000.00,Perda kab Bantul No. 09 Tahun 2011
4 . 1 . 2 . 02,Retribusi Jasa Usaha,13134276200.00,
4 . 1 . 2 . 02 . 04,Retribusi Pemakaian Kekayaan Daerah - Kendaraan Bermotor,45000000.00,Perda Kab. Bantul Nomor 7 Tahun 2011
4 . 1 . 2 . 02 . 13,Retribusi Terminal - Tempat Parkir untuk Kendaraan Penumpang dan Bis Umum,31364250.00,Perda Kab. Bantul Nomor 7 Tahun 2011
4 . 1 . 2 . 02 . 16,Retribusi Tempat Khusus Parkir,105200000.00,Perda Kab. Bantul Nomor 7 Tahun 2011
4 . 1 . 2 . 02 . 21,Retribusi Tempat Rekreasi dan Olahraga,10945248750.00,Perda Kab. Bantul Nomor 7 Tahun 2011
4 . 1 . 2 . 02 . 26,Retribusi Penjualan Produksi Usaha Daerah,1917463200.00,Perda Kab. Bantul Nomor 7 Tahun 2011
4 . 1 . 2 . 02 . 31,Retribusi Rumah Potong Hewan,90000000.00,Perda Kab. Bantul Nomor 7 Tahun 2011
4 . 1 . 2 . 03,Retribusi Perizinan Tertentu,2000000000.00,
4 . 1 . 2 . 03 . 01,Retribusi Izin Mendirikan Bangunan,1500000000.00,Perda Kab. Bantul Nomor 8 Tahun 2011
4 . 1 . 2 . 03 . 03,Retribusi Izin Gangguan/Keramaian,500000000.00,Perda Kab. Bantul Nomor 7 Tahun 2011
4 . 1 . 3,Hasil Pengelolaan Kekayaan Daerah yang Dipisahkan,16049617546.54,
4 . 1 . 3 . 01,Bagian Laba atas Penyertaan Modal pada Perusahaan Milik Daerah/BUMD,16049617546.54,
4 . 1 . 3 . 01 . 01,Bagian Laba Atas Penyertaan Modal Pada Perusahaan Milik Daerah/BUMD PDBPR Bank Bantul,3000000000.00,Perda Kab. Bantul Nomor 19 Tahun 2009
4 . 1 . 3 . 01 . 02,Bagian Laba Atas Penyertaan Modal Pada Perusahaan Milik Daerah/BUMD BPD DIY,12477380046.54,Perda Kab. Bantul Nomor 19 Tahun 2009
4 . 1 . 3 . 01 . 03,Bagian Laba Atas Penyertaan Modal Pada Perusahaan Milik Daerah/BUMD PD Aneka Dharma,122237500.00,Perda Kab. Bantul Nomor 19 Tahun 2009
4 . 1 . 3 . 01 . 04,Bagian Laba Atas Penyertaan Modal Pada Perusahaan Milik Daerah/BUMD PDAM,200000000.00,Perda Kab. Bantul Nomor 19 Tahun 2009
4 . 1 . 3 . 01 . 05,Bagian Laba Atas Penyertaan Modal Pada Perusahaan Milik Daerah/BUMD BUKP,250000000.00,Perda Kab. Bantul Nomor 19 Tahun 2009
4 . 1 . 4,Lain-lain Pendapatan Asli Daerah yang Sah,184595968800.00,
4 . 1 . 4 . 01,Hasil Penjualan Aset Daerah yang Tidak Dipisahkan,55000000.00,
4 . 1 . 4 . 01 . 03,Penjualan Mesin/Alat-alat Berat Tidak Terpakai,55000000.00,Perda Kab. Bantul Nomor 30 Tahun 2008
4 . 1 . 4 . 01 . 07,Penjualan Drum Bekas,0,Perda Kab. Bantul Nomor 30 Tahun 2008
4 . 1 . 4 . 02,Penerimaan Jasa Giro,275000000.00,
4 . 1 . 4 . 02 . 01,Jasa Giro Kas Daerah,275000000.00,
4 . 1 . 4 . 03,Penerimaan Bunga Deposito,13000000000.00,
4 . 1 . 4 . 03 . 01,Rekening Deposito Pada Bank ......,13000000000.00,
4 . 1 . 4 . 04,Tuntutan Ganti Kerugian Daerah (TGR),16500000.00,
4 . 1 . 4 . 04 . 01,Kerugian Uang,16500000.00,
4 . 1 . 4 . 08,Pendapatan Denda Retribusi,80000000.00,
4 . 1 . 4 . 08 . 03,Pendapatan Denda Retribusi Perizinan Tertentu,75000000.00,Perda Kab. Bantul Nomor 8 Tahun 2011
4 . 1 . 4 . 08 . 07,Pendapatan Denda Retribusi Pengujian Kendaraan Bermotor,5000000.00,Perda Kab. Bantul Nomor 9 Tahun 2011
4 . 1 . 4 . 11,Fasilitas Sosial dan Fasilitas Umum,957950000.00,
4 . 1 . 4 . 11 . 01,Fasilitas Sosial,847950000.00,Perda Kab. Bantul Nomor 30 Tahun 2008
4 . 1 . 4 . 11 . 02,Fasilitas Umum,110000000.00,Perda Kab. Bantul Nomor 30 Tahun 2008
4 . 1 . 4 . 14,Hasil dari Pemanfaatan Kekayaan Daerah,1025000000.00,
4 . 1 . 4 . 14 . 01,"Hasil dari Pemanfaatan Kekayaan Daerah Sewa tanah, bangunan dan peralatan AMP",1025000000.00,Perda Kab. Bantul Nomor 30 Tahun 2008
4 . 1 . 4 . 16,Pendapatan BLUD,130000000000.00,
4 . 1 . 4 . 16 . 01,Pendapatan Jasa Layanan Umum BLUD Kesehatan,130000000000.00,Keputusan Bupati Bantul No. 195 Th. 2009
4 . 1 . 4 . 17,Hasil dari pengelolaan dana bergulir,204200000.00,
4 . 1 . 4 . 17 . 01,Hasil dari pengelolaan dana bergulir,204200000.00,Perda Kab. Bantul Nomor 7 Tahun 2012
4 . 1 . 4 . 18,Lain-lain PAD yang Sah Lainnya,38982318800.00,
4 . 1 . 4 . 18 . 01,Lain-lain PAD yang Sah Lainnya,40000000.00,Perbup Bantul No. 02 Tahun 2009
4 . 1 . 4 . 18 . 02,Pendapatan dari Dana Kapitasi JKN,38619360000.00,Perbup Bantul No. 02 Tahun 2009
4 . 1 . 4 . 18 . 03,Pendapatan dari sewa kapal dan sewa kawasan BAT,138207550.00,
4 . 1 . 4 . 18 . 04,Pendapatan dari Sewa Gedung,3751250.00,
4 . 1 . 4 . 18 . 05,Pungutan dalam rangka penempatan kios baru,181000000.00,
4 . 2,DANA PERIMBANGAN,1037859454842.00,
4 . 2 . 1,Bagi Hasil Pajak/Bagi Hasil Bukan Pajak,33905757842.00,
4 . 2 . 1 . 01,Bagi Hasil Pajak,28819599000.00,
4 . 2 . 1 . 01 . 01,Bagi Hasil dari Pajak Bumi dan Bangunan sektor Pertambangan,13286728000.00,Perpres Nomor 162 Tahun 2014
4 . 2 . 1 . 01 . 03,Bagi Hasil dari Pajak Penghasilan Orang Pribadi,15532871000.00,Perpres Nomor 162 Tahun 2014
4 . 2 . 1 . 02,Bagi Hasil Bukan Pajak/Sumber Daya Alam,5086158842.00,
4 . 2 . 1 . 02 . 01,Bagi Hasil Dari Iuran Hak Pengusahaan Hutan,2224000.00,Perpres Nomor 162 Tahun 2014
4 . 2 . 1 . 02 . 07,Bagi Hasil Dari Pungutan Hasil Perikanan,395257000.00,Perpres Nomor 162 Tahun 2014
4 . 2 . 1 . 02 . 11,Bagi Hasil dari Cukai Hasil Tembakau,4688677842.00,Perpres No. 162 Th.2014 & PMK No.193/PMK.07/2014
4 . 2 . 2,Dana Alokasi Umum,942850827000.00,
4 . 2 . 2 . 01,Dana Alokasi Umum,942850827000.00,
4 . 2 . 2 . 01 . 01,Dana Alokasi Umum,942850827000.00,Perpres Nomor 162 Tahun 2014
4 . 2 . 3,Dana Alokasi Khusus,61102870000.00,
4 . 2 . 3 . 01,Dana Alokasi Khusus (DAK),61102870000.00,
4 . 2 . 3 . 01 . 01,Dana Alokasi Khusus,61102870000.00,Perpres Nomor 162 Tahun 2014
4 . 3,LAIN-LAIN PENDAPATAN DAERAH YANG SAH,506819262337.64,
4 . 3 . 1,Pendapatan Hibah,1000000000.00,
4 . 3 . 1 . 01,Pendapatan Hibah Dari Pemerintah,1000000000.00,
4 . 3 . 1 . 01 . 01,Pendapatan Hibah Dari Pemerintah,1000000000.00,
4 . 3 . 3,Dana Bagi Hasil Pajak dari Provinsi dan Pemerintah Daerah Lainnya,118063633375.64,
4 . 3 . 3 . 01,Dana Bagi Hasil Pajak Dari Provinsi,118063633375.64,
4 . 3 . 3 . 01 . 01,Bagi Hasil Dari Pajak Kendaraan Bermotor,30412544302.32,UU Nomor 28 Tahun 2009
4 . 3 . 3 . 01 . 03,Bagi Hasil Dari Bea Balik Nama Kendaraan Bermotor,28005681742.56,UU Nomor 28 Tahun 2009
4 . 3 . 3 . 01 . 05,Bagi Hasil Dari Pajak Bahan Bakar Kendaraan Bermotor,22827246680.00,UU Nomor 28 Tahun 2009
4 . 3 . 3 . 01 . 07,Bagi Hasil Dari Pajak Pengambilan dan Pemanfaatan Air Permukaan,5238000.00,UU Nomor 28 Tahun 2009
4 . 3 . 3 . 01 . 08,Bagi Hasil Dari Pajak Rokok,36812922650.76,UU Nomor 28 Tahun 2009
4 . 3 . 4,Dana Penyesuaian dan Otonomi Khusus,349048100962.00,
4 . 3 . 4 . 01,Dana Penyesuaian,349048100962.00,
4 . 3 . 4 . 01 . 01,Tunjangan Profesi Guru PNSD,301336087000.00,Perpres Nomor 162 Tahun 2014
4 . 3 . 4 . 01 . 02,Dana Tambahan Penghasilan Guru PNSD,1557000000.00,Perpres Nomor 162 Tahun 2014
4 . 3 . 4 . 01 . 03,Dana Insentif Daerah,24595788000.00,Perpres Nomor 162 Tahun 2014
4 . 3 . 4 . 01 . 06,Dana Desa,21559225962.00,Perpres Nomor 162 Tahun 2014
4 . 3 . 5,Bantuan Keuangan dari Provinsi atau Pemerintah Daerah Lainnya,38707528000.00,
4 . 3 . 5 . 01,Bantuan Keuangan Dari Provinsi,36617100000.00,
4 . 3 . 5 . 01 . 01,Bantuan Keuangan Dari Provinsi ......,36617100000.00,
4 . 3 . 5 . 02,Bantuan Keuangan Dari Kabupaten,772150000.00,
4 . 3 . 5 . 02 . 01,Bantuan Keuangan Dari Kabupaten....,772150000.00,
4 . 3 . 5 . 03,Bantuan Keuangan Dari Kota,1318278000.00,
4 . 3 . 5 . 03 . 01,Bantuan Keuangan Dari Kota,1318278000.00,
5,BELANJA,1979120891883.18,
5 . 1,BELANJA TIDAK LANGSUNG,1239821811956.18,
5 . 1 . 1,Belanja Pegawai,1043905676093.00,
5 . 1 . 1 . 01,Belanja Gaji dan Tunjangan,720139896093.00,
5 . 1 . 1 . 01 . 01,Gaji Pokok PNS/Uang Representasi,544457942200.00,
5 . 1 . 1 . 01 . 02,Tunjangan Keluarga,47660256496.00,
5 . 1 . 1 . 01 . 03,Tunjangan Jabatan,8794016000.00,
5 . 1 . 1 . 01 . 04,Tunjangan Fungsional,42362058000.00,
5 . 1 . 1 . 01 . 05,Tunjangan Fungsional Umum,6592888575.00,
5 . 1 . 1 . 01 . 06,Tunjangan Beras,28824600000.00,
5 . 1 . 1 . 01 . 07,Tunjangan PPh/Tunjangan Khusus,16623815250.00,
5 . 1 . 1 . 01 . 08,Pembulatan Gaji,7857079.00,
5 . 1 . 1 . 01 . 09,Iuran Asuransi Kesehatan,19953336003.00,
5 . 1 . 1 . 01 . 10,Uang Paket,86058000.00,
5 . 1 . 1 . 01 . 11,Tunjangan Panitia Musyawarah,20279700.00,
5 . 1 . 1 . 01 . 12,Tunjangan Komisi,55906200.00,
5 . 1 . 1 . 01 . 13,Tunjangan Panitia Anggaran,25029900.00,
5 . 1 . 1 . 01 . 14,Tunjangan Badan Kehormatan,7856100.00,
5 . 1 . 1 . 01 . 15,Tunjangan Alat Kelengkapan Lainnya,35017500.00,
5 . 1 . 1 . 01 . 16,Tunjangan Perumahan,3135000000.00,
5 . 1 . 1 . 01 . 18,Uang Jasa Pengabdian,16380000.00,
5 . 1 . 1 . 01 . 19,Belanja Penunjang Operasional Pimpinan DPRD,393120000.00,
5 . 1 . 1 . 01 . 21,Gaji Perangkat Desa,623838790.00,
5 . 1 . 1 . 01 . 22,Tunjangan Badan Legislasi,14433300.00,
5 . 1 . 1 . 01 . 23,Tunjangan Pengelola Perijinan,322248000.00,
5 . 1 . 1 . 01 . 24,Tunjangan lain-lain,127959000.00,
5 . 1 . 1 . 02,Belanja Tambahan Penghasilan PNS,314545087000.00,
5 . 1 . 1 . 02 . 01,Tambahan Penghasilan Berdasarkan Beban Kerja,1152000000.00,
5 . 1 . 1 . 02 . 05,Tambahan Penghasilan Berdasarkan Prestasi Kerja,10500000000.00,
5 . 1 . 1 . 02 . 06,Tunjangan Profesi Guru PNSD,301336087000.00,
5 . 1 . 1 . 02 . 07,Tambahan Penghasilan Guru PNSD,1557000000.00,
5 . 1 . 1 . 03,Belanja Penerimaan lainnya Pimpinan dan anggota DPRD serta KDH/WKDH,4002000000.00,
5 . 1 . 1 . 03 . 01,Tunjangan Komunikasi Insentif Pimpinan Dan Anggota DPRD,3402000000.00,
5 . 1 . 1 . 03 . 02,Belanja Penunjang Operasional KDH/WKDH,600000000.00,
5 . 1 . 1 . 04,Biaya Pemungutan Pajak Daerah,318030000.00,
5 . 1 . 1 . 04 . 01,Biaya Pemungutan PBB,318030000.00,
5 . 1 . 1 . 05,Insentif Pemungutan Pajak Daerah,4100000000.00,
5 . 1 . 1 . 05 . 01,Insentif Pemungutan Pajak Daerah,4100000000.00,
5 . 1 . 1 . 06,Insentif Pemungutan Retribusi Daerah,800663000.00,
5 . 1 . 1 . 06 . 01,Insentif Pemungutan Retribusi Daerah,800663000.00,
5 . 1 . 4,Belanja Hibah,26331000000.00,
5 . 1 . 4 . 01,Belanja Hibah kepada Pemerintah Pusat,15000000000.00,
5 . 1 . 4 . 01 . 02,Sekretariat KPU/Panwaslu,15000000000.00,
5 . 1 . 4 . 05,Belanja Hibah kepada Badan/Lembaga/Organisasi,9855000000.00,
5 . 1 . 4 . 05 . 01,Belanja Hibah kepada Badan/Lembaga/Organisasi........,9855000000.00,
5 . 1 . 4 . 06,Belanja Hibah kepada Kelompok/Anggota Masyarakat,1476000000.00,
5 . 1 . 4 . 06 . 01,Belanja Hibah kepada Kelompok/Anggota Masyarakat,1476000000.00,
5 . 1 . 5,Belanja Bantuan Sosial,19391950000.00,
5 . 1 . 5 . 02,Belanja Bantuan Sosial Kepada Kelompok Masyarakat,557500000.00,
5 . 1 . 5 . 02 . 01,Belanja Bantuan Sosial Kepada Kelompok Masyarakat,557500000.00,
5 . 1 . 5 . 03,Belanja Bantuan Sosial Kepada Anggota Masyarakat,18834450000.00,
5 . 1 . 5 . 03 . 01,Belanja Bantuan Sosial Kepada Anggota Masyarakat,18834450000.00,
5 . 1 . 6,Belanja Bagi Hasil kepada Provinsi/Kabupaten/Kota dan Pemerintah Desa,11177432740.00,
5 . 1 . 6 . 03,Belanja Bagi Hasil Pajak Daerah Kepada Pemerintahan Desa,8500010000.00,
5 . 1 . 6 . 03 . 01,Belanja Bagi Hasil Pajak Daerah Kepada Pemerintahan Desa ......,8500010000.00,
5 . 1 . 6 . 05,Belanja Bagi Hasil Retribusi Daerah Kepada Pemerintah Desa,2677422740.00,
5 . 1 . 6 . 05 . 01,Belanja Bagi Hasil Retribusi Daerah Kepada Pemerintahan Desa ......,2677422740.00,
5 . 1 . 7,Belanja Bantuan Keuangan kepada Provinsi/Kabupaten/Kota dan Pemerintahan Desa,134931464962.00,
5 . 1 . 7 . 03,Belanja Bantuan Keuangan kepada Desa,133919964962.00,
5 . 1 . 7 . 03 . 01,Belanja Bantuan Keuangan Kepada Desa,14685080000.00,
5 . 1 . 7 . 03 . 02,Alokasi Dana Desa,97675659000.00,
5 . 1 . 7 . 03 . 03,Dana Desa,21559225962.00,
5 . 1 . 7 . 04,Belanja Bantuan Keuangan Kepada Pemerintah Daerah/Pemerintah Desa lainnya,134000000.00,
5 . 1 . 7 . 04 . 02,Belanja Bantuan Keuangan Kepada Kabupaten/Kota,134000000.00,
5 . 1 . 7 . 05,Belanja Bantuan Kepada Partai Politik,877500000.00,
5 . 1 . 7 . 05 . 01,Belanja Bantuan Kepada Partai Politik ........,877500000.00,
5 . 1 . 8,Belanja Tidak Terduga,4084288161.18,
5 . 1 . 8 . 01,Belanja Tak Terduga,4084288161.18,
5 . 1 . 8 . 01 . 01,Belanja Tidak Terduga,4084288161.18,
5 . 2,BELANJA LANGSUNG,739299079927.00,
5 . 2 . 1,Belanja Pegawai,53795711815.00,
5 . 2 . 1 . 01,Honorarium PNS,20717932615.00,
5 . 2 . 1 . 01 . 01,Honorarium Panitia Pelaksana Kegiatan,18908339615.00,
5 . 2 . 1 . 01 . 02,Honorarium Tim Pengadaan Barang Dan Jasa,405350000.00,
5 . 2 . 1 . 01 . 06,Honor Pengelola Keuangan dan Barang,1404243000.00,
5 . 2 . 1 . 02,Honorarium Non PNS,27879859200.00,
5 . 2 . 1 . 02 . 01,,14800000.00,
5 . 2 . 1 . 02 . 02,Honorarium Pegawai Honorer/Tidak Tetap,21926166200.00,
5 . 2 . 1 . 02 . 03,Honorarium Pegawai Kontrak,5623003000.00,
5 . 2 . 1 . 02 . 04,Honorarium Petugas Verifikasi Piutang,126000000.00,
5 . 2 . 1 . 02 . 05,Honorium Petugas Peliputan,72600000.00,
5 . 2 . 1 . 02 . 06,Honorarium Petugas Pendamping Kegiatan,117290000.00,
5 . 2 . 1 . 03,Uang Lembur,633200000.00,
5 . 2 . 1 . 03 . 01,Uang Lembur PNS,623200000.00,
5 . 2 . 1 . 03 . 02,Uang Lembur Non PNS,10000000.00,
5 . 2 . 1 . 05,Uang untuk diberikan kepada Pihak Ketiga/Masyarakat,85500000.00,
5 . 2 . 1 . 05 . 01,,85500000.00,
5 . 2 . 1 . 07, Belanja Pegawai BLUD,4478220000.00,
5 . 2 . 1 . 07 . 01,Belanja Pegawai Operasional BLUD,4000000000.00,
5 . 2 . 1 . 07 . 02,Belanja Pegawai Umum dan Administrasi BLUD,478220000.00,
5 . 2 . 1 . 08,Honorarium Pengelolaan Operasional Dinas,1000000.00,
5 . 2 . 1 . 08 . 01,Honorarium Pengelolaan Operasional Dinas,1000000.00,
5 . 2 . 2,Belanja Barang dan Jasa,392007276437.00,
5 . 2 . 2 . 01,Belanja Bahan Pakai Habis,7404325483.00,
5 . 2 . 2 . 01 . 01,Belanja Alat Tulis Kantor,5368679883.00,
5 . 2 . 2 . 01 . 02,Belanja Dokumen/Administrasi Tender,4300000.00,
5 . 2 . 2 . 01 . 03,"Belanja Alat Listrik Dan Elektronik (Lampu Pijar, Battery Kering)",586961550.00,
5 . 2 . 2 . 01 . 04,"Belanja Perangko, Materai Dan Benda Pos",205173000.00,
5 . 2 . 2 . 01 . 05,Belanja Peralatan Kebersihan Dan Bahan Pembersih,426481300.00,
5 . 2 . 2 . 01 . 06,Belanja Bahan Bakar Minyak/Gas,499119250.00,
5 . 2 . 2 . 01 . 07,Belanja Pengisian Tabung Pemadam Kebakaran,19333500.00,
5 . 2 . 2 . 01 . 08,Belanja Pengisian Tabung Gas,15990000.00,
5 . 2 . 2 . 01 . 09,"Belanja pembelian bendera,papan nama",173575000.00,
5 . 2 . 2 . 01 . 10,Belanja pengisian freon,8060000.00,
5 . 2 . 2 . 01 . 11,Belanja Bahan medis (obat-obatan) habis pakai,24662000.00,
5 . 2 . 2 . 01 . 12,Belanja Batubara,69690000.00,
5 . 2 . 2 . 01 . 13,Belanja Sekam,2300000.00,
5 . 2 . 2 . 02,Belanja Bahan/Material,36007719800.00,
5 . 2 . 2 . 02 . 01,Belanja Bahan Baku Bangunan,6964656500.00,
5 . 2 . 2 . 02 . 02,Belanja Bahan/Bibit Tanaman,2033709000.00,
5 . 2 . 2 . 02 . 03,Belanja Bibit Ternak,1873425000.00,
5 . 2 . 2 . 02 . 04,Belanja Bahan Obat-Obatan,4076494000.00,
5 . 2 . 2 . 02 . 05,Belanja Bahan Kimia dan Pupuk,213540000.00,
5 . 2 . 2 . 02 . 06,Belanja Persediaan Makanan Pokok,7565000.00,
5 . 2 . 2 . 02 . 07,Belanja Cindera Mata,286535000.00,
5 . 2 . 2 . 02 . 08,Belanja Bahan Makanan,6151274000.00,
5 . 2 . 2 . 02 . 09,Belanja Bahan Non Kimia/Organik,265130000.00,
5 . 2 . 2 . 02 . 10,Belanja Bahan Pakan,281674200.00,
5 . 2 . 2 . 02 . 11,Belanja Pilar,300000.00,
5 . 2 . 2 . 02 . 12,Belanja alat-alat/perlengkapan,7288536400.00,
5 . 2 . 2 . 02 . 14,Belanja Air Bersih,51505000.00,
5 . 2 . 2 . 02 . 16,Belanja Bahan Medis,44630000.00,
5 . 2 . 2 . 02 . 17,Belanja Bahan Pupuk,469425000.00,
5 . 2 . 2 . 02 . 18,Belanja Bahan Percontohan,5999320700.00,
5 . 2 . 2 . 03,Belanja Jasa Kantor,25779150662.00,
5 . 2 . 2 . 03 . 01,Belanja Telepon,598801000.00,
5 . 2 . 2 . 03 . 02,Belanja Air,247460000.00,
5 . 2 . 2 . 03 . 03,Belanja Listrik,17167848562.00,
5 . 2 . 2 . 03 . 04,Belanja Jasa Pengumuman Lelang/Pemenang Lelang,2000000.00,
5 . 2 . 2 . 03 . 05,Belanja Surat Kabar/Majalah,312885700.00,
5 . 2 . 2 . 03 . 06,Belanja Kawat/Faksimili/Internet/Intranet/TV Kabel/TV Satelit,1567040000.00,
5 . 2 . 2 . 03 . 07,Belanja Paket/Pengiriman,32308000.00,
5 . 2 . 2 . 03 . 08,Belanja Sertifikasi,778539000.00,
5 . 2 . 2 . 03 . 09,Belanja Jasa Transaksi Keuangan,682060000.00,
5 . 2 . 2 . 03 . 12,Belanja Transportasi dan Akomodasi,319820400.00,
5 . 2 . 2 . 03 . 13,Belanja Dokumentasi,66300000.00,
5 . 2 . 2 . 03 . 14,Belanja Dekorasi,419840000.00,
5 . 2 . 2 . 03 . 15,Belanja Publikasi,2629695000.00,
5 . 2 . 2 . 03 . 16,Belanja Analisa Laboratorium,355498000.00,
5 . 2 . 2 . 03 . 17,Belanja Asuransi,26000000.00,
5 . 2 . 2 . 03 . 20,Belanja Sewa Frekuensi dan Pajak Radio,28000000.00,
5 . 2 . 2 . 03 . 21,Belanja Perkara,3000000.00,
5 . 2 . 2 . 03 . 22,"Belanja Pemasangan  Instalasi Telepon, Instalasi Listrik dan Instalasi Air",48500000.00,
5 . 2 . 2 . 03 . 23,Belanja Uji Kesehatan,5000000.00,
5 . 2 . 2 . 03 . 24,Belanja Jasa Penghitungan/Penilai,137700000.00,
5 . 2 . 2 . 03 . 25,Belanja Jasa Pengelolaan Sampah,2100000.00,
5 . 2 . 2 . 03 . 26,Belanja Pajak Bumi dan Bangunan,120000000.00,
5 . 2 . 2 . 03 . 27,Belanja Jasa Prossesing Benih,96955000.00,
5 . 2 . 2 . 03 . 29,Belanja Iuran,84000000.00,
5 . 2 . 2 . 03 . 30,Belanja Jasa Tambah Daya Listrik,31800000.00,
5 . 2 . 2 . 03 . 31,Belanja Pendaftaran Akreditasi,16000000.00,
5 . 2 . 2 . 04,Belanja Premi Asuransi,7052500.00,
5 . 2 . 2 . 04 . 01,Belanja Premi Asuransi Kesehatan,4892500.00,
5 . 2 . 2 . 04 . 02,Belanja Premi Asuransi Barang Milik Daerah,2160000.00,
5 . 2 . 2 . 05,Belanja Perawatan Kendaraan Bermotor,10013772750.00,
5 . 2 . 2 . 05 . 01,Belanja Jasa Service,549893000.00,
5 . 2 . 2 . 05 . 02,Belanja Penggantian Suku Cadang,1542070000.00,
5 . 2 . 2 . 05 . 03,Belanja Bahan Bakar Minyak/Gas Dan Pelumas,7339697750.00,
5 . 2 . 2 . 05 . 04,Belanja Jasa KIR,3864000.00,
5 . 2 . 2 . 05 . 05,Belanja Pajak Kendaraan Bermotor,209290000.00,
5 . 2 . 2 . 05 . 07,Belanja Surat Tanda Nomor Kendaraan,244610000.00,
5 . 2 . 2 . 05 . 08,Belanja Perpanjangan Surat Ijin Mengemudi,600000.00,
5 . 2 . 2 . 05 . 09,Belanja Rehab Mobil Dinas,4500000.00,
5 . 2 . 2 . 05 . 10,Belanja Pengecatan kendaraan,89968000.00,
5 . 2 . 2 . 05 . 11,Belanja pengisian freon,14280000.00,
5 . 2 . 2 . 05 . 12,Belanja accessories kendaraan,15000000.00,
5 . 2 . 2 . 06,Belanja Cetak dan Penggandaan,7011246092.00,
5 . 2 . 2 . 06 . 01,Belanja Cetak,3380380360.00,
5 . 2 . 2 . 06 . 02,Belanja Penggandaan,3630865732.00,
5 . 2 . 2 . 07,Belanja Sewa Rumah/Gedung/Gudang/Parkir,2739157600.00,
5 . 2 . 2 . 07 . 01,Belanja Sewa Rumah Jabatan/Rumah Dinas,2400000.00,
5 . 2 . 2 . 07 . 02,Belanja Sewa Gedung/Kantor/Tempat,1157850000.00,
5 . 2 . 2 . 07 . 03,Belanja Sewa Ruang Rapat/Pertemuan,542395000.00,
5 . 2 . 2 . 07 . 04,Belanja Sewa Tempat Parkir/Uang Tambat/Hanggar Sarana Mobilitas,1200000.00,
5 . 2 . 2 . 07 . 05,Belanja Sewa Kamar Hotel/Penginapan,518120000.00,
5 . 2 . 2 . 07 . 06,Belanja Sewa Tempat/Lahan Pertanian,504110000.00,
5 . 2 . 2 . 07 . 07,Belanja Sewa Tanah/Lahan untuk Pasar,13082600.00,
5 . 2 . 2 . 08,Belanja Sewa Sarana Mobilitas,1068348000.00,
5 . 2 . 2 . 08 . 01,Belanja Sewa Sarana Mobilitas Darat,1025748000.00,
5 . 2 . 2 . 08 . 02,Belanja Sewa Sarana Mobilitas Air,42600000.00,
5 . 2 . 2 . 09,Belanja Sewa Alat Berat,55000000.00,
5 . 2 . 2 . 09 . 04,Belanja sewa backhoe/ tractor,55000000.00,
5 . 2 . 2 . 10,Belanja Sewa Perlengkapan dan Peralatan Kantor,1734506000.00,
5 . 2 . 2 . 10 . 01,Belanja Sewa Meja Kursi,223932000.00,
5 . 2 . 2 . 10 . 02,Belanja Sewa Komputer Dan Printer,0,
5 . 2 . 2 . 10 . 03,Belanja Sewa Proyektor,25500000.00,
5 . 2 . 2 . 10 . 04,Belanja Sewa Generator,69000000.00,
5 . 2 . 2 . 10 . 05,Belanja Sewa Tenda,433020000.00,
5 . 2 . 2 . 10 . 06,Belanja Sewa Pakaian Adat/Tradisional,74000000.00,
5 . 2 . 2 . 10 . 07,Belanja Sewa Sound System,341975000.00,
5 . 2 . 2 . 10 . 11,Belanja sewa peralatan display,363250000.00,
5 . 2 . 2 . 10 . 12,Belanja sewa peralatan dan perlengkapan kesenian/lomba,30000000.00,
5 . 2 . 2 . 10 . 13,Belanja sewa peralatan dan perlengkapan kegiatan,172829000.00,
5 . 2 . 2 . 10 . 14,Belanja Sewa Deposit Box,1000000.00,
5 . 2 . 2 . 11,Belanja Makanan dan  Minuman,24941442500.00,
5 . 2 . 2 . 11 . 01,Belanja Makanan Dan Minuman Harian Pegawai,1521507500.00,
5 . 2 . 2 . 11 . 02,Belanja Makanan Dan Minuman Rapat,6272680500.00,
5 . 2 . 2 . 11 . 03,Belanja Makanan Dan Minuman Tamu,1354387500.00,
5 . 2 . 2 . 11 . 04,Belanja makanan dan minuman Lembur,631873500.00,
5 . 2 . 2 . 11 . 05,Belanja Makanan dan Minuman Pelaksanaan Kegiatan,15160993500.00,
5 . 2 . 2 . 12,Belanja Pakaian Dinas dan Atributnya,253400000.00,
5 . 2 . 2 . 12 . 01,Belanja Pakaian Dinas KDH Dan WKDH,35000000.00,
5 . 2 . 2 . 12 . 02,Belanja Pakaian Sipil Harian (PSH),42750000.00,
5 . 2 . 2 . 12 . 03,Belanja Pakaian Sipil Lengkap (PSL),3900000.00,
5 . 2 . 2 . 12 . 04,Belanja Pakaian Dinas Harian (PDH),42750000.00,
5 . 2 . 2 . 12 . 05,Belanja Pakaian Dinas Upacara (PDU),75750000.00,
5 . 2 . 2 . 12 . 06,Belanja Pakaian Sipil Resmi  (PSR),53250000.00,
5 . 2 . 2 . 13,Belanja Pakaian Kerja,499897000.00,
5 . 2 . 2 . 13 . 01,Belanja Pakaian Kerja Lapangan,453595000.00,
5 . 2 . 2 . 13 . 02,Belanja Pakaian Kerja Pelayanan,46302000.00,
5 . 2 . 2 . 14,Belanja Pakaian khusus dan hari-hari tertentu,707825000.00,
5 . 2 . 2 . 14 . 02,Belanja Pakaian Adat Daerah,13000000.00,
5 . 2 . 2 . 14 . 03,Belanja Pakaian Batik Tradisional,218600000.00,
5 . 2 . 2 . 14 . 04,Belanja Pakaian Olahraga,330650000.00,
5 . 2 . 2 . 14 . 05,Belanja pakaian kejuaraan/ lomba,55600000.00,
5 . 2 . 2 . 14 . 06,Belanja pakaian dinas protokol,12600000.00,
5 . 2 . 2 . 14 . 11,Belanja Pakaian Kaos/Training,69875000.00,
5 . 2 . 2 . 14 . 12,Belanja Pakaian Kesenian,7500000.00,
5 . 2 . 2 . 15,Belanja Perjalanan Dinas,20806397200.00,
5 . 2 . 2 . 15 . 01,Belanja Perjalanan Dinas Dalam Daerah,3728486500.00,
5 . 2 . 2 . 15 . 02,Belanja Perjalanan Dinas Luar Daerah,16909410700.00,
5 . 2 . 2 . 15 . 03,Belanja perjalanan dinas luar negeri,168500000.00,
5 . 2 . 2 . 17,"Belanja kursus, pelatihan, sosialisasi dan bimbingan teknis PNS",2384130000.00,
5 . 2 . 2 . 17 . 01,Belanja Kursus-Kursus Singkat/Pelatihan,411680000.00,
5 . 2 . 2 . 17 . 02,Belanja Sosialisasi,11400000.00,
5 . 2 . 2 . 17 . 03,Belanja Bimbingan Teknis,259350000.00,
5 . 2 . 2 . 17 . 04,Belanja Diklat Prajabatan,19800000.00,
5 . 2 . 2 . 17 . 05,Belanja Diklat Penjenjangan Struktural,1193000000.00,
5 . 2 . 2 . 17 . 06,Belanja Pengiriman Ujian Dinas,54000000.00,
5 . 2 . 2 . 17 . 07,Belanja Pengiriman Peserta Seleksi Akademik,60000000.00,
5 . 2 . 2 . 17 . 08,Belanja Pengiriman Peserta Diklat,374900000.00,
5 . 2 . 2 . 20,Belanja Pemeliharaan,5625929550.00,
5 . 2 . 2 . 20 . 03,Belanja Pemeliharan Tanah,87995000.00,
5 . 2 . 2 . 20 . 04,Belanja Pemeliharan Peralatan dan Mesin,1615870550.00,
5 . 2 . 2 . 20 . 05,Belanja Pemeliharan Gedung dan Bangunan,1531420000.00,
5 . 2 . 2 . 20 . 06,Belanja Pemeliharan perlengkapan kantor,17000000.00,
5 . 2 . 2 . 20 . 07,Belanja Pemeliharaan Jaringan dan Instalasi,2254144000.00,
5 . 2 . 2 . 20 . 08,Belanja Pemeliharaan Aplikasi dan Database,119500000.00,
5 . 2 . 2 . 21,Belanja Jasa Konsultansi,5549245000.00,
5 . 2 . 2 . 21 . 01,Belanja Jasa Konsultansi Penelitian,844700000.00,
5 . 2 . 2 . 21 . 02,Belanja Jasa Konsultansi Perencanaan,3344400000.00,
5 . 2 . 2 . 21 . 03,Belanja Jasa Konsultansi Pengawasan,306000000.00,
5 . 2 . 2 . 21 . 04,Belanja Jasa Konsultasi Sistem Manajeman Mutu,65850000.00,
5 . 2 . 2 . 21 . 06,Belanja Jasa Konsultasi Penyusunan Dokumen Lingkungan,197845000.00,
5 . 2 . 2 . 21 . 07,Belanja Jasa Konsultasi Psikologi,89650000.00,
5 . 2 . 2 . 21 . 08,Belanja Jasa Pendataan PBB,455000000.00,
5 . 2 . 2 . 21 . 09,Belanja Jasa Konsultasi Penelusuran Naskah Sumber,49000000.00,
5 . 2 . 2 . 21 . 10,Belanja Jasa Pembuatan Database Aset Tetap,196800000.00,
5 . 2 . 2 . 23,Belanja Barang Untuk Diserahkan kepada Masyarakat/Pihak Ketiga,8328438000.00,
5 . 2 . 2 . 23 . 01,Belanja Barang Yang Akan Diserahkan Kepada Masyarakat,8328438000.00,
5 . 2 . 2 . 27,Belanja Sharing,2151428000.00,
5 . 2 . 2 . 27 . 01,Belanja sharing pengelolaan,2151428000.00,
5 . 2 . 2 . 29,Belanja Barang dan Jasa Operasional Puskesmas,43678403200.00,
5 . 2 . 2 . 29 . 01,Belanja Barang dan Jasa Operasional puskesmas,41082388200.00,
5 . 2 . 2 . 29 . 02,Belanja barang dan jasa pelayanan pendidikan di Puskesmas,108000000.00,
5 . 2 . 2 . 29 . 03,Belanja barang dan jasa pelayanan Klaim BPJS (Non Kapitasi JKN),2488015000.00,
5 . 2 . 2 . 30,Belanja Barang dan Jasa Operasional BLUD,108641345000.00,
5 . 2 . 2 . 30 . 01,Belanja Barang Operasional BLUD,108641345000.00,
5 . 2 . 2 . 31,Belanja Operasional Pendidikan,30009135000.00,
5 . 2 . 2 . 31 . 01,Belanja Operasional Pendidikan PAUD,882000000.00,
5 . 2 . 2 . 31 . 03,Belanja Operasional Pendidikan SD/MI,9365560000.00,
5 . 2 . 2 . 31 . 04,Belanja Operasional Pendidikan SMP,7778250000.00,
5 . 2 . 2 . 31 . 05,Belanja Operasional Pendidikan SMA/SMK,11983325000.00,
5 . 2 . 2 . 32,Belanja Jaminan Pemeliharaan Kesehatan,15219000000.00,
5 . 2 . 2 . 32 . 01,Belanja Jaminan Pemeliharaan Kesehatan,15219000000.00,
5 . 2 . 2 . 33,"Belanja Kursus, Sosialisasi dan Bintek",396200000.00,
5 . 2 . 2 . 33 . 01,Belanja Kursus-kursus singkat/pelatihan/Bintek DPRD,180000000.00,
5 . 2 . 2 . 33 . 02,Belanja Kursus-kursus/Pelatihan/Bintek,216200000.00,
5 . 2 . 2 . 34,Belanja Perlengkapan Penyelamatan,70000000.00,
5 . 2 . 2 . 34 . 01,Belanja Perlengkapan TRC,20000000.00,
5 . 2 . 2 . 34 . 02,Belanja Perlengkapan SAR,20000000.00,
5 . 2 . 2 . 34 . 03,Belanja Perlengkapan PBK,30000000.00,
5 . 2 . 2 . 35,"Jasa Narasumber, Tenaga Ahli, Yuri, Entry Data, Petugas Fogging dan Petugas Lapangan",25613368600.00,
5 . 2 . 2 . 35 . 01,Jasa Nara Sumber/Moderator/Tenaga Ahli,7038060000.00,
5 . 2 . 2 . 35 . 02,Jasa Yuri Perlombaan/Pelatih,434825000.00,
5 . 2 . 2 . 35 . 03,Jasa Petugas Entry Data dan Digital SIG,53090000.00,
5 . 2 . 2 . 35 . 04,Jasa TIM Intensifikasi PBB,1007920000.00,
5 . 2 . 2 . 35 . 05,Jasa Peserta Seminar/Simposium /Workshop/Sosialisasi,3386483500.00,
5 . 2 . 2 . 35 . 06,Jasa Tenaga Harian Lepas,8708155100.00,
5 . 2 . 2 . 35 . 08,Jasa Petugas Pengumpul/Validasi Data,704769000.00,
5 . 2 . 2 . 35 . 09,Jasa Petugas Lapangan,4280066000.00,
5 . 2 . 2 . 35 . 10,Jasa Penyelenggaraan Kegiatan,0,
5 . 2 . 2 . 37,Uang Untuk Diberikan Kepada Pihak Ketiga/Masyarakat,3087842500.00,
5 . 2 . 2 . 37 . 01,Uang Untuk Diberikan Kepada Pihak Ketiga/Masyarakat,3087842500.00,
5 . 2 . 2 . 38,Belanja Jasa Pentas/Pertunjukan,1346670000.00,
5 . 2 . 2 . 38 . 01,Belanja Jasa Pentas/Pertunjukan,1346670000.00,
5 . 2 . 2 . 39,Uang Saku Pengiriman Perlombaan,53400000.00,
5 . 2 . 2 . 39 . 01,Uang Saku Pengiriman Atlit / Pelajar Berprestasi,53400000.00,
5 . 2 . 2 . 40,Belanja Jasa Upgrade,210700000.00,
5 . 2 . 2 . 40 . 01,Belanja Jasa Upgrade Software,210700000.00,
5 . 2 . 2 . 41,Belanja Jasa Penyusunan SPT,65000000.00,
5 . 2 . 2 . 41 . 01,Belanja Jasa Penyusunan SPT,65000000.00,
5 . 2 . 2 . 42,Belanja Jasa Ujian Seleksi,63000000.00,
5 . 2 . 2 . 42 . 02,Belanja Jasa Assesment,15000000.00,
5 . 2 . 2 . 42 . 03,Belanja Jasa Seleksi CPNS,48000000.00,
5 . 2 . 2 . 43,Belanja Jasa Perekrutan Pegawai Outsourcing,24576000.00,
5 . 2 . 2 . 43 . 01,Belanja Jasa Perekrutan Pegawai Outsourcing,24576000.00,
5 . 2 . 2 . 44,Belanja Jasa Bongkar,20800000.00,
5 . 2 . 2 . 44 . 01,Belanja Jasa Bongkar,20800000.00,
5 . 2 . 2 . 45,Belanja Jasa Pengadaan Aplikasi,439425000.00,
5 . 2 . 2 . 45 . 01,Belanja Jasa Pengadaan Aplikasi,439425000.00,
5 . 2 . 3,Belanja Modal,293496091675.00,
5 . 2 . 3 . 11,Belanja Modal Tanah - Pengadaan Tanah Untuk Bangunan Gedung,5286405400.00,
5 . 2 . 3 . 11 . 02,Belanja Modal Tanah - Pengadaan Tanah Untuk Bangunan Gedung Perdagangan/Perusahaan,4233800000.00,
5 . 2 . 3 . 11 . 04,Belanja Modal Tanah - Pengadaan Tanah Untuk Bangunan Tempat Kerja/Jasa,1052605400.00,
5 . 2 . 3 . 13,Belanja Modal Tanah - Pengadaan Tanah Untuk Bangunan Bukan Gedung,1894370000.00,
5 . 2 . 3 . 13 . 01,Belanja Modal Tanah - Pengadaan Tanah Lapangan Olah Raga,1526200000.00,
5 . 2 . 3 . 13 . 02,Belanja Modal Tanah - Pengadaan Tanah Lapangan Parkir,20000000.00,
5 . 2 . 3 . 13 . 07,Belanja Modal Tanah - Pengadaan Tanah Untuk Bangunan Jalan,0,
5 . 2 . 3 . 13 . 13,Belanja Modal Tanah - Pengadaan Tanah Untuk Bangunan Tempat Ibadah,348170000.00,
5 . 2 . 3 . 16,Belanja Modal Peralatan dan Mesin - Pengadaan Alat-alat Bantu,333335000.00,
5 . 2 . 3 . 16 . 01,Belanja Modal Peralatan dan Mesin - Pengadaan Alat Penarik,70840000.00,
5 . 2 . 3 . 16 . 03,Belanja Modal Peralatan dan Mesin - Pengadaan Compressor,3750000.00,
5 . 2 . 3 . 16 . 04,Belanja Modal Peralatan dan Mesin - Pengadaan Electric Generating Set,133800000.00,
5 . 2 . 3 . 16 . 05,Belanja Modal Peralatan dan Mesin - Pengadaan Pompa,72750000.00,
5 . 2 . 3 . 16 . 08,Belanja Modal Peralatan dan Mesin - Pengadaan Alat Pengolahan Air Kotor,52195000.00,
5 . 2 . 3 . 17,Belanja Modal Peralatan dan Mesin - Pengadaan Alat Angkutan Darat Bermotor,5545012800.00,
5 . 2 . 3 . 17 . 03,Belanja Modal Peralatan dan Mesin - Pengadaan Kendaraan Bermotor Angkutan Barang,834838000.00,
5 . 2 . 3 . 17 . 04,Belanja Modal Peralatan dan Mesin - Pengadaan Kendaraan Bermotor Khusus,3594934800.00,
5 . 2 . 3 . 17 . 05,Belanja Modal Peralatan dan Mesin - Pengadaan Kendaraan Bermotor Beroda Dua,857190000.00,
5 . 2 . 3 . 17 . 06,Belanja Modal Peralatan dan Mesin - Pengadaan Kendaraan Bermotor Beroda Tiga,258050000.00,
5 . 2 . 3 . 18,Belanja Modal Peralatan dan Mesin - Pengadaan Alat Angkutan Darat Tak Bermotor,112300000.00,
5 . 2 . 3 . 18 . 01,Belanja Modal Peralatan dan Mesin - Pengadaan Kendaraan Bermotor Angkutan Barang,75000000.00,
5 . 2 . 3 . 18 . 02,Belanja Modal Peralatan dan Mesin - Pengadaan Kendaraan Tak Bermotor Berpenumpang,37300000.00,
5 . 2 . 3 . 22,Belanja Modal Peralatan dan Mesin - Pengadaan Alat Bengkel Bermesin,78800000.00,
5 . 2 . 3 . 22 . 02,Belanja Modal Peralatan dan Mesin - Pengadaan Perkakas Konstruksi Logam yang Berpindah,60800000.00,
5 . 2 . 3 . 22 . 04,Belanja Modal Peralatan dan Mesin - Perkakas Bengkel Service,4000000.00,
5 . 2 . 3 . 22 . 06,Belanja Modal Peralatan dan Mesin - Pengadaan Perkakas Bengkel Kayu,10000000.00,
5 . 2 . 3 . 22 . 08,Belanja Modal Peralatan dan Mesin - Pengadaan Peralatan Las,4000000.00,
5 . 2 . 3 . 23,Belanja Modal Peralatan dan Mesin - Pengadaan Alat Bengkel Tak Bermesin,9500000.00,
5 . 2 . 3 . 23 . 02,Belanja Modal Peralatan dan Mesin - Pengadaan Perkakas Bengkel Listrik,7000000.00,
5 . 2 . 3 . 23 . 04,Belanja Modal Peralatan dan Mesin - Pengadaan Perkakas Pengangkat,2500000.00,
5 . 2 . 3 . 24,Belanja Modal Peralatan dan Mesin - Pengadaan Alat Ukur,265895000.00,
5 . 2 . 3 . 24 . 01,Belanja Modal Peralatan dan Mesin - Pengadaan Alat Ukur Universal,26000000.00,
5 . 2 . 3 . 24 . 08,Belanja Modal Peralatan dan Mesin - Pengadaan Alat Ukur/Pembanding,175870000.00,
5 . 2 . 3 . 24 . 09,Belanja Modal Peralatan dan Mesin - Pengadaan Alat Ukur,61525000.00,
5 . 2 . 3 . 24 . 10,Belanja Modal Peralatan dan Mesin - Pengadaan Alat Timbangan/Blora,2000000.00,
5 . 2 . 3 . 24 . 11,Belanja Modal Peralatan dan Mesin - Pengadaan Anak Timbangan/Biasa,500000.00,
5 . 2 . 3 . 25,Belanja Modal Peralatan dan Mesin - Pengadaan Alat Pengolahan,2559750000.00,
5 . 2 . 3 . 25 . 01,Belanja Modal Peralatan dan Mesin - Pengadaan Alat Pengolahan Tanah dan Tanaman,606775000.00,
5 . 2 . 3 . 25 . 02,Belanja Modal Peralatan dan Mesin - Pengadaan Alat Panen/Pengolahan,4000000.00,
5 . 2 . 3 . 25 . 06,Belanja Modal Peralatan dan Mesin - Pengadaan Alat Procesing,137675000.00,
5 . 2 . 3 . 25 . 07,Belanja Modal Peralatan dan Mesin - Pengadaan Alat Pasca Panen,1339450000.00,
5 . 2 . 3 . 25 . 08,Belanja Modal Peralatan dan Mesin - Pengadaan Alat Pengolahan Produksi Perikanan,471850000.00,
5 . 2 . 3 . 26,Belanja Modal Peralatan dan Mesin - Pengadaan Alat Pemeliharaan Tanaman/Alat Penyimpan,662117600.00,
5 . 2 . 3 . 26 . 01,Belanja Modal Peralatan dan Mesin - Pengadaan Alat Pemeliharaan Tanaman,39000000.00,
5 . 2 . 3 . 26 . 03,Belanja Modal Peralatan dan Mesin - Pengadaan Alat Penyimpanan,6460000.00,
5 . 2 . 3 . 26 . 04,Belanja Modal Peralatan dan Mesin - Pengadaan Alat Laboratorium,616657600.00,
5 . 2 . 3 . 27,Belanja Modal Peralatan dan Mesin - Pengadaan Alat Kantor,1165726000.00,
5 . 2 . 3 . 27 . 01,Belanja Modal Peralatan dan Mesin - Pengadaan Mesin Ketik,69460000.00,
5 . 2 . 3 . 27 . 02,Belanja Modal Peralatan dan Mesin - Pengadaan Mesin Hitung/Jumlah,16600000.00,
5 . 2 . 3 . 27 . 03,Belanja Modal Peralatan dan Mesin - Pengadaan Alat Reproduksi (Pengganda),7800000.00,
5 . 2 . 3 . 27 . 04,Belanja Modal Peralatan dan Mesin - Pengadaan Alat Penyimpanan Perlengkapan Kantor,209681000.00,
5 . 2 . 3 . 27 . 05,Belanja Modal Peralatan dan Mesin - Pengadaan Alat Kantor,862185000.00,
5 . 2 . 3 . 28,Belanja Modal Peralatan dan Mesin - Pengadaan Alat Rumah Tangga,3641026525.00,
5 . 2 . 3 . 28 . 01,Belanja Modal Peralatan dan Mesin - Pengadaan Meubelair,2453575225.00,
5 . 2 . 3 . 28 . 02,Belanja Modal Peralatan dan Mesin - Pengadaan Alat Pengukur Waktu,2100000.00,
5 . 2 . 3 . 28 . 03,Belanja Modal Peralatan dan Mesin - Pengadaan Alat Pembersih,48400000.00,
5 . 2 . 3 . 28 . 04,Belanja Modal Peralatan dan Mesin - Pengadaan Alat Pendingin,625553800.00,
5 . 2 . 3 . 28 . 05,Belanja Modal Peralatan dan Mesin - Pengadaan Alat Dapur,44730000.00,
5 . 2 . 3 . 28 . 06,Belanja Modal Peralatan dan Mesin - Pengadaan Alat Rumah Tangga  (Home Use),379717500.00,
5 . 2 . 3 . 28 . 07,Belanja Modal Peralatan dan Mesin - Pengadaan Alat Pemadam Kebakaran,86950000.00,
5 . 2 . 3 . 29,Belanja Modal Peralatan dan Mesin - Pengadaan  Komputer,4989224310.00,
5 . 2 . 3 . 29 . 01,Belanja Modal Peralatan dan Mesin - Pengadaan Komputer Unit Jaringan,66500000.00,
5 . 2 . 3 . 29 . 02,Belanja Modal Peralatan dan Mesin - Pengadaan Personal Komputer,2877114610.00,
5 . 2 . 3 . 29 . 03,Belanja Modal Peralatan dan Mesin - Pengadaan Peralatan Komputer Mainframe,327713000.00,
5 . 2 . 3 . 29 . 04,Belanja Modal Peralatan dan Mesin - Pengadaan Peralatan Mini Komputer,142840000.00,
5 . 2 . 3 . 29 . 05,Belanja Modal Peralatan dan Mesin - Pengadaan Peralatan Personal Komputer,1116156700.00,
5 . 2 . 3 . 29 . 06,Belanja Modal Peralatan dan Mesin - Pengadaan Peralatan Jaringan,458900000.00,
5 . 2 . 3 . 30,Belanja Modal Peralatan dan Mesin - Pengadaan Meja Dan Kursi Kerja/Rapat Pejabat,1151785000.00,
5 . 2 . 3 . 30 . 01,Belanja Modal Peralatan dan Mesin - Pengadaan Meja Kerja Pejabat,68000000.00,
5 . 2 . 3 . 30 . 02,Belanja Modal Peralatan dan Mesin - Pengadaan Meja Rapat Pejabat,225550000.00,
5 . 2 . 3 . 30 . 03,Belanja Modal Peralatan dan Mesin - Pengadaan Kursi Kerja Pejabat,185550000.00,
5 . 2 . 3 . 30 . 04,Belanja Modal Peralatan dan Mesin - Pengadaan Kursi Rapat Pejabat,349960000.00,
5 . 2 . 3 . 30 . 06,Belanja Modal Peralatan dan Mesin - Pengadaan Kursi Tamu di Ruangan Pejabat,101950000.00,
5 . 2 . 3 . 30 . 07,Belanja Modal Peralatan dan Mesin - Pengadaan Lemari dan Arsip Pejabat,220775000.00,
5 . 2 . 3 . 31,Belanja Modal Peralatan dan Mesin - Pengadaan Alat Studio,1395486100.00,
5 . 2 . 3 . 31 . 01,Belanja Modal Peralatan dan Mesin - Pengadaan Peralatan Studio Visual,1212997600.00,
5 . 2 . 3 . 31 . 02,Belanja Modal Peralatan dan Mesin - Pengadaan Peralatan Studio Video dan Film,140247500.00,
5 . 2 . 3 . 31 . 04,Belanja Modal Peralatan dan Mesin - Pengadaan Peralatan Cetak,12400000.00,
5 . 2 . 3 . 31 . 05,Belanja Modal Peralatan dan Mesin - Pengadaan Peralatan Computing,19841000.00,
5 . 2 . 3 . 31 . 06,Belanja Modal Peralatan dan Mesin - Pengadaan Peralatan Pemetaan Ukur,10000000.00,
5 . 2 . 3 . 32,Belanja Modal Peralatan dan Mesin - Pengadaan Alat Komunikasi,796965000.00,
5 . 2 . 3 . 32 . 01,Belanja Modal Peralatan dan Mesin - Pengadaan Alat Komunikasi Telephone,560950000.00,
5 . 2 . 3 . 32 . 04,Belanja Modal Peralatan dan Mesin - Pengadaan Alat Komunikasi Radio VHF,15500000.00,
5 . 2 . 3 . 32 . 05,Belanja Modal Peralatan dan Mesin - Pengadaan Alat Komunikasi Radio UHF,8000000.00,
5 . 2 . 3 . 32 . 06,Belanja Modal Peralatan dan Mesin - Pengadaan Alat Komunikasi Sosial,212515000.00,
5 . 2 . 3 . 33,Belanja Modal Peralatan dan Mesin - Pengadaan Peralatan Pemancar,37850000.00,
5 . 2 . 3 . 33 . 03,Belanja Modal Peralatan dan Mesin - Pengadaan Peralatan Pemancar VHF/FM,36000000.00,
5 . 2 . 3 . 33 . 10,Belanja Modal Peralatan dan Mesin - Pengadaan Peralatan Antena SHF/Parabola,1850000.00,
5 . 2 . 3 . 34,Belanja Modal Peralatan dan Mesin - Pengadaan Alat Kedokteran,1163658000.00,
5 . 2 . 3 . 34 . 01,Belanja Modal Peralatan dan Mesin - Pengadaan Alat Kedokteran Umum,905728000.00,
5 . 2 . 3 . 34 . 02,Belanja Modal Peralatan dan Mesin - Pengadaan Alat Kedokteran Gigi,102780000.00,
5 . 2 . 3 . 34 . 04,Belanja Modal Peralatan dan Mesin - Pengadaan Alat Kedokteran Mata,3000000.00,
5 . 2 . 3 . 34 . 05,Belanja Modal Peralatan dan Mesin - Pengadaan Alat Kedokteran T.H.T,10500000.00,
5 . 2 . 3 . 34 . 07,Belanja Modal Peralatan dan Mesin - Pengadaan Alat Farmasi,7000000.00,
5 . 2 . 3 . 34 . 09,Belanja Modal Peralatan dan Mesin - Pengadaan Alat Kesehatan Kebidanan dan Penyakit Kandungan,65950000.00,
5 . 2 . 3 . 34 . 12,Belanja Modal Peralatan dan Mesin - Pengadaan Alat Kesehatan Anak,5750000.00,
5 . 2 . 3 . 34 . 13,Belanja Modal Peralatan dan Mesin - Pengadaan Poliklinik Set,29000000.00,
5 . 2 . 3 . 34 . 16,Belanja Modal Peralatan dan Mesin - Pengadaan Alat Kedokteran Jantung,24000000.00,
5 . 2 . 3 . 34 . 20,Belanja Modal Peralatan dan Mesin - Pengadaan Alat Kedokteran Gawat Darurat,9950000.00,
5 . 2 . 3 . 35,Belanja Modal Peralatan dan Mesin - Pengadaan Alat Kesehatan,7460898330.00,
5 . 2 . 3 . 35 . 01,Belanja Modal Peralatan dan Mesin - Pengadaan Alat Kesehatan Perawatan,7358298330.00,
5 . 2 . 3 . 35 . 02,Belanja Modal Peralatan dan Mesin - Pengadaan Alat Kesehatan Rehabilitasi Medis,28600000.00,
5 . 2 . 3 . 35 . 05,Belanja Modal Peralatan dan Mesin - Pengadaan Alat Kesehatan Kedokteran Kepolisian,74000000.00,
5 . 2 . 3 . 36,Belanja Modal Peralatan dan Mesin - Pengadaan Unit-Unit Laboratorium,2618400000.00,
5 . 2 . 3 . 36 . 03,Belanja Modal Peralatan dan Mesin - Pengadaan Alat Laboratorium Hidro Kimia,50900000.00,
5 . 2 . 3 . 36 . 08,Belanja Modal Peralatan dan Mesin - Pengadaan Alat laboratorium Mekanik Tanah dan Batuan,41000000.00,
5 . 2 . 3 . 36 . 12,Belanja Modal Peralatan dan Mesin - Pengadaan Alat Laboratorium Umum,18750000.00,
5 . 2 . 3 . 36 . 14,Belanja Modal Peralatan dan Mesin - Pengadaan Alat Laboratorium Kedokteran,113500000.00,
5 . 2 . 3 . 36 . 18,Belanja Modal Peralatan dan Mesin - Pengadaan Alat Laboratorium Patologi,2310350000.00,
5 . 2 . 3 . 36 . 20,Belanja Modal Peralatan dan Mesin - Pengadaan Alat Laboratorium Hematologi,73000000.00,
5 . 2 . 3 . 36 . 46,Belanja Modal Peralatan dan Mesin - Pengadaan Alat Laboratorium Pertanian,7500000.00,
5 . 2 . 3 . 36 . 60,Belanja Modal Peralatan dan Mesin - Pengadaan Alat Laboratorium Kesehatan Kerja,2500000.00,
5 . 2 . 3 . 36 . 63,Belanja Modal Peralatan dan Mesin - Pengadaan Alat Laboratorium,900000.00,
5 . 2 . 3 . 37,Belanja Modal Peralatan dan Mesin - Pengadaan Alat Peraga/Praktek Sekolah,5365205000.00,
5 . 2 . 3 . 37 . 01,Belanja Modal Peralatan dan Mesin - Pengadaan Bidang Studi : Bahasa Indonesia,770800000.00,
5 . 2 . 3 . 37 . 02,Belanja Modal Peralatan dan Mesin - Pengadaan Bidang Studi : Matematika,413190000.00,
5 . 2 . 3 . 37 . 03,Belanja Modal Peralatan dan Mesin - Pengadaan Bidang Studi : IPA Dasar,398950000.00,
5 . 2 . 3 . 37 . 07,Belanja Modal Peralatan dan Mesin - Pengadaan Bidang Studi : IPS,288350000.00,
5 . 2 . 3 . 37 . 08,Belanja Modal Peralatan dan Mesin - Pengadaan Bidang Studi : Agama Islam,483450000.00,
5 . 2 . 3 . 37 . 11,Belanja Modal Peralatan dan Mesin - Pengadaan Bidang Studi : Olah Raga,757290000.00,
5 . 2 . 3 . 37 . 13,Belanja Modal Peralatan dan Mesin - Pengadaan Bidang Pendidikan/Ketrampilan Lain-lain,2253175000.00,
5 . 2 . 3 . 42,Belanja Modal Peralatan dan Mesin - Pengadaan Alat Laboratorium Lingkungan Hidup,5000000.00,
5 . 2 . 3 . 42 . 05,Belanja Modal Peralatan dan Mesin - Pengadaan Alat Laboratorium Penunjang,5000000.00,
5 . 2 . 3 . 48,Belanja Modal Peralatan dan Mesin -Pengadaan Alat Keamanan dan Perlindungan,93175000.00,
5 . 2 . 3 . 48 . 01,Belanja Modal Peralatan dan Mesin -Pengadaan Alat Bantu Kemanan,73075000.00,
5 . 2 . 3 . 48 . 02,Belanja Modal Peralatan dan Mesin -Pengadaan Alat Perlindungan,20100000.00,
5 . 2 . 3 . 49,Belanja Modal Gedung dan Bangunan - Pengadaan Bangunan Gedung Tempat Kerja,62393981260.00,
5 . 2 . 3 . 49 . 01,Belanja Modal Gedung dan Bangunan - Pengadaan Bangunan Gedung Kantor,11563897830.00,
5 . 2 . 3 . 49 . 02,Belanja Modal Gedung dan Bangunan - Pengadaan Bangunan Gudang,961779400.00,
5 . 2 . 3 . 49 . 05,Belanja Modal Gedung dan Bangunan - Pengadaan Bangunan Gedung Laboratorium,46850000.00,
5 . 2 . 3 . 49 . 06,Belanja Modal Gedung dan Bangunan - Pengadaan Bangunan Kesehatan,10753495150.00,
5 . 2 . 3 . 49 . 08,Belanja Modal Gedung dan Bangunan - Pengadaan Bangunan Gedung Tempat Ibadah,329705000.00,
5 . 2 . 3 . 49 . 09,Belanja Modal Gedung dan Bangunan - Pengadaan Bangunan Gedung Tempat Pertemuan,184898500.00,
5 . 2 . 3 . 49 . 10,Belanja Modal Gedung dan Bangunan - Pengadaan Bangunan Gedung Tempat Pendidikan,19701648000.00,
5 . 2 . 3 . 49 . 11,Belanja Modal Gedung dan Bangunan - Pengadaan Bangunan Gedung Tempat Olah Raga,1690000000.00,
5 . 2 . 3 . 49 . 12,Belanja Modal Gedung dan Bangunan - Pengadaan Bangunan Gedung Pertokoan/Koperasi/Pasar,15205712000.00,
5 . 2 . 3 . 49 . 13,Belanja Modal Gedung dan Bangunan - Pengadaan Bangunan Gedung Untuk Pos Jaga,204270000.00,
5 . 2 . 3 . 49 . 14,Belanja Modal Gedung dan Bangunan - Pengadaan Bangunan Gedung Garasi/Pool,186000000.00,
5 . 2 . 3 . 49 . 15,Belanja Modal Gedung dan Bangunan - Pengadaan Bangunan Gedung Pemotongan Hewan,122580380.00,
5 . 2 . 3 . 49 . 18,Belanja Modal Gedung dan Bangunan - Pengadaan Bangunan Kandang Hewan/Ternak,232195000.00,
5 . 2 . 3 . 49 . 19,Belanja Modal Gedung dan Bangunan - Pengadaan Bangunan Gedung Perpustakaan,1210950000.00,
5 . 2 . 3 . 51,Belanja Modal Gedung dan Bangunan - Pengadaan Bangunan Menara,201350000.00,
5 . 2 . 3 . 51 . 01,Belanja Modal Gedung dan Bangunan - Pengadaan Bangunan Menara Perambuan Penerang Pantai,201350000.00,
5 . 2 . 3 . 52,Belanja Modal Gedung dan Bangunan - Pengadaan Bangunan Bersejarah,1209400000.00,
5 . 2 . 3 . 52 . 02,Belanja Modal Gedung dan Bangunan - Pengadaan Bangunan Rumah Adat,209400000.00,
5 . 2 . 3 . 52 . 04,Belanja Modal Gedung dan Bangunan - Pengadaan Bangunan Makam Sejarah,1000000000.00,
5 . 2 . 3 . 56,Belanja Modal Gedung dan Bangunan - Pengadaan Bangunan Tugu Titik Kontrol/Pasti,53890000.00,
5 . 2 . 3 . 56 . 01,Belanja Modal Gedung dan Bangunan - Pengadaan Bangunan Tugu/Tanda Batas,53890000.00,
5 . 2 . 3 . 57,Belanja Modal Gedung dan Bangunan - Pengadaan Bangunan Rambu-Rambu,1510997050.00,
5 . 2 . 3 . 57 . 01,Belanja Modal Gedung dan Bangunan - Pengadaan Bangunan Rambu Bersuar Lalu Lintas Darat,555775000.00,
5 . 2 . 3 . 57 . 02,Belanja Modal Gedung dan Bangunan - Pengadaan Bangunan Rambu Tidak Bersuar,955222050.00,
5 . 2 . 3 . 59,"Belanja Modal Jalan, Irigasi dan Jaringan - Pengadaan Jalan",102091387500.00,
5 . 2 . 3 . 59 . 03,"Belanja Modal Jalan, Irigasi dan Jaringan - Pengadaan Jalan Kabupaten/Kota",36761905000.00,
5 . 2 . 3 . 59 . 04,"Belanja Modal Jalan, Irigasi dan Jaringan - Pengadaan Jalan Desa",65329482500.00,
5 . 2 . 3 . 60,"Belanja Modal Jalan, Irigasi dan Jaringan - Pengadaan Jembatan",3298600000.00,
5 . 2 . 3 . 60 . 09,"Belanja Modal Jalan, Irigasi dan Jaringan - Pengadaan Jembatan Penyeberangan",3298600000.00,
5 . 2 . 3 . 61,"Belanja Modal Jalan, Irigasi dan Jaringan - Pengadaan Bangunan Air Irigasi",29815741800.00,
5 . 2 . 3 . 61 . 01,"Belanja Modal Jalan, Irigasi dan Jaringan - Pengadaan Bangunan Waduk Irigasi",452920000.00,
5 . 2 . 3 . 61 . 03,"Belanja Modal Jalan, Irigasi dan Jaringan - Pengadaan Bangunan Pembawa Irigasi",14217531800.00,
5 . 2 . 3 . 61 . 04,"Belanja Modal Jalan, Irigasi dan Jaringan - Pengadaan Bangunan Pembuang Irigasi",11621639000.00,
5 . 2 . 3 . 61 . 05,"Belanja Modal Jalan, Irigasi dan Jaringan - Pengadaan Bangunan Pengaman Irigasi",3268941000.00,
5 . 2 . 3 . 61 . 06,"Belanja Modal Jalan, Irigasi dan Jaringan - Pengadaan Bangunan Pelengkap Irigasi",254710000.00,
5 . 2 . 3 . 66,"Belanja Modal Jalan, Irigasi dan Jaringan - Pengadaan Bangunan Air Bersih/Baku",24000000.00,
5 . 2 . 3 . 66 . 05,"Belanja Modal Jalan, Irigasi dan Jaringan - Pengadaan Bangunan Pelengkap Air Bersih/Air Baku",24000000.00,
5 . 2 . 3 . 68,"Belanja Modal Jalan, Irigasi dan Jaringan - Pengadaan Bangunan Air",2236415750.00,
5 . 2 . 3 . 68 . 02,"Belanja Modal Jalan, Irigasi dan Jaringan - Pengadaan Bangunan Air Tawar",2236415750.00,
5 . 2 . 3 . 69,"Belanja Modal Jalan, Irigasi dan Jaringan - Pengadaan Instalasi Air Minum/Air Bersih",2271252750.00,
5 . 2 . 3 . 69 . 01,"Belanja Modal Jalan, Irigasi dan Jaringan - Pengadaan Air Muka Tanah",994977750.00,
5 . 2 . 3 . 69 . 02,"Belanja Modal Jalan, Irigasi dan Jaringan - Pengadaan Air Sumber /Mata Air",5000000.00,
5 . 2 . 3 . 69 . 03,"Belanja Modal Jalan, Irigasi dan Jaringan - Pengadaan Air Tanah Dalam",611275000.00,
5 . 2 . 3 . 69 . 04,"Belanja Modal Jalan, Irigasi dan Jaringan - Pengadaan Air Tanah Dangkal",660000000.00,
5 . 2 . 3 . 70,"Belanja Modal Jalan, Irigasi dan Jaringan - Pengadaan Instalasi Air Kotor",4265745000.00,
5 . 2 . 3 . 70 . 01,"Belanja Modal Jalan, Irigasi dan Jaringan - Pengadaan Instalasi Air Kotor",4265745000.00,
5 . 2 . 3 . 73,"Belanja Modal Jalan, Irigasi dan Jaringan - Pengadaan Instalasi Pembangkit Listrik",6500000.00,
5 . 2 . 3 . 73 . 02,"Belanja Modal Jalan, Irigasi dan Jaringan - Pengadaan Pembangkit Listrik Tenaga Diesel",6500000.00,
5 . 2 . 3 . 78,"Belanja Modal Jalan, Irigasi dan Jaringan - Pengadaan Jaringan Air Minum",4684259000.00,
5 . 2 . 3 . 78 . 02,"Belanja Modal Jalan, Irigasi dan Jaringan - Pengadaan Jaringan Induk Distribusi",4684259000.00,
5 . 2 . 3 . 79,"Belanja Modal Jalan, Irigasi dan Jaringan - Pengadaan Jaringan Listrik",3511400000.00,
5 . 2 . 3 . 79 . 02,"Belanja Modal Jalan, Irigasi dan Jaringan - Pengadaan Jaringan Distribusi",3511400000.00,
5 . 2 . 3 . 80,"Belanja Modal Jalan, Irigasi dan Jaringan - Pengadaan Jaringan Telepon",83500000.00,
5 . 2 . 3 . 80 . 01,"Belanja Modal Jalan, Irigasi dan Jaringan - Pengadaan Jaringan Telepon Di atas Tanah",83500000.00,
5 . 2 . 3 . 82,Belanja Modal Aset Tetap Lainnya - Pengadaan Buku,638995500.00,
5 . 2 . 3 . 82 . 01,Belanja Modal Aset Tetap Lainnya - Pengadaan Buku Ilmu Pengetahuan Umum,582695500.00,
5 . 2 . 3 . 82 . 03,Belanja Modal Aset Tetap Lainnya - Pengadaan Buku Keagamaan,9600000.00,
5 . 2 . 3 . 82 . 04,Belanja Modal Aset Tetap Lainnya - Pengadaan Buku Ilmu Sosial,700000.00,
5 . 2 . 3 . 82 . 07,Belanja Modal Aset Tetap Lainnya - Pengadaan Buku Ilmu Pengetahuan Praktis,2000000.00,
5 . 2 . 3 . 82 . 08,"Belanja Modal Aset Tetap Lainnya - Pengadaan Buku Arsitektur,  Kesenian, Olah raga",44000000.00,
5 . 2 . 3 . 83,Belanja Modal Aset Tetap Lainnya - Pengadaan Terbitan,2600000.00,
5 . 2 . 3 . 83 . 01,Belanja Modal Aset Tetap Lainnya - Pengadaan Terbitan Berkala,2600000.00,
5 . 2 . 3 . 85,Belanja Modal Aset Tetap Lainnya - Pengadaan Barang Bercorak Kebudayaan,331000000.00,
5 . 2 . 3 . 85 . 03,Belanja Modal Aset Tetap Lainnya - Pengadaan Barang Bercorak Kebudayaan Alat Kesenian,330000000.00,
5 . 2 . 3 . 85 . 06,Belanja Modal Aset Tetap Lainnya - Pengadaan Barang Bercorak Kebudayaan Maket dan Foto Dokumen,1000000.00,
5 . 2 . 3 . 86,Belanja Modal Aset Tetap Lainnya - Pengadaan Alat Olah Raga,46886000.00,
5 . 2 . 3 . 86 . 04,Belanja Modal Aset Tetap Lainnya - Pengadaan Alat Olah Raga,46886000.00,
5 . 2 . 3 . 87,Belanja Modal Aset Tetap Lainnya - Pengadaan Hewan,18450000.00,
5 . 2 . 3 . 87 . 04,Belanja Modal Aset Tetap Lainnya - Pengadaan Binatang Ikan,18450000.00,
5 . 2 . 3 . 88,Belanja Modal Aset Tetap Lainnya - Pengadaan Tanaman,1164420000.00,
5 . 2 . 3 . 88 . 02,Belanja Modal Aset Tetap Lainnya - Pengadaan Tanaman Holtikultura,20000000.00,
5 . 2 . 3 . 88 . 04,Belanja Modal Aset Tetap Lainnya - Pengadaan Tanaman Hias,1144420000.00,
5 . 2 . 3 . 89,Belanja Modal Aset Tetap Lainnya - Pengadaan Aset Tetap Renovasi,123000000.00,
5 . 2 . 3 . 89 . 01,Belanja Modal Aset Tetap Lainnya - Pengadaan Aset Tetap Renovasi,123000000.00,
5 . 2 . 3 . 90,Belanja Modal BLUD,26880435000.00,
5 . 2 . 3 . 90 . 02,Belanja Modal BLUD - Peralatan Mesin,18951435000.00,
5 . 2 . 3 . 90 . 03,Belanja Modal BLUD - Gedung dan Bangunan,7729000000.00,
5 . 2 . 3 . 90 . 04,"Belanja Modal BLUD - Jalan, Jaringan dan Instalasi",200000000.00,
,SURPLUS / (DEFISIT),-122022260957.00,
6,PEMBIAYAAN DAERAH,122022260957.00,
6 . 1,PENERIMAAN PEMBIAYAAN DAERAH,148713260957.00,
6 . 1 . 1,Sisa Lebih Perhitungan Anggaran Tahun Anggaran Sebelumnya,138522260957.00,
6 . 1 . 1 . 07,Sisa Lebih Perhitungan Anggaran Tahun Anggaran Sebelumnya,138522260957.00,
6 . 1 . 1 . 07 . 01,Sisa Lebih Perhitungan Anggaran Tahun Anggaran Sebelumnya,138522260957.00,
6 . 1 . 7,Penerimaan Kembali Investasi Dana Bergulir,10191000000.00,
6 . 1 . 7 . 01,Penerimaan Kembali Investasi Dana Bergulir,10191000000.00,
6 . 1 . 7 . 01 . 01,Penerimaan Kembali Investasi Dana Bergulir,10191000000.00,
6 . 2,PENGELUARAN PEMBIAYAAN DAERAH,26691000000.00,
6 . 2 . 2,Penyertaan Modal (Investasi) Pemerintah Daerah,16500000000.00,
6 . 2 . 2 . 02,Badan Usaha Milik Daerah (BUMD),16500000000.00,
6 . 2 . 2 . 02 . 01,Penyertaan Modal pada Bank,16500000000.00,
6 . 2 . 5,Dana Bergulir,10191000000.00,
6 . 2 . 5 . 01,Dana Bergulir,10191000000.00,
6 . 2 . 5 . 01 . 01,Dana Bergulir,10191000000.00,
,PEMBIAYAAN NETTO,122022260957.00,
