Judul,Penjabaran Anggaran Pendaptan dan Belanja Daerah,,
Daerah,Kabupaten Bantul,,
Tahun,2015,,
Kode Organisasi,1.17.01,,
Nama Organisasi,Dinas Kebudayaan dan Pariwisata,,
Kolom,4,,
No. Rekening,Uraian,Jumlah,Keterangan
1.17 . 1.17.01 . 00 . 00 . 4 , PENDAPATAN ,10500000000,
1.17 . 1.17.01 . 00 . 00 . 4 . 1 , PENDAPATAN ASLI DAERAH ,10500000000,
1.17 . 1.17.01 . 00 . 00 . 4 . 1 . 2 , Hasil Retribusi Daerah ,10496248750,
1.17 . 1.17.01 . 00 . 00 . 4 . 1 . 2 . 02 , Retribusi Jasa Usaha ,10496248750,
1.17 . 1.17.01 . 00 . 00 . 4 . 1 . 2 . 02 . 21 , Retribusi Tempat Rekreasi dan Olahraga ,10496248750," Perda Kab. Bantul Nomor 7 Tahun 2011
OW Pantai Goa Cemara92,728 org x 2.750,00 = 255.002.000,00
OW Pantai Kwaru72,728 org x 2.750,00 = 200.002.000,00
OW Goa Selarong43,637 org x 2.750,00 = 120.001.750,00
OW Pantai Parangtritis2,453,796 org x 3.750,00 = 9.201.735.000,00
OW Pantai Samas65,456 org x 2.750,00 = 180.004.000,00
OW Pantai Pandansimo145,456 org x 2.750,00 = 400.004.000,00
OW Goa Cerme10,000 org x 2.750,00 = 27.500.000,00
KR. Tirtatamansari1 Tahun x 112.000.000,00 = 112.000.000,00"
1.17 . 1.17.01 . 00 . 00 . 4 . 1 . 4 , Lain-lain Pendapatan Asli Daerah yang Sah ,3751250,
1.17 . 1.17.01 . 00 . 00 . 4 . 1 . 4 . 18 , Lain-lain PAD yang Sah Lainnya ,3751250,
1.17 . 1.17.01 . 00 . 00 . 4 . 1 . 4 . 18 . 04 , Pendapatan dari Sewa Gedung ,3751250," Sewa Gedung1 Tahun x 3.751.250,00 = 3.751.250,00"
1.17 . 1.17.01 . 00 . 00 . 5 , BELANJA ,11516195000,
1.17 . 1.17.01 . 00 . 00 . 5 . 1 , BELANJA TIDAK LANGSUNG ,5098280000,
1.17 . 1.17.01 . 00 . 00 , Non Kegiatan ,5098280000, Sumber Dana : 
1.17 . 1.17.01 . 00 . 00 . 5 . 1 . 1 , Belanja Pegawai ,5098280000,
1.17 . 1.17.01 . 00 . 00 . 5 . 1 . 1 . 01 , Belanja Gaji dan Tunjangan ,5098280000,
1.17 . 1.17.01 . 00 . 00 . 5 . 1 . 1 . 01 . 01 , Gaji Pokok PNS/Uang Representasi ,4009366400," Gaji Pokok PNSGaji Pokok 1 th x 4.009.366.400,00 = 4.009.366.400,00"
1.17 . 1.17.01 . 00 . 00 . 5 . 1 . 1 . 01 . 02 , Tunjangan Keluarga ,349575694," Tunjangan Keluarga 1 th x 349.575.694,00 = 349.575.694,00"
1.17 . 1.17.01 . 00 . 00 . 5 . 1 . 1 . 01 . 03 , Tunjangan Jabatan ,160901000," Tunjangan Jabatan 1 th x 160.901.000,00 = 160.901.000,00"
1.17 . 1.17.01 . 00 . 00 . 5 . 1 . 1 . 01 . 04 , Tunjangan Fungsional ,0," Tunjangan Fungsional 1 th x 0,00 = 0,00"
1.17 . 1.17.01 . 00 . 00 . 5 . 1 . 1 . 01 . 05 , Tunjangan Fungsional Umum ,220563525," Tunjangan Fungsional Umum 1 th x 220.563.525,00 = 220.563.525,00"
1.17 . 1.17.01 . 00 . 00 . 5 . 1 . 1 . 01 . 06 , Tunjangan Beras ,270192000," Tunjangan Beras 1 th x 270.192.000,00 = 270.192.000,00"
1.17 . 1.17.01 . 00 . 00 . 5 . 1 . 1 . 01 . 07 , Tunjangan PPh/Tunjangan Khusus ,87614150," Tunjangan PPh/Tunjangan Khusus 1 th x 87.614.150,00 = 87.614.150,00"
1.17 . 1.17.01 . 00 . 00 . 5 . 1 . 1 . 01 . 08 , Pembulatan Gaji ,67231," Pembulatan Gaji 1 th x 67.231,00 = 67.231,00"
1.17 . 1.17.01 . 00 . 00 . 5 . 1 . 1 . 01 . 09 , Iuran Asuransi Kesehatan ,0,"Iuran Asuransi Kesehatan
Iurang Asuransi Kesehatan BPJS1 th x 0,00 = 0,00
Iuran Asuransi Jaminan Kecelakaan Kerja BPJS1 th x 0,00 = 0,00
Iuran Jaminan Kematian BPJS1 th x 0,00 = 0,00"
1.17 . 1.17.01 . 01 . 01 . 5 . 2 , BELANJA LANGSUNG ,6417915000,
1.17 . 1.17.01 . 01 , Program Pelayanan Administrasi Perkantoran ,1135829600,
1.17 . 1.17.01 . 01 . 01 , Penyediaan jasa surat menyurat ,3000000," Sumber Dana : 
Lokasi Kegiatan : Dinas Kebudayaan dan Pariwisata
Keluaran : Surat yang terkirim
Target: 1.050 Buah"
1.17 . 1.17.01 . 01 . 01 . 5 . 2 . 2 , Belanja Barang dan Jasa ,3000000,
1.17 . 1.17.01 . 01 . 01 . 5 . 2 . 2 . 01 , Belanja Bahan Pakai Habis ,3000000,
1.17 . 1.17.01 . 01 . 01 . 5 . 2 . 2 . 01 . 04 ," Belanja Perangko, Materai Dan Benda Pos ",3000000," Belanja perangko, materai dan benda pos lainnya
Perangko600 buah x 2.000,00 = 1.200.000,00
Materai150 buah x 6.000,00 = 900.000,00
Materai300 buah x 3.000,00 = 900.000,00"
1.17 . 1.17.01 . 01 . 02 ," Penyediaan jasa komunikasi, sumber daya air dan listrik ",24492300," Sumber Dana :
 Lokasi Kegiatan : Dinas Kebudayaan dan Pariwisata
Keluaran : Pembayaran Rekening Listrik, Telepon, dan Air
Target: 12 Bulan"
1.17 . 1.17.01 . 01 . 02 . 5 . 2 . 2 , Belanja Barang dan Jasa ,24492300,
1.17 . 1.17.01 . 01 . 02 . 5 . 2 . 2 . 03 , Belanja Jasa Kantor ,24492300,
1.17 . 1.17.01 . 01 . 02 . 5 . 2 . 2 . 03 . 01 , Belanja Telepon ,21000000," Belanja telepon
Telepon kantor dan Joglo Parangtritis12 bulan x 950.000,00 = 11.400.000,00
Langganan Speddy CCTV TPR Parangtritis12 bulan x 800.000,00 = 9.600.000,00"
1.17 . 1.17.01 . 01 . 02 . 5 . 2 . 2 . 03 . 03 , Belanja Listrik ,3492300," Belanja listrik
Listrik kantor, J.Pandansimo, PS Karahayon dan TPR depok12 bulan x 291.025,00 = 3.492.300,00"
1.17 . 1.17.01 . 01 . 06 , Penyediaan jasa pemeliharaan dan perizinan kendaraan dinas/operasional ,8000000," Sumber Dana :
 Lokasi Kegiatan : Dinas Kebudayaan dan Pariwisata
Keluaran : Pembayaran Pajak Kendaraan Bermotor
Target: 12 bulan"
1.17 . 1.17.01 . 01 . 06 . 5 . 2 . 2 , Belanja Barang dan Jasa ,8000000,
1.17 . 1.17.01 . 01 . 06 . 5 . 2 . 2 . 05 , Belanja Perawatan Kendaraan Bermotor ,8000000,
1.17 . 1.17.01 . 01 . 06 . 5 . 2 . 2 . 05 . 07 , Belanja Surat Tanda Nomor Kendaraan ,8000000," Belanja Surat Tanda Nomor Kendaraan
STNK Kendaraan Bermotor Kantor1 ls x 8.000.000,00 = 8.000.000,00"
1.17 . 1.17.01 . 01 . 07 , Penyediaan jasa administrasi keuangan ,65560000," Sumber Dana : 
Lokasi Kegiatan : Dinas Kebudayaan dan Pariwisata
Keluaran : Pelaksanaan dan laporan pertanggungjawaban tugas dan kegiatan
Target: 12 bulan"
1.17 . 1.17.01 . 01 . 07 . 5 . 2 . 1 , Belanja Pegawai ,45840000,
1.17 . 1.17.01 . 01 . 07 . 5 . 2 . 1 . 01 , Honorarium PNS ,45840000,
1.17 . 1.17.01 . 01 . 07 . 5 . 2 . 1 . 01 . 01 , Honorarium Panitia Pelaksana Kegiatan ,14400000," Honor Panitia Pelaksana KegiatanKoordinator UPK72 OB x 200.000,00 = 14.400.000,00"
1.17 . 1.17.01 . 01 . 07 . 5 . 2 . 1 . 01 . 06 , Honor Pengelola Keuangan dan Barang ,31440000," Honor pengelola keuangan dan barangPPK12 OB x 345.000,00 = 4.140.000,00
Bendahara Pengeluaran12 OB x 210.000,00 = 2.520.000,00
Pengurus barang12 OB x 300.000,00 = 3.600.000,00
Penyimpan Barang12 B x 300.000,00 = 3.600.000,00
Pembantu bendahara pengeluaran24 OB x 210.000,00 = 5.040.000,00
Pengurusan gaji12 OB x 105.000,00 = 1.260.000,00
Pengelola Kepegawaian12 OB x 100.000,00 = 1.200.000,00
Bendahara Penerimaan12 OB x 210.000,00 = 2.520.000,00
Pembantu PPK24 OB x 210.000,00 = 5.040.000,00
Pembantu bendahara penerimaan12 OB x 210.000,00 = 2.520.000,00"
1.17 . 1.17.01 . 01 . 07 . 5 . 2 . 2 , Belanja Barang dan Jasa ,19720000,
1.17 . 1.17.01 . 01 . 07 . 5 . 2 . 2 . 01 , Belanja Bahan Pakai Habis ,6000000,
1.17 . 1.17.01 . 01 . 07 . 5 . 2 . 2 . 01 . 01 , Belanja Alat Tulis Kantor ,6000000," Alat tulis kantor12 bln x 500.000,00 = 6.000.000,00"
1.17 . 1.17.01 . 01 . 07 . 5 . 2 . 2 . 03 , Belanja Jasa Kantor ,250000,
1.17 . 1.17.01 . 01 . 07 . 5 . 2 . 2 . 03 . 09 , Belanja Jasa Transaksi Keuangan ,250000," Belanja Jasa Transaksi KeuanganPBB P. Sumber Karahayon1 thn x 250.000,00 = 250.000,00"
1.17 . 1.17.01 . 01 . 07 . 5 . 2 . 2 . 06 , Belanja Cetak dan Penggandaan ,7200000,
1.17 . 1.17.01 . 01 . 07 . 5 . 2 . 2 . 06 . 01 , Belanja Cetak ,1200000," Belanja Cetak48 bk x 25.000,00 = 1.200.000,00"
1.17 . 1.17.01 . 01 . 07 . 5 . 2 . 2 . 06 . 02 , Belanja Penggandaan ,6000000," Belanja Penggandaan
Belanja Fotocopy40,000 lbr x 150,00 = 6.000.000,00"
1.17 . 1.17.01 . 01 . 07 . 5 . 2 . 2 . 11 , Belanja Makanan dan Minuman ,6270000,
1.17 . 1.17.01 . 01 . 07 . 5 . 2 . 2 . 11 . 02 , Belanja Makanan Dan Minuman Rapat ,6270000," Belanja Makan dan Minum Rapat
Makan, minum, dan Snack220 OH x 28.500,00 = 6.270.000,00"
1.17 . 1.17.01 . 01 . 08 , Penyediaan jasa kebersihan kantor ,607134400," Sumber Dana : 
Lokasi Kegiatan : Dinas Kebudayaan dan Pariwisata
Keluaran : Honor PTT Obyek Wisata
Target: 42 Orang"
1.17 . 1.17.01 . 01 . 08 . 5 . 2 . 1 , Belanja Pegawai ,108134400,
1.17 . 1.17.01 . 01 . 08 . 5 . 2 . 1 . 02 , Honorarium Non PNS ,108134400,
1.17 . 1.17.01 . 01 . 08 . 5 . 2 . 1 . 02 . 02 , Honorarium Pegawai Honorer/Tidak Tetap ,108134400," Honorarium Pegawai Honorer / Tidak Tetap OW ParangtritisPemelihara Joglo12 OB x 1.126.400,00 = 13.516.800,00
Pet. Kebersihan Pantai60 orang/bulan x 1.126.400,00 = 67.584.000,00
Honorarium Pegawai Honorer/Tidak Tetap OW PandansimoPetugas kebersihan12 OB x 1.126.400,00 = 13.516.800,00
Honorarium Pegawai Honorer / Tidak Tetap OW SamasPetugas Kebersihan12 OB x 1.126.400,00 = 13.516.800,00"
1.17 . 1.17.01 . 01 . 08 . 5 . 2 . 2 , Belanja Barang dan Jasa ,499000000,
1.17 . 1.17.01 . 01 . 08 . 5 . 2 . 2 . 01 , Belanja Bahan Pakai Habis ,7000000,
1.17 . 1.17.01 . 01 . 08 . 5 . 2 . 2 . 01 . 05 , Belanja Peralatan Kebersihan Dan Bahan Pembersih ,7000000," Belanja Peralatan Kebersihan dan Bahan Pembersih
Alat dan bahan pembersih kantor4 TW x 1.750.000,00 = 7.000.000,00"
1.17 . 1.17.01 . 01 . 08 . 5 . 2 . 2 . 35 ," Jasa Narasumber, Tenaga Ahli, Yuri, Entry Data, Petugas Fogging dan Petugas Lapangan ",492000000,
1.17 . 1.17.01 . 01 . 08 . 5 . 2 . 2 . 35 . 09 , Jasa Petugas Lapangan ,492000000," Honor Petugas LapanganJasa petugas kebersihan Obyek Wisata492 orang/bulan x 1.000.000,00 = 492.000.000,00"
1.17 . 1.17.01 . 01 . 09 , Penyediaan jasa perbaikan peralatan kerja ,28500000," Sumber Dana : 
Lokasi Kegiatan : Dinas Kebudayaan dan Pariwisata
Keluaran : Fungsi dan kelayakan peralatan kerja kantor baik
Target: 8 Ls"
1.17 . 1.17.01 . 01 . 09 . 5 . 2 . 2 , Belanja Barang dan Jasa ,28500000,
1.17 . 1.17.01 . 01 . 09 . 5 . 2 . 2 . 20 , Belanja Pemeliharaan ,28500000,
1.17 . 1.17.01 . 01 . 09 . 5 . 2 . 2 . 20 . 04 , Belanja Pemeliharan Peralatan dan Mesin ,28500000," Belanja Pemeliharaan Peralatan dan MesinKomputer, Notebook, Mesin Ketik, Kamera, LCD, AC, Wireless, TV, K. Angin dsd1 ls x 28.500.000,00 = 28.500.000,00"
1.17 . 1.17.01 . 01 . 10 , Penyediaan alat tulis kantor ,12750000," Sumber Dana : 
Lokasi Kegiatan : Dinas Kebudayaan dan Pariwisata
Keluaran : Pembelian ATK
Target: 4 Triwulan"
1.17 . 1.17.01 . 01 . 10 . 5 . 2 . 2 , Belanja Barang dan Jasa ,12750000,
1.17 . 1.17.01 . 01 . 10 . 5 . 2 . 2 . 01 , Belanja Bahan Pakai Habis ,12750000,
1.17 . 1.17.01 . 01 . 10 . 5 . 2 . 2 . 01 . 01 , Belanja Alat Tulis Kantor ,12750000," Belanja Alat Tulis kantor
ATK Kantor12 bln x 1.062.500,00 = 12.750.000,00"
1.17 . 1.17.01 . 01 . 11 , Penyediaan barang cetakan dan penggandaan ,142679300," Sumber Dana : 
Lokasi Kegiatan : Dinas Kebudayaan dan Pariwisata
Keluaran : Barang Cetakan
Target: 160 Buku"
1.17 . 1.17.01 . 01 . 11 . 5 . 2 . 1 , Belanja Pegawai ,2250000,
1.17 . 1.17.01 . 01 . 11 . 5 . 2 . 1 . 01 , Honorarium PNS ,2250000,
1.17 . 1.17.01 . 01 . 11 . 5 . 2 . 1 . 01 . 02 , Honorarium Tim Pengadaan Barang Dan Jasa ,2250000," Honor Tim Pengadaan Barang dan Jasa
Pejabat Pengadaan Brg Jasa2 O/P x 250.000,00 = 500.000,00
Pejabat Penerima/Pemeriksa2 Tim/P x 525.000,00 = 1.050.000,0
0Pejabat Pembuat Komitmen2 O/P x 350.000,00 = 700.000,00"
1.17 . 1.17.01 . 01 . 11 . 5 . 2 . 2 , Belanja Barang dan Jasa ,140429300,
1.17 . 1.17.01 . 01 . 11 . 5 . 2 . 2 . 06 , Belanja Cetak dan Penggandaan ,140429300,
1.17 . 1.17.01 . 01 . 11 . 5 . 2 . 2 . 06 . 01 , Belanja Cetak ,128375000," Belanja Cetak
Cetak Blangko Kantor104 Bk x 25.000,00 = 2.600.000,00
Cetak Karcis Obyek Wisata38,700 Bk x 3.250,00 = 125.775.000,00"
1.17 . 1.17.01 . 01 . 11 . 5 . 2 . 2 . 06 . 02 , Belanja Penggandaan ,12054300," Belanja PenggandaanFC80,362 lbr x 150,00 = 12.054.300,00"
1.17 . 1.17.01 . 01 . 12 , Penyediaan komponen instalasi listrik/penerangan bangunan kantor ,4000000," Sumber Dana : 
Lokasi Kegiatan : Dinas Kebudayaan dan Pariwisata
Keluaran : Tersedianya alat listrik dan elektronik kantor
Target: 4 Triwulan"
1.17 . 1.17.01 . 01 . 12 . 5 . 2 . 2 , Belanja Barang dan Jasa ,4000000,
1.17 . 1.17.01 . 01 . 12 . 5 . 2 . 2 . 01 , Belanja Bahan Pakai Habis ,4000000,
1.17 . 1.17.01 . 01 . 12 . 5 . 2 . 2 . 01 . 03 ," Belanja Alat Listrik Dan Elektronik (Lampu Pijar, Battery Kering) ",4000000," Belanja Alat Listrik dan Elektronik
Lampu pijar, baterai dsbnya4 TW x 1.000.000,00 = 4.000.000,00"
1.17 . 1.17.01 . 01 . 15 , Penyediaan bahan bacaan dan peraturan perundang-undangan ,5200000," Sumber Dana : 
Lokasi Kegiatan : Dinas Kebudayaan dan Pariwisata
Keluaran : Surat kabar
Target: 1.800 Surat kabar"
1.17 . 1.17.01 . 01 . 15 . 5 . 2 . 2 , Belanja Barang dan Jasa ,5200000,
1.17 . 1.17.01 . 01 . 15 . 5 . 2 . 2 . 03 , Belanja Jasa Kantor ,5200000,
1.17 . 1.17.01 . 01 . 15 . 5 . 2 . 2 . 03 . 05 , Belanja Surat Kabar/Majalah ,5200000," Belanja Surat Kabar/Majalah12 bln x 350.000,00 = 4.200.000,00
Belanja Buku Perundang undangan1 ls x 1.000.000,00 = 1.000.000,00"
1.17 . 1.17.01 . 01 . 17 , Penyediaan makanan dan minuman ,127480000," Sumber Dana :
 Lokasi Kegiatan : Dinas Kebudayaan dan Pariwisata
Keluaran : Jumlah Pertemuan
Target: 1.240 OH"
1.17 . 1.17.01 . 01 . 17 . 5 . 2 . 2 , Belanja Barang dan Jasa ,127480000,
1.17 . 1.17.01 . 01 . 17 . 5 . 2 . 2 . 11 , Belanja Makanan dan Minuman ,127480000,
1.17 . 1.17.01 . 01 . 17 . 5 . 2 . 2 . 11 . 01 , Belanja Makanan Dan Minuman Harian Pegawai ,79000000," Belanja Makanan dan Minuman Harian Pegawai
Makan Minum Operasional UPK OW Goa Selarong4 TW x 300.000,00 = 1.200.000,00
Makan Minum Operasional UPK OW Goa Cerme4 TW x 300.000,00 = 1.200.000,00
Makan Minum Operasional UPK OW Joglo Parangtritis4 TW x 800.000,00 = 3.200.000,00
Makan Minum Pemungut Retribusi TPR Parangtritis228 OB x 300.000,00 = 68.400.000,00
Makan Minum Operasional UPK OW Pandansimo4 TW x 650.000,00 = 2.600.000,00
Makan Minum Operasional UPK OW Samas4 TW x 600.000,00 = 2.400.000,00"
1.17 . 1.17.01 . 01 . 17 . 5 . 2 . 2 . 11 . 02 , Belanja Makanan Dan Minuman Rapat ,36480000," Belanja makanan dan Minuman Rapat
Makan, Minum, Snack1,280 OH x 28.500,00 = 36.480.000,00"
1.17 . 1.17.01 . 01 . 17 . 5 . 2 . 2 . 11 . 03 , Belanja Makanan Dan Minuman Tamu ,12000000," Belanja Makanan dan Minuman Tamu
Makan, minum, snack400 OH x 30.000,00 = 12.000.000,00"
1.17 . 1.17.01 . 01 . 18 , Rapat-rapat koordinasi dan konsultasi ke luar daerah ,60000000," Sumber Dana :
 Lokasi Kegiatan : Dinas Kebudayaan dan Pariwisata
Keluaran : Volume perjalanan dinas luar kantor
Target: 52 OH"
1.17 . 1.17.01 . 01 . 18 . 5 . 2 . 2 , Belanja Barang dan Jasa ,60000000,
1.17 . 1.17.01 . 01 . 18 . 5 . 2 . 2 . 15 , Belanja Perjalanan Dinas ,60000000,
1.17 . 1.17.01 . 01 . 18 . 5 . 2 . 2 . 15 . 02 , Belanja Perjalanan Dinas Luar Daerah ,60000000," Belanja Perjalanan Dinas Luar Daerah1 LS x 60.000.000,00 = 60.000.000,00"
1.17 . 1.17.01 . 01 . 19 , Rapat-rapat koordinasi dan konsultasi dalam daerah ,20000000," Sumber Dana : 
Lokasi Kegiatan : Dinas Kebudayaan dan Pariwisata
Keluaran : Volume perjalanan dinas kantor
Target: 456 OH"
1.17 . 1.17.01 . 01 . 19 . 5 . 2 . 2 , Belanja Barang dan Jasa ,20000000,
1.17 . 1.17.01 . 01 . 19 . 5 . 2 . 2 . 15 , Belanja Perjalanan Dinas ,20000000,
1.17 . 1.17.01 . 01 . 19 . 5 . 2 . 2 . 15 . 01 , Belanja Perjalanan Dinas Dalam Daerah ,20000000," Belanja Perjalanan Dinas Dalam Daerah1 LS x 20.000.000,00 = 20.000.000,00"
1.17 . 1.17.01 . 01 . 20 , Penyediaan Jasa Keamanan ,27033600," Sumber Dana : 
Lokasi Kegiatan : Dinas Kebudayaan dan Pariwisata
Keluaran : Pembayaran Honor PTT Obyek Wisata
Target: 3 Orang"
1.17 . 1.17.01 . 01 . 20 . 5 . 2 . 1 , Belanja Pegawai ,27033600,
1.17 . 1.17.01 . 01 . 20 . 5 . 2 . 1 . 02 , Honorarium Non PNS ,27033600,
1.17 . 1.17.01 . 01 . 20 . 5 . 2 . 1 . 02 . 02 , Honorarium Pegawai Honorer/Tidak Tetap ,27033600," Honorarium Pegawai Honorer/Tidak Tetap
Pembantu Penjaga TPR OW Parangtritis12 OB x 1.126.400,00 = 13.516.800,00
Penjaga Sumber Karahayon12 OB x 1.126.400,00 = 13.516.800,00"
1.17 . 1.17.01 . 02 , Program Peningkatan Sarana dan Prasarana Aparatur ,1001540400,
1.17 . 1.17.01 . 02 . 22 , Pemeliharaan rutin/berkala gedung kantor ,25000000," Sumber Dana : 
Lokasi Kegiatan : Dinas Kebudayaan dan Pariwisata
Keluaran : Perbaikan Gedung kantor
Target: 1 Ls"
1.17 . 1.17.01 . 02 . 22 . 5 . 2 . 2 , Belanja Barang dan Jasa ,25000000,
1.17 . 1.17.01 . 02 . 22 . 5 . 2 . 2 . 02 , Belanja Bahan/Material ,20000000,
1.17 . 1.17.01 . 02 . 22 . 5 . 2 . 2 . 02 . 01 , Belanja Bahan Baku Bangunan ,20000000," Belanja Bahan Baku Bangunan
Pembelian material Pemel. Gedung/Kantor1 Ls x 20.000.000,00 = 20.000.000,00"
1.17 . 1.17.01 . 02 . 22 . 5 . 2 . 2 . 35 ," Jasa Narasumber, Tenaga Ahli, Yuri, Entry Data, Petugas Fogging dan Petugas Lapangan ",5000000,
1.17 . 1.17.01 . 02 . 22 . 5 . 2 . 2 . 35 . 06 , Jasa Tenaga Harian Lepas ,5000000," Honorarium Harian
Honor/Upah Harian Tenaga Tukang1 Ls x 5.000.000,00 = 5.000.000,00"
1.17 . 1.17.01 . 02 . 24 , Pemeliharaan rutin/berkala kendaraan dinas/operasional ,330400000," Sumber Dana : 
Lokasi Kegiatan : Dinas Kebudayaan dan Pariwisata
Keluaran : Perbaikan kendaraan dinas
Target: 6 Roda 2"
1.17 . 1.17.01 . 02 . 24 . 5 . 2 . 2 , Belanja Barang dan Jasa ,330400000,
1.17 . 1.17.01 . 02 . 24 . 5 . 2 . 2 . 05 , Belanja Perawatan Kendaraan Bermotor ,330400000,
1.17 . 1.17.01 . 02 . 24 . 5 . 2 . 2 . 05 . 01 , Belanja Jasa Service ,13600000," Belanja Jasa ServiceMesin Pemotong Rumput4 Ls x 200.000,00 = 800.000,00
Kendaraan Roda 26 Ls x 300.000,00 = 1.800.000,00
Kendaraan Roda 37 Ls x 500.000,00 = 3.500.000,00
Kendaraan Roda 43 Ls x 2.500.000,00 = 7.500.000,00"
1.17 . 1.17.01 . 02 . 24 . 5 . 2 . 2 . 05 . 02 , Belanja Penggantian Suku Cadang ,42900000," Belanja Penggantian Suku Cadang
Kendaraan roda 26 Ls x 750.000,00 = 4.500.000,00
Kendaraan Roda 37 Ls x 3.000.000,00 = 21.000.000,00
Kendaraan Roda 43 Ls x 5.400.000,00 = 16.200.000,00
Mesin Pemotong Rumput4 Ls x 300.000,00 = 1.200.000,00"
1.17 . 1.17.01 . 02 . 24 . 5 . 2 . 2 . 05 . 03 , Belanja Bahan Bakar Minyak/Gas Dan Pelumas ,273900000," Belanja bahan Bakar Minyak/Gas dan Pelumas
Sekretariat12,000 Ltr x 11.500,00 = 138.000.000,00
Armada Sampah3,600 Ltr x 11.500,00 = 41.400.000,00
Oli Kendaraan12 bln x 400.000,00 = 4.800.000,00
Solar Mesin Pemotong Rumput600 ltr x 11.500,00 = 6.900.000,00
Kebudayaan2,400 Ltr x 11.500,00 = 27.600.000,00
Pemasaran2,400 Ltr x 11.500,00 = 27.600.000,00
SODTW2,400 Ltr x 11.500,00 = 27.600.000,00"
1.17 . 1.17.01 . 02 . 29 , Pemeliharaan rutin/berkala mebeleur ,4000000," Sumber Dana :
 Lokasi Kegiatan : Dinas Kebudayaan dan Pariwisata
Keluaran : Pemeliharaan Mebelair Kantor
Target: 1 Ls"
1.17 . 1.17.01 . 02 . 29 . 5 . 2 . 2 , Belanja Barang dan Jasa ,4000000,
1.17 . 1.17.01 . 02 . 29 . 5 . 2 . 2 . 20 , Belanja Pemeliharaan ,4000000,
1.17 . 1.17.01 . 02 . 29 . 5 . 2 . 2 . 20 . 04 , Belanja Pemeliharan Peralatan dan Mesin ,4000000," Belanja Pemeliharaan Perlengkapan Kantor
Meja, Kursi Kerja, Almari, Rak dsbnya1 ls x 3.000.000,00 = 3.000.000,00
Pemeliharaan Gamelan1 Ls x 1.000.000,00 = 1.000.000,00"
1.17 . 1.17.01 . 02 . 34 , Pengadaan peralatan dan perlengkapan kantor ,642140400," Sumber Dana :
 Lokasi Kegiatan : Dinas Kebudayaan dan Pariwisata
Keluaran : Mesin Ketik, Back Drop, Megaphone, Ac
Target: 1 Unit"
1.17 . 1.17.01 . 02 . 34 . 5 . 2 . 3 , Belanja Modal ,642140400,
1.17 . 1.17.01 . 02 . 34 . 5 . 2 . 3 . 16 , Belanja Modal Peralatan dan Mesin - Pengadaan Alat-alat Bantu ,70840000,
1.17 . 1.17.01 . 02 . 34 . 5 . 2 . 3 . 16 . 01 , Belanja Modal Peralatan dan Mesin - Pengadaan Alat Penarik ,70840000," Alat Penarik Lain-lain
Pembelian traktor tangan2 unit x 35.420.000,00 = 70.840.000,00"
1.17 . 1.17.01 . 02 . 34 . 5 . 2 . 3 . 17 , Belanja Modal Peralatan dan Mesin - Pengadaan Alat Angkutan Darat Bermotor ,336000000,
1.17 . 1.17.01 . 02 . 34 . 5 . 2 . 3 . 17 . 03 , Belanja Modal Peralatan dan Mesin - Pengadaan Kendaraan Bermotor Angkutan Barang ,309000000," Truck + Attachhment
Pembelian Truk Sampah1 unit x 307.875.000,00 = 307.875.000,00
Pejabat pembuat Komitmen1 tim x 350.000,00 = 350.000,00
Pejabat Pengadaan Barang1 tim x 250.000,00 = 250.000,00
Pejabat Penerima dan pemeriksa barang1 tim x 525.000,00 = 525.000,00"
1.17 . 1.17.01 . 02 . 34 . 5 . 2 . 3 . 17 . 06 , Belanja Modal Peralatan dan Mesin - Pengadaan Kendaraan Bermotor Beroda Tiga ,27000000," Kendaraaan Bermotor Beroda Tiga Lain-lain
Pembelian Kendaraan roda tiga Viar1 unit x 25.875.000,00 = 25.875.000,00
Pejabat pembuat Komitmen1 tim x 350.000,00 = 350.000,00
Pejabat Pengadaan Barang1 tim x 250.000,00 = 250.000,00
Pejabat penerima dan pemeriksa barang1 tim x 525.000,00 = 525.000,00"
1.17 . 1.17.01 . 02 . 34 . 5 . 2 . 3 . 26 , Belanja Modal Peralatan dan Mesin - Pengadaan Alat Pemeliharaan Tanaman/Alat Penyimpan ,3000000,
1.17 . 1.17.01 . 02 . 34 . 5 . 2 . 3 . 26 . 01 , Belanja Modal Peralatan dan Mesin - Pengadaan Alat Pemeliharaan Tanaman ,3000000," Alat Pemeliharaan Tanaman Lain-lain
Pembelian mesin pemotong rumput1 unit x 3.000.000,00 = 3.000.000,00"
1.17 . 1.17.01 . 02 . 34 . 5 . 2 . 3 . 27 , Belanja Modal Peralatan dan Mesin - Pengadaan Alat Kantor ,4460000,
1.17 . 1.17.01 . 02 . 34 . 5 . 2 . 3 . 27 . 01 , Belanja Modal Peralatan dan Mesin - Pengadaan Mesin Ketik ,4460000," Belanja Modal Pengadaan Mesin Ketik
Pengadaan Mesin Ketik manual Royal express 18'1 Unit x 4.460.000,00 = 4.460.000,00"
1.17 . 1.17.01 . 02 . 34 . 5 . 2 . 3 . 28 , Belanja Modal Peralatan dan Mesin - Pengadaan Alat Rumah Tangga ,78272800,
1.17 . 1.17.01 . 02 . 34 . 5 . 2 . 3 . 28 . 01 , Belanja Modal Peralatan dan Mesin - Pengadaan Meubelair ,66570000," Belanja Modal Pengadaan Meja RapatPengadaan Meja Rapat15 Unit x 800.000,00 = 12.000.000,00
Belanja Modal Pengadaan Kursi rapatPengadaan Kursi Rapat20 unit x 400.000,00 = 8.000.000,00
Belanja Modal Pengadaan SofaPejabat Pengadaan Barang1 Unit x 250.000,00 = 250.000,00
Pejabat Penerima dan Pemeriksa Barang1 Tim x 525.000,00 = 525.000,00
Pengadaan Sofa4 Unit x 6.989.800,00 = 27.959.200,00
Pejabat Pembuat Komitmen1 Tim x 350.000,00 = 350.000,00
Gordyn1 pkt x 16.000.000,00 = 16.000.000,00
Pengadaan Tikar1 unit x 1.485.800,00 = 1.485.800,00"
1.17 . 1.17.01 . 02 . 34 . 5 . 2 . 3 . 28 . 04 , Belanja Modal Peralatan dan Mesin - Pengadaan Alat Pendingin ,11102800," Belanja Modal Pengadaan ACPengadaan AC Panasonic Inverter CSS 18NCP/ 2 PK1 Unit x 11.102.800,00 = 11.102.800,00"
1.17 . 1.17.01 . 02 . 34 . 5 . 2 . 3 . 28 . 05 , Belanja Modal Peralatan dan Mesin - Pengadaan Alat Dapur ,600000," Belanja Modal Pengadaan dispenser
Pengadaan Dispenser2 Unit x 300.000,00 = 600.000,00"
1.17 . 1.17.01 . 02 . 34 . 5 . 2 . 3 . 29 , Belanja Modal Peralatan dan Mesin - Pengadaan Komputer ,75125000,
1.17 . 1.17.01 . 02 . 34 . 5 . 2 . 3 . 29 . 02 , Belanja Modal Peralatan dan Mesin - Pengadaan Personal Komputer ,75125000," Belanja Modal Pengadaan Komputer/PCKomputer + Printer4 Unit x 9.000.000,00 = 36.000.000,00
Belanja Modal Pengadaan Note BookPejabata Pengadaan Barang1 Tim x 250.000,00 = 250.000,00
Pejabat Penerima dan Pemeriksa Barang1 Tim x 525.000,00 = 525.000,00
Pengadaan Note Book4 Unit x 9.000.000,00 = 36.000.000,00
Pejabat Pembuat Komitmen1 Tim x 350.000,00 = 350.000,00
Belanja Modal Pengadaan PrinterPrinter Canon Scan & Copy MP2372 unit x 1.000.000,00 = 2.000.000,00"
1.17 . 1.17.01 . 02 . 34 . 5 . 2 . 3 . 31 , Belanja Modal Peralatan dan Mesin - Pengadaan Alat Studio ,71842600,
1.17 . 1.17.01 . 02 . 34 . 5 . 2 . 3 . 31 . 01 , Belanja Modal Peralatan dan Mesin - Pengadaan Peralatan Studio Visual ,71842600," Belanja Modal Pengadaan Handycam
Pengadaan Handycam1 Unit x 15.000.000,00 = 15.000.000,00
Belanja modal Pengadaan LCDPengadaan LCD1 Unit x 25.000.000,00 = 25.000.000,00
Belanja Modal Pengadaan WirelessPejabat Pembuat Komitmen1 Unit x 350.000,00 = 350.000,00
Pejabat Pengadaan Barang1 Unit x 250.000,00 = 250.000,00
Pejabata Penerima dan Pemeriksa Barang1 Unit x 525.000,00 = 525.000,00
Pengadaan Wireless1 Unit x 15.717.600,00 = 15.717.600,00
Belanja Modal Pengadaan Back Drop1 unit x 15.000.000,00 = 15.000.000,00"
1.17 . 1.17.01 . 02 . 34 . 5 . 2 . 3 . 32 , Belanja Modal Peralatan dan Mesin - Pengadaan Alat Komunikasi ,2600000,
1.17 . 1.17.01 . 02 . 34 . 5 . 2 . 3 . 32 . 01 , Belanja Modal Peralatan dan Mesin - Pengadaan Alat Komunikasi Telephone ,2000000," Facsimilepengadaan Mesin Faximile1 unit x 2.000.000,00 = 2.000.000,00"
1.17 . 1.17.01 . 02 . 34 . 5 . 2 . 3 . 32 . 06 , Belanja Modal Peralatan dan Mesin - Pengadaan Alat Komunikasi Sosial ,600000," Belanja Modal Pengadaan Megaphone
Pengadaan Megaphone TOA ZR 2015S1 Unit x 600.000,00 = 600.000,00"
1.17 . 1.17.01 . 06 , Program peningkatan pengembangan sistem pelaporan capaian kinerja dan keuangan ,51150000,
1.17 . 1.17.01 . 06 . 01 , Penyusunan laporan capaian kinerja dan ikhtisar realisasi kinerja SKPD ,16650000," Sumber Dana : 
Lokasi Kegiatan : Dinas Kebudayaan dan Pariwisata
Keluaran : Pelaksanaan lembur pembuatan laporan capaian kinerja dan keuangan
Target: 495 OH"
1.17 . 1.17.01 . 06 . 01 . 5 . 2 . 1 , Belanja Pegawai ,6750000,
1.17 . 1.17.01 . 06 . 01 . 5 . 2 . 1 . 03 , Uang Lembur ,6750000,
1.17 . 1.17.01 . 06 . 01 . 5 . 2 . 1 . 03 . 01 , Uang Lembur PNS ,6750000," Uang Lembur PNS
Gol II 135 OH x 10.000,00 = 1.350.000,00
Gol III & IV 360 OH x 15.000,00 = 5.400.000,00"
1.17 . 1.17.01 . 06 . 01 . 5 . 2 . 2 , Belanja Barang dan Jasa ,9900000,
1.17 . 1.17.01 . 06 . 01 . 5 . 2 . 2 . 11 , Belanja Makanan dan Minuman ,9900000,
1.17 . 1.17.01 . 06 . 01 . 5 . 2 . 2 . 11 . 04 , Belanja makanan dan minuman Lembur ,9900000," Belanja Makanan dan Minuman Lembur
Makan dan Minum495 OH x 20.000,00 = 9.900.000,00"
1.17 . 1.17.01 . 06 . 05 ," Penyusunan laporan keuangan, barang dan kepegawaian ",34500000," Sumber Dana : 
Lokasi Kegiatan : Dinas Kebudayaan dan Pariwisata
Keluaran : Pelaksanaan lembur pembuatan laporan capaian kinerja
Target: 1.020 OH"
1.17 . 1.17.01 . 06 . 05 . 5 . 2 . 1 , Belanja Pegawai ,14100000,
1.17 . 1.17.01 . 06 . 05 . 5 . 2 . 1 . 03 , Uang Lembur ,14100000,
1.17 . 1.17.01 . 06 . 05 . 5 . 2 . 1 . 03 . 01 , Uang Lembur PNS ,14100000," Uang Lembur PNS
Gol II 240 OH x 10.000,00 = 2.400.000,00
Gol III & IV 780 OH x 15.000,00 = 11.700.000,00"
1.17 . 1.17.01 . 06 . 05 . 5 . 2 . 2 , Belanja Barang dan Jasa ,20400000,
1.17 . 1.17.01 . 06 . 05 . 5 . 2 . 2 . 11 , Belanja Makanan dan Minuman ,20400000,
1.17 . 1.17.01 . 06 . 05 . 5 . 2 . 2 . 11 . 04 , Belanja makanan dan minuman Lembur ,20400000," Belanja Makanan dan Minuman Lembur
Makan dan Minum1,020 OH x 20.000,00 = 20.400.000,00"
1.17 . 1.17.01 . 15 , Program Pengembangan Nilai Budaya ,1339400000,
1.17 . 1.17.01 . 15 . 01 , Pelestarian dan aktualisasi adat budaya daerah ,1339400000," Sumber Dana :
 Lokasi Kegiatan : Kabupaten Bantul dan Luar DIY
Keluaran : Terlaksananya Pelestarian Seni Budaya Daerah Kabupaten Bantul
Target: 10 Kegiatan"
1.17 . 1.17.01 . 15 . 01 . 5 . 2 . 1 , Belanja Pegawai ,25080000,
1.17 . 1.17.01 . 15 . 01 . 5 . 2 . 1 . 01 , Honorarium PNS ,25080000,
1.17 . 1.17.01 . 15 . 01 . 5 . 2 . 1 . 01 . 01 , Honorarium Panitia Pelaksana Kegiatan ,25080000," Honorarium Panitia Pelaksana Kegiatan
Honor Panitia Pelaksana Keg. GSBY1 ls x 1.560.000,00 = 1.560.000,00
Honor Panitia Pelaksana Keg. GSBB1 ls x 1.560.000,00 = 1.560.000,00
Honor Panitia Pelaksana Keg. FKT1 ls x 1.560.000,00 = 1.560.000,00
Honor Panitia Pelaksana Keg. FDC1 ls x 1.560.000,00 = 1.560.000,00
Honor Panitia Pelaksana Keg. GKLD 11 ls x 1.560.000,00 = 1.560.000,00
Honor Panitia Pelaksana Keg. Tim Verifikasi Keg. Seni Budaya1 ls x 15.720.000,00 = 15.720.000,00
Honor Panitia Pelaksana Keg. Festival Keroncong1 ls x 1.560.000,00 = 1.560.000,00"
1.17 . 1.17.01 . 15 . 01 . 5 . 2 . 2 , Belanja Barang dan Jasa ,1314320000,
1.17 . 1.17.01 . 15 . 01 . 5 . 2 . 2 . 01 , Belanja Bahan Pakai Habis ,4934000,
1.17 . 1.17.01 . 15 . 01 . 5 . 2 . 2 . 01 . 01 , Belanja Alat Tulis Kantor ,3434000," Belanja ATK
Belanja Alat Tulis Kantor1 ls x 3.434.000,00 = 3.434.000,00"
1.17 . 1.17.01 . 15 . 01 . 5 . 2 . 2 . 01 . 11 , Belanja Bahan medis (obat-obatan) habis pakai ,1500000," Belanja obat-obatan habis pakai
Belanja bahan obat-obatan kegiatan (GSBY, GKLD 1, GKLD 2, GSBB)1 ls x 1.500.000,00 = 1.500.000,00"
1.17 . 1.17.01 . 15 . 01 . 5 . 2 . 2 . 02 , Belanja Bahan/Material ,3600000,
1.17 . 1.17.01 . 15 . 01 . 5 . 2 . 2 . 02 . 07 , Belanja Cindera Mata ,3600000," Belanja cindera mata
Belanja trophy (FKT, Fest. Keroncong)1 ls x 3.600.000,00 = 3.600.000,00"
1.17 . 1.17.01 . 15 . 01 . 5 . 2 . 2 . 03 , Belanja Jasa Kantor ,6300000,
1.17 . 1.17.01 . 15 . 01 . 5 . 2 . 2 . 03 . 08 , Belanja Sertifikasi ,300000," Belanja sertifikat1 ls x 300.000,00 = 300.000,00"
1.17 . 1.17.01 . 15 . 01 . 5 . 2 . 2 . 03 . 13 , Belanja Dokumentasi ,0," Belanja Dokumentasi1 ls x 0,00 = 0,00"
1.17 . 1.17.01 . 15 . 01 . 5 . 2 . 2 . 03 . 14 , Belanja Dekorasi ,2000000," Belanja Dekorasi
Belanja Dekorasi (FKT, FDC, Fest. Keroncong)1 ls x 2.000.000,00 = 2.000.000,00"
1.17 . 1.17.01 . 15 . 01 . 5 . 2 . 2 . 03 . 15 , Belanja Publikasi ,4000000," Belanja Publikasi
Belanja Publikasi kegiatan (GSBY, GKLD 1, GKLD 2, FKT, F.Keroncong)1 ls x 4.000.000,00 = 4.000.000,00"
1.17 . 1.17.01 . 15 . 01 . 5 . 2 . 2 . 06 , Belanja Cetak dan Penggandaan ,1295000,
1.17 . 1.17.01 . 15 . 01 . 5 . 2 . 2 . 06 . 02 , Belanja Penggandaan ,1295000," Belanja Penggandaan/Fotocopy
Belanja Penggandaan6,475 lbr x 200,00 = 1.295.000,00"
1.17 . 1.17.01 . 15 . 01 . 5 . 2 . 2 . 07 , Belanja Sewa Rumah/Gedung/Gudang/Parkir ,108000000,
1.17 . 1.17.01 . 15 . 01 . 5 . 2 . 2 . 07 . 05 , Belanja Sewa Kamar Hotel/Penginapan ,108000000," Belanja Sewa Kamar Hotel/Penginapan
Sewa Kamar Penginapan (GSBY, GSBB, GKLD 1, GKLD 2)1 ls x 108.000.000,00 = 108.000.000,00"
1.17 . 1.17.01 . 15 . 01 . 5 . 2 . 2 . 08 , Belanja Sewa Sarana Mobilitas ,58000000,
1.17 . 1.17.01 . 15 . 01 . 5 . 2 . 2 . 08 . 01 , Belanja Sewa Sarana Mobilitas Darat ,58000000," Belanja Sewa Sarana Mobilitas Darat
Sewa Bus (GSBY, GSBB, GKLD 1, GKLD 2)1 ls x 58.000.000,00 = 58.000.000,00"
1.17 . 1.17.01 . 15 . 01 . 5 . 2 . 2 . 10 , Belanja Sewa Perlengkapan dan Peralatan Kantor ,29850000,
1.17 . 1.17.01 . 15 . 01 . 5 . 2 . 2 . 10 . 01 , Belanja Sewa Meja Kursi ,1000000," Belanja Sewa Meja Kursi
Sewa Meja Kursi (FKT, F. Keroncong, F. Sendratari)500 unit x 2.000,00 = 1.000.000,00"
1.17 . 1.17.01 . 15 . 01 . 5 . 2 . 2 . 10 . 04 , Belanja Sewa Generator ,3000000," Belanja Sewa Generator
Sewa Genset6 unit x 500.000,00 = 3.000.000,00"
1.17 . 1.17.01 . 15 . 01 . 5 . 2 . 2 . 10 . 05 , Belanja Sewa Tenda ,2850000," Belanja Sewa Tenda
Sewa Tenda (FKT, FDC, F. Keroncong, F. Sendratari)19 unit x 150.000,00 = 2.850.000,00"
1.17 . 1.17.01 . 15 . 01 . 5 . 2 . 2 . 10 . 07 , Belanja Sewa Sound System ,8000000," Belanja Sewa Sound System
Sewa Sound System (FKT, FDC, F. Keroncong, F. Sendratari)1 ls x 8.000.000,00 = 8.000.000,00"
1.17 . 1.17.01 . 15 . 01 . 5 . 2 . 2 . 10 . 12 , Belanja sewa peralatan dan perlengkapan kesenian/lomba ,15000000," Belanja Sewa Peralatan dan Perlengkapan Kesenian/Lomba
Sewa Alat Kesenian (FKT, FDC, F. Keroncong, F. Sendratari)1 ls x 15.000.000,00 = 15.000.000,00"
1.17 . 1.17.01 . 15 . 01 . 5 . 2 . 2 . 11 , Belanja Makanan dan Minuman ,64276000,
1.17 . 1.17.01 . 15 . 01 . 5 . 2 . 2 . 11 . 02 , Belanja Makanan Dan Minuman Rapat ,4091000," Belanja Makanan dan Minuman Rapat
Belanja Makan dan Minum Rapat100 porsi x 20.000,00 = 2.000.000,00
Belanja Snack dan Minum Rapat246 do x 8.500,00 = 2.091.000,00"
1.17 . 1.17.01 . 15 . 01 . 5 . 2 . 2 . 11 . 05 , Belanja Makanan dan Minuman Pelaksanaan Kegiatan ,60185000," Belanja Makanan dan Minuman Pelaksanaan Kegiatan
Belanja Snack Minum Pelaksanaan GSBY50 doz x 8.500,00 = 425.000,00
Belanja Makan Minum Pelaksanaan GSBY450 porsi x 35.000,00 = 15.750.000,00
Belanja Snack Minum Pelaksanaan F. Keroncong50 doz x 8.500,00 = 425.000,00
Belanja Makan Minum Pelaksanaan F. Keroncong50 porsi x 20.000,00 = 1.000.000,00
Belanja Makan Minum Pelaksanaan GKLD 1450 porsi x 25.000,00 = 11.250.000,00
Belanja Snack Minum Pelaksanaan GKLD 250 doz x 8.500,00 = 425.000,00
Belanja Makan Minum Pelaksanaan GKLD 2450 porsi x 25.000,00 = 11.250.000,00
Belanja Snack Minum Pelaksanaan GSBB50 doz x 8.500,00 = 425.000,00
Belanja Makan Minum Pelaksanaan GSBB450 porsi x 25.000,00 = 11.250.000,00
Belanja Snack Minum Pelaksanaan GKLD 150 doz x 8.500,00 = 425.000,00
Belanja Makan Minum Blocking Tempat dan Festival Keg. FS100 porsi x 20.000,00 = 2.000.000,00
Belanja Snack Minum Gladi Bersih FS100 doz x 8.500,00 = 850.000,00
Belanja Makan Minum Gladi Bersih FS50 porsi x 20.000,00 = 1.000.000,00
Belanja Makan Minum Pelaksanaan FKT100 porsi x 20.000,00 = 2.000.000,00
Belanja Makan Minum Pelaksanaan FDC60 porsi x 20.000,00 = 1.200.000,00
Belanja Snack Minum Pelaksanaan FDC60 doz x 8.500,00 = 510.000,00"
1.17 . 1.17.01 . 15 . 01 . 5 . 2 . 2 . 14 , Belanja Pakaian khusus dan hari-hari tertentu ,33000000,
1.17 . 1.17.01 . 15 . 01 . 5 . 2 . 2 . 14 . 03 , Belanja Pakaian Batik Tradisional ,15000000," Belanja Pakaian Batik Tradisional
Belanja Pakaian Batik Tradisional (GSBY)50 buah x 150.000,00 = 7.500.000,00
Belanja Pakaian Batik Tradisional (GKLD 1)50 buah x 150.000,00 = 7.500.000,00"
1.17 . 1.17.01 . 15 . 01 . 5 . 2 . 2 . 14 . 05 , Belanja pakaian kejuaraan/ lomba ,18000000," Belanja Pakaian Tertentu
Belanja Pakaian Duta Seni (FS)50 buah x 150.000,00 = 7.500.000,00
Belanja Pakaian Duta Seni Kethoprak70 buah x 150.000,00 = 10.500.000,00"
1.17 . 1.17.01 . 15 . 01 . 5 . 2 . 2 . 15 , Belanja Perjalanan Dinas ,160190000,
1.17 . 1.17.01 . 15 . 01 . 5 . 2 . 2 . 15 . 01 , Belanja Perjalanan Dinas Dalam Daerah ,3190000," Belanja Perjalanan Dinas Dalam Daerah
Perjalanan Dinas Gol. IV29 ok x 50.000,00 = 1.450.000,00
Perjalanan Dinas Gol. III39 ok x 40.000,00 = 1.560.000,00
Perjalanan Dinas Gol. II6 ok x 30.000,00 = 180.000,00"
1.17 . 1.17.01 . 15 . 01 . 5 . 2 . 2 . 15 . 02 , Belanja Perjalanan Dinas Luar Daerah ,157000000," Belanja Perjalanan Dinas Luar Daerah
Tiket1 ls x 20.000.000,00 = 20.000.000,00
Lumpsum1 ls x 62.000.000,00 = 62.000.000,00
Uang Saku1 ls x 75.000.000,00 = 75.000.000,00"
1.17 . 1.17.01 . 15 . 01 . 5 . 2 . 2 . 23 , Belanja Barang Untuk Diserahkan kepada Masyarakat/Pihak Ketiga ,90875000,
1.17 . 1.17.01 . 15 . 01 . 5 . 2 . 2 . 23 . 01 , Belanja Barang Yang Akan Diserahkan Kepada Masyarakat ,90875000," Belanja Barang Yang Akan Diserahkan Kepada Masyarakat
Belanja Gamelan1 Is x 90.000.000,00 = 90.000.000,00
Honorarium PPK1 ok x 350.000,00 = 350.000,00
Pejabat Pengadaan1 ok x 300.000,00 = 300.000,00
Pejabat Penerimaan1 ok x 225.000,00 = 225.000,00"
1.17 . 1.17.01 . 15 . 01 . 5 . 2 . 2 . 35 ," Jasa Narasumber, Tenaga Ahli, Yuri, Entry Data, Petugas Fogging dan Petugas Lapangan ",21500000,
1.17 . 1.17.01 . 15 . 01 . 5 . 2 . 2 . 35 . 01 , Jasa Nara Sumber/Moderator/Tenaga Ahli ,2000000," Honorarium Narasumber/Moderator
Honorarium Narasumber (FDC)4 ok x 500.000,00 = 2.000.000,00"
1.17 . 1.17.01 . 15 . 01 . 5 . 2 . 2 . 35 . 02 , Jasa Yuri Perlombaan/Pelatih ,9000000," Honorarium Yuri Lomba
Honorarium Yuri (FKT)6 o/k x 750.000,00 = 4.500.000,00
Honorarium Yuri (F. Keroncong)6 o/k x 750.000,00 = 4.500.000,00"
1.17 . 1.17.01 . 15 . 01 . 5 . 2 . 2 . 35 . 06 , Jasa Tenaga Harian Lepas ,8500000," Honorarium Tenaga Harian Lepas
Honorarium Penabuh (FDC)25 ok x 200.000,00 = 5.000.000,00
Honorarium Dalang (FDC)10 ok x 350.000,00 = 3.500.000,00"
1.17 . 1.17.01 . 15 . 01 . 5 . 2 . 2 . 35 . 09 , Jasa Petugas Lapangan ,2000000," Honorarium Petugas Lapangan
Honor Petugas Lapangan (Pengamanan FKT)20 ok x 50.000,00 = 1.000.000,00
Honor Petugas Lapangan (Pengamanan F. Keroncong)20 ok x 50.000,00 = 1.000.000,00"
1.17 . 1.17.01 . 15 . 01 . 5 . 2 . 2 . 37 , Uang Untuk Diberikan Kepada Pihak Ketiga/Masyarakat ,47500000,
1.17 . 1.17.01 . 15 . 01 . 5 . 2 . 2 . 37 . 01 , Uang Untuk Diberikan Kepada Pihak Ketiga/Masyarakat ,47500000," Uang untuk Diberikan kepada Pihak Ketiga/Masyarakat
Hadiah Pengendang Terbaik (FKT)1 org x 1.000.000,00 = 1.000.000,00
Hadiah Harapan I (F. Keroncong)1 grup x 3.500.000,00 = 3.500.000,00
Hadiah Harapan II (F. Keroncong)1 grup x 3.000.000,00 = 3.000.000,00
Hadiah Harapan III (F. Keroncong)1 grup x 2.500.000,00 = 2.500.000,00
Hadiah Juara I (F. Keroncong)1 grup x 5.000.000,00 = 5.000.000,00
Hadiah Juara II (F. Keroncong)1 grup x 4.500.000,00 = 4.500.000,00
Hadiah Juara III (F. Keroncong)1 grup x 4.000.000,00 = 4.000.000,00
Hadiah Grup Harapan Terbaik I (FKT)1 grup x 3.000.000,00 = 3.000.000,00
Hadiah Grup Harapan Terbaik II (FKT)1 grup x 2.500.000,00 = 2.500.000,00
Hadiah Grup Harapan Terbaik III (FKT)1 grup x 2.000.000,00 = 2.000.000,00
Hadiah Grup Terbaik I (FKT)1 grup x 5.000.000,00 = 5.000.000,00
Hadiah Grup Terbaik II (FKT)1 grup x 4.500.000,00 = 4.500.000,00
Hadiah Grup Terbaik III (FKT)1 grup x 4.000.000,00 = 4.000.000,00
Hadiah Penggender Terbaik (FKT)1 org x 1.000.000,00 = 1.000.000,00
Hadian Sinden Terbaik (FKT)1 org x 1.000.000,00 = 1.000.000,00
Hadiah Pengrebab Terbaik (FKT)1 org x 1.000.000,00 = 1.000.000,00"
1.17 . 1.17.01 . 15 . 01 . 5 . 2 . 2 . 38 , Belanja Jasa Pentas/Pertunjukan ,685000000,
1.17 . 1.17.01 . 15 . 01 . 5 . 2 . 2 . 38 . 01 , Belanja Jasa Pentas/Pertunjukan ,685000000," Belanja Jasa Pentas/Pertunjukan
Belanja Jasa Festival Kotagede1 kali x 75.000.000,00 = 75.000.000,00
Belanja Jasa Pentas F. Keroncong17 grup x 3.000.000,00 = 51.000.000,00
Belanja Jasa Pentas Hari Jadi Kab. Bantul1 kali x 75.000.000,00 = 75.000.000,00
Belanja Jasa Pentas GKLD 11 ls x 40.000.000,00 = 40.000.000,00
Belanja Jasa Pentas GKLD 21 ls x 30.000.000,00 = 30.000.000,00
Belanja Jasa Pentas FKT17 grup x 4.000.000,00 = 68.000.000,00
Belanja Jasa Pentas GSBY1 ls x 36.000.000,00 = 36.000.000,00
Belanja Jasa Pentas GSBB1 kali x 35.000.000,00 = 35.000.000,00
Belanja Jasa Pentas F. Sendratari1 ls x 35.000.000,00 = 35.000.000,00
Belanja Jasa Pentas-pentas Kesenian12 kali x 20.000.000,00 = 240.000.000,00"
2.04 . 1.17.01 . 15 , Program pengembangan pemasaran pariwisata ,424900000,
2.04 . 1.17.01 . 15 . 02 , Peningkatan pemanfaatan teknologi informasi dalam pemasaran pariwisata ,32000000," Sumber Dana :
 Lokasi Kegiatan : Kabupaten Bantul
Keluaran : Terlaksananya kegiatan publikasi melalui pemanfaatan teknologi informasi
Target: 3 kegiatan publikasi"
2.04 . 1.17.01 . 15 . 02 . 5 . 2 . 1 , Belanja Pegawai ,3000000,
2.04 . 1.17.01 . 15 . 02 . 5 . 2 . 1 . 01 , Honorarium PNS ,3000000,
2.04 . 1.17.01 . 15 . 02 . 5 . 2 . 1 . 01 . 01 , Honorarium Panitia Pelaksana Kegiatan ,3000000," Honor Tim Pelaksana Kegiatan
Honor Tim Pelaksana Kegiatan Publikasi Pariwisata1 ls x 3.000.000,00 = 3.000.000,00"
2.04 . 1.17.01 . 15 . 02 . 5 . 2 . 2 , Belanja Barang dan Jasa ,29000000,
2.04 . 1.17.01 . 15 . 02 . 5 . 2 . 2 . 03 , Belanja Jasa Kantor ,29000000,
2.04 . 1.17.01 . 15 . 02 . 5 . 2 . 2 . 03 . 15 , Belanja Publikasi ,29000000," Belanja publikasi pariwisata melalui media1 ls x 29.000.000,00 = 29.000.000,00"
2.04 . 1.17.01 . 15 . 05 , Pelaksanaan promosi pariwisata nusantara di dalam dan di luar negeri ,392900000," Sumber Dana :
 Lokasi Kegiatan : Dalam Negeri dan Luar Negeri
Keluaran : Terlaksananya promosi pariwisata Kab. Bantul
Target: 80 kegiatan promosi pariwisata"
2.04 . 1.17.01 . 15 . 05 . 5 . 2 . 1 , Belanja Pegawai ,10250000,
2.04 . 1.17.01 . 15 . 05 . 5 . 2 . 1 . 01 , Honorarium PNS ,10250000,
2.04 . 1.17.01 . 15 . 05 . 5 . 2 . 1 . 01 . 01 , Honorarium Panitia Pelaksana Kegiatan ,10250000," Honor Tim Panitian Pelaksana Kegiatan
Honor Tim Pelaksana Kegiatan PPPNDLN1 ls x 4.000.000,00 = 4.000.000,00
Honor panitia pelaksana kegiatan pemilihan putra putri bantul 1 bjj x 6.250.000,00 = 6.250.000,00"
2.04 . 1.17.01 . 15 . 05 . 5 . 2 . 2 , Belanja Barang dan Jasa ,382650000,
2.04 . 1.17.01 . 15 . 05 . 5 . 2 . 2 . 01 , Belanja Bahan Pakai Habis ,4000000,
2.04 . 1.17.01 . 15 . 05 . 5 . 2 . 2 . 01 . 01 , Belanja Alat Tulis Kantor ,3000000," Belanja alat tulis kantor
Belanja ATK kegiatan PPPNDLN1 ls x 2.500.000,00 = 2.500.000,00
Belanja ATK pemilihan putra putri bantul1 ls x 500.000,00 = 500.000,00"
2.04 . 1.17.01 . 15 . 05 . 5 . 2 . 2 . 01 . 04 ," Belanja Perangko, Materai Dan Benda Pos ",1000000," Belanja Perangko, Materi dan Benda Pos lainnya
Belanja Meterai1 ls x 390.000,00 = 390.000,00
Belanja perangko dan benda pos lainnya1 ls x 610.000,00 = 610.000,00"
2.04 . 1.17.01 . 15 . 05 . 5 . 2 . 2 . 02 , Belanja Bahan/Material ,28300000,
2.04 . 1.17.01 . 15 . 05 . 5 . 2 . 2 . 02 . 07 , Belanja Cindera Mata ,2400000," Belanja cindera mata
Belanja cindera mata berupa piala penghargaan1 ls x 2.400.000,00 = 2.400.000,00"
2.04 . 1.17.01 . 15 . 05 . 5 . 2 . 2 . 02 . 18 , Belanja Bahan Percontohan ,25900000," Belanja bahan percontohan
Bahan percontohan Travel Dialog3 kl x 300.000,00 = 900.000,00
Bahan percontohan GWN1 ls x 1.000.000,00 = 1.000.000,00
Bahan percontohan MTF1 ls x 1.000.000,00 = 1.000.000,00
Bahan percontohan pameran pariwisata dlm negeri1 ls x 9.000.000,00 = 9.000.000,00
Bahan percontohan Bantul Ekspo1 ls x 10.000.000,00 = 10.000.000,00
Bahan percontohan pemberdayaan putra putri bantul1 ls x 4.000.000,00 = 4.000.000,00"
2.04 . 1.17.01 . 15 . 05 . 5 . 2 . 2 . 03 , Belanja Jasa Kantor ,108750000,
2.04 . 1.17.01 . 15 . 05 . 5 . 2 . 2 . 03 . 12 , Belanja Transportasi dan Akomodasi ,11000000," Belanja transportasi dan akomodasi
Belanja sewa sarana transportasi pemberdayaan putra putri bantul4 hr x 2.500.000,00 = 10.000.000,00
Belanja sewa transportasi pawai1 ls x 1.000.000,00 = 1.000.000,00"
2.04 . 1.17.01 . 15 . 05 . 5 . 2 . 2 . 03 . 13 , Belanja Dokumentasi ,0," Belanja dokumentasi kegiatan
Dokumentasi kegiatan PPPNDLN8 keg x 0,00 = 0,00
Dokumentasi Grand Final pemilihan putra putri bantul1 ls x 0,00 = 0,00
Dokumentasi pemberdayaan putra putri bantul1 ls x 0,00 = 0,00"
2.04 . 1.17.01 . 15 . 05 . 5 . 2 . 2 . 03 . 15 , Belanja Publikasi ,33750000," Belanja publikasiSosialisasi program kerja SKPD12 bln x 400.000,00 = 4.800.000,00
Publikasi melalui media berupa honor wartawan/pelaku pariwisata 1 th x 20.000.000,00 = 20.000.000,00
Publikasi pemilihan putra putri bantul1 ls x 8.450.000,00 = 8.450.000,00
Publikasi pemberdayaan putra putri bantul1 ls x 500.000,00 = 500.000,00"
2.04 . 1.17.01 . 15 . 05 . 5 . 2 . 2 . 03 . 29 , Belanja Iuran ,64000000," Belanja iuran kegiatan
Belanja iuran keg. Javapromo1 ls x 60.000.000,00 = 60.000.000,00
Belanja iuran keg. GWN1 ls x 2.000.000,00 = 2.000.000,00
Belanja iuran keg. MTF1 ls x 2.000.000,00 = 2.000.000,00"
2.04 . 1.17.01 . 15 . 05 . 5 . 2 . 2 . 06 , Belanja Cetak dan Penggandaan ,39452500,
2.04 . 1.17.01 . 15 . 05 . 5 . 2 . 2 . 06 . 01 , Belanja Cetak ,37500000," Belanja cetak
Belanja cetak materi promosi pariwisata4,000 eks x 8.500,00 = 34.000.000,00
Belanja cetak Calendar of Event 20161,000 eks x 3.500,00 = 3.500.000,00"
2.04 . 1.17.01 . 15 . 05 . 5 . 2 . 2 . 06 . 02 , Belanja Penggandaan ,1952500," Belanja penggandaan
Belanja fotocopy keg. PPPNDLN5,000 lbr x 150,00 = 750.000,00
Belanja penggandaan materi workshop pemilihan putra putri bantul1 ls x 1.000.000,00 = 1.000.000,00
Belanja fotocopy keg. pemberdayaan putra putri bantul1 ls x 202.500,00 = 202.500,00"
2.04 . 1.17.01 . 15 . 05 . 5 . 2 . 2 . 07 , Belanja Sewa Rumah/Gedung/Gudang/Parkir ,53500000,
2.04 . 1.17.01 . 15 . 05 . 5 . 2 . 2 . 07 . 02 , Belanja Sewa Gedung/Kantor/Tempat ,53500000," Belanja sewa gedung/tempat
Sewa tempat workshop/pembekalan keg. pemilihan putra putri bantul1 ls x 10.000.000,00 = 10.000.000,00
Belanja sewa tempat/kapling Bantul Ekspo1 kl x 1.000.000,00 = 1.000.000,00
Belanja sewa tempat pameran pariwisata dlm negeri1 ls x 38.000.000,00 = 38.000.000,00
Belanja sewa tempat keg. Travel Dialog1 ls x 4.500.000,00 = 4.500.000,00"
2.04 . 1.17.01 . 15 . 05 . 5 . 2 . 2 . 10 , Belanja Sewa Perlengkapan dan Peralatan Kantor ,7500000,
2.04 . 1.17.01 . 15 . 05 . 5 . 2 . 2 . 10 . 05 , Belanja Sewa Tenda ,1000000," Belanja sewa tenda
Sewa tenda keg. pemilihan putra putri bantul1 ls x 1.000.000,00 = 1.000.000,00"
2.04 . 1.17.01 . 15 . 05 . 5 . 2 . 2 . 10 . 07 , Belanja Sewa Sound System ,4500000," Belanja sewa sound system
Sewa sound system seleksi putra putri bantul1 ls x 1.000.000,00 = 1.000.000,00
Sewa sound system dan lighting grand final pemilihan putra putri bantul1 ls x 3.500.000,00 = 3.500.000,00"
2.04 . 1.17.01 . 15 . 05 . 5 . 2 . 2 . 10 . 13 , Belanja sewa peralatan dan perlengkapan kegiatan ,2000000," Belanja sewa peralatan kegiatan fotografi pemilihan putra putri bantul
Sewa pelalatan fotografi keg. pemilihan putra putri bantul1 ls x 2.000.000,00 = 2.000.000,00"
2.04 . 1.17.01 . 15 . 05 . 5 . 2 . 2 . 11 , Belanja Makanan dan Minuman ,28487500,
2.04 . 1.17.01 . 15 . 05 . 5 . 2 . 2 . 11 . 02 , Belanja Makanan Dan Minuman Rapat ,4277500," Belanja makanan dan minuman rapat
Belanja makan dan minum rapat165 porsi x 20.000,00 = 3.300.000,00
Belanja snack dan minum rapat75 doz x 8.500,00 = 637.500,00
Belanja snack dan minum rapat putra putri bantul40 doz x 8.500,00 = 340.000,00"
2.04 . 1.17.01 . 15 . 05 . 5 . 2 . 2 . 11 . 05 , Belanja Makanan dan Minuman Pelaksanaan Kegiatan ,24210000," Belanja makanan dan minuman pelaksanaan kegiatan
Belanja snack jaga stand pameran120 doz x 8.000,00 = 960.000,00
Belanja makan dan minum keg. pemberdayaan putra putri bantul1 ls x 5.000.000,00 = 5.000.000,00
Belanja makan dan minum keg. seleksi putra putri bantul170 porsi x 25.000,00 = 4.250.000,00
Belanja snack keg. grand final pemilihan putra putri bantul500 doz x 8.000,00 = 4.000.000,00
Belanja makan dan minum paket table manner pemilihan putra putri bantul1 ls x 10.000.000,00 = 10.000.000,00"
2.04 . 1.17.01 . 15 . 05 . 5 . 2 . 2 . 14 , Belanja Pakaian khusus dan hari-hari tertentu ,5600000,
2.04 . 1.17.01 . 15 . 05 . 5 . 2 . 2 . 14 . 03 , Belanja Pakaian Batik Tradisional ,2000000," Belanja pakaian batik tradisional
Belanja pakaian batik seragam putra putri bantul1 ls x 2.000.000,00 = 2.000.000,00"
2.04 . 1.17.01 . 15 . 05 . 5 . 2 . 2 . 14 . 05 , Belanja pakaian kejuaraan/ lomba ,3600000," Belanja pakaian lomba
Belanja selempang juara putra putri bantul1 ls x 3.600.000,00 = 3.600.000,00"
2.04 . 1.17.01 . 15 . 05 . 5 . 2 . 2 . 15 , Belanja Perjalanan Dinas ,59880000,
2.04 . 1.17.01 . 15 . 05 . 5 . 2 . 2 . 15 . 01 , Belanja Perjalanan Dinas Dalam Daerah ,5680000," Belanja perjalanan dinas dalam daerah1 ls x 5.680.000,00 = 5.680.000,00"
2.04 . 1.17.01 . 15 . 05 . 5 . 2 . 2 . 15 . 02 , Belanja Perjalanan Dinas Luar Daerah ,54200000," Belanja perjalanan dinas luar daerah1 ls x 54.200.000,00 = 54.200.000,00"
2.04 . 1.17.01 . 15 . 05 . 5 . 2 . 2 . 35 ," Jasa Narasumber, Tenaga Ahli, Yuri, Entry Data, Petugas Fogging dan Petugas Lapangan ",32680000,
2.04 . 1.17.01 . 15 . 05 . 5 . 2 . 2 . 35 . 01 , Jasa Nara Sumber/Moderator/Tenaga Ahli ,4560000," Honor Narasumber/moderator/tenaga ahli
Honor narasumber sosialisasi program kerja SKPD12 bln x 80.000,00 = 960.000,00
Honor narasumber workshop/pembekalan putra putri bantul4 org x 500.000,00 = 2.000.000,00
Honor MC seleksi pemilihan putra putri bantul2 oh x 300.000,00 = 600.000,00
Honor MC grand final pemilihan putra putri bantul2 oh x 500.000,00 = 1.000.000,00"
2.04 . 1.17.01 . 15 . 05 . 5 . 2 . 2 . 35 . 02 , Jasa Yuri Perlombaan/Pelatih ,4600000," Honor juri lomba
Honor juri seleksi putra putri bantul7 oh x 300.000,00 = 2.100.000,00
Honor juri grand final pemilihan putra putri bantul5 oh x 500.000,00 = 2.500.000,00"
2.04 . 1.17.01 . 15 . 05 . 5 . 2 . 2 . 35 . 06 , Jasa Tenaga Harian Lepas ,20000000," Honor tenaga harian lepas
Honor tenaga keamanan grand final putra putri bantul1 ls x 2.000.000,00 = 2.000.000,00
Honor petugas TIC24 org/bln x 750.000,00 = 18.000.000,00"
2.04 . 1.17.01 . 15 . 05 . 5 . 2 . 2 . 35 . 09 , Jasa Petugas Lapangan ,3520000," Honor penyelenggaraan kegiatan
Honor/upah jaga pameran88 org/hr x 40.000,00 = 3.520.000,00"
2.04 . 1.17.01 . 15 . 05 . 5 . 2 . 2 . 37 , Uang Untuk Diberikan Kepada Pihak Ketiga/Masyarakat ,14500000,
2.04 . 1.17.01 . 15 . 05 . 5 . 2 . 2 . 37 . 01 , Uang Untuk Diberikan Kepada Pihak Ketiga/Masyarakat ,14500000," Uang untuk diberikan kepada masyarakat
Uang pembinaan juara Putra Putri Bantul1 ls x 14.500.000,00 = 14.500.000,00"
2.04 . 1.17.01 . 16 , Program pengembangan destinasi pariwisata ,2004895000,
2.04 . 1.17.01 . 16 . 01 , Pengembangan objek pariwisata unggulan ,695100000," Sumber Dana : APBD
Lokasi Kegiatan : Obyek Wisata Kab. Bantul
Keluaran : Terselenggaranya Pentasi Seni di Obyek Wisata
Target: 40 Pentas Seni"
2.04 . 1.17.01 . 16 . 01 . 5 . 2 . 1 , Belanja Pegawai ,30600000,
2.04 . 1.17.01 . 16 . 01 . 5 . 2 . 1 . 01 , Honorarium PNS ,30600000,
2.04 . 1.17.01 . 16 . 01 . 5 . 2 . 1 . 01 . 01 , Honorarium Panitia Pelaksana Kegiatan ,30600000," APBD
 Tim Penta SeniTim Pentas Seni12 bln x 1.800.000,00 = 21.600.000,00
Tim Festival Jatilan20 bjj x 150.000,00 = 3.000.000,00
Tim Festival Lagu-lagu Koes Plus20 bjj x 150.000,00 = 3.000.000,00
Tim Festival Layang-layang20 bjj x 150.000,00 = 3.000.000,00"
2.04 . 1.17.01 . 16 . 01 . 5 . 2 . 2 , Belanja Barang dan Jasa ,664500000,
2.04 . 1.17.01 . 16 . 01 . 5 . 2 . 2 . 01 , Belanja Bahan Pakai Habis ,1575000,
2.04 . 1.17.01 . 16 . 01 . 5 . 2 . 2 . 01 . 01 , Belanja Alat Tulis Kantor ,1575000," APBD
 Belanja ATK1 ls x 1.575.000,00 = 1.575.000,00"
2.04 . 1.17.01 . 16 . 01 . 5 . 2 . 2 . 02 , Belanja Bahan/Material ,2375000,
2.04 . 1.17.01 . 16 . 01 . 5 . 2 . 2 . 02 . 07 , Belanja Cindera Mata ,2375000," APBD
Belanja Trophy19 bh x 125.000,00 = 2.375.000,00"
2.04 . 1.17.01 . 16 . 01 . 5 . 2 . 2 . 03 , Belanja Jasa Kantor ,24300000,
2.04 . 1.17.01 . 16 . 01 . 5 . 2 . 2 . 03 . 13 , Belanja Dokumentasi ,0," APBD
Belanja dokumentasiVideo Shooting Festival Lagu-lagu Koes Plus1 keg x 0,00 = 0,00
Foto Pentas seni di Obyek wisata12 bln x 0,00 = 0,00
Foto Festival Jatilan1 keg x 0,00 = 0,00
Foto Festival Lagu-lagu Koes Plus1 keg x 0,00 = 0,00"
2.04 . 1.17.01 . 16 . 01 . 5 . 2 . 2 . 03 . 15 , Belanja Publikasi ,24300000," APBD
Belanja PublikasiBack droop/Spanduk180 m x 35.000,00 = 6.300.000,00
Baliho20 bh x 650.000,00 = 13.000.000,00
Media1 ls x 5.000.000,00 = 5.000.000,00"
2.04 . 1.17.01 . 16 . 01 . 5 . 2 . 2 . 06 , Belanja Cetak dan Penggandaan ,1790000,
2.04 . 1.17.01 . 16 . 01 . 5 . 2 . 2 . 06 . 02 , Belanja Penggandaan ,1790000," APBD
 Belanja Cetak/penggandaan
Cetak undangan150 bh x 3.000,00 = 450.000,00
Cetak ID Card/stiker250 bh x 2.000,00 = 500.000,00
Foto copy6,000 lbr x 140,00 = 840.000,00"
2.04 . 1.17.01 . 16 . 01 . 5 . 2 . 2 . 10 , Belanja Sewa Perlengkapan dan Peralatan Kantor ,176050000,
2.04 . 1.17.01 . 16 . 01 . 5 . 2 . 2 . 10 . 01 , Belanja Sewa Meja Kursi ,2250000," APBD
Belanja sewa Meja/kursi
Sewa meja/kursi5 paket x 450.000,00 = 2.250.000,00"
2.04 . 1.17.01 . 16 . 01 . 5 . 2 . 2 . 10 . 04 , Belanja Sewa Generator ,47500000," APBD
Belanja sewa Generator
Sewa generatorpentas reguler42 unit x 750.000,00 = 31.500.000,00
Sewa generator event tertentu8 unit x 2.000.000,00 = 16.000.000,00"
2.04 . 1.17.01 . 16 . 01 . 5 . 2 . 2 . 10 . 05 , Belanja Sewa Tenda ,62300000," APBD
Belanja sewa tenda/panggung
Sewa tenda/panggung pentas reguler42 paket x 900.000,00 = 37.800.000,00
Sewa tenda evet tertentu40 unit x 150.000,00 = 6.000.000,00
Sewa panggung event tertentu300 m x 20.000,00 = 6.000.000,00
Sewa panggung rigging/lighting2 unit x 2.500.000,00 = 5.000.000,00
Sewa taman5 set x 1.500.000,00 = 7.500.000,00"
2.04 . 1.17.01 . 16 . 01 . 5 . 2 . 2 . 10 . 07 , Belanja Sewa Sound System ,62000000," APBD
Belanja sewa sound system
Sewa sound system pentas reguler42 unit x 1.000.000,00 = 42.000.000,00
Sewa sound system event tertentu8 unit x 2.500.000,00 = 20.000.000,00"
2.04 . 1.17.01 . 16 . 01 . 5 . 2 . 2 . 10 . 12 , Belanja sewa peralatan dan perlengkapan kesenian/lomba ,2000000," APBD
Belanja sewa peralatan dan perlengkapan kesenian
Sewa peralatan kesenian2 unit x 1.000.000,00 = 2.000.000,00"
2.04 . 1.17.01 . 16 . 01 . 5 . 2 . 2 . 11 , Belanja Makanan dan Minuman ,38500000,
2.04 . 1.17.01 . 16 . 01 . 5 . 2 . 2 . 11 . 02 , Belanja Makanan Dan Minuman Rapat ,3500000," APBD
Belanja makan minum rapat
Makan minum rapat120 ok x 15.000,00 = 1.800.000,00
Snack minum rapat200 ok x 8.500,00 = 1.700.000,00"
2.04 . 1.17.01 . 16 . 01 . 5 . 2 . 2 . 11 . 05 , Belanja Makanan dan Minuman Pelaksanaan Kegiatan ,35000000," APBD
Belanja makan dan minuman pelaksanaan kegiatan
Makan dan minuman keg. jogja air show500 ok x 15.000,00 = 7.500.000,00
Makan dan minum Festival Jatlan130 ok x 20.000,00 = 2.600.000,00
makan minum dan snack Peh Cun300 ok x 25.000,00 = 7.500.000,00
Jamuan prasmanan Festival Prahu Naga150 ok x 40.000,00 = 6.000.000,00
Makan minum keg. Festival Lagu-lagu Koes Plus120 ok x 20.000,00 = 2.400.000,00
Snack Minum Keg. Festival Lagu-lagu Koes Plus300 ok x 10.000,00 = 3.000.000,00
Snack dan Minum Festival Jatilan600 ok x 10.000,00 = 6.000.000,00"
2.04 . 1.17.01 . 16 . 01 . 5 . 2 . 2 . 13 , Belanja Pakaian Kerja ,3360000,
2.04 . 1.17.01 . 16 . 01 . 5 . 2 . 2 . 13 . 01 , Belanja Pakaian Kerja Lapangan ,3360000," APBD
Belanja pakaian kerja lapangan24 bh x 140.000,00 = 3.360.000,00"
2.04 . 1.17.01 . 16 . 01 . 5 . 2 . 2 . 14 , Belanja Pakaian khusus dan hari-hari tertentu ,16800000,
2.04 . 1.17.01 . 16 . 01 . 5 . 2 . 2 . 14 . 03 , Belanja Pakaian Batik Tradisional ,16800000," APBD
Belanja pakaian batik120 bh x 140.000,00 = 16.800.000,00"
2.04 . 1.17.01 . 16 . 01 . 5 . 2 . 2 . 15 , Belanja Perjalanan Dinas ,1900000,
2.04 . 1.17.01 . 16 . 01 . 5 . 2 . 2 . 15 . 01 , Belanja Perjalanan Dinas Dalam Daerah ,1900000," APBD
Belanja perjalanan dinas dalam daerahKegiatan event wisata1 ls x 1.900.000,00 = 1.900.000,00"
2.04 . 1.17.01 . 16 . 01 . 5 . 2 . 2 . 35 ," Jasa Narasumber, Tenaga Ahli, Yuri, Entry Data, Petugas Fogging dan Petugas Lapangan ",14000000,
2.04 . 1.17.01 . 16 . 01 . 5 . 2 . 2 . 35 . 02 , Jasa Yuri Perlombaan/Pelatih ,6000000," APBD
Honor JuriJuri Festival Lagu-lagu Koes Plus6 ok x 500.000,00 = 3.000.000,00
Juri Festival Jatilan6 ok x 500.000,00 = 3.000.000,00"
2.04 . 1.17.01 . 16 . 01 . 5 . 2 . 2 . 35 . 09 , Jasa Petugas Lapangan ,8000000," APBD
Honorpetugas lapangan
Honor petugas lapangan100 ok x 80.000,00 = 8.000.000,00"
2.04 . 1.17.01 . 16 . 01 . 5 . 2 . 2 . 37 , Uang Untuk Diberikan Kepada Pihak Ketiga/Masyarakat ,42500000,
2.04 . 1.17.01 . 16 . 01 . 5 . 2 . 2 . 37 . 01 , Uang Untuk Diberikan Kepada Pihak Ketiga/Masyarakat ,42500000," APBD
Uang hadiah lomba
Uang hadiah Festival Lagu-lagu Koes Plus1 keg x 19.000.000,00 = 19.000.000,00
Uang hadiah Festival Jatilan1 keg x 23.500.000,00 = 23.500.000,00"
2.04 . 1.17.01 . 16 . 01 . 5 . 2 . 2 . 38 , Belanja Jasa Pentas/Pertunjukan ,341350000,
2.04 . 1.17.01 . 16 . 01 . 5 . 2 . 2 . 38 . 01 , Belanja Jasa Pentas/Pertunjukan ,341350000," APBD
Belanja jasa pentas pertunjukanPentas regulur42 keg x 4.000.000,00 = 168.000.000,00
Gelar seni Malam 1 Sura1 keg x 12.500.000,00 = 12.500.000,00
Gelar seni malam 15 Sura1 keg x 12.500.000,00 = 12.500.000,00
Gelar seni malam tahun baru1 keg x 12.500.000,00 = 12.500.000,00
Festival Jatilan17 group x 2.500.000,00 = 42.500.000,00
Festival Layang-layang1 keg x 83.350.000,00 = 83.350.000,00
Parade Band Remaja1 keg x 10.000.000,00 = 10.000.000,00"
2.04 . 1.17.01 . 16 . 02 , Peningkatan pembangunan sarana dan prasarana pariwisata ,546405000," Sumber Dana : APBD
Keluaran : Terbangunnya Sarana Dan Prasarana Obyek wisata
Target: 4 Obyek wisata"
2.04 . 1.17.01 . 16 . 02 . 5 . 2 . 2 , Belanja Barang dan Jasa ,7300000,
2.04 . 1.17.01 . 16 . 02 . 5 . 2 . 2 . 01 , Belanja Bahan Pakai Habis ,7300000,
2.04 . 1.17.01 . 16 . 02 . 5 . 2 . 2 . 01 . 01 , Belanja Alat Tulis Kantor ,7300000," Belanja Alat Tulis Kantor
Belanja Foto Copy2,000 lbr x 150,00 = 300.000,00
Belanja Makan Minum Rapat120 ok x 17.500,00 = 2.100.000,00
Belanja Perjalanan Dinas1 ls x 2.150.000,00 = 2.150.000,001 keg x 2.000.000,00 = 2.000.000,00
Belanja Dokumentasi5 keg x 0,00 = 0,00
Belanja Penggandaan5 dok x 150.000,00 = 750.000,00"
2.04 . 1.17.01 . 16 . 02 . 5 . 2 . 3 , Belanja Modal ,539105000,
2.04 . 1.17.01 . 16 . 02 . 5 . 2 . 3 . 49 , Belanja Modal Gedung dan Bangunan - Pengadaan Bangunan Gedung Tempat Kerja ,329705000,
2.04 . 1.17.01 . 16 . 02 . 5 . 2 . 3 . 49 . 08 , Belanja Modal Gedung dan Bangunan - Pengadaan Bangunan Gedung Tempat Ibadah ,329705000," Belanja Modal gedung dan Bangunan Tempat Ibadah OW. Parangtritis
Honor Pemeriksa Dan Penerma Pekerjaan1 ok x 200.000,00 = 200.000,00
Belanja Modal Mainan anak OW. Goa Selaromg1 unit x 45.000.000,00 = 45.000.000,0
0biaya Perencanaan1 unit x 2.250.000,00 = 2.250.000,00
Biaya Perencanaan1 unit x 2.750.000,00 = 2.750.000,00
Pejabat Pengadaan Barang/Jasa1 ok x 300.000,00 = 300.000,00
Honor Pengawas lapangan1 ok x 255.000,00 = 255.000,00
Honor Panitia Pengawas lapangan5 unit x 255.000,00 = 1.275.000,00
Honor Panitia Pemeriksa Dan Penerima5 bjj x 175.000,00 = 875.000,00
Belanja Modal gedung Dan Bangunan Rehab Mushola Relokasi Mancingan1 unit x 87.500.000,00 = 87.500.000,00
Belanja Modal gedung Tempat Ibadah OW. Parangtritis.1 unit x 182.500.000,00 = 182.500.000,00
Biaya Perencanaan1 unit x 6.500.000,00 = 6.500.000,00
honor Pejabat Pengadaan Barang/Jasa1 ok x 300.000,00 = 300.000,00"
2.04 . 1.17.01 . 16 . 02 . 5 . 2 . 3 . 52 , Belanja Modal Gedung dan Bangunan - Pengadaan Bangunan Bersejarah ,209400000,
2.04 . 1.17.01 . 16 . 02 . 5 . 2 . 3 . 52 . 02 , Belanja Modal Gedung dan Bangunan - Pengadaan Bangunan Rumah Adat ,209400000,"  APBD
Belanja Modal Gedung Dan Bangunan Joglo OW. Goa Cemara
Honor Panitia Pengawas Lapangan5 bjj x 255.000,00 = 1.275.000,00
Honor Panitia Pemeriksa Dan Penerima5 bjj x 175.000,00 = 875.000,001 unit x 196.750.000,00 = 196.750.000,00
Biaya Perencanaan1 unit x 7.500.000,00 = 7.500.000,00
Honor Pejabat Pengadaan Barang/Jasa10 ok x 300.000,00 = 3.000.000,00"
2.04 . 1.17.01 . 16 . 05 , Pemantauan dan evaluasi pelaksanaan program pengembangan destinasi pemasaran pariwisata ,125000000," Sumber Dana : APBD
Keluaran : Terselenggaranya pengendalian obyek
Target : 6 kegiatan"
2.04 . 1.17.01 . 16 . 05 . 5 . 2 . 1 , Belanja Pegawai ,3000000,
2.04 . 1.17.01 . 16 . 05 . 5 . 2 . 1 . 01 , Honorarium PNS ,3000000,
2.04 . 1.17.01 . 16 . 05 . 5 . 2 . 1 . 01 . 01 , Honorarium Panitia Pelaksana Kegiatan ,3000000," APBD
 Honor panitia pelaksana kegiatanTIM POWPHB20 bjj x 150.000,00 = 3.000.000,00"
2.04 . 1.17.01 . 16 . 05 . 5 . 2 . 2 , Belanja Barang dan Jasa ,122000000,
2.04 . 1.17.01 . 16 . 05 . 5 . 2 . 2 . 01 , Belanja Bahan Pakai Habis ,733000,
2.04 . 1.17.01 . 16 . 05 . 5 . 2 . 2 . 01 . 01 , Belanja Alat Tulis Kantor ,733000," APBD
 Belanja ATK1 ls x 733.000,00 = 733.000,00"
2.04 . 1.17.01 . 16 . 05 . 5 . 2 . 2 . 06 , Belanja Cetak dan Penggandaan ,532000,
2.04 . 1.17.01 . 16 . 05 . 5 . 2 . 2 . 06 . 01 , Belanja Cetak ,532000," APBD
Belanja penggandaan
Foto Copy Keg. POWPHB3,800 lb x 140,00 = 532.000,00"
2.04 . 1.17.01 . 16 . 05 . 5 . 2 . 2 . 10 , Belanja Sewa Perlengkapan dan Peralatan Kantor ,21840000,
2.04 . 1.17.01 . 16 . 05 . 5 . 2 . 2 . 10 . 01 , Belanja Sewa Meja Kursi ,1440000," APBD
Belanja sewa meja kusi
Belanja sewa meja/kuri6 paket x 240.000,00 = 1.440.000,00"
2.04 . 1.17.01 . 16 . 05 . 5 . 2 . 2 . 10 . 04 , Belanja Sewa Generator ,6000000," APBD
Belanja sewa generotor
Sewa diesel/lampu6 unit x 500.000,00 = 3.000.000,00Sewa genzet12 unit x 250.000,00 = 3.000.000,00"
2.04 . 1.17.01 . 16 . 05 . 5 . 2 . 2 . 10 . 05 , Belanja Sewa Tenda ,12000000," APBD
Belan ja sewa tenda
Sewa tenda80 unit x 150.000,00 = 12.000.000,00"
2.04 . 1.17.01 . 16 . 05 . 5 . 2 . 2 . 10 . 07 , Belanja Sewa Sound System ,2400000," APBD
Belanja sewa pengeras suara
Sewa pengeras suara8 unit x 300.000,00 = 2.400.000,00"
2.04 . 1.17.01 . 16 . 05 . 5 . 2 . 2 . 11 , Belanja Makanan dan Minuman ,24595000,
2.04 . 1.17.01 . 16 . 05 . 5 . 2 . 2 . 11 . 02 , Belanja Makanan Dan Minuman Rapat ,1125000," APBD
Belanja makan dan minuman rapat
Makan dan minum rapat75 ok x 15.000,00 = 1.125.000,00"
2.04 . 1.17.01 . 16 . 05 . 5 . 2 . 2 . 11 . 05 , Belanja Makanan dan Minuman Pelaksanaan Kegiatan ,23470000," APBD
Belanja makan dan minum pelaksanaan kegiatan
Makan minum dan snack keg. pengendalian obyek810 ok x 27.000,00 = 21.870.000,00
Makan dan minum SAR80 ok x 20.000,00 = 1.600.000,00"
2.04 . 1.17.01 . 16 . 05 . 5 . 2 . 2 . 15 , Belanja Perjalanan Dinas ,1400000,
2.04 . 1.17.01 . 16 . 05 . 5 . 2 . 2 . 15 . 01 , Belanja Perjalanan Dinas Dalam Daerah ,1400000," APBD
Belanja perjalanan dinas dalam daerah
Perjalanan dinas1 bjj x 1.400.000,00 = 1.400.000,00"
2.04 . 1.17.01 . 16 . 05 . 5 . 2 . 2 . 35 ," Jasa Narasumber, Tenaga Ahli, Yuri, Entry Data, Petugas Fogging dan Petugas Lapangan ",72900000,
2.04 . 1.17.01 . 16 . 05 . 5 . 2 . 2 . 35 . 09 , Jasa Petugas Lapangan ,72900000," APBD
Honor arium penyelenggara kegiatan
Honor petugas pengendalian obyek810 ok x 90.000,00 = 72.900.000,00"
2.04 . 1.17.01 . 16 . 06 , Pengembangan daerah tujuan wisata ,70000000," Sumber Dana : 
Keluaran : Berkembangnya Daerah Tujuan Wisata
Target : 1 Lokasi"
2.04 . 1.17.01 . 16 . 06 . 5 . 2 . 3 , Belanja Modal ,70000000,
2.04 . 1.17.01 . 16 . 06 . 5 . 2 . 3 . 49 , Belanja Modal Gedung dan Bangunan - Pengadaan Bangunan Gedung Tempat Kerja ,70000000,
2.04 . 1.17.01 . 16 . 06 . 5 . 2 . 3 . 49 . 01 , Belanja Modal Gedung dan Bangunan - Pengadaan Bangunan Gedung Kantor ,70000000," Belanja Modal bangunan Jalan Corblok Jalan Parangendog Ke Pantai
Belanja Perjalanan Dinas1 keg x 570.000,00 = 570.000,00
Honor Tim Pemeriksa Dan Penerima1 bjj x 255.000,00 = 255.000,00
Belanja foto kopi150 lembar x 500,00 = 75.000,00
Belanja Makan Dan Minum Rapat12 ok x 17.500,00 = 210.000,00
Belanja Modal Bangunan Jalan Corblok Parangendog Ke Pantai1 unit x 66.140.000,00 = 66.140.000,00
Belanja Perencanaan1 unit x 2.500.000,00 = 2.500.000,00
Honor Pejabat Pengadaan barang/Jasa1 ok x 250.000,00 = 250.000,00"
2.04 . 1.17.01 . 16 . 09 , Pemeliharaan Rutin/Berkala Sarana dan Prasarana Obyek Wisata ,190645000," Sumber Dana :
 Keluaran : Terpeliharanya Sarana Dan Prasarana Obyek Wisata
Target: 8 Obyek Wisata"
2.04 . 1.17.01 . 16 . 09 . 5 . 2 . 2 , Belanja Barang dan Jasa ,182645000,
2.04 . 1.17.01 . 16 . 09 . 5 . 2 . 2 . 01 , Belanja Bahan Pakai Habis ,7350000,
2.04 . 1.17.01 . 16 . 09 . 5 . 2 . 2 . 01 . 01 , Belanja Alat Tulis Kantor ,7350000," Belanja Alat Tulis Kantor1 ls x 2.350.000,00 = 2.350.000,00
Belanja Peralatan Kebersihan dan Bahan Pembersih1 ls x 5.000.000,00 = 5.000.000,00"
2.04 . 1.17.01 . 16 . 09 . 5 . 2 . 2 . 02 , Belanja Bahan/Material ,82795000,
2.04 . 1.17.01 . 16 . 09 . 5 . 2 . 2 . 02 . 01 , Belanja Bahan Baku Bangunan ,82795000," Belanja Bahan bangunan1 ls x 82.795.000,00 = 82.795.000,00"
2.04 . 1.17.01 . 16 . 09 . 5 . 2 . 2 . 03 , Belanja Jasa Kantor ,19900000,
2.04 . 1.17.01 . 16 . 09 . 5 . 2 . 2 . 03 . 03 , Belanja Listrik ,10300000," Belanja Listrik dan elektronik1 ls x 3.300.000,00 = 3.300.000,00
Belanja Jaringan Listrik TPR2 unit x 3.500.000,00 = 7.000.000,00"
2.04 . 1.17.01 . 16 . 09 . 5 . 2 . 2 . 03 . 13 , Belanja Dokumentasi ,0," Belanja Dokumentasi
Belanja Dokumentasi Pemeliharaan12 bln x 0,00 = 0,00"
2.04 . 1.17.01 . 16 . 09 . 5 . 2 . 2 . 03 . 15 , Belanja Publikasi ,9600000," Belanja Publikasi
Belanja Publikasi Baliho/Papan Informasi12 bh x 800.000,00 = 9.600.000,00"
2.04 . 1.17.01 . 16 . 09 . 5 . 2 . 2 . 05 , Belanja Perawatan Kendaraan Bermotor ,27600000,
2.04 . 1.17.01 . 16 . 09 . 5 . 2 . 2 . 05 . 01 , Belanja Jasa Service ,2400000," Belanja Jasa Service Kendaraan Roda Tiga dan mesin Pemotong rumput12 bln x 200.000,00 = 2.400.000,00"
2.04 . 1.17.01 . 16 . 09 . 5 . 2 . 2 . 05 . 02 , Belanja Penggantian Suku Cadang ,7200000," Belanja Suku Cadang Kendaraan Roda Tiga dan mesin Pemotong rumput 12 bln x 600.000,00 = 7.200.000,00"
2.04 . 1.17.01 . 16 . 09 . 5 . 2 . 2 . 05 . 03 , Belanja Bahan Bakar Minyak/Gas Dan Pelumas ,18000000," Belanja Bahan Bakar Minyak /Gas dan Pelumas Kendaraan Roda Tiga Dan Mesin Pemotong rumput
Belanja Bahan Bakar Minyak/Gas dan Pelumas Kendaraan Roda tiga dan mesin Pemotong rumput12 bln x 1.500.000,00 = 18.000.000,00"
2.04 . 1.17.01 . 16 . 09 . 5 . 2 . 2 . 15 , Belanja Perjalanan Dinas ,5000000,
2.04 . 1.17.01 . 16 . 09 . 5 . 2 . 2 . 15 . 01 , Belanja Perjalanan Dinas Dalam Daerah ,5000000," Belanja perjalanan Dinas Dalam Daerah
Belanja Perjalanan Daerah Pemerliharaan Rutin/Berkala Sarana Prasarana Obyek Wisata1 thn x 5.000.000,00 = 5.000.000,00"
2.04 . 1.17.01 . 16 . 09 . 5 . 2 . 2 . 35 ," Jasa Narasumber, Tenaga Ahli, Yuri, Entry Data, Petugas Fogging dan Petugas Lapangan ",40000000,
2.04 . 1.17.01 . 16 . 09 . 5 . 2 . 2 . 35 . 06 , Jasa Tenaga Harian Lepas ,40000000," Honorarium Tenaga Harian Lepas
Honorarium Tenaga Harian Lepas Pemeliharaan Rutin/Berkala Sarana Prasarana Pariwisata800 ok x 50.000,00 = 40.000.000,00"
2.04 . 1.17.01 . 16 . 09 . 5 . 2 . 3 , Belanja Modal ,8000000,
2.04 . 1.17.01 . 16 . 09 . 5 . 2 . 3 . 28 , Belanja Modal Peralatan dan Mesin - Pengadaan Alat Rumah Tangga ,8000000,
2.04 . 1.17.01 . 16 . 09 . 5 . 2 . 3 . 28 . 03 , Belanja Modal Peralatan dan Mesin - Pengadaan Alat Pembersih ,8000000," Belanja Modal Gerobak sampah Obyek Wisata
Belanja Gerobak sampah Obyek Wisata2 bh x 4.000.000,00 = 8.000.000,00"
2.04 . 1.17.01 . 16 . 11 , Peningkatan Pelayanan Kepariwisataan ,377745000," Sumber Dana : 
Lokasi Kegiatan : Bantul
Keluaran : Terlaksananya koordinasi stake holder pelayanan kepariwisataan
Target: 2 kali"
2.04 . 1.17.01 . 16 . 11 . 5 . 2 . 1 , Belanja Pegawai ,245400000,
2.04 . 1.17.01 . 16 . 11 . 5 . 2 . 1 . 01 , Honorarium PNS ,245400000,
2.04 . 1.17.01 . 16 . 11 . 5 . 2 . 1 . 01 . 01 , Honorarium Panitia Pelaksana Kegiatan ,245400000," Honorarium Panitia Pelaksana Kegiatan
Tim Monitoring dan Intensifikasi Peningkatan Pelayanan Pariwisata1 Ls x 85.400.000,00 = 85.400.000,00
Tim Pembina Kepariwisataan Kab. Bantul1 Ls x 160.000.000,00 = 160.000.000,00"
2.04 . 1.17.01 . 16 . 11 . 5 . 2 . 2 , Belanja Barang dan Jasa ,132345000,
2.04 . 1.17.01 . 16 . 11 . 5 . 2 . 2 . 01 , Belanja Bahan Pakai Habis ,500000,
2.04 . 1.17.01 . 16 . 11 . 5 . 2 . 2 . 01 . 01 , Belanja Alat Tulis Kantor ,500000," Belanja Alat Tulis Kantor
Belanja ATK Keg. Peningkatan Pelayanan Kepariwisataan1 Ls x 500.000,00 = 500.000,00"
2.04 . 1.17.01 . 16 . 11 . 5 . 2 . 2 . 06 , Belanja Cetak dan Penggandaan ,300000,
2.04 . 1.17.01 . 16 . 11 . 5 . 2 . 2 . 06 . 02 , Belanja Penggandaan ,300000," Belanja PenggandaanFotocopy2,000 lbr x 150,00 = 300.000,00"
2.04 . 1.17.01 . 16 . 11 . 5 . 2 . 2 . 11 , Belanja Makanan dan Minuman ,9120000,
2.04 . 1.17.01 . 16 . 11 . 5 . 2 . 2 . 11 . 02 , Belanja Makanan Dan Minuman Rapat ,3420000," Belanja Makanan dan Minuman Rapat
Makan dan Minum Rapat120 OH x 28.500,00 = 3.420.000,00"
2.04 . 1.17.01 . 16 . 11 . 5 . 2 . 2 . 11 . 05 , Belanja Makanan dan Minuman Pelaksanaan Kegiatan ,5700000," Belanja Makanan dan Minuman Kegiatan
Snack dan Makan Sosialisasi Keg. Peningkatan Pelayanan200 OH x 28.500,00 = 5.700.000,00"
2.04 . 1.17.01 . 16 . 11 . 5 . 2 . 2 . 13 , Belanja Pakaian Kerja ,43725000,
2.04 . 1.17.01 . 16 . 11 . 5 . 2 . 2 . 13 . 01 , Belanja Pakaian Kerja Lapangan ,43725000," Belanja Pakaian Kerja Lapangan
Pejabat Pembuat komitmen1 Tim/P x 350.000,00 = 350.000,00
Pejabat Pengadaan Barang1 Tim/P x 250.000,00 = 250.000,00
Pejabat Penerima dan Pemeriksa Barang1 Tim/P x 525.000,00 = 525.000,00
Petugas Kebersihan Obyek Wisata64 OK x 400.000,00 = 25.600.000,00
Petugas Pemungut Retribusi40 OK x 300.000,00 = 12.000.000,00
Petugas Pengendali25 OK x 200.000,00 = 5.000.000,00"
2.04 . 1.17.01 . 16 . 11 . 5 . 2 . 2 . 15 , Belanja Perjalanan Dinas ,78700000,
2.04 . 1.17.01 . 16 . 11 . 5 . 2 . 2 . 15 . 01 , Belanja Perjalanan Dinas Dalam Daerah ,3000000," Belanja Perjalanan Dinas Dalam Daerah1 Ls x 3.000.000,00 = 3.000.000,00"
2.04 . 1.17.01 . 16 . 11 . 5 . 2 . 2 . 15 . 02 , Belanja Perjalanan Dinas Luar Daerah ,75700000," Belanja Perjalanan Dinas Luar Daerah1 Ls x 75.700.000,00 = 75.700.000,00"
1.17 . 1.17.01 . 17 , Program Pengelolaan Keragaman Budaya ,223200000,
1.17 . 1.17.01 . 17 . 01 , Pengembangan kesenian dan kebudayaan daerah ,174200000," Sumber Dana : 
Lokasi Kegiatan : Bantul dan DIY
Keluaran : Prestasi Seniman di Kabupaten Meningkat
Target: 9 kegiatan"
1.17 . 1.17.01 . 17 . 01 . 5 . 2 . 1 , Belanja Pegawai ,7800000,
1.17 . 1.17.01 . 17 . 01 . 5 . 2 . 1 . 01 , Honorarium PNS ,7800000,
1.17 . 1.17.01 . 17 . 01 . 5 . 2 . 1 . 01 . 01 , Honorarium Panitia Pelaksana Kegiatan ,7800000," Honorarium Panitia Pelaksana Kegiatan
Anggota35 ok x 150.000,00 = 5.250.000,00
Pengarah5 ok x 180.000,00 = 900.000,00
Ketua5 ok x 170.000,00 = 850.000,00
Sekretaris5 ok x 160.000,00 = 800.000,00"
1.17 . 1.17.01 . 17 . 01 . 5 . 2 . 2 , Belanja Barang dan Jasa ,166400000,
1.17 . 1.17.01 . 17 . 01 . 5 . 2 . 2 . 01 , Belanja Bahan Pakai Habis ,260000,
1.17 . 1.17.01 . 17 . 01 . 5 . 2 . 2 . 01 . 01 , Belanja Alat Tulis Kantor ,260000," Belanja Alat Tulis Kantor
Belanja ATK1 ls x 260.000,00 = 260.000,00"
1.17 . 1.17.01 . 17 . 01 . 5 . 2 . 2 . 03 , Belanja Jasa Kantor ,0,
1.17 . 1.17.01 . 17 . 01 . 5 . 2 . 2 . 03 . 13 , Belanja Dokumentasi ,0," Belanja Dokumentasi1 ls x 0,00 = 0,00"
1.17 . 1.17.01 . 17 . 01 . 5 . 2 . 2 . 11 , Belanja Makanan dan Minuman ,850000,
1.17 . 1.17.01 . 17 . 01 . 5 . 2 . 2 . 11 . 02 , Belanja Makanan Dan Minuman Rapat ,850000," Belanja Makanan dan Minuman Rapat
Belanja Snack dan Minum Rapat100 org x 8.500,00 = 850.000,00"
1.17 . 1.17.01 . 17 . 01 . 5 . 2 . 2 . 15 , Belanja Perjalanan Dinas ,1290000,
1.17 . 1.17.01 . 17 . 01 . 5 . 2 . 2 . 15 . 01 , Belanja Perjalanan Dinas Dalam Daerah ,1290000," Belanja Perjalanan Dinas dalam Daerah
Perjalanan Dinas Gol. IV13 ok x 50.000,00 = 650.000,00
Perjalanan Dinas Gol. III16 ok x 40.000,00 = 640.000,00"
1.17 . 1.17.01 . 17 . 01 . 5 . 2 . 2 . 38 , Belanja Jasa Pentas/Pertunjukan ,164000000,
1.17 . 1.17.01 . 17 . 01 . 5 . 2 . 2 . 38 . 01 , Belanja Jasa Pentas/Pertunjukan ,164000000," Belanja Jasa Pentas/Pertunjukan
Biaya Jasa Pentas/Pertunjukan Fest. Dalang Anak dan Remaja 1 kali x 10.000.000,00 = 10.000.000,00
Biaya Jasa Pentas/Pertunjukan Fest. Ketoprak1 kali x 40.000.000,00 = 40.000.000,00
Biaya Jasa Pentas/Pertunjukan Fest. Seni Budaya1 ls x 12.000.000,00 = 12.000.000,00
Biaya Jasa Pentas/Pertunjukan Fest. Ketoprak Lesung/Ketoprak Remaja1 kali x 14.000.000,00 = 14.000.000,00
Biaya Jasa Pentas/Pertunjukan Fest. Jathilan dan Reog1 kali x 20.000.000,00 = 20.000.000,00
Biaya Jasa Pentas/Pertunjukan Fest. Seni Religius dan Kerakyatan1 kali x 16.000.000,00 = 16.000.000,00
Biaya Jasa Pentas/Pertunjukan ParadeTari Nusantara dan Gelar Seni Pertunjukan2 klp seni x 11.000.000,00 = 22.000.000,00
Biaya Jasa Pentas/Pertunjukan Fest. Bentara Upacara Adat2 klp.seni x 10.000.000,00 = 20.000.000,00
Biaya Jasa Pentas/Pertunjukan Fest. Langen Carita1 kali x 10.000.000,00 = 10.000.000,00"
1.17 . 1.17.01 . 17 . 02 , Penyusunan sistem informasi database bidang kebudayaan ,49000000," Sumber Dana :
 Lokasi Kegiatan : Bantul
Keluaran : Informasi Database Bidang Kebudayaan Dapat Tersusun
Target: 2 Kegiatan"
1.17 . 1.17.01 . 17 . 02 . 5 . 2 . 1 , Belanja Pegawai ,1560000,
1.17 . 1.17.01 . 17 . 02 . 5 . 2 . 1 . 01 , Honorarium PNS ,1560000,
1.17 . 1.17.01 . 17 . 02 . 5 . 2 . 1 . 01 . 01 , Honorarium Panitia Pelaksana Kegiatan ,1560000," Honorarium Panitia Pelaksana Kegiatan
Pengarah1 ok x 180.000,00 = 180.000,00
Ketua1 ok x 170.000,00 = 170.000,00
Sekretaris1 ok x 160.000,00 = 160.000,00
Anggota7 ok x 150.000,00 = 1.050.000,00"
1.17 . 1.17.01 . 17 . 02 . 5 . 2 . 2 , Belanja Barang dan Jasa ,47440000,
1.17 . 1.17.01 . 17 . 02 . 5 . 2 . 2 . 01 , Belanja Bahan Pakai Habis ,420000,
1.17 . 1.17.01 . 17 . 02 . 5 . 2 . 2 . 01 . 01 , Belanja Alat Tulis Kantor ,420000," Belanja Alat Tulis Kantor
Belanja ATK1 ls x 420.000,00 = 420.000,00"
1.17 . 1.17.01 . 17 . 02 . 5 . 2 . 2 . 03 , Belanja Jasa Kantor ,0,
1.17 . 1.17.01 . 17 . 02 . 5 . 2 . 2 . 03 . 13 , Belanja Dokumentasi ,0," Belanja Dokumentasi1 ls x 0,00 = 0,00"
1.17 . 1.17.01 . 17 . 02 . 5 . 2 . 2 . 06 , Belanja Cetak dan Penggandaan ,31100000,
1.17 . 1.17.01 . 17 . 02 . 5 . 2 . 2 . 06 . 01 , Belanja Cetak ,28600000," Belanja Cetak572 buku x 50.000,00 = 28.600.000,00"
1.17 . 1.17.01 . 17 . 02 . 5 . 2 . 2 . 06 . 02 , Belanja Penggandaan ,2500000," Belanja Penggandaan
Belanja fotocopy12,500 lbr x 200,00 = 2.500.000,00"
1.17 . 1.17.01 . 17 . 02 . 5 . 2 . 2 . 11 , Belanja Makanan dan Minuman ,2220000,
1.17 . 1.17.01 . 17 . 02 . 5 . 2 . 2 . 11 . 02 , Belanja Makanan Dan Minuman Rapat ,2220000," Belanja Makanan dan Minuman Rapat
Belanja Makan dan Minum Rapat60 org x 20.000,00 = 1.200.000,00
Belanja Snack dan Minum Rapat120 org x 8.500,00 = 1.020.000,00"
1.17 . 1.17.01 . 17 . 02 . 5 . 2 . 2 . 15 , Belanja Perjalanan Dinas ,10300000,
1.17 . 1.17.01 . 17 . 02 . 5 . 2 . 2 . 15 . 01 , Belanja Perjalanan Dinas Dalam Daerah ,10300000," Belanja Perjalanan Dinas dalam Daerah
Perjalanan Dinas Gol. IV16 ok x 50.000,00 = 800.000,00
Perjalanan Dinas Gol. III200 ok x 40.000,00 = 8.000.000,00
Perjalanan Dinas Gol. II50 ok x 30.000,00 = 1.500.000,00"
1.17 . 1.17.01 . 17 . 02 . 5 . 2 . 2 . 35 ," Jasa Narasumber, Tenaga Ahli, Yuri, Entry Data, Petugas Fogging dan Petugas Lapangan ",3400000,
1.17 . 1.17.01 . 17 . 02 . 5 . 2 . 2 . 35 . 01 , Jasa Nara Sumber/Moderator/Tenaga Ahli ,3400000," Honorarium Narasumber/Tenaga Ahli
Honorarium Tenaga Ahli17 ok x 200.000,00 = 3.400.000,00"
2.04 . 1.17.01 . 17 , Program pengembangan Kemitraan ,237000000,
2.04 . 1.17.01 . 17 . 05 , Pelaksanaan koordinasi pembangunan kemitraan pariwisata ,40400000," Sumber Dana : 
Lokasi Kegiatan : Kabupaten Bantul
Keluaran : Terselenggaranya kegiatan sarasehan forkom pokdarwis
Target: 6 kali sarasehan"
2.04 . 1.17.01 . 17 . 05 . 5 . 2 . 1 , Belanja Pegawai ,3000000,
2.04 . 1.17.01 . 17 . 05 . 5 . 2 . 1 . 01 , Honorarium PNS ,3000000,
2.04 . 1.17.01 . 17 . 05 . 5 . 2 . 1 . 01 . 01 , Honorarium Panitia Pelaksana Kegiatan ,3000000," Honor panitia pelaksana kegiatan
Honor Tim Pelaksana Sarasehan Forkom1 ls x 3.000.000,00 = 3.000.000,00"
2.04 . 1.17.01 . 17 . 05 . 5 . 2 . 2 , Belanja Barang dan Jasa ,37400000,
2.04 . 1.17.01 . 17 . 05 . 5 . 2 . 2 . 01 , Belanja Bahan Pakai Habis ,5050000,
2.04 . 1.17.01 . 17 . 05 . 5 . 2 . 2 . 01 . 01 , Belanja Alat Tulis Kantor ,5050000," Belanja Alat Tulis Kantor
Belanja ATK kegiatan1 ls x 1.000.000,00 = 1.000.000,00
Belanja ATK peserta sarasehan270 org/keg x 15.000,00 = 4.050.000,00"
2.04 . 1.17.01 . 17 . 05 . 5 . 2 . 2 . 03 , Belanja Jasa Kantor ,0,
2.04 . 1.17.01 . 17 . 05 . 5 . 2 . 2 . 03 . 13 , Belanja Dokumentasi ,0," Belanja dokumentasi
Dokumentasi kegiatan sarasehan1 ls x 0,00 = 0,00"
2.04 . 1.17.01 . 17 . 05 . 5 . 2 . 2 . 06 , Belanja Cetak dan Penggandaan ,900000,
2.04 . 1.17.01 . 17 . 05 . 5 . 2 . 2 . 06 . 02 , Belanja Penggandaan ,900000," Belanja penggandaan
Belanja fotocopy6,000 lbr x 150,00 = 900.000,00"
2.04 . 1.17.01 . 17 . 05 . 5 . 2 . 2 . 07 , Belanja Sewa Rumah/Gedung/Gudang/Parkir ,3000000,
2.04 . 1.17.01 . 17 . 05 . 5 . 2 . 2 . 07 . 03 , Belanja Sewa Ruang Rapat/Pertemuan ,3000000," Belanja sewa ruang/tempat
Sewa ruang/tempat kegiatan sarasehan6 kl x 500.000,00 = 3.000.000,00"
2.04 . 1.17.01 . 17 . 05 . 5 . 2 . 2 . 11 , Belanja Makanan dan Minuman ,10800000,
2.04 . 1.17.01 . 17 . 05 . 5 . 2 . 2 . 11 . 02 , Belanja Makanan Dan Minuman Rapat ,1800000," Belanja makanan dan minuman rapat
Belanja makan dan minum rapat50 o/h x 20.000,00 = 1.000.000,00
Belanja snack dan minum rapat100 o/h x 8.000,00 = 800.000,00"
2.04 . 1.17.01 . 17 . 05 . 5 . 2 . 2 . 11 . 05 , Belanja Makanan dan Minuman Pelaksanaan Kegiatan ,9000000," Belanja makanan dan minuman pelaksanaan kegiatan
Belanja makan dan minum peserta270 o/h x 25.000,00 = 6.750.000,00
Belanja makan dan minum panitia90 o/h x 25.000,00 = 2.250.000,00"
2.04 . 1.17.01 . 17 . 05 . 5 . 2 . 2 . 15 , Belanja Perjalanan Dinas ,5050000,
2.04 . 1.17.01 . 17 . 05 . 5 . 2 . 2 . 15 . 01 , Belanja Perjalanan Dinas Dalam Daerah ,5050000," Belanja perjalanan dinas dalam daerah1 ls x 5.050.000,00 = 5.050.000,00"
2.04 . 1.17.01 . 17 . 05 . 5 . 2 . 2 . 35 ," Jasa Narasumber, Tenaga Ahli, Yuri, Entry Data, Petugas Fogging dan Petugas Lapangan ",12600000,
2.04 . 1.17.01 . 17 . 05 . 5 . 2 . 2 . 35 . 01 , Jasa Nara Sumber/Moderator/Tenaga Ahli ,4500000," Honor narasumber/moderator
Honor narasumber18 org/kl x 250.000,00 = 4.500.000,00"
2.04 . 1.17.01 . 17 . 05 . 5 . 2 . 2 . 35 . 05 , Jasa Peserta Seminar/Simposium /Workshop/Sosialisasi ,8100000," Honor peserta seminar/sosialisasi
Honor peserta sarasehan270 o/k x 30.000,00 = 8.100.000,00"
2.04 . 1.17.01 . 17 . 07 , Pengembangan sumber daya manusia dan profesionalisme bidang pariwisata ,29700000," Sumber Dana : 
Lokasi Kegiatan : Kabupaten Bantul
Keluaran : Terselenggaranya kegiatan sarasehan dan sosialisasi bidang pariwisata
Target: 225 orang pelaku"
2.04 . 1.17.01 . 17 . 07 . 5 . 2 . 1 , Belanja Pegawai ,3500000,
2.04 . 1.17.01 . 17 . 07 . 5 . 2 . 1 . 01 , Honorarium PNS ,3500000,
2.04 . 1.17.01 . 17 . 07 . 5 . 2 . 1 . 01 . 01 , Honorarium Panitia Pelaksana Kegiatan ,3500000," Honor panitia pelaksana kegiatan
Honor Tim Pengembangan SDM1 ls x 3.500.000,00 = 3.500.000,00"
2.04 . 1.17.01 . 17 . 07 . 5 . 2 . 2 , Belanja Barang dan Jasa ,26200000,
2.04 . 1.17.01 . 17 . 07 . 5 . 2 . 2 . 01 , Belanja Bahan Pakai Habis ,4575000,
2.04 . 1.17.01 . 17 . 07 . 5 . 2 . 2 . 01 . 01 , Belanja Alat Tulis Kantor ,4575000," Belanja alat tulis kantor
Belanja ATK kegiatan Pengemb. SDM1 ls x 1.200.000,00 = 1.200.000,00
Belanja ATK peserta kegiatan225 org/keg x 15.000,00 = 3.375.000,00"
2.04 . 1.17.01 . 17 . 07 . 5 . 2 . 2 . 03 , Belanja Jasa Kantor ,500000,
2.04 . 1.17.01 . 17 . 07 . 5 . 2 . 2 . 03 . 13 , Belanja Dokumentasi ,0," Belanja dokumentasi
Dokumentasi kegiatan PSDM1 ls x 0,00 = 0,00"
2.04 . 1.17.01 . 17 . 07 . 5 . 2 . 2 . 03 . 15 , Belanja Publikasi ,500000," Belanja publikasi
Belanja publikasi kegiatan PSDM1 ls x 500.000,00 = 500.000,00"
2.04 . 1.17.01 . 17 . 07 . 5 . 2 . 2 . 06 , Belanja Cetak dan Penggandaan ,750000,
2.04 . 1.17.01 . 17 . 07 . 5 . 2 . 2 . 06 . 02 , Belanja Penggandaan ,750000," Belanja penggandaan
Belanja fotocopy kegiatan PSDM5,000 lbr x 150,00 = 750.000,00"
2.04 . 1.17.01 . 17 . 07 . 5 . 2 . 2 . 07 , Belanja Sewa Rumah/Gedung/Gudang/Parkir ,2000000,
2.04 . 1.17.01 . 17 . 07 . 5 . 2 . 2 . 07 . 03 , Belanja Sewa Ruang Rapat/Pertemuan ,2000000," Belanja sewa ruang/tempat
Sewa ruang/tempat pertemuan1 ls x 2.000.000,00 = 2.000.000,00"
2.04 . 1.17.01 . 17 . 07 . 5 . 2 . 2 . 11 , Belanja Makanan dan Minuman ,6815000,
2.04 . 1.17.01 . 17 . 07 . 5 . 2 . 2 . 11 . 02 , Belanja Makanan Dan Minuman Rapat ,1190000," Belanja makanan dan minuman rapat
Belanja snack dan minum rapat140 doz x 8.500,00 = 1.190.000,00"
2.04 . 1.17.01 . 17 . 07 . 5 . 2 . 2 . 11 . 05 , Belanja Makanan dan Minuman Pelaksanaan Kegiatan ,5625000," Belanja makanan dan minuman pelaksanaan kegiatan
Belanja makan minum snack kegiatan225 o/h x 25.000,00 = 5.625.000,00"
2.04 . 1.17.01 . 17 . 07 . 5 . 2 . 2 . 15 , Belanja Perjalanan Dinas ,2560000,
2.04 . 1.17.01 . 17 . 07 . 5 . 2 . 2 . 15 . 01 , Belanja Perjalanan Dinas Dalam Daerah ,2560000," Belanja perjalanan dinas dalam daerah1 ls x 2.560.000,00 = 2.560.000,00"
2.04 . 1.17.01 . 17 . 07 . 5 . 2 . 2 . 35 ," Jasa Narasumber, Tenaga Ahli, Yuri, Entry Data, Petugas Fogging dan Petugas Lapangan ",9000000,
2.04 . 1.17.01 . 17 . 07 . 5 . 2 . 2 . 35 . 01 , Jasa Nara Sumber/Moderator/Tenaga Ahli ,2250000," Honor narasumber/moderator/tenaga ahli
Honor narasumber/penceramah umum9 o/k x 250.000,00 = 2.250.000,00"
2.04 . 1.17.01 . 17 . 07 . 5 . 2 . 2 . 35 . 05 , Jasa Peserta Seminar/Simposium /Workshop/Sosialisasi ,6750000," Honor peserta kegiatan
Honor peserta kegiatan PSDM225 o/k x 30.000,00 = 6.750.000,00"
2.04 . 1.17.01 . 17 . 10 , Pendampingan Desa Wisata ,122500000," Sumber Dana : 
Lokasi Kegiatan : Kabupaten Bantul, DIY
Keluaran : Keikutsertaan dalam keg. lomba desa wisata tingkat Kabupaten, Provinsi dan Nasional
Target: 36 Desa Wisata"
2.04 . 1.17.01 . 17 . 10 . 5 . 2 . 1 , Belanja Pegawai ,5700000,
2.04 . 1.17.01 . 17 . 10 . 5 . 2 . 1 . 01 , Honorarium PNS ,5000000,
2.04 . 1.17.01 . 17 . 10 . 5 . 2 . 1 . 01 . 01 , Honorarium Panitia Pelaksana Kegiatan ,5000000," Honor panitia pelaksana kegiatan
Honor Tim Pendampingan Desa Wisata1 ls x 5.000.000,00 = 5.000.000,00"
2.04 . 1.17.01 . 17 . 10 . 5 . 2 . 1 . 03 , Uang Lembur ,700000,
2.04 . 1.17.01 . 17 . 10 . 5 . 2 . 1 . 03 . 01 , Uang Lembur PNS ,700000," Uang Lembur PNS
Uang lembur PNS Gol. IV dan III40 o/h x 15.000,00 = 600.000,00
Uang Lembur PNS Gol. II10 o/h x 10.000,00 = 100.000,00"
2.04 . 1.17.01 . 17 . 10 . 5 . 2 . 2 , Belanja Barang dan Jasa ,116800000,
2.04 . 1.17.01 . 17 . 10 . 5 . 2 . 2 . 01 , Belanja Bahan Pakai Habis ,4925000,
2.04 . 1.17.01 . 17 . 10 . 5 . 2 . 2 . 01 . 01 , Belanja Alat Tulis Kantor ,4925000," Belanja alat tulis kantor
Belanja ATK kegiatan pendampingan Desa Wisata1 ls x 1.925.000,00 = 1.925.000,00
Belanja ATK peserta workshop desa wisata75 o/k x 40.000,00 = 3.000.000,00"
2.04 . 1.17.01 . 17 . 10 . 5 . 2 . 2 . 02 , Belanja Bahan/Material ,2400000,
2.04 . 1.17.01 . 17 . 10 . 5 . 2 . 2 . 02 . 07 , Belanja Cindera Mata ,2400000," Belanja cindera mata
Belanja piala penghargaan juara lomba2 ls x 1.200.000,00 = 2.400.000,00"
2.04 . 1.17.01 . 17 . 10 . 5 . 2 . 2 . 03 , Belanja Jasa Kantor ,900000,
2.04 . 1.17.01 . 17 . 10 . 5 . 2 . 2 . 03 . 13 , Belanja Dokumentasi ,0," Belanja dokumentasi
Belanja dokumentasi keg. pendampingan desa wisata1 ls x 0,00 = 0,00"
2.04 . 1.17.01 . 17 . 10 . 5 . 2 . 2 . 03 . 15 , Belanja Publikasi ,900000," Belanja publikasi
Belanja publikasi keg. pendampingan desa wisata1 ls x 900.000,00 = 900.000,00"
2.04 . 1.17.01 . 17 . 10 . 5 . 2 . 2 . 06 , Belanja Cetak dan Penggandaan ,1500000,
2.04 . 1.17.01 . 17 . 10 . 5 . 2 . 2 . 06 . 02 , Belanja Penggandaan ,1500000," Belanja penggandaan
Belanja fotocopy keg. pendampingan desa wisata10,000 lbr x 150,00 = 1.500.000,00"
2.04 . 1.17.01 . 17 . 10 . 5 . 2 . 2 . 10 , Belanja Sewa Perlengkapan dan Peralatan Kantor ,1875000,
2.04 . 1.17.01 . 17 . 10 . 5 . 2 . 2 . 10 . 13 , Belanja sewa peralatan dan perlengkapan kegiatan ,1875000," Belanja perlengkapan kegiatan
Belanja perlengkapan kegiatan berupa atribut peserta75 org x 25.000,00 = 1.875.000,00"
2.04 . 1.17.01 . 17 . 10 . 5 . 2 . 2 . 11 , Belanja Makanan dan Minuman ,17770000,
2.04 . 1.17.01 . 17 . 10 . 5 . 2 . 2 . 11 . 02 , Belanja Makanan Dan Minuman Rapat ,3720000," Belanja makanan dan minuman rapat
Belanja makan dan minum rapat170 porsi x 20.000,00 = 3.400.000,00
Belanja snack dan minum rapat40 doz x 8.000,00 = 320.000,00"
2.04 . 1.17.01 . 17 . 10 . 5 . 2 . 2 . 11 . 04 , Belanja makanan dan minuman Lembur ,1000000," Belanja makanan dan minuman lembur
Belanja makan dan minum lembur keg. pendampingan desa wisata50 o/h x 20.000,00 = 1.000.000,00"
2.04 . 1.17.01 . 17 . 10 . 5 . 2 . 2 . 11 . 05 , Belanja Makanan dan Minuman Pelaksanaan Kegiatan ,13050000," Belanja makanan dan minuman pelaksanaan kegiatan
Belanja makan minum snack kegiatan200 porsi x 25.000,00 = 5.000.000,00
Belanja makan dan minum kegiatan workshop (prasmanan)100 porsi x 35.000,00 = 3.500.000,00
Belanja snack minum kegiatan workshop100 doz x 8.000,00 = 800.000,00
Belanja makan minum snack kegiatan test tour150 porsi/hr x 25.000,00 = 3.750.000,00"
2.04 . 1.17.01 . 17 . 10 . 5 . 2 . 2 . 15 , Belanja Perjalanan Dinas ,40680000,
2.04 . 1.17.01 . 17 . 10 . 5 . 2 . 2 . 15 . 01 , Belanja Perjalanan Dinas Dalam Daerah ,8180000," Belanja perjalanan dinas dalam daerah1 ls x 8.180.000,00 = 8.180.000,00"
2.04 . 1.17.01 . 17 . 10 . 5 . 2 . 2 . 15 . 02 , Belanja Perjalanan Dinas Luar Daerah ,32500000," Belanja perjalanan dinas luar daerah1 ls x 32.500.000,00 = 32.500.000,00"
2.04 . 1.17.01 . 17 . 10 . 5 . 2 . 2 . 35 ," Jasa Narasumber, Tenaga Ahli, Yuri, Entry Data, Petugas Fogging dan Petugas Lapangan ",17750000,
2.04 . 1.17.01 . 17 . 10 . 5 . 2 . 2 . 35 . 01 , Jasa Nara Sumber/Moderator/Tenaga Ahli ,8000000," Honor narasumber/moderator
Honor narasumber workshop desa wisata16 o/h/jpl x 500.000,00 = 8.000.000,00"
2.04 . 1.17.01 . 17 . 10 . 5 . 2 . 2 . 35 . 02 , Jasa Yuri Perlombaan/Pelatih ,3000000," Honor juri lomba
Honor juri lomba desa wisata lomba pokdarwis6 o/k x 500.000,00 = 3.000.000,00"
2.04 . 1.17.01 . 17 . 10 . 5 . 2 . 2 . 35 . 05 , Jasa Peserta Seminar/Simposium /Workshop/Sosialisasi ,6750000," Honor peserta workshop
Honor peserta workshop desa wisata225 o/k x 30.000,00 = 6.750.000,00"
2.04 . 1.17.01 . 17 . 10 . 5 . 2 . 2 . 37 , Uang Untuk Diberikan Kepada Pihak Ketiga/Masyarakat ,29000000,
2.04 . 1.17.01 . 17 . 10 . 5 . 2 . 2 . 37 . 01 , Uang Untuk Diberikan Kepada Pihak Ketiga/Masyarakat ,29000000," Uang untuk diberikan kepada masyarakat
Uang Hadiah lomba desa wisata1 ls x 18.250.000,00 = 18.250.000,00
Uang hadiah lomba pokdarwis1 ls x 10.750.000,00 = 10.750.000,00"
2.04 . 1.17.01 . 17 . 11 , Kerjasama Lembaga Kepariwisataan ,44400000," Sumber Dana : 
Keluaran : Meningkatnya jumlah kerjasama organisasi/lembaga kepariwisataan
Target: 4 koordinasi organisasi"
2.04 . 1.17.01 . 17 . 11 . 5 . 2 . 1 , Belanja Pegawai ,7225000,
2.04 . 1.17.01 . 17 . 11 . 5 . 2 . 1 . 01 , Honorarium PNS ,7225000,
2.04 . 1.17.01 . 17 . 11 . 5 . 2 . 1 . 01 . 01 , Honorarium Panitia Pelaksana Kegiatan ,7225000," Honor panitia pelaksana kegiatan
Honor tim pelaksana kegiatan Kerjasama Lembaga Kepariwisataan1 ls x 7.225.000,00 = 7.225.000,00"
2.04 . 1.17.01 . 17 . 11 . 5 . 2 . 2 , Belanja Barang dan Jasa ,37175000,
2.04 . 1.17.01 . 17 . 11 . 5 . 2 . 2 . 01 , Belanja Bahan Pakai Habis ,6600000,
2.04 . 1.17.01 . 17 . 11 . 5 . 2 . 2 . 01 . 01 , Belanja Alat Tulis Kantor ,6600000," Belanja alat tulis kantor
Belanja ATK kegiatan1 ls x 1.600.000,00 = 1.600.000,00
Belanja ATK peserta200 o/k x 25.000,00 = 5.000.000,00"
2.04 . 1.17.01 . 17 . 11 . 5 . 2 . 2 . 03 , Belanja Jasa Kantor ,600000,
2.04 . 1.17.01 . 17 . 11 . 5 . 2 . 2 . 03 . 13 , Belanja Dokumentasi ,0," Belanja dokumentasi
Belanja dokumentasi kegiatan4 keg x 0,00 = 0,00"
2.04 . 1.17.01 . 17 . 11 . 5 . 2 . 2 . 03 . 15 , Belanja Publikasi ,600000," Belanja publikasi
Belanja publikasi kegiatan4 keg x 150.000,00 = 600.000,00"
2.04 . 1.17.01 . 17 . 11 . 5 . 2 . 2 . 06 , Belanja Cetak dan Penggandaan ,1425000,
2.04 . 1.17.01 . 17 . 11 . 5 . 2 . 2 . 06 . 02 , Belanja Penggandaan ,1425000," Belanja penggandaan
Belanja fotocopy kegiatan9,500 lbr x 150,00 = 1.425.000,00"
2.04 . 1.17.01 . 17 . 11 . 5 . 2 . 2 . 07 , Belanja Sewa Rumah/Gedung/Gudang/Parkir ,2000000,
2.04 . 1.17.01 . 17 . 11 . 5 . 2 . 2 . 07 . 02 , Belanja Sewa Gedung/Kantor/Tempat ,2000000," Belanja sewa gedung/tempat
Belanja sewa gedung/tempat kegiatan1 ls x 2.000.000,00 = 2.000.000,00"
2.04 . 1.17.01 . 17 . 11 . 5 . 2 . 2 . 11 , Belanja Makanan dan Minuman ,7800000,
2.04 . 1.17.01 . 17 . 11 . 5 . 2 . 2 . 11 . 02 , Belanja Makanan Dan Minuman Rapat ,800000," Belanja makanan dan minuman rapat
Belanja snack minum rapat100 doz x 8.000,00 = 800.000,00"
2.04 . 1.17.01 . 17 . 11 . 5 . 2 . 2 . 11 . 05 , Belanja Makanan dan Minuman Pelaksanaan Kegiatan ,7000000," Belanja makanan dan minuman pelaksanaan kegiatan
Belanja makan dan minum kegiatan250 porsi x 20.000,00 = 5.000.000,00
Belanja snack minum kegiatan250 doz x 8.000,00 = 2.000.000,00"
2.04 . 1.17.01 . 17 . 11 . 5 . 2 . 2 . 15 , Belanja Perjalanan Dinas ,7750000,
2.04 . 1.17.01 . 17 . 11 . 5 . 2 . 2 . 15 . 01 , Belanja Perjalanan Dinas Dalam Daerah ,7750000," Belanja perjalanan dinas dalam daerah1 ls x 7.750.000,00 = 7.750.000,00"
2.04 . 1.17.01 . 17 . 11 . 5 . 2 . 2 . 35 ," Jasa Narasumber, Tenaga Ahli, Yuri, Entry Data, Petugas Fogging dan Petugas Lapangan ",11000000,
2.04 . 1.17.01 . 17 . 11 . 5 . 2 . 2 . 35 . 01 , Jasa Nara Sumber/Moderator/Tenaga Ahli ,5000000," Honor narasumber/moderator
Honor narasumber/penceramah10 o/jpl x 250.000,00 = 2.500.000,00
Honor tenaga ahli/instruktur10 o/jpl x 250.000,00 = 2.500.000,00"
2.04 . 1.17.01 . 17 . 11 . 5 . 2 . 2 . 35 . 05 , Jasa Peserta Seminar/Simposium /Workshop/Sosialisasi ,6000000," Honor peserta seminar/workshop/sosialisasi
Honor peserta workshop/sosialisasi/pelatihan200 o/k x 30.000,00 = 6.000.000,00"
, SURPLUS / (DEFISIT),-1016195000,
