Judul,Penjabaran Anggaran Pendaptan dan Belanja Daerah,,
Daerah,Kabupaten Bantul,,
Tahun,2016,,
Kode Organisasi,1.20.26,,
Organisasi,Dinas Pasar,,
Kolom,4,,
No. Rekening,Uraian,Jumlah,Keterangan
1.20 . 1.20.26 . 00 . 00 . 4  , PENDAPATAN  ,2680130250,
1.20 . 1.20.26 . 00 . 00 . 4 . 1  , PENDAPATAN ASLI DAERAH  ,2680130250,
1.20 . 1.20.26 . 00 . 00 . 4 . 1 . 2  , Hasil Retribusi Daerah  ,2380130250,
1.20 . 1.20.26 . 00 . 00 . 4 . 1 . 2 . 01  , Retribusi Jasa Umum  ,2380130250,
1.20 . 1.20.26 . 00 . 00 . 4 . 1 . 2 . 01 . 07  , Retribusi Pelayanan Persampahan/Kebersihan  ,214604992," Perda Kab. Bantul No. 09 Tahun 2011Sampah / kebersihan pasar1 Tahun x 214.604.992,00 = 214.604.992,00"
1.20 . 1.20.26 . 00 . 00 . 4 . 1 . 2 . 01 . 20  , Retribusi Pelayanan Pasar  ,2071735258," Perda Kab. Bantul No. 09 Tahun 2011Retribusi pelayanan pasar kios, los, dan arahan/plataran1 Tahun x 2.071.735.258,00 = 2.071.735.258,00"
1.20 . 1.20.26 . 00 . 00 . 4 . 1 . 2 . 01 . 47  , Retribusi Penyediaan dan/atau Penyedotan Kakus  ,93790000," Perda Kab. Bantul Nomor 9 Tahun 2011MCK pasar1 Tahun x 93.790.000,00 = 93.790.000,00"
1.20 . 1.20.26 . 00 . 00 . 4 . 1 . 4  , Lain-lain Pendapatan Asli Daerah yang Sah  ,300000000,
1.20 . 1.20.26 . 00 . 00 . 4 . 1 . 4 . 17  , Hasil dari pengelolaan dana bergulir  ,200000000,
1.20 . 1.20.26 . 00 . 00 . 4 . 1 . 4 . 17 . 01  , Hasil dari pengelolaan dana bergulir  ,200000000," Perda Kab. Bantul Nomor 7 Tahun 2012Penerimaan jasa/bunga dana bergulir pasar1 Tahun x 200.000.000,00 = 200.000.000,00"
1.20 . 1.20.26 . 00 . 00 . 4 . 1 . 4 . 18  , Lain-lain PAD yang Sah Lainnya  ,100000000,
1.20 . 1.20.26 . 00 . 00 . 4 . 1 . 4 . 18 . 05  , Pungutan dalam rangka penempatan kios baru  ,100000000,"Partisipasi pembangunan kios/los1 Tahun x 100.000.000,00 = 100.000.000,00"
1.20 . 1.20.26 . 00 . 00 . 5  , BELANJA  ,13637902400,
1.20 . 1.20.26 . 00 . 00 . 5 . 1  , BELANJA TIDAK LANGSUNG  ,5209001400,
1.20 . 1.20.26 . 00 . 00  , Non Kegiatan  ,5209001400, Sumber Dana : 
1.20 . 1.20.26 . 00 . 00 . 5 . 1 . 1  , Belanja Pegawai  ,5209001400,
1.20 . 1.20.26 . 00 . 00 . 5 . 1 . 1 . 01  , Belanja Gaji dan Tunjangan  ,5209001400,
1.20 . 1.20.26 . 00 . 00 . 5 . 1 . 1 . 01 . 01  , Gaji Pokok PNS/Uang Representasi  ,4138664500," Gaji Pokok1 th x 4.138.664.500,00 = 4.138.664.500,00"
1.20 . 1.20.26 . 00 . 00 . 5 . 1 . 1 . 01 . 02  , Tunjangan Keluarga  ,446383652," Tunjangan Keluarga1 th x 446.383.652,00 = 446.383.652,00"
1.20 . 1.20.26 . 00 . 00 . 5 . 1 . 1 . 01 . 03  , Tunjangan Jabatan  ,48837600," Tunjangan Jabatan1 th x 48.837.600,00 = 48.837.600,00"
1.20 . 1.20.26 . 00 . 00 . 5 . 1 . 1 . 01 . 04  , Tunjangan Fungsional  ,0," Tunjangan Fungsional1 th x 0,00 = 0,00"
1.20 . 1.20.26 . 00 . 00 . 5 . 1 . 1 . 01 . 05  , Tunjangan Fungsional Umum  ,248329200," Tunjganan Fungsional Umum1 th x 248.329.200,00 = 248.329.200,00"
1.20 . 1.20.26 . 00 . 00 . 5 . 1 . 1 . 01 . 06  , Tunjangan Beras  ,310173410," Tunjangan Beras1 th x 310.173.410,00 = 310.173.410,00"
1.20 . 1.20.26 . 00 . 00 . 5 . 1 . 1 . 01 . 07  , Tunjangan PPh/Tunjangan Khusus  ,16546901," Tunjjangan PPh/Tunjangan Khusus1 th x 16.546.901,00 = 16.546.901,00"
1.20 . 1.20.26 . 00 . 00 . 5 . 1 . 1 . 01 . 08  , Pembulatan Gaji  ,66137," Pembulatan Gaji1 th x 66.137,00 = 66.137,00"
1.20 . 1.20.26 . 01 . 01 . 5 . 2  , BELANJA LANGSUNG  ,8428901000,
1.20 . 1.20.26 . 01  , Program Pelayanan Administrasi Perkantoran  ,2383018000,
1.20 . 1.20.26 . 01 . 01  , Penyediaan jasa surat menyurat  ,8250000," Sumber Dana : 
Lokasi Kegiatan : Kabupaten Bantul
Keluaran :  Terselenggaranya aktifitas kantor
Target:  1.750 Lembar"
1.20 . 1.20.26 . 01 . 01 . 5 . 2 . 2  , Belanja Barang dan Jasa  ,8250000,
1.20 . 1.20.26 . 01 . 01 . 5 . 2 . 2 . 01  , Belanja Bahan Pakai Habis  ,8250000,
1.20 . 1.20.26 . 01 . 01 . 5 . 2 . 2 . 01 . 04  ," Belanja Perangko, Materai Dan Benda Pos  ",8250000," Belanja materai
Belanja materai @ Rp 6.000,- dan @ Rp 3.000,-1 Ls x 8.250.000,00 = 8.250.000,00"
1.20 . 1.20.26 . 01 . 02  ," Penyediaan jasa komunikasi, sumber daya air dan listrik  ",3600000," Sumber Dana :
Lokasi Kegiatan : Kabupaten Bantul
Keluaran :  Terselenggaranya aktivitas kantor
Target:  1 Paket"
1.20 . 1.20.26 . 01 . 02 . 5 . 2 . 2  , Belanja Barang dan Jasa  ,3600000,
1.20 . 1.20.26 . 01 . 02 . 5 . 2 . 2 . 03  , Belanja Jasa Kantor  ,3600000,
1.20 . 1.20.26 . 01 . 02 . 5 . 2 . 2 . 03 . 01  , Belanja Telepon  ,3600000," Belanja telepon
Belanja jasa telepon1 Ls x 3.600.000,00 = 3.600.000,00"
1.20 . 1.20.26 . 01 . 07  , Penyediaan jasa administrasi keuangan  ,43965000," Sumber Dana : 
Lokasi Kegiatan : Kabupaten Bantul
Keluaran :  Tugas dan pelayanan kantor
Target:  12 Ob"
1.20 . 1.20.26 . 01 . 07 . 5 . 2 . 1  , Belanja Pegawai  ,40980000,
1.20 . 1.20.26 . 01 . 07 . 5 . 2 . 1 . 01  , Honorarium PNS  ,40980000,
1.20 . 1.20.26 . 01 . 07 . 5 . 2 . 1 . 01 . 06  , Honor Pengelola Keuangan dan Barang  ,40980000," Honor Pengelola Keuangan dan Barang
Penata usahaan keuangan12 Ob x 250.000,00 = 3.000.000,00
Pembantu PPK12 Ob x 150.000,00 = 1.800.000,00
Bendahara pengeluaran12 Ob x 250.000,00 = 3.000.000,00
Bendahara pengeluaran pembantu12 Ob x 240.000,00 = 2.880.000,00
Bendahara penerimaan12 Ob x 200.000,00 = 2.400.000,00
Pembantu bendahara penerimaan (13 x 12)156 Ob x 115.000,00 = 17.940.000,00
Bendahara pengelola dana bergulir12 Ob x 200.000,00 = 2.400.000,00
Pembuat daftar gaji12 Ob x 100.000,00 = 1.200.000,00
Pengurus kepegawaian12 Ob x 130.000,00 = 1.560.000,00
Pengurus barang12 Ob x 200.000,00 = 2.400.000,00
Penyimpan barang12 Ob x 100.000,00 = 1.200.000,00
Pengurus persuratan12 Ob x 100.000,00 = 1.200.000,00"
1.20 . 1.20.26 . 01 . 07 . 5 . 2 . 2  , Belanja Barang dan Jasa  ,2985000,
1.20 . 1.20.26 . 01 . 07 . 5 . 2 . 2 . 01  , Belanja Bahan Pakai Habis  ,250000,
1.20 . 1.20.26 . 01 . 07 . 5 . 2 . 2 . 01 . 01  , Belanja Alat Tulis Kantor  ,250000," Belanja Alat Tulis KantorBuku, pulpen, kertas, dll1 Ls x 250.000,00 = 250.000,00"
1.20 . 1.20.26 . 01 . 07 . 5 . 2 . 2 . 06  , Belanja Cetak dan Penggandaan  ,2000000,
1.20 . 1.20.26 . 01 . 07 . 5 . 2 . 2 . 06 . 02  , Belanja Penggandaan  ,2000000," Belanja penggandaan/foto copy1 Ls x 2.000.000,00 = 2.000.000,00"
1.20 . 1.20.26 . 01 . 07 . 5 . 2 . 2 . 11  , Belanja Makanan dan  Minuman  ,735000,
1.20 . 1.20.26 . 01 . 07 . 5 . 2 . 2 . 11 . 02  , Belanja Makanan Dan Minuman Rapat  ,735000," Belanja makan minum rapat42 Ok x 17.500,00 = 735.000,00"
1.20 . 1.20.26 . 01 . 08  , Penyediaan jasa kebersihan kantor  ,1149678000," Sumber Dana : 
Lokasi Kegiatan : Kabupaten Bantul
Keluaran :  Tugas, fungsi dan pelayanan kantor
Target:  79 Ob"
1.20 . 1.20.26 . 01 . 08 . 5 . 2 . 1  , Belanja Pegawai  ,1114678000,
1.20 . 1.20.26 . 01 . 08 . 5 . 2 . 1 . 02  , Honorarium Non PNS  ,1098838000,
1.20 . 1.20.26 . 01 . 08 . 5 . 2 . 1 . 02 . 03  , Honorarium Pegawai Kontrak  ,1098838000," Honorarium pegawai kontrak / tidak tetap
Petugas pembersih kantor dan pasar (52orgx26hrx13bl)17,576 Ob x 39.000,00 = 685.464.000,00
Petugas koordinator (17org x 26hr x 13bl)5,746 Ob x 44.000,00 = 252.824.000,00
Pengangkut  sampah (10orgx26hrx13bl)3,380 Ob x 47.500,00 = 160.550.000,00"
1.20 . 1.20.26 . 01 . 08 . 5 . 2 . 1 . 03  , Uang Lembur  ,15840000,
1.20 . 1.20.26 . 01 . 08 . 5 . 2 . 1 . 03 . 02  , Uang Lembur Non PNS  ,15840000," Lembur pegawai non PNS
Koordinator, petugas pembersih, dan pengangkut sampah1,584 Oh x 10.000,00 = 15.840.000,00"
1.20 . 1.20.26 . 01 . 08 . 5 . 2 . 2  , Belanja Barang dan Jasa  ,35000000,
1.20 . 1.20.26 . 01 . 08 . 5 . 2 . 2 . 01  , Belanja Bahan Pakai Habis  ,31000000,
1.20 . 1.20.26 . 01 . 08 . 5 . 2 . 2 . 01 . 01  , Belanja Alat Tulis Kantor  ,1000000," Belanja alat tulis kantorBelanja ATK1 Ls x 1.000.000,00 = 1.000.000,00"
1.20 . 1.20.26 . 01 . 08 . 5 . 2 . 2 . 01 . 05  , Belanja Peralatan Kebersihan Dan Bahan Pembersih  ,30000000," Belanja peralatan kebersihan dan bahan pembersih
Pembelian alat kebersihan dan bahan pembersih (sapu,skop,bak sampah dll)1 Ls x 30.000.000,00 = 30.000.000,00"
1.20 . 1.20.26 . 01 . 08 . 5 . 2 . 2 . 06  , Belanja Cetak dan Penggandaan  ,1000000,
1.20 . 1.20.26 . 01 . 08 . 5 . 2 . 2 . 06 . 02  , Belanja Penggandaan  ,1000000," Belanja penggandaan/fotocopy
Belanja penggandaan / foto copy1 Ls x 1.000.000,00 = 1.000.000,00"
1.20 . 1.20.26 . 01 . 08 . 5 . 2 . 2 . 11  , Belanja Makanan dan  Minuman  ,3000000,
1.20 . 1.20.26 . 01 . 08 . 5 . 2 . 2 . 11 . 02  , Belanja Makanan Dan Minuman Rapat  ,3000000," Belanja makan minum rapat
Belanja makan minum1 Ls x 3.000.000,00 = 3.000.000,00"
1.20 . 1.20.26 . 01 . 10  , Penyediaan alat tulis kantor  ,14750000," Sumber Dana : 
Lokasi Kegiatan : Kabupaten Bantul
Keluaran :  Terselenggaranya tugas dan pelayanan kantor
Target:  1 Paket"
1.20 . 1.20.26 . 01 . 10 . 5 . 2 . 2  , Belanja Barang dan Jasa  ,14750000,
1.20 . 1.20.26 . 01 . 10 . 5 . 2 . 2 . 01  , Belanja Bahan Pakai Habis  ,14750000,
1.20 . 1.20.26 . 01 . 10 . 5 . 2 . 2 . 01 . 01  , Belanja Alat Tulis Kantor  ,14750000," Belanja alat tulis kantor
Belanja ATK untuk kantor dan pasar1 Ls x 14.750.000,00 = 14.750.000,00"
1.20 . 1.20.26 . 01 . 11  , Penyediaan barang cetakan dan penggandaan  ,16150000," Sumber Dana :
 Lokasi Kegiatan : Kabupaten Bantul
Keluaran :  Cetakan dan penggandaan/fotocopy
Target:  1 Paket"
1.20 . 1.20.26 . 01 . 11 . 5 . 2 . 2  , Belanja Barang dan Jasa  ,16150000,
1.20 . 1.20.26 . 01 . 11 . 5 . 2 . 2 . 06  , Belanja Cetak dan Penggandaan  ,16150000,
1.20 . 1.20.26 . 01 . 11 . 5 . 2 . 2 . 06 . 01  , Belanja Cetak  ,15000000," Belanja cetakan
Belanja cetakan blangko dll1 Ls x 15.000.000,00 = 15.000.000,00"
1.20 . 1.20.26 . 01 . 11 . 5 . 2 . 2 . 06 . 02  , Belanja Penggandaan  ,1150000," Belanja penggandaan / foto copy1 Ls x 1.150.000,00 = 1.150.000,00"
1.20 . 1.20.26 . 01 . 12  , Penyediaan komponen instalasi listrik/penerangan bangunan kantor  ,36000000," Sumber Dana :
 Lokasi Kegiatan : Kabupaten Bantul
Keluaran :  Alat-alat listrik dan instalasi
Target:  1 Paket"
1.20 . 1.20.26 . 01 . 12 . 5 . 2 . 2  , Belanja Barang dan Jasa  ,36000000,
1.20 . 1.20.26 . 01 . 12 . 5 . 2 . 2 . 01  , Belanja Bahan Pakai Habis  ,15000000,
1.20 . 1.20.26 . 01 . 12 . 5 . 2 . 2 . 01 . 03  ," Belanja Alat Listrik Dan Elektronik (Lampu Pijar, Battery Kering)  ",15000000," Belanja alat listrik dan elektronik
Belanja lampu, kabel, battery kering dll1 Ls x 15.000.000,00 = 15.000.000,00"
1.20 . 1.20.26 . 01 . 12 . 5 . 2 . 2 . 03  , Belanja Jasa Kantor  ,21000000,
1.20 . 1.20.26 . 01 . 12 . 5 . 2 . 2 . 03 . 22  ," Belanja Pemasangan  Instalasi Telepon, Instalasi Listrik dan Instalasi Air  ",21000000," Belanja pemasangan instalasi listrik
Pemasangan/rehab instalasi listrik di kantor dan pasar1 Ls x 21.000.000,00 = 21.000.000,00"
1.20 . 1.20.26 . 01 . 14  , Penyediaan peralatan rumah tangga  ,58000000," Sumber Dana :
 Lokasi Kegiatan : Kabupaten Bantul
Keluaran :  Pemeliharaan peralatan rumah tangga dan pengadaan tabung kebakaran
Target:  4 Unit"
1.20 . 1.20.26 . 01 . 14 . 5 . 2 . 2  , Belanja Barang dan Jasa  ,15000000,
1.20 . 1.20.26 . 01 . 14 . 5 . 2 . 2 . 20  , Belanja Pemeliharaan  ,15000000,
1.20 . 1.20.26 . 01 . 14 . 5 . 2 . 2 . 20 . 04  , Belanja Pemeliharan Peralatan dan Mesin  ,15000000," Belanja pemeliharaan alat rumah tangga
Pemeliharaan mesin pemotong rumput dll1 Ls x 15.000.000,00 = 15.000.000,00"
1.20 . 1.20.26 . 01 . 14 . 5 . 2 . 3  , Belanja Modal  ,43000000,
1.20 . 1.20.26 . 01 . 14 . 5 . 2 . 3 . 16  , Belanja Modal Peralatan dan Mesin - Pengadaan Alat-alat Bantu  ,2175000,
1.20 . 1.20.26 . 01 . 14 . 5 . 2 . 3 . 16 . 05  , Belanja Modal Peralatan dan Mesin - Pengadaan Pompa  ,2175000," Belanja pengadaan pompa air
Pengadaan pompa air1 Ls x 2.175.000,00 = 2.175.000,00"
1.20 . 1.20.26 . 01 . 14 . 5 . 2 . 3 . 28  , Belanja Modal Peralatan dan Mesin - Pengadaan Alat Rumah Tangga  ,30825000,
1.20 . 1.20.26 . 01 . 14 . 5 . 2 . 3 . 28 . 07  , Belanja Modal Peralatan dan Mesin - Pengadaan Alat Pemadam Kebakaran  ,30825000," Belanja modal pengadaan tabung pemadam kebakaran
Pengadaan tabung pemadam kebakaran untuk kantor dan pasar1 Ls x 30.000.000,00 = 30.000.000,00
Honor PPK, Pejabat pengadaan dan penerima barang1 Bjj x 825.000,00 = 825.000,00"
1.20 . 1.20.26 . 01 . 14 . 5 . 2 . 3 . 73  ," Belanja Modal Jalan, Irigasi dan Jaringan - Pengadaan Instalasi Pembangkit Listrik ",10000000,
1.20 . 1.20.26 . 01 . 14 . 5 . 2 . 3 . 73 . 02  ," Belanja Modal Jalan, Irigasi dan Jaringan - Pengadaan Pembangkit Listrik Tenaga Diesel ",10000000," Belanja modal pengadan generator pembengkit listrik
Pengadan generator/genzet pembengkit listrik1 Ls x 10.000.000,00 = 10.000.000,00"
1.20 . 1.20.26 . 01 . 15  , Penyediaan bahan bacaan dan peraturan perundang-undangan  ,2500000," Sumber Dana :
 Lokasi Kegiatan : Kabupaten Bantul
Keluaran :  Tersedianya bahan bacaan
Target:  480 Eksemplar"
1.20 . 1.20.26 . 01 . 15 . 5 . 2 . 2  , Belanja Barang dan Jasa  ,2500000,
1.20 . 1.20.26 . 01 . 15 . 5 . 2 . 2 . 03  , Belanja Jasa Kantor  ,2500000,
1.20 . 1.20.26 . 01 . 15 . 5 . 2 . 2 . 03 . 05  , Belanja Surat Kabar/Majalah  ,2500000," Belanja surat kabar/majalah
Belanja surat kabar1 Ls x 2.500.000,00 = 2.500.000,00"
1.20 . 1.20.26 . 01 . 17  , Penyediaan makanan dan minuman  ,33015000," Sumber Dana : 
Lokasi Kegiatan : Kabupaten Bantul
Keluaran :  Tersedianya makan minum rapat dan kerjabakti
Target:  1 Paket"
1.20 . 1.20.26 . 01 . 17 . 5 . 2 . 2  , Belanja Barang dan Jasa  ,33015000,
1.20 . 1.20.26 . 01 . 17 . 5 . 2 . 2 . 11  , Belanja Makanan dan  Minuman  ,33015000,
1.20 . 1.20.26 . 01 . 17 . 5 . 2 . 2 . 11 . 02  , Belanja Makanan Dan Minuman Rapat  ,15515000," Belanja makan minum rapat
Makan dan minum, snack dan minum1 Ls x 15.515.000,00 = 15.515.000,00"
1.20 . 1.20.26 . 01 . 17 . 5 . 2 . 2 . 11 . 05  , Belanja Makanan dan Minuman Pelaksanaan Kegiatan  ,17500000," Belanja makan minum kerjabakti di kantor dan pasar
Makan dan minum kerjabakti di kantor dan pasar1 Ls x 17.500.000,00 = 17.500.000,00"
1.20 . 1.20.26 . 01 . 18  , Rapat-rapat koordinasi dan konsultasi ke luar daerah  ,17000000," Sumber Dana : 
Lokasi Kegiatan : Luar DIY
Keluaran :  Volume rapat, pertemuan dan perjalanan kantor
Target:  75 Kali"
1.20 . 1.20.26 . 01 . 18 . 5 . 2 . 2  , Belanja Barang dan Jasa  ,17000000,
1.20 . 1.20.26 . 01 . 18 . 5 . 2 . 2 . 15  , Belanja Perjalanan Dinas  ,17000000,
1.20 . 1.20.26 . 01 . 18 . 5 . 2 . 2 . 15 . 02  , Belanja Perjalanan Dinas Luar Daerah  ,17000000," Belanja perjalanan dinas luar daerah1 Ls x 17.000.000,00 = 17.000.000,00"
1.20 . 1.20.26 . 01 . 19  , Rapat-rapat koordinasi dan konsultasi dalam daerah  ,4500000," Sumber Dana :
 Lokasi Kegiatan : Kabupaten Bantul
Keluaran :  Volume rapat, pertemuan dan perjalanan kantor
Target:  4 Kali"
1.20 . 1.20.26 . 01 . 19 . 5 . 2 . 2  , Belanja Barang dan Jasa  ,4500000,
1.20 . 1.20.26 . 01 . 19 . 5 . 2 . 2 . 15  , Belanja Perjalanan Dinas  ,4500000,
1.20 . 1.20.26 . 01 . 19 . 5 . 2 . 2 . 15 . 01  , Belanja Perjalanan Dinas Dalam Daerah  ,4500000," Belanja perjalanan dinas dalam daerah1 Ls x 4.500.000,00 = 4.500.000,00"
1.20 . 1.20.26 . 01 . 20  , Penyediaan Jasa Keamanan  ,995610000," Sumber Dana :
Lokasi Kegiatan : Kabupaten Bantul
Keluaran :  Keamanan kantor dan pasar terjaga
Target:  65 Ob"
1.20 . 1.20.26 . 01 . 20 . 5 . 2 . 1  , Belanja Pegawai  ,995610000,
1.20 . 1.20.26 . 01 . 20 . 5 . 2 . 1 . 02  , Honorarium Non PNS  ,988650000,
1.20 . 1.20.26 . 01 . 20 . 5 . 2 . 1 . 02 . 03  , Honorarium Pegawai Kontrak  ,988650000," Honorarium tenaga kontrak keamanan dan ketertiban
Petugas keamanan dan ketertiban ( 65 org x 26 hr x 13 bl )21,970 Oh x 45.000,00 = 988.650.000,00"
1.20 . 1.20.26 . 01 . 20 . 5 . 2 . 1 . 03  , Uang Lembur  ,6960000,
1.20 . 1.20.26 . 01 . 20 . 5 . 2 . 1 . 03 . 02  , Uang Lembur Non PNS  ,6960000," Lembur petugas keamanan dan ketertiban696 Oh x 10.000,00 = 6.960.000,00"
1.20 . 1.20.26 . 02  , Program Peningkatan Sarana dan Prasarana Aparatur  ,206985000,
1.20 . 1.20.26 . 02 . 22  , Pemeliharaan rutin/berkala gedung kantor  ,20000000," Sumber Dana : 
Lokasi Kegiatan : Kabupaten Bantul
Keluaran :  Kenyamanan pengunjung dan pengguna gedung
Target:  1 Unit"
1.20 . 1.20.26 . 02 . 22 . 5 . 2 . 2  , Belanja Barang dan Jasa  ,20000000,
1.20 . 1.20.26 . 02 . 22 . 5 . 2 . 2 . 02  , Belanja Bahan/Material  ,12000000,
1.20 . 1.20.26 . 02 . 22 . 5 . 2 . 2 . 02 . 01  , Belanja Bahan Baku Bangunan  ,12000000,"Belanja bahan bangunan pemeliharaan kantor1 Ls x 12.000.000,00 = 12.000.000,00"
1.20 . 1.20.26 . 02 . 22 . 5 . 2 . 2 . 35  ," Jasa Narasumber, Tenaga Ahli, Yuri, Entry Data, Petugas Fogging dan Petugas Lapangan ",8000000,
1.20 . 1.20.26 . 02 . 22 . 5 . 2 . 2 . 35 . 06  , Jasa Tenaga Harian Lepas  ,8000000," Honor tenaga harian
Upah tenaga pemeliharaan/rehab kantor1 Ls x 8.000.000,00 = 8.000.000,00"
1.20 . 1.20.26 . 02 . 24  , Pemeliharaan rutin/berkala kendaraan dinas/operasional  ,147660000," Sumber Dana :
 Lokasi Kegiatan : Kabupaten Bantul
Keluaran :  Kelancaran operasional kantor
Target:  25 Unit"
1.20 . 1.20.26 . 02 . 24 . 5 . 2 . 2  , Belanja Barang dan Jasa  ,147660000,
1.20 . 1.20.26 . 02 . 24 . 5 . 2 . 2 . 01  , Belanja Bahan Pakai Habis  ,107000000,
1.20 . 1.20.26 . 02 . 24 . 5 . 2 . 2 . 01 . 06  , Belanja Bahan Bakar Minyak/Gas  ,107000000," Belanja bahan bakar minyak dan pelumas
Belanja BBM dan pelumas/oli1 Ls x 107.000.000,00 = 107.000.000,00"
1.20 . 1.20.26 . 02 . 24 . 5 . 2 . 2 . 05  , Belanja Perawatan Kendaraan Bermotor  ,40660000,
1.20 . 1.20.26 . 02 . 24 . 5 . 2 . 2 . 05 . 01  , Belanja Jasa Service  ,15000000," Belanja jasa service kendaraan dinas
service kendaraan dinas (mobil, truck dll)1 Ls x 15.000.000,00 = 15.000.000,00"
1.20 . 1.20.26 . 02 . 24 . 5 . 2 . 2 . 05 . 02  , Belanja Penggantian Suku Cadang  ,15000000," Belanja penggantian suku cadang
Belanja suku cadang (ban, accu dan onderdil lainnya)1 Ls x 15.000.000,00 = 15.000.000,00"
1.20 . 1.20.26 . 02 . 24 . 5 . 2 . 2 . 05 . 04  , Belanja Jasa KIR  ,260000," Belanja jasa KIR kendaraanBelanja
 jasa KIR untuk dump truck1 Ls x 260.000,00 = 260.000,00"
1.20 . 1.20.26 . 02 . 24 . 5 . 2 . 2 . 05 . 07  , Belanja Surat Tanda Nomor Kendaraan  ,10000000," Belanja surat tanda nomor kendaraan
Perpanjangan STNK kendaraan dinas1 Ls x 10.000.000,00 = 10.000.000,00"
1.20 . 1.20.26 . 02 . 24 . 5 . 2 . 2 . 05 . 11  , Belanja pengisian freon  ,400000," Belanja pengisian freon1 Ls x 400.000,00 = 400.000,00"
1.20 . 1.20.26 . 02 . 30  , Pemeliharaan rutin/berkala peralatan dan perlengkapan kantor  ,10500000," Sumber Dana :
 Lokasi Kegiatan : Kabupaten Bantul
Keluaran :  Pemeliharaan AC, Komputer, Printer dll
Target:  1 Paket"
1.20 . 1.20.26 . 02 . 30 . 5 . 2 . 2  , Belanja Barang dan Jasa  ,10500000,
1.20 . 1.20.26 . 02 . 30 . 5 . 2 . 2 . 01  , Belanja Bahan Pakai Habis  ,500000,
1.20 . 1.20.26 . 02 . 30 . 5 . 2 . 2 . 01 . 10  , Belanja pengisian freon  ,500000," Belanja pengisian freon1 Ls x 500.000,00 = 500.000,00"
1.20 . 1.20.26 . 02 . 30 . 5 . 2 . 2 . 20  , Belanja Pemeliharaan  ,10000000,
1.20 . 1.20.26 . 02 . 30 . 5 . 2 . 2 . 20 . 04  , Belanja Pemeliharan Peralatan dan Mesin  ,10000000," Belanja pemeliharaan alat-alat kantor
Pemeliharaan komputer, mesin ketik, printer, AC dll1 Ls x 10.000.000,00 = 10.000.000,00"
1.20 . 1.20.26 . 02 . 34  , Pengadaan peralatan dan perlengkapan kantor  ,28825000," Sumber Dana : 
Lokasi Kegiatan : Kabupaten Bantul
Keluaran :  Komputer, Printer dllTarget:  5 Unit"
1.20 . 1.20.26 . 02 . 34 . 5 . 2 . 3  , Belanja Modal  ,28825000,
1.20 . 1.20.26 . 02 . 34 . 5 . 2 . 3 . 27  , Belanja Modal Peralatan dan Mesin - Pengadaan Alat Kantor  ,8000000,
1.20 . 1.20.26 . 02 . 34 . 5 . 2 . 3 . 27 . 05  , Belanja Modal Peralatan dan Mesin - Pengadaan Alat Kantor  ,8000000," Belanja modal pengadaan alat kantor
Pengadaan LCD dan layar proyektor1 Ls x 8.000.000,00 = 8.000.000,00"
1.20 . 1.20.26 . 02 . 34 . 5 . 2 . 3 . 29  , Belanja Modal Peralatan dan Mesin - Pengadaan  Komputer  ,20825000,
1.20 . 1.20.26 . 02 . 34 . 5 . 2 . 3 . 29 . 02  , Belanja Modal Peralatan dan Mesin - Pengadaan Personal Komputer  ,20825000," Belanja modal pengadaan personal komputerLaptop2 Buah x 8.000.000,00 = 16.000.000,00
Printer1 Ls x 4.000.000,00 = 4.000.000,00
Honor pejabat pembuat komitmen, Pejabat pengadaan barang, dan penerima barang.1 Bjj x 825.000,00 = 825.000,00"
1.20 . 1.20.26 . 03  , Program peningkatan disiplin aparatur  ,46025000,
1.20 . 1.20.26 . 03 . 03  , Pengadaan pakaian kerja lapangan  ,46025000," Sumber Dana : 
Lokasi Kegiatan : Kabupaten Bantul
Keluaran :  Pakaian kerja dan kelengkapan bagi tenaga kontrak
Target:  226 Stell"
1.20 . 1.20.26 . 03 . 03 . 5 . 2 . 2  , Belanja Barang dan Jasa  ,46025000,
1.20 . 1.20.26 . 03 . 03 . 5 . 2 . 2 . 14  , Belanja Pakaian khusus dan hari-hari tertentu  ,46025000,
1.20 . 1.20.26 . 03 . 03 . 5 . 2 . 2 . 14 . 03  , Belanja Pakaian Batik Tradisional  ,46025000," Pengadaan pakaian untuk PNS dan pegawai kontrak
Belanja pakaian batik226 Orang x 200.000,00 = 45.200.000,00
Honor pejabat pembuat komitmen, Pejabat pengadaan barang, dan penerima barang.1 Bjj x 825.000,00 = 825.000,00"
1.20 . 1.20.26 . 05  , Program Peningkatan Kapasitas Sumber Daya Aparatur  ,28870000,
1.20 . 1.20.26 . 05 . 02  , Sosialisasi peraturan perundang-undangan  ,8245000," Sumber Dana : 
Lokasi Kegiatan : Kabupaten Bantul
Keluaran :  Pencapaian pemahaman peraturan perundang-undangan antara pemerintah dengan pedagang pasar
Target:  2 kali"
1.20 . 1.20.26 . 05 . 02 . 5 . 2 . 2  , Belanja Barang dan Jasa  ,8245000,
1.20 . 1.20.26 . 05 . 02 . 5 . 2 . 2 . 01  , Belanja Bahan Pakai Habis  ,1020000,
1.20 . 1.20.26 . 05 . 02 . 5 . 2 . 2 . 01 . 01  , Belanja Alat Tulis Kantor  ,1020000," Belanja alat tulis kantor
Belanja ATK1 Ls x 1.020.000,00 = 1.020.000,00"
1.20 . 1.20.26 . 05 . 02 . 5 . 2 . 2 . 06  , Belanja Cetak dan Penggandaan  ,1000000,
1.20 . 1.20.26 . 05 . 02 . 5 . 2 . 2 . 06 . 02  , Belanja Penggandaan  ,1000000," Belanja penggandaan/foto copy1 Ls x 1.000.000,00 = 1.000.000,00"
1.20 . 1.20.26 . 05 . 02 . 5 . 2 . 2 . 11  , Belanja Makanan dan  Minuman  ,4725000,
1.20 . 1.20.26 . 05 . 02 . 5 . 2 . 2 . 11 . 02  , Belanja Makanan Dan Minuman Rapat  ,4725000," Belanja makan minum rapat
Belanja makan minum rapat sosialisasi1 Ls x 4.725.000,00 = 4.725.000,00"
1.20 . 1.20.26 . 05 . 02 . 5 . 2 . 2 . 35  ," Jasa Narasumber, Tenaga Ahli, Yuri, Entry Data, Petugas Fogging dan Petugas Lapangan ",1500000,
1.20 . 1.20.26 . 05 . 02 . 5 . 2 . 2 . 35 . 01  , Jasa Nara Sumber/Moderator/Tenaga Ahli  ,1500000," Honorarium narasumber sosialisasi6 Jpl x 250.000,00 = 1.500.000,00"
1.20 . 1.20.26 . 05 . 05  , Pendidikan dan pelatihan teknis/Bimtek  ,20625000," Sumber Dana :
 Lokasi Kegiatan : Kabupaten Bantul
Keluaran :  Peningkatan kapasitas SDM pengelola pasar dan petugas dana bergulir
Target:  30 Orang"
1.20 . 1.20.26 . 05 . 05 . 5 . 2 . 2  , Belanja Barang dan Jasa  ,20625000,
1.20 . 1.20.26 . 05 . 05 . 5 . 2 . 2 . 01  , Belanja Bahan Pakai Habis  ,1600000,
1.20 . 1.20.26 . 05 . 05 . 5 . 2 . 2 . 01 . 01  , Belanja Alat Tulis Kantor  ,1600000," Belanja alat tulis kantorATK1 Ls x 1.600.000,00 = 1.600.000,00"
1.20 . 1.20.26 . 05 . 05 . 5 . 2 . 2 . 02  , Belanja Bahan/Material  ,8600000,
1.20 . 1.20.26 . 05 . 05 . 5 . 2 . 2 . 02 . 12  , Belanja alat-alat/perlengkapan  ,8600000," Belanja perlengkapan BintekKaos dll40 Paket x 215.000,00 = 8.600.000,00"
1.20 . 1.20.26 . 05 . 05 . 5 . 2 . 2 . 06  , Belanja Cetak dan Penggandaan  ,1345000,
1.20 . 1.20.26 . 05 . 05 . 5 . 2 . 2 . 06 . 02  , Belanja Penggandaan  ,1345000," Belanja penggandaan / foto copy1 Ls x 1.345.000,00 = 1.345.000,00"
1.20 . 1.20.26 . 05 . 05 . 5 . 2 . 2 . 11  , Belanja Makanan dan  Minuman  ,2680000,
1.20 . 1.20.26 . 05 . 05 . 5 . 2 . 2 . 11 . 02  , Belanja Makanan Dan Minuman Rapat  ,2680000," Belanja makan minum80 Oh x 33.500,00 = 2.680.000,00"
1.20 . 1.20.26 . 05 . 05 . 5 . 2 . 2 . 35  ," Jasa Narasumber, Tenaga Ahli, Yuri, Entry Data, Petugas Fogging dan Petugas Lapangan ",6400000,
1.20 . 1.20.26 . 05 . 05 . 5 . 2 . 2 . 35 . 01  , Jasa Nara Sumber/Moderator/Tenaga Ahli  ,4000000," Honor narasumber Bintek
Narasumber (8 jpl x 2 hari)16 Jpl x 250.000,00 = 4.000.000,00"
1.20 . 1.20.26 . 05 . 05 . 5 . 2 . 2 . 35 . 05  , Jasa Peserta Seminar/Simposium /Workshop/Sosialisasi  ,2400000," Honorarium peserta BintekPeserta ( 40 x 2 )80 Oh x 30.000,00 = 2.400.000,00"
1.20 . 1.20.26 . 06  , Program peningkatan pengembangan sistem pelaporan capaian kinerja dan keuangan ,3100000,
1.20 . 1.20.26 . 06 . 01  , Penyusunan laporan capaian kinerja dan ikhtisar realisasi kinerja SKPD  ,3100000," Sumber Dana : 
Lokasi Kegiatan : Kabupaten Bantul
Keluaran :  Terselenggaranya aktivitas Kantor
Target:  3 Dokumen"
1.20 . 1.20.26 . 06 . 01 . 5 . 2 . 1  , Belanja Pegawai  ,1300000,
1.20 . 1.20.26 . 06 . 01 . 5 . 2 . 1 . 03  , Uang Lembur  ,1300000,
1.20 . 1.20.26 . 06 . 01 . 5 . 2 . 1 . 03 . 01  , Uang Lembur PNS  ,1300000," Uang lembur untuk PNS1 Bjj x 1.300.000,00 = 1.300.000,00"
1.20 . 1.20.26 . 06 . 01 . 5 . 2 . 2  , Belanja Barang dan Jasa  ,1800000,
1.20 . 1.20.26 . 06 . 01 . 5 . 2 . 2 . 01  , Belanja Bahan Pakai Habis  ,280000,
1.20 . 1.20.26 . 06 . 01 . 5 . 2 . 2 . 01 . 01  , Belanja Alat Tulis Kantor  ,280000," Belanja alat tulis kantor1 Ls x 280.000,00 = 280.000,00"
1.20 . 1.20.26 . 06 . 01 . 5 . 2 . 2 . 06  , Belanja Cetak dan Penggandaan  ,520000,
1.20 . 1.20.26 . 06 . 01 . 5 . 2 . 2 . 06 . 02  , Belanja Penggandaan  ,520000," Belanja penggandaan / foto copy1 Ls x 520.000,00 = 520.000,00"
1.20 . 1.20.26 . 06 . 01 . 5 . 2 . 2 . 11  , Belanja Makanan dan  Minuman  ,1000000,
1.20 . 1.20.26 . 06 . 01 . 5 . 2 . 2 . 11 . 04  , Belanja makanan dan minuman Lembur  ,1000000," Belanja makan minum lembur1 Ls x 1.000.000,00 = 1.000.000,00"
2.06 . 1.20.26 . 15  , Program perlindungan konsumen dan pengamanan perdagangan  ,42148000,
2.06 . 1.20.26 . 15 . 07  , Monitoring Keamanan Pasar  ,1260000," Sumber Dana :
 Lokasi Kegiatan : Kabupaten Bantul
Keluaran :  Memonitor keamanan pasar
Target:  24 Kali"
2.06 . 1.20.26 . 15 . 07 . 5 . 2 . 2  , Belanja Barang dan Jasa  ,1260000,
2.06 . 1.20.26 . 15 . 07 . 5 . 2 . 2 . 11  , Belanja Makanan dan  Minuman  ,1260000,
2.06 . 1.20.26 . 15 . 07 . 5 . 2 . 2 . 11 . 02  , Belanja Makanan Dan Minuman Rapat  ,1260000," Belanja makan minum rapat1 Ls x 1.260.000,00 = 1.260.000,00"
2.06 . 1.20.26 . 15 . 08  , Pelatihan Pengendalian Keamanaan dan Kenyamanan Lingkungan di Pasar ,40135000," Sumber Dana : 
Lokasi Kegiatan : Kabupaten Bantul
Keluaran :  Terlaksananya pelatihan bagi Petugas kebersihan dan keamanan pasar
Target:  1 paket"
2.06 . 1.20.26 . 15 . 08 . 5 . 2 . 2  , Belanja Barang dan Jasa  ,40135000,
2.06 . 1.20.26 . 15 . 08 . 5 . 2 . 2 . 06  , Belanja Cetak dan Penggandaan  ,150000,
2.06 . 1.20.26 . 15 . 08 . 5 . 2 . 2 . 06 . 02  , Belanja Penggandaan  ,150000," Belanja penggandaan / foto copy1 Ls x 150.000,00 = 150.000,00"
2.06 . 1.20.26 . 15 . 08 . 5 . 2 . 2 . 11  , Belanja Makanan dan  Minuman  ,5075000,
2.06 . 1.20.26 . 15 . 08 . 5 . 2 . 2 . 11 . 02  , Belanja Makanan Dan Minuman Rapat  ,5075000," Belanja makan minum rapat290 Oh x 17.500,00 = 5.075.000,00"
2.06 . 1.20.26 . 15 . 08 . 5 . 2 . 2 . 17  ," Belanja kursus, pelatihan, sosialisasi dan bimbingan teknis PNS  ",21750000,
2.06 . 1.20.26 . 15 . 08 . 5 . 2 . 2 . 17 . 01  , Belanja Kursus-Kursus Singkat/Pelatihan  ,21750000," Belanja kursus-kursus singkat / pelatihanOut bond1 Ls x 21.750.000,00 = 21.750.000,00"
2.06 . 1.20.26 . 15 . 08 . 5 . 2 . 2 . 35  ," Jasa Narasumber, Tenaga Ahli, Yuri, Entry Data, Petugas Fogging dan Petugas Lapangan ",13160000,
2.06 . 1.20.26 . 15 . 08 . 5 . 2 . 2 . 35 . 01  , Jasa Nara Sumber/Moderator/Tenaga Ahli  ,2000000," Belanja nara sumber pelatihan8 Jpl x 250.000,00 = 2.000.000,00"
2.06 . 1.20.26 . 15 . 08 . 5 . 2 . 2 . 35 . 05  , Jasa Peserta Seminar/Simposium /Workshop/Sosialisasi  ,11160000," Belanja jasa peserta pelatihanJasa peserta pelatihan372 Oh x 30.000,00 = 11.160.000,00"
2.06 . 1.20.26 . 15 . 09  , Pengumpulan Penyusunan dan Verifikasi Data Pedagang  ,753000," Sumber Dana : 
Lokasi Kegiatan : Kabupaten Bantul
Keluaran :  Pedagang pasar terib ijin
Target:  3 Pasar"
2.06 . 1.20.26 . 15 . 09 . 5 . 2 . 2  , Belanja Barang dan Jasa  ,753000,
2.06 . 1.20.26 . 15 . 09 . 5 . 2 . 2 . 01  , Belanja Bahan Pakai Habis  ,275000,
2.06 . 1.20.26 . 15 . 09 . 5 . 2 . 2 . 01 . 01  , Belanja Alat Tulis Kantor  ,275000," Belanja alat tulis kantor
Belanja alat tulis kantor (kertas dll)1 Ls x 275.000,00 = 275.000,00"
2.06 . 1.20.26 . 15 . 09 . 5 . 2 . 2 . 06  , Belanja Cetak dan Penggandaan  ,478000,
2.06 . 1.20.26 . 15 . 09 . 5 . 2 . 2 . 06 . 01  , Belanja Cetak  ,478000," Belanja cetak blangko
Cetak blangko surat hak pemanfaatan1 Ls x 478.000,00 = 478.000,00"
1.09 . 1.20.26 . 16  ," Program penataan penguasaan, pemilikan, penggunaan dan pemanfaatan tanah ",3970000000,
1.09 . 1.20.26 . 16 . 12  , Pengadaan tanah dari tanah kas desa  ,3970000000," Sumber Dana : 
Lokasi Kegiatan : Kabupaten Bantul
Keluaran :  Tanah lokasi pasar sebagai aset Pemerintah Daerah
Target:  2 Lokasi Pasar"
1.09 . 1.20.26 . 16 . 12 . 5 . 2 . 1  , Belanja Pegawai  ,40500000,
1.09 . 1.20.26 . 16 . 12 . 5 . 2 . 1 . 01  , Honorarium PNS  ,40000000,
1.09 . 1.20.26 . 16 . 12 . 5 . 2 . 1 . 01 . 01  , Honorarium Panitia Pelaksana Kegiatan  ,40000000," Honorarium Tim Persiapan
Niten1 Bjj x 15.000.000,00 = 15.000.000,00
Sorobayan1 Bjj x 15.000.000,00 = 15.000.000,00
Honorarium Tim Teknis Operasional
Niten1 Bjj x 5.000.000,00 = 5.000.000,00
Sorobayan1 Bjj x 5.000.000,00 = 5.000.000,00"
1.09 . 1.20.26 . 16 . 12 . 5 . 2 . 1 . 03  , Uang Lembur  ,500000,
1.09 . 1.20.26 . 16 . 12 . 5 . 2 . 1 . 03 . 01  , Uang Lembur PNS  ,500000," Lembur PNS
Uang lembur PNS1 Bjj x 500.000,00 = 500.000,00"
1.09 . 1.20.26 . 16 . 12 . 5 . 2 . 2  , Belanja Barang dan Jasa  ,13950000,
1.09 . 1.20.26 . 16 . 12 . 5 . 2 . 2 . 01  , Belanja Bahan Pakai Habis  ,1508000,
1.09 . 1.20.26 . 16 . 12 . 5 . 2 . 2 . 01 . 01  , Belanja Alat Tulis Kantor  ,1400000," Belanja alat tulis kantor1 Ls x 1.400.000,00 = 1.400.000,00"
1.09 . 1.20.26 . 16 . 12 . 5 . 2 . 2 . 01 . 04  ," Belanja Perangko, Materai Dan Benda Pos  ",108000," Belanja materai dan benda pos1 Ls x 108.000,00 = 108.000,00"
1.09 . 1.20.26 . 16 . 12 . 5 . 2 . 2 . 02  , Belanja Bahan/Material  ,500000,
1.09 . 1.20.26 . 16 . 12 . 5 . 2 . 2 . 02 . 11  , Belanja Pilar  ,500000," Belanja pilar/pathok1 Ls x 500.000,00 = 500.000,00"
1.09 . 1.20.26 . 16 . 12 . 5 . 2 . 2 . 06  , Belanja Cetak dan Penggandaan  ,442000,
1.09 . 1.20.26 . 16 . 12 . 5 . 2 . 2 . 06 . 02  , Belanja Penggandaan  ,442000," Belanja penggandaan / foto copy1 Ls x 442.000,00 = 442.000,00"
1.09 . 1.20.26 . 16 . 12 . 5 . 2 . 2 . 11  , Belanja Makanan dan  Minuman  ,4500000,
1.09 . 1.20.26 . 16 . 12 . 5 . 2 . 2 . 11 . 02  , Belanja Makanan Dan Minuman Rapat  ,3500000," Belanja makan minum1 Ls x 3.500.000,00 = 3.500.000,00"
1.09 . 1.20.26 . 16 . 12 . 5 . 2 . 2 . 11 . 04  , Belanja makanan dan minuman Lembur  ,1000000," Belanja makan minum lembur1 Ls x 1.000.000,00 = 1.000.000,00"
1.09 . 1.20.26 . 16 . 12 . 5 . 2 . 2 . 15  , Belanja Perjalanan Dinas  ,3000000,
1.09 . 1.20.26 . 16 . 12 . 5 . 2 . 2 . 15 . 01  , Belanja Perjalanan Dinas Dalam Daerah  ,3000000," Belanja perjalanan dinas dalam daerah1 Bjj x 3.000.000,00 = 3.000.000,00"
1.09 . 1.20.26 . 16 . 12 . 5 . 2 . 2 . 36  , Belanja Jasa Transport Petugas/Peserta  ,4000000,
1.09 . 1.20.26 . 16 . 12 . 5 . 2 . 2 . 36 . 02  , Honorarium Peserta Rapat/Sosialisasi  ,4000000," Honor peserta rapat / sosialisasi1 Ls x 4.000.000,00 = 4.000.000,00"
1.09 . 1.20.26 . 16 . 12 . 5 . 2 . 3  , Belanja Modal  ,3915550000,
1.09 . 1.20.26 . 16 . 12 . 5 . 2 . 3 . 11  , Belanja Modal Tanah - Pengadaan Tanah Untuk Bangunan Gedung  ,3915550000,
1.09 . 1.20.26 . 16 . 12 . 5 . 2 . 3 . 11 . 02  , Belanja Modal Tanah - Pengadaan Tanah Untuk Bangunan Gedung Perdagangan/Perusahaan ,3915550000," Belanja Modal Pengadaan Tanah untuk Pasar Niten
Belanja pelepasan tanah 4%1 Ls x 120.000.000,00 = 120.000.000,00
Belanja ukur dan sertifikasi1 Ls x 3.400.000,00 = 3.400.000,00
Belanja appraisal TKD1 Ls x 15.000.000,00 = 15.000.000,00
Honor pejabat pembuat komitmen, Pejabat pengadaan barang, dan penerima barang apraisal TKD 1 Bjj x 825.000,00 = 825.000,00
Belanja sertifikasi tanah pengganti1 Ls x 7.000.000,00 = 7.000.000,00
Belanja ganti rugi TKD1 Ls x 3.000.000.000,00 = 3.000.000.000,00
Belanja Modal Pengadaan Tanah untuk Pasar Sorobayan
Belanja pelepasan tanah 4%1 Ls x 28.800.000,00 = 28.800.000,00
Belanja ukur dan sertifikasi1 Ls x 3.400.000,00 = 3.400.000,00
Belanja appraisal TKD1 Ls x 15.000.000,00 = 15.000.000,00
Honor pejabat pembuat komitmen, Pejabat pengadaan barang, dan penerima barang apraisal TKD1 Bjj x 825.000,00 = 825.000,00
Belanja sertifikasi tanah pengganti1 Ls x 1.300.000,00 = 1.300.000,00
Belanja ganti rugi TKD1 Ls x 720.000.000,00 = 720.000.000,00"
1.20 . 1.20.26 . 17  , Program peningkatan dan pengembangan pengelolaan keuangan daerah  ,28414000,
1.20 . 1.20.26 . 17 . 19  , Intensifikasi dan ekstensifikasi sumber-sumber pendapatan daerah  ,28414000," Sumber Dana :
 Lokasi Kegiatan : Kabupaten Bantul
Keluaran :  Pelaksanaan pemungutan retribusi sesuai aturan
Target:  32 Pasar"
1.20 . 1.20.26 . 17 . 19 . 5 . 2 . 1  , Belanja Pegawai  ,10764000,
1.20 . 1.20.26 . 17 . 19 . 5 . 2 . 1 . 03  , Uang Lembur  ,10764000,
1.20 . 1.20.26 . 17 . 19 . 5 . 2 . 1 . 03 . 01  , Uang Lembur PNS  ,10764000," Uang lembur PNS1 Bjj x 10.764.000,00 = 10.764.000,00"
1.20 . 1.20.26 . 17 . 19 . 5 . 2 . 2  , Belanja Barang dan Jasa  ,17650000,
1.20 . 1.20.26 . 17 . 19 . 5 . 2 . 2 . 01  , Belanja Bahan Pakai Habis  ,250000,
1.20 . 1.20.26 . 17 . 19 . 5 . 2 . 2 . 01 . 01  , Belanja Alat Tulis Kantor  ,250000," Belanja alat tulis kantor1 Ls x 250.000,00 = 250.000,00"
1.20 . 1.20.26 . 17 . 19 . 5 . 2 . 2 . 11  , Belanja Makanan dan  Minuman  ,10200000,
1.20 . 1.20.26 . 17 . 19 . 5 . 2 . 2 . 11 . 02  , Belanja Makanan Dan Minuman Rapat  ,10200000," Belanja makan minum
Belanja makan minum evaluasi pendapatan retribusi1 Ls x 10.200.000,00 = 10.200.000,00"
1.20 . 1.20.26 . 17 . 19 . 5 . 2 . 2 . 15  , Belanja Perjalanan Dinas  ,7200000,
1.20 . 1.20.26 . 17 . 19 . 5 . 2 . 2 . 15 . 01  , Belanja Perjalanan Dinas Dalam Daerah  ,7200000," Belanja perjalanan dinas dalam daerah
Operasional Peninjauan Pasar se-Kab. Bantul1 Bjj x 7.200.000,00 = 7.200.000,00"
1.25 . 1.20.26 . 18  , Program kerjasama informasi dengan mas media  ,29600000,
1.25 . 1.20.26 . 18 . 04  , Sosialisasi Program Kegiatan SKPD Melalui Media Massa  ,29600000," Sumber Dana :
 Lokasi Kegiatan : Kabupaten Bantul
Keluaran :  Pelaksanaan sosialisasi program kegiatan SKPD melalui media
Target:  13 Kali"
1.25 . 1.20.26 . 18 . 04 . 5 . 2 . 2  , Belanja Barang dan Jasa  ,29600000,
1.25 . 1.20.26 . 18 . 04 . 5 . 2 . 2 . 03  , Belanja Jasa Kantor  ,26900000,
1.25 . 1.20.26 . 18 . 04 . 5 . 2 . 2 . 03 . 15  , Belanja Publikasi  ,26900000," Belanja publikasiSiaran radio1 Ls x 6.000.000,00 = 6.000.000,00
Publikasi lewat media elektronik/televisi1 Ls x 18.500.000,00 = 18.500.000,00
Publikasi lewat media cetak1 Ls x 2.400.000,00 = 2.400.000,00"
1.25 . 1.20.26 . 18 . 04 . 5 . 2 . 2 . 35  ," Jasa Narasumber, Tenaga Ahli, Yuri, Entry Data, Petugas Fogging dan Petugas Lapangan ",2700000,
1.25 . 1.20.26 . 18 . 04 . 5 . 2 . 2 . 35 . 01  , Jasa Nara Sumber/Moderator/Tenaga Ahli  ,2700000,"Honorarium narasumber
Narasumber siaran radio12 Ok x 100.000,00 = 1.200.000,00
Narasumber siaran media elektronik/televisi1 Bjj x 1.500.000,00 = 1.500.000,00"
2.06 . 1.20.26 . 18  , Program peningkatan efisiensi perdagangan dalam negeri  ,496981000,
2.06 . 1.20.26 . 18 . 10  , Promosi Pasar Tradisional  ,489786000," Sumber Dana : 
Lokasi Kegiatan : Kabupaten Bantul
Keluaran :  Promosi untuk pasar untuk mengenalkan pasar tradisional kepada masyarakat
Target:  12 Kali"
2.06 . 1.20.26 . 18 . 10 . 5 . 2 . 2  , Belanja Barang dan Jasa  ,489786000,
2.06 . 1.20.26 . 18 . 10 . 5 . 2 . 2 . 01  , Belanja Bahan Pakai Habis  ,200460000,
2.06 . 1.20.26 . 18 . 10 . 5 . 2 . 2 . 01 . 01  , Belanja Alat Tulis Kantor  ,10540000,"Belanja alat tulis kantor
Atk Promosi pasar1 Ls x 140.000,00 = 140.000,00
Atk profil pasar1 Ls x 900.000,00 = 900.000,00
Atk sarasehan225 Paket x 40.000,00 = 9.000.000,00
Atk gerebeg pasar1 Ls x 500.000,00 = 500.000,00"
2.06 . 1.20.26 . 18 . 10 . 5 . 2 . 2 . 01 . 09  ," Belanja pembelian bendera,papan nama  ",189920000,"Belanja pembelian papan promosi / baliho / reklame billboard
Belanja papan promosi (baliho / reklame billboard)1 Ls x 189.095.000,00 = 189.095.000,00
Honor pejabat pembuat komitmen, Pejabat pengadaan barang, dan penerima barang. 1 Bjj x 825.000,00 = 825.000,00"
2.06 . 1.20.26 . 18 . 10 . 5 . 2 . 2 . 02  , Belanja Bahan/Material  ,30900000,
2.06 . 1.20.26 . 18 . 10 . 5 . 2 . 2 . 02 . 07  , Belanja Cindera Mata  ,900000," Belanja cindera mata pemenang lomba pasarTropy1 Ls x 750.000,00 = 750.000,00
Piagam1 Ls x 150.000,00 = 150.000,00"
2.06 . 1.20.26 . 18 . 10 . 5 . 2 . 2 . 02 . 18  , Belanja Bahan Percontohan  ,30000000," Belanja Bahan Percontohan untuk gerebeg pasar1 Ls x 30.000.000,00 = 30.000.000,00"
2.06 . 1.20.26 . 18 . 10 . 5 . 2 . 2 . 03  , Belanja Jasa Kantor  ,150000,
2.06 . 1.20.26 . 18 . 10 . 5 . 2 . 2 . 03 . 13  , Belanja Dokumentasi  ,150000," Belanja dokumentasiCetak foto1 Ls x 150.000,00 = 150.000,00"
2.06 . 1.20.26 . 18 . 10 . 5 . 2 . 2 . 06  , Belanja Cetak dan Penggandaan  ,41841000,
2.06 . 1.20.26 . 18 . 10 . 5 . 2 . 2 . 06 . 01  , Belanja Cetak  ,41655000," Belanja cetakkanCetak buku profil pasar1 Ls x 31.680.000,00 = 31.680.000,00
Cetak benner untuk sarasehan1 Ls x 1.200.000,00 = 1.200.000,00
Cetak benner dan liflet untuk grebeg pasar1 Ls x 7.500.000,00 = 7.500.000,00
Cetak benner dan undangan untuk peresmian pasar1 Ls x 1.275.000,00 = 1.275.000,00"
2.06 . 1.20.26 . 18 . 10 . 5 . 2 . 2 . 06 . 02  , Belanja Penggandaan  ,186000," Belanja penggandaan / foto copy
penggandaan/foto copy untuk grebeg pasar1 Ls x 186.000,00 = 186.000,00"
2.06 . 1.20.26 . 18 . 10 . 5 . 2 . 2 . 10  , Belanja Sewa Perlengkapan dan Peralatan Kantor  ,40812500,
2.06 . 1.20.26 . 18 . 10 . 5 . 2 . 2 . 10 . 01  , Belanja Sewa Meja Kursi  ,4312500," Belanja sewa meja dan kursi
Belanja sewa meja kursi untuk sarasehan225 Unit x 2.500,00 = 562.500,00
Belanja sewa meja kursi untuk gerebeg pasar1 Ls x 3.000.000,00 = 3.000.000,00
Belanja sewa meja kursi untuk peresmian pasar1 Ls x 750.000,00 = 750.000,00"
2.06 . 1.20.26 . 18 . 10 . 5 . 2 . 2 . 10 . 05  , Belanja Sewa Tenda  ,32500000," Belanja sewa tenda dan panggungSarasehan1 Ls x 500.000,00 = 500.000,00
Gerebeg pasar1 Ls x 23.000.000,00 = 23.000.000,00
Peresmian pasar1 Ls x 9.000.000,00 = 9.000.000,00"
2.06 . 1.20.26 . 18 . 10 . 5 . 2 . 2 . 10 . 07  , Belanja Sewa Sound System  ,4000000," Belanja sewa sound system
Sarasehan1 Ls x 1.000.000,00 = 1.000.000,00
Gerebeg pasar1 Ls x 3.000.000,00 = 3.000.000,00"
2.06 . 1.20.26 . 18 . 10 . 5 . 2 . 2 . 11  , Belanja Makanan dan  Minuman  ,41362500,
2.06 . 1.20.26 . 18 . 10 . 5 . 2 . 2 . 11 . 02  , Belanja Makanan Dan Minuman Rapat  ,41362500,"  Belanja makan minum
Biaya rapat perencanaan dan evaluasi lomba1 Ls x 2.500.000,00 = 2.500.000,00
Biaya rapat perencanaan, pelaksanaan dan evaluasi penyusunan profil pasar1 Ls x 2.000.000,00 = 2.000.000,00
Biaya rapat perencanaan, pelaksanaan dan evaluasi penanggung jawab materi promosi1 Ls x 2.000.000,00 = 2.000.000,00
Biaya makan minum rapat untuk sarasehan1 Ls x 7.837.500,00 = 7.837.500,00
Biaya makan dan minum rapat untuk gerebeg pasar1 Ls x 19.050.000,00 = 19.050.000,00
Biaya makan dan minum rapat untuk peresmian pasar1 Ls x 7.975.000,00 = 7.975.000,00"
2.06 . 1.20.26 . 18 . 10 . 5 . 2 . 2 . 35  ," Jasa Narasumber, Tenaga Ahli, Yuri, Entry Data, Petugas Fogging dan Petugas Lapangan ",5250000,
2.06 . 1.20.26 . 18 . 10 . 5 . 2 . 2 . 35 . 01  , Jasa Nara Sumber/Moderator/Tenaga Ahli  ,2250000," Honorarium narasumber sarasehan
Honorarium narasumber sarasehan (3 org x 3 jpl)9 Jpl x 250.000,00 = 2.250.000,00"
2.06 . 1.20.26 . 18 . 10 . 5 . 2 . 2 . 35 . 02  , Jasa Yuri Perlombaan/Pelatih  ,3000000," Belanja Tim penilai lomba pasar bersih
Belanja Tim penilai lomba pasar bersih (6 org x 5 hr)30 Oh x 100.000,00 = 3.000.000,00"
2.06 . 1.20.26 . 18 . 10 . 5 . 2 . 2 . 37  , Uang Untuk Diberikan Kepada Pihak Ketiga/Masyarakat  ,40050000,
2.06 . 1.20.26 . 18 . 10 . 5 . 2 . 2 . 37 . 01  , Uang Untuk Diberikan Kepada Pihak Ketiga/Masyarakat  ,40050000," Uang pembinaan untuk kelompok masyarakat
Uang pembinaan untuk pemenang lomba pasar/APPSI1 Bjj x 40.050.000,00 = 40.050.000,00"
2.06 . 1.20.26 . 18 . 10 . 5 . 2 . 2 . 38  , Belanja Jasa Pentas/Pertunjukan  ,88960000,
2.06 . 1.20.26 . 18 . 10 . 5 . 2 . 2 . 38 . 01  , Belanja Jasa Pentas/Pertunjukan  ,88960000," Belanja jasa pentas pertunjukanPromosi pasar1 Ls x 31.460.000,00 = 31.460.000,00
Gerebeg pasar1 Ls x 26.500.000,00 = 26.500.000,00
Peresmian pasar1 Ls x 31.000.000,00 = 31.000.000,00"
2.06 . 1.20.26 . 18 . 11  , Pengendalian dan pelaporan Pelaksanaan Dana Bergulir  ,7195000," Sumber Dana :
 Lokasi Kegiatan : Kabupaten Bantul
Keluaran :  Pelaksanaan pelaporan dengan baik dan benar
Target:  12 Kali"
2.06 . 1.20.26 . 18 . 11 . 5 . 2 . 1  , Belanja Pegawai  ,2220000,
2.06 . 1.20.26 . 18 . 11 . 5 . 2 . 1 . 03  , Uang Lembur  ,2220000,
2.06 . 1.20.26 . 18 . 11 . 5 . 2 . 1 . 03 . 01  , Uang Lembur PNS  ,2220000," Uang lembur PNS1 Ls x 2.220.000,00 = 2.220.000,00"
2.06 . 1.20.26 . 18 . 11 . 5 . 2 . 2  , Belanja Barang dan Jasa  ,4975000,
2.06 . 1.20.26 . 18 . 11 . 5 . 2 . 2 . 01  , Belanja Bahan Pakai Habis  ,250000,
2.06 . 1.20.26 . 18 . 11 . 5 . 2 . 2 . 01 . 01  , Belanja Alat Tulis Kantor  ,250000," Belanja alat tulis kantor1 Ls x 250.000,00 = 250.000,00"
2.06 . 1.20.26 . 18 . 11 . 5 . 2 . 2 . 11  , Belanja Makanan dan  Minuman  ,4725000,
2.06 . 1.20.26 . 18 . 11 . 5 . 2 . 2 . 11 . 02  , Belanja Makanan Dan Minuman Rapat  ,4725000," Belanja makan mimun1 Ls x 4.725.000,00 = 4.725.000,00"
2.06 . 1.20.26 . 20  , Program Pemberdayaan Pedagang  ,158600000,
2.06 . 1.20.26 . 20 . 03  , Pendampingan APPSI  ,12800000," Sumber Dana : 
Lokasi Kegiatan : Kabupaten Bantul
Keluaran :  Komunikasi antar pemerintah, pedagang dan asosiasi berjalan dengan baik
Target:  12 kali"
2.06 . 1.20.26 . 20 . 03 . 5 . 2 . 2  , Belanja Barang dan Jasa  ,12800000,
2.06 . 1.20.26 . 20 . 03 . 5 . 2 . 2 . 01  , Belanja Bahan Pakai Habis  ,200000,
2.06 . 1.20.26 . 20 . 03 . 5 . 2 . 2 . 01 . 01  , Belanja Alat Tulis Kantor  ,200000,"Belanja alat tulis kantor1 Ls x 200.000,00 = 200.000,00"
2.06 . 1.20.26 . 20 . 03 . 5 . 2 . 2 . 06  , Belanja Cetak dan Penggandaan  ,200000,
2.06 . 1.20.26 . 20 . 03 . 5 . 2 . 2 . 06 . 02  , Belanja Penggandaan  ,200000,"Belanja penggandaan / foto copy1 Ls x 200.000,00 = 200.000,00"
2.06 . 1.20.26 . 20 . 03 . 5 . 2 . 2 . 11  , Belanja Makanan dan  Minuman  ,10000000,
2.06 . 1.20.26 . 20 . 03 . 5 . 2 . 2 . 11 . 02  , Belanja Makanan Dan Minuman Rapat  ,10000000,"Belanja makan minum1 Ls x 10.000.000,00 = 10.000.000,00"
2.06 . 1.20.26 . 20 . 03 . 5 . 2 . 2 . 35  ," Jasa Narasumber, Tenaga Ahli, Yuri, Entry Data, Petugas Fogging dan Petugas Lapangan ",2400000,
2.06 . 1.20.26 . 20 . 03 . 5 . 2 . 2 . 35 . 01  , Jasa Nara Sumber/Moderator/Tenaga Ahli  ,2400000,"Honoraium narasumber12 Ok x 200.000,00 = 2.400.000,00"
2.06 . 1.20.26 . 20 . 04  , Pelatihan Pedagang Pasar  ,145800000," Sumber Dana : 
Lokasi Kegiatan : Kabupaten Bantul
Keluaran :  Peningkatan kualitas SDM pedagang pasar tradisional
Target:  18 kali"
2.06 . 1.20.26 . 20 . 04 . 5 . 2 . 2  , Belanja Barang dan Jasa  ,145800000,
2.06 . 1.20.26 . 20 . 04 . 5 . 2 . 2 . 01  , Belanja Bahan Pakai Habis  ,6300000,
2.06 . 1.20.26 . 20 . 04 . 5 . 2 . 2 . 01 . 01  , Belanja Alat Tulis Kantor  ,6300000,"Belanja alat tulis kantor18 Paket x 350.000,00 = 6.300.000,00"
2.06 . 1.20.26 . 20 . 04 . 5 . 2 . 2 . 06  , Belanja Cetak dan Penggandaan  ,4500000,
2.06 . 1.20.26 . 20 . 04 . 5 . 2 . 2 . 06 . 02  , Belanja Penggandaan  ,4500000,"Belanja penggandaan / foto copy1 Ls x 4.500.000,00 = 4.500.000,00"
2.06 . 1.20.26 . 20 . 04 . 5 . 2 . 2 . 11  , Belanja Makanan dan  Minuman  ,45000000,
2.06 . 1.20.26 . 20 . 04 . 5 . 2 . 2 . 11 . 02  , Belanja Makanan Dan Minuman Rapat  ,45000000,"Belanja makan minum1 Ls x 45.000.000,00 = 45.000.000,00"
2.06 . 1.20.26 . 20 . 04 . 5 . 2 . 2 . 35  ," Jasa Narasumber, Tenaga Ahli, Yuri, Entry Data, Petugas Fogging dan Petugas Lapangan ",90000000,
2.06 . 1.20.26 . 20 . 04 . 5 . 2 . 2 . 35 . 01  , Jasa Nara Sumber/Moderator/Tenaga Ahli  ,36000000," Honorarium narasumber
Honorarium narasumber pelatihan pedagang (4 x 2 x 18)144 Jpl x 250.000,00 = 36.000.000,00"
2.06 . 1.20.26 . 20 . 04 . 5 . 2 . 2 . 35 . 05  , Jasa Peserta Seminar/Simposium /Workshop/Sosialisasi  ,54000000," Honorarium peserta pelatihan
Honorarium peserta pelatihan pedagang pasar1,800 Oh x 30.000,00 = 54.000.000,00"
1.06 . 1.20.26 . 21  , Program perencanaan pembangunan daerah  ,1835000,
1.06 . 1.20.26 . 21 . 32  , Penyusunan Rencana Strategis (Renstra) SKPD  ,917500," Sumber Dana :
 Lokasi Kegiatan : Kabupaten Bantul
Keluaran :  Dokumen Renstra SKPD
Target:  1 dokumen laporan"
1.06 . 1.20.26 . 21 . 32 . 5 . 2 . 2  , Belanja Barang dan Jasa  ,917500,
1.06 . 1.20.26 . 21 . 32 . 5 . 2 . 2 . 01  , Belanja Bahan Pakai Habis  ,180000,
1.06 . 1.20.26 . 21 . 32 . 5 . 2 . 2 . 01 . 01  , Belanja Alat Tulis Kantor  ,180000," Belanja alat tulis kantor1 Ls x 180.000,00 = 180.000,00"
1.06 . 1.20.26 . 21 . 32 . 5 . 2 . 2 . 06  , Belanja Cetak dan Penggandaan  ,250000,
1.06 . 1.20.26 . 21 . 32 . 5 . 2 . 2 . 06 . 02  , Belanja Penggandaan  ,250000," Belanja penggandaan / foto copy1 Ls x 250.000,00 = 250.000,00"
1.06 . 1.20.26 . 21 . 32 . 5 . 2 . 2 . 11  , Belanja Makanan dan  Minuman  ,487500,
1.06 . 1.20.26 . 21 . 32 . 5 . 2 . 2 . 11 . 02  , Belanja Makanan Dan Minuman Rapat  ,487500," Belanja makan minum
Biaya rapat perencanaan dan evaluasi1 Ls x 487.500,00 = 487.500,00"
1.06 . 1.20.26 . 21 . 33  , Penyusunan Rencana Kerja (Renja) SKPD  ,917500," Sumber Dana : 
Lokasi Kegiatan : Kabupaten Bantul
Keluaran :  Dokumen Renja SKPD
Target:  1 dokumen laporan"
1.06 . 1.20.26 . 21 . 33 . 5 . 2 . 2  , Belanja Barang dan Jasa  ,917500,
1.06 . 1.20.26 . 21 . 33 . 5 . 2 . 2 . 01  , Belanja Bahan Pakai Habis  ,180000,
1.06 . 1.20.26 . 21 . 33 . 5 . 2 . 2 . 01 . 01  , Belanja Alat Tulis Kantor  ,180000," Belanja alat tulis kantor1 Ls x 180.000,00 = 180.000,00"
1.06 . 1.20.26 . 21 . 33 . 5 . 2 . 2 . 06  , Belanja Cetak dan Penggandaan  ,250000,
1.06 . 1.20.26 . 21 . 33 . 5 . 2 . 2 . 06 . 02  , Belanja Penggandaan  ,250000," Belanja penggandaan / foto copy1 Ls x 250.000,00 = 250.000,00"
1.06 . 1.20.26 . 21 . 33 . 5 . 2 . 2 . 11  , Belanja Makanan dan  Minuman  ,487500,
1.06 . 1.20.26 . 21 . 33 . 5 . 2 . 2 . 11 . 02  , Belanja Makanan Dan Minuman Rapat  ,487500," Belanja makan minum1 Ls x 487.500,00 = 487.500,00"
1.03 . 1.20.26 . 30  , Program pembangunan infrastruktur perdesaan  ,1033325000,
1.03 . 1.20.26 . 30 . 04  , Pembangunan pasar perdesaan  ,103700000," Sumber Dana :
 Lokasi Kegiatan : Kabupaten Bantul
Keluaran :  Perencanaan yang matang dalam pembangunan pasar
Target:  4 Paket"
1.03 . 1.20.26 . 30 . 04 . 5 . 2 . 2  , Belanja Barang dan Jasa  ,103700000,
1.03 . 1.20.26 . 30 . 04 . 5 . 2 . 2 . 06  , Belanja Cetak dan Penggandaan  ,200000,
1.03 . 1.20.26 . 30 . 04 . 5 . 2 . 2 . 06 . 02  , Belanja Penggandaan  ,200000," Belanja penggandaan / foto copy1 Ls x 200.000,00 = 200.000,00"
1.03 . 1.20.26 . 30 . 04 . 5 . 2 . 2 . 21  , Belanja Jasa Konsultansi  ,103500000,
1.03 . 1.20.26 . 30 . 04 . 5 . 2 . 2 . 21 . 02  , Belanja Jasa Konsultansi Perencanaan  ,103500000," Belanja jasa konsultasi
Pembuatan DED pasar1 Ls x 100.000.000,00 = 100.000.000,00
Honor pejabat pembuat komitmen, Pejabat pengadaan barang, dan penerima barang.1 Ls x 3.500.000,00 = 3.500.000,00"
1.03 . 1.20.26 . 30 . 07  , Rehabilitasi/pemeliharaan pasar perdesaan  ,925500000," Sumber Dana :
 Lokasi Kegiatan : Kabupaten Bantul
Keluaran :  Kenyamanan pengunjung dan pedagang pasar
Target:  32 Pasar"
1.03 . 1.20.26 . 30 . 07 . 5 . 2 . 2  , Belanja Barang dan Jasa  ,925500000,
1.03 . 1.20.26 . 30 . 07 . 5 . 2 . 2 . 02  , Belanja Bahan/Material  ,649000000,
1.03 . 1.20.26 . 30 . 07 . 5 . 2 . 2 . 02 . 01  , Belanja Bahan Baku Bangunan  ,649000000," Belanja bahan bangunanpemeliharaan sarana dan prasarana pasar1 Ls x 649.000.000,00 = 649.000.000,00"
1.03 . 1.20.26 . 30 . 07 . 5 . 2 . 2 . 35  ," Jasa Narasumber, Tenaga Ahli, Yuri, Entry Data, Petugas Fogging dan Petugas Lapangan ",276500000,
1.03 . 1.20.26 . 30 . 07 . 5 . 2 . 2 . 35 . 06  , Jasa Tenaga Harian Lepas  ,276500000," Upah tenaga harian lepas pemeluharaan sarana dan prasarana pasar1 Ls x 276.500.000,00 = 276.500.000,00"
1.03 . 1.20.26 . 30 . 09  , Pendampingan Penataan Pasar  ,4125000," Sumber Dana : 
Lokasi Kegiatan : Kabupaten Bantul
Keluaran :  Pengaturan pedagang pasca rehab/pembangunan
Target:  3 Pasar"
1.03 . 1.20.26 . 30 . 09 . 5 . 2 . 2  , Belanja Barang dan Jasa  ,4125000,
1.03 . 1.20.26 . 30 . 09 . 5 . 2 . 2 . 01  , Belanja Bahan Pakai Habis  ,1000000,
1.03 . 1.20.26 . 30 . 09 . 5 . 2 . 2 . 01 . 01  , Belanja Alat Tulis Kantor  ,1000000," Belanja alat tulis kantor1 Ls x 1.000.000,00 = 1.000.000,00"
1.03 . 1.20.26 . 30 . 09 . 5 . 2 . 2 . 06  , Belanja Cetak dan Penggandaan  ,500000,
1.03 . 1.20.26 . 30 . 09 . 5 . 2 . 2 . 06 . 02  , Belanja Penggandaan  ,500000," Belanja penggandaan / foto copy1 Ls x 500.000,00 = 500.000,00"
1.03 . 1.20.26 . 30 . 09 . 5 . 2 . 2 . 11  , Belanja Makanan dan  Minuman  ,2625000,
1.03 . 1.20.26 . 30 . 09 . 5 . 2 . 2 . 11 . 02  , Belanja Makanan Dan Minuman Rapat  ,2625000," Belanja makan minum1 Ls x 2.625.000,00 = 2.625.000,00"
,  SURPLUS / (DEFISIT)  ,-10957772150,
