Judul,Penjabaran Anggaran Pendaptan dan Belanja Daerah,,
Daerah,Kabupaten Bantul,,
Tahun,2015,,
Kode Organisasi,1.20.26,,
Organisasi,Kantor Pasar,,
Kolom,4,,
No. Rekening,Uraian,Jumlah,Keterangan
1.20 . 1.20.26 . 00 . 00 . 4 , PENDAPATAN ,2710446400,
1.20 . 1.20.26 . 00 . 00 . 4 . 1 , PENDAPATAN ASLI DAERAH ,2710446400,
1.20 . 1.20.26 . 00 . 00 . 4 . 1 . 2 , Hasil Retribusi Daerah ,2329446400,
1.20 . 1.20.26 . 00 . 00 . 4 . 1 . 2 . 01 , Retribusi Jasa Umum ,2329446400,
1.20 . 1.20.26 . 00 . 00 . 4 . 1 . 2 . 01 . 07 , Retribusi Pelayanan Persampahan/Kebersihan ,209005000," Perda Kab. Bantul No. 09 Tahun 2011sampahan/Kebersihan pasar1 Tahun x 209.005.000,00 = 209.005.000,00"
1.20 . 1.20.26 . 00 . 00 . 4 . 1 . 2 . 01 . 20 , Retribusi Pelayanan Pasar ,2032861400," Perda Kab. Bantul No. 09 Tahun 2011retribusi pelayanan pasar kios, los, dan arahan/plataran1 Tahun x 2.032.861.400,00 = 2.032.861.400,00"
1.20 . 1.20.26 . 00 . 00 . 4 . 1 . 2 . 01 . 47 , Retribusi Penyediaan dan/atau Penyedotan Kakus ,87580000," Perda Kab. Bantul Nomor 9 Tahun 2011MCK Pasar1 Tahun x 87.580.000,00 = 87.580.000,00"
1.20 . 1.20.26 . 00 . 00 . 4 . 1 . 4 , Lain-lain Pendapatan Asli Daerah yang Sah ,381000000,
1.20 . 1.20.26 . 00 . 00 . 4 . 1 . 4 . 17 , Hasil dari pengelolaan dana bergulir ,200000000,
1.20 . 1.20.26 . 00 . 00 . 4 . 1 . 4 . 17 . 01 , Hasil dari pengelolaan dana bergulir ,200000000," Perda Kab. Bantul Nomor 7 Tahun 2012Penerimaan jasa/bunga dana bergulir Pasar1 Tahun x 200.000.000,00 = 200.000.000,00"
1.20 . 1.20.26 . 00 . 00 . 4 . 1 . 4 . 18 , Lain-lain PAD yang Sah Lainnya ,181000000,
1.20 . 1.20.26 . 00 . 00 . 4 . 1 . 4 . 18 . 05 , Pungutan dalam rangka penempatan kios baru ,181000000," Partisipasi pembangunan kios/los pasar1 Tahun x 181.000.000,00 = 181.000.000,00"
1.20 . 1.20.26 . 00 . 00 . 5 , BELANJA ,11898870600,
1.20 . 1.20.26 . 00 . 00 . 5 . 1 , BELANJA TIDAK LANGSUNG ,4948759000,
1.20 . 1.20.26 . 00 . 00 , Non Kegiatan ,4948759000, Sumber Dana : 
1.20 . 1.20.26 . 00 . 00 . 5 . 1 . 1 , Belanja Pegawai ,4948759000,
1.20 . 1.20.26 . 00 . 00 . 5 . 1 . 1 . 01 , Belanja Gaji dan Tunjangan ,4948759000,
1.20 . 1.20.26 . 00 . 00 . 5 . 1 . 1 . 01 . 01 , Gaji Pokok PNS/Uang Representasi ,3865781400,"Gaji Pokok PNSGaji Pokok1 th x 3.865.781.400,00 = 3.865.781.400,00"
1.20 . 1.20.26 . 00 . 00 . 5 . 1 . 1 . 01 . 02 , Tunjangan Keluarga ,401154988," Tunjangan Keluarga1 th x 401.154.988,00 = 401.154.988,00"
1.20 . 1.20.26 . 00 . 00 . 5 . 1 . 1 . 01 . 03 , Tunjangan Jabatan ,45955000," Tunjangan Jabatan1 th x 45.955.000,00 = 45.955.000,00"
1.20 . 1.20.26 . 00 . 00 . 5 . 1 . 1 . 01 . 04 , Tunjangan Fungsional ,0," Tunjangan Fungsional1 th x 0,00 = 0,00"
1.20 . 1.20.26 . 00 . 00 . 5 . 1 . 1 . 01 . 05 , Tunjangan Fungsional Umum ,242127600," Tunjangan Fungsional Umum1 th x 242.127.600,00 = 242.127.600,00"
1.20 . 1.20.26 . 00 . 00 . 5 . 1 . 1 . 01 . 06 , Tunjangan Beras ,317367700," Tunjangan Beras1 th x 317.367.700,00 = 317.367.700,00"
1.20 . 1.20.26 . 00 . 00 . 5 . 1 . 1 . 01 . 07 , Tunjangan PPh/Tunjangan Khusus ,76299850," Tunjangan PPh/Tunjangan Khusus1 th x 76.299.850,00 = 76.299.850,00"
1.20 . 1.20.26 . 00 . 00 . 5 . 1 . 1 . 01 . 08 , Pembulatan Gaji ,72462," Pembulatan Gaji1 th x 72.462,00 = 72.462,00"
1.20 . 1.20.26 . 00 . 00 . 5 . 1 . 1 . 01 . 09 , Iuran Asuransi Kesehatan ,0," Iuran Asuransi Kesehatan
Iurang Asuransi Kesehatan BPJS1 th x 0,00 = 0,00
Iuran Asuransi Jaminan Kecelakaan Kerja BPJS1 th x 0,00 = 0,00
Iuran Jaminan Kematian BPJS1 th x 0,00 = 0,00"
1.20 . 1.20.26 . 01 . 01 . 5 . 2 , BELANJA LANGSUNG ,6950111600,
1.20 . 1.20.26 . 01 , Program Pelayanan Administrasi Perkantoran ,1751192000,
1.20 . 1.20.26 . 01 . 01 , Penyediaan jasa surat menyurat ,7617000," Sumber Dana : 
Lokasi Kegiatan : Kabupaten Bantul
Keluaran : Terselenggaranya aktifitas kantor
Target: 11 Bulan"
1.20 . 1.20.26 . 01 . 01 . 5 . 2 . 2 , Belanja Barang dan Jasa ,7617000,
1.20 . 1.20.26 . 01 . 01 . 5 . 2 . 2 . 01 , Belanja Bahan Pakai Habis ,7617000,
1.20 . 1.20.26 . 01 . 01 . 5 . 2 . 2 . 01 . 04 ," Belanja Perangko, Materai Dan Benda Pos ",7617000," Belanja materai
Materai Kantor dan Dana Bergulir920 Buah x 6.000,00 = 5.520.000,00
Materai Kantor dan Dana Bergulir699 Buah x 3.000,00 = 2.097.000,00"
1.20 . 1.20.26 . 01 . 02 ," Penyediaan jasa komunikasi, sumber daya air dan listrik ",3300000," Sumber Dana : 
Lokasi Kegiatan : Kabupaten Bantul
Keluaran : Terselenggaranya aktivitas kantor
Target: 1 Tahun"
1.20 . 1.20.26 . 01 . 02 . 5 . 2 . 2 , Belanja Barang dan Jasa ,3300000,
1.20 . 1.20.26 . 01 . 02 . 5 . 2 . 2 . 03 , Belanja Jasa Kantor ,3300000,
1.20 . 1.20.26 . 01 . 02 . 5 . 2 . 2 . 03 . 01 , Belanja Telepon ,3300000," Belanja telpon
Belanja jasa telpon1 Ls x 3.300.000,00 = 3.300.000,00"
1.20 . 1.20.26 . 01 . 07 , Penyediaan jasa administrasi keuangan ,39025000," Sumber Dana : 
Lokasi Kegiatan : Kabupaten Bantul
Keluaran : Tugas dan pelayanan kantor
Target: 1 Tahun"
1.20 . 1.20.26 . 01 . 07 . 5 . 2 . 1 , Belanja Pegawai ,35400000,
1.20 . 1.20.26 . 01 . 07 . 5 . 2 . 1 . 01 , Honorarium PNS ,35400000,
1.20 . 1.20.26 . 01 . 07 . 5 . 2 . 1 . 01 . 06 , Honor Pengelola Keuangan dan Barang ,35400000," Honor Pengelola Keuangan dan BarangPembuat daftar gaji (1 x 12)12 Ob x 70.000,00 = 840.000,00
Pengurus barang (1 x 12)12 Ob x 200.000,00 = 2.400.000,00
Penyimpan barang (1 x 12)12 Ob x 100.000,00 = 1.200.000,00
Bendahara Pengeluaran Pembantu (1 x 12)12 Ob x 230.000,00 = 2.760.000,00
Bendahara Penerimaan (1 x 12)12 Ob x 180.000,00 = 2.160.000,00
Pembantu Bendahara Penerimaan (13x12)156 Ob x 100.000,00 = 15.600.000,00
Penata usahaan keuangan (1 x 12)12 Ob x 240.000,00 = 2.880.000,00
Pembantu PPK (1 x 12)12 Ob x 150.000,00 = 1.800.000,00
Bendahara Pengeluaran (1 x 12)12 Ob x 240.000,00 = 2.880.000,00
Bendahara Pengelola Dana Bergulir (1x12)12 Ob x 175.000,00 = 2.100.000,00
Pengurus kepegawaian (1 x 12)12 Ob x 65.000,00 = 780.000,00"
1.20 . 1.20.26 . 01 . 07 . 5 . 2 . 2 , Belanja Barang dan Jasa ,3625000,
1.20 . 1.20.26 . 01 . 07 . 5 . 2 . 2 . 01 , Belanja Bahan Pakai Habis ,250000,
1.20 . 1.20.26 . 01 . 07 . 5 . 2 . 2 . 01 . 01 , Belanja Alat Tulis Kantor ,250000," Belanja alat tulis kantor
Buku, pupen, kertas, dll1 Ls x 250.000,00 = 250.000,00"
1.20 . 1.20.26 . 01 . 07 . 5 . 2 . 2 . 06 , Belanja Cetak dan Penggandaan ,2500000,
1.20 . 1.20.26 . 01 . 07 . 5 . 2 . 2 . 06 . 02 , Belanja Penggandaan ,2500000," Belanja penggandaan/foto copy1 Ls x 2.500.000,00 = 2.500.000,00"
1.20 . 1.20.26 . 01 . 07 . 5 . 2 . 2 . 11 , Belanja Makanan dan Minuman ,875000,
1.20 . 1.20.26 . 01 . 07 . 5 . 2 . 2 . 11 . 02 , Belanja Makanan Dan Minuman Rapat ,875000," Belanja makan munum rapat
Belanja makan dan minum rapat50 Ok x 17.500,00 = 875.000,00"
1.20 . 1.20.26 . 01 . 08 , Penyediaan jasa kebersihan kantor ,808730000," Sumber Dana : 
Lokasi Kegiatan : Kabupaten Bantul
Keluaran : Tugas, fungsi dan pelayanan kantor
Target: 1 Tahun"
1.20 . 1.20.26 . 01 . 08 . 5 . 2 . 1 , Belanja Pegawai ,793730000,
1.20 . 1.20.26 . 01 . 08 . 5 . 2 . 1 . 02 , Honorarium Non PNS ,788730000,
1.20 . 1.20.26 . 01 . 08 . 5 . 2 . 1 . 02 . 03 , Honorarium Pegawai Kontrak ,788730000," Honorarium pegawai kontrak / Tidak tetap
Petugas pembersih kantor dan pasar (43 org x 25 hr x 12 bln)12,900 Oh x 37.500,00 = 483.750.000,00
Petugas koordinator (13 org x 25 hr x 12 bln)3,900 Oh x 43.000,00 = 167.700.000,00
Petugas pengangkut sampah pasar (10 org x 26 hr x 12 bln)3,120 Oh x 44.000,00 = 137.280.000,00"
1.20 . 1.20.26 . 01 . 08 . 5 . 2 . 1 . 03 , Uang Lembur ,5000000,
1.20 . 1.20.26 . 01 . 08 . 5 . 2 . 1 . 03 . 02 , Uang Lembur Non PNS ,5000000," Uang lembur non PNSkoordinator, Petugas pembersih, dan pengangkut sampah500 Oh x 10.000,00 = 5.000.000,00"
1.20 . 1.20.26 . 01 . 08 . 5 . 2 . 2 , Belanja Barang dan Jasa ,15000000,
1.20 . 1.20.26 . 01 . 08 . 5 . 2 . 2 . 01 , Belanja Bahan Pakai Habis ,15000000,
1.20 . 1.20.26 . 01 . 08 . 5 . 2 . 2 . 01 . 05 , Belanja Peralatan Kebersihan Dan Bahan Pembersih ,15000000," Belanja alat kebersihan dan bahan pembersih
Pembelian alat kebersihan dan bahan pembersih (sapu, skop, bak sampah dll) untuk Kantor dan Pasar1 Ls x 15.000.000,00 = 15.000.000,00"
1.20 . 1.20.26 . 01 . 10 , Penyediaan alat tulis kantor ,14750000," Sumber Dana :
 Lokasi Kegiatan : Kabupaten Bantul
Keluaran : Terselenggaranya tugas dan pelayanan kantor
Target: 1 Tahun"
1.20 . 1.20.26 . 01 . 10 . 5 . 2 . 2 , Belanja Barang dan Jasa ,14750000,
1.20 . 1.20.26 . 01 . 10 . 5 . 2 . 2 . 01 , Belanja Bahan Pakai Habis ,14750000,
1.20 . 1.20.26 . 01 . 10 . 5 . 2 . 2 . 01 . 01 , Belanja Alat Tulis Kantor ,14750000," Belanja ATK kantor dan pasar1 Ls x 14.750.000,00 = 14.750.000,00"
1.20 . 1.20.26 . 01 . 11 , Penyediaan barang cetakan dan penggandaan ,16500000," Sumber Dana : 
Lokasi Kegiatan : Kabupaten Bantul
Keluaran : Cetakan dan penggandaan/fotocopy
Target: 1 Tahun"
1.20 . 1.20.26 . 01 . 11 . 5 . 2 . 2 , Belanja Barang dan Jasa ,16500000,
1.20 . 1.20.26 . 01 . 11 . 5 . 2 . 2 . 06 , Belanja Cetak dan Penggandaan ,16500000,
1.20 . 1.20.26 . 01 . 11 . 5 . 2 . 2 . 06 . 01 , Belanja Cetak ,15000000," Belanja cetak blangko
Cetak blangko dll1 Ls x 15.000.000,00 = 15.000.000,00"
1.20 . 1.20.26 . 01 . 11 . 5 . 2 . 2 . 06 . 02 , Belanja Penggandaan ,1500000," Belanja Penggandaan
Foto copy1 Ls x 1.500.000,00 = 1.500.000,00"
1.20 . 1.20.26 . 01 . 12 , Penyediaan komponen instalasi listrik/penerangan bangunan kantor ,16000000," Sumber Dana :
 Lokasi Kegiatan : Kabupaten Bantul
Keluaran : Alat-alat listrik dan instalasi
Target: 1 Tahun"
1.20 . 1.20.26 . 01 . 12 . 5 . 2 . 2 , Belanja Barang dan Jasa ,16000000,
1.20 . 1.20.26 . 01 . 12 . 5 . 2 . 2 . 01 , Belanja Bahan Pakai Habis ,10000000,
1.20 . 1.20.26 . 01 . 12 . 5 . 2 . 2 . 01 . 03 ," Belanja Alat Listrik Dan Elektronik (Lampu Pijar, Battery Kering) ",10000000," Belanja Alat Listrik dan Elektronik(lampu pijar,battery kering)
Belanja lampu mercury, lampu pijar, baterai dll1 Ls x 10.000.000,00 = 10.000.000,00"
1.20 . 1.20.26 . 01 . 12 . 5 . 2 . 2 . 03 , Belanja Jasa Kantor ,6000000,
1.20 . 1.20.26 . 01 . 12 . 5 . 2 . 2 . 03 . 22 ," Belanja Pemasangan Instalasi Telepon, Instalasi Listrik dan Instalasi Air ",6000000," Belanja pemasangan instalasi listrik di Pasar
Pemasangan instalasi listrik di Pasar1 Ls x 6.000.000,00 = 6.000.000,00"
1.20 . 1.20.26 . 01 . 14 , Penyediaan peralatan rumah tangga ,45000000," Sumber Dana :
 Lokasi Kegiatan : Kabupaten Bantul
Keluaran : Pemeliharaan peralatan rumah tangga dan pengadaan tabung kebakaran
Target: 1 Tahun"
1.20 . 1.20.26 . 01 . 14 . 5 . 2 . 2 , Belanja Barang dan Jasa ,10000000,
1.20 . 1.20.26 . 01 . 14 . 5 . 2 . 2 . 20 , Belanja Pemeliharaan ,10000000,
1.20 . 1.20.26 . 01 . 14 . 5 . 2 . 2 . 20 . 04 , Belanja Pemeliharan Peralatan dan Mesin ,10000000," Belanja pemeliharaan alat rumah tangga
Pemeliharaan gerobag sampah, tabung kebakaran, hydran, mesin potong rumput dll1 Ls x 10.000.000,00 = 10.000.000,00"
1.20 . 1.20.26 . 01 . 14 . 5 . 2 . 3 , Belanja Modal ,35000000,
1.20 . 1.20.26 . 01 . 14 . 5 . 2 . 3 . 28 , Belanja Modal Peralatan dan Mesin - Pengadaan Alat Rumah Tangga ,35000000,
1.20 . 1.20.26 . 01 . 14 . 5 . 2 . 3 . 28 . 03 , Belanja Modal Peralatan dan Mesin - Pengadaan Alat Pembersih ,10000000," Belanja modal pengadaan mesin pembersih lantai/pel1 Ls x 10.000.000,00 = 10.000.000,00"
1.20 . 1.20.26 . 01 . 14 . 5 . 2 . 3 . 28 . 07 , Belanja Modal Peralatan dan Mesin - Pengadaan Alat Pemadam Kebakaran ,25000000," Belanja modal pengadaan tabung pemadam kebakaran1 Ls x 25.000.000,00 = 25.000.000,00"
1.20 . 1.20.26 . 01 . 15 , Penyediaan bahan bacaan dan peraturan perundang-undangan ,1980000," Sumber Dana : 
Lokasi Kegiatan : Kabupaten Bantul
Keluaran : Tersedianya bahan bacaan
Target: 1 Tahun"
1.20 . 1.20.26 . 01 . 15 . 5 . 2 . 2 , Belanja Barang dan Jasa ,1980000,
1.20 . 1.20.26 . 01 . 15 . 5 . 2 . 2 . 03 , Belanja Jasa Kantor ,1980000,
1.20 . 1.20.26 . 01 . 15 . 5 . 2 . 2 . 03 . 05 , Belanja Surat Kabar/Majalah ,1980000," Belanja surat kabar / majalah
Belanja surat kabar1 Ls x 1.980.000,00 = 1.980.000,00"
1.20 . 1.20.26 . 01 . 17 , Penyediaan makanan dan minuman ,24615000," Sumber Dana : 
Lokasi Kegiatan : Kabupaten Bantul
Keluaran : Tersedianya makan minum rapat dan kerjabakti
Target: 1 Tahun"
1.20 . 1.20.26 . 01 . 17 . 5 . 2 . 2 , Belanja Barang dan Jasa ,24615000,
1.20 . 1.20.26 . 01 . 17 . 5 . 2 . 2 . 11 , Belanja Makanan dan Minuman ,24615000,
1.20 . 1.20.26 . 01 . 17 . 5 . 2 . 2 . 11 . 02 , Belanja Makanan Dan Minuman Rapat ,10492500," Belanja makan minum rapat
Makan dan minum, snack dan minum1 Ls x 10.492.500,00 = 10.492.500,00"
1.20 . 1.20.26 . 01 . 17 . 5 . 2 . 2 . 11 . 05 , Belanja Makanan dan Minuman Pelaksanaan Kegiatan ,14122500," Belanja makan dan minum kerja bakti di 31 pasar
Makan dan minum kerja bakti di 31 pasar807 Ok x 17.500,00 = 14.122.500,00"
1.20 . 1.20.26 . 01 . 18 , Rapat-rapat koordinasi dan konsultasi ke luar daerah ,20000000," Sumber Dana : 
Lokasi Kegiatan : Kabupaten Bantul
Keluaran : Volume rapat, pertemuan dan perjalanan kantor
Target: 1 Tahun"
1.20 . 1.20.26 . 01 . 18 . 5 . 2 . 2 , Belanja Barang dan Jasa ,20000000,
1.20 . 1.20.26 . 01 . 18 . 5 . 2 . 2 . 15 , Belanja Perjalanan Dinas ,20000000,
1.20 . 1.20.26 . 01 . 18 . 5 . 2 . 2 . 15 . 02 , Belanja Perjalanan Dinas Luar Daerah ,20000000," Belanja perjalanan dinas luar daerah1 Ls x 20.000.000,00 = 20.000.000,00"
1.20 . 1.20.26 . 01 . 19 , Rapat-rapat koordinasi dan konsultasi dalam daerah ,2275000," Sumber Dana :
 Lokasi Kegiatan : Luar DIY
Keluaran : Volume rapat, pertemuan dan perjalanan kantor
Target: 1 Tahun"
1.20 . 1.20.26 . 01 . 19 . 5 . 2 . 2 , Belanja Barang dan Jasa ,2275000,
1.20 . 1.20.26 . 01 . 19 . 5 . 2 . 2 . 15 , Belanja Perjalanan Dinas ,2275000,
1.20 . 1.20.26 . 01 . 19 . 5 . 2 . 2 . 15 . 01 , Belanja Perjalanan Dinas Dalam Daerah ,2275000,"Belanja perjalanan dinas dalam daerah1 Ls x 2.275.000,00 = 2.275.000,00"
1.20 . 1.20.26 . 01 . 20 , Penyediaan Jasa Keamanan ,751400000," Sumber Dana : 
Lokasi Kegiatan : Kabupaten Bantul
Keluaran : Keamanan kantor dan pasar terjaga
Target: 1 Tahun"
1.20 . 1.20.26 . 01 . 20 . 5 . 2 . 1 , Belanja Pegawai ,750700000,
1.20 . 1.20.26 . 01 . 20 . 5 . 2 . 1 . 02 , Honorarium Non PNS ,748200000,
1.20 . 1.20.26 . 01 . 20 . 5 . 2 . 1 . 02 . 03 , Honorarium Pegawai Kontrak ,748200000," Honorarium tenaga kontrak keamanan dan ketertiban
Petugas keamanan dan ketertiban (58 org x 25 hr x 12 bln)17,400 Oh x 43.000,00 = 748.200.000,00"
1.20 . 1.20.26 . 01 . 20 . 5 . 2 . 1 . 03 , Uang Lembur ,2500000,
1.20 . 1.20.26 . 01 . 20 . 5 . 2 . 1 . 03 . 02 , Uang Lembur Non PNS ,2500000," Lembur petugas keamanan dan ketertiban
petugas keamanan dan ketertiban250 Oh x 10.000,00 = 2.500.000,00"
1.20 . 1.20.26 . 01 . 20 . 5 . 2 . 3 , Belanja Modal ,700000,
1.20 . 1.20.26 . 01 . 20 . 5 . 2 . 3 . 48 , Belanja Modal Peralatan dan Mesin -Pengadaan Alat Keamanan dan Perlindungan ,700000,
1.20 . 1.20.26 . 01 . 20 . 5 . 2 . 3 . 48 . 01 , Belanja Modal Peralatan dan Mesin -Pengadaan Alat Bantu Kemanan ,700000," Belanja modal pengadaan alat bantu keamanan
Belanja modal pengadaan sentolop/senter1 Ls x 700.000,00 = 700.000,00"
1.20 . 1.20.26 . 02 , Program Peningkatan Sarana dan Prasarana Aparatur ,177450000,
1.20 . 1.20.26 . 02 . 22 , Pemeliharaan rutin/berkala gedung kantor ,5000000," Sumber Dana : 
Lokasi Kegiatan : Kabupaten Bantul
Keluaran : Kenyamanan pengunjung dan pengguna gedungTarget: 1 Tahun"
1.20 . 1.20.26 . 02 . 22 . 5 . 2 . 2 , Belanja Barang dan Jasa ,5000000,
1.20 . 1.20.26 . 02 . 22 . 5 . 2 . 2 . 02 , Belanja Bahan/Material ,3500000,
1.20 . 1.20.26 . 02 . 22 . 5 . 2 . 2 . 02 . 01 , Belanja Bahan Baku Bangunan ,3500000," Bahan bangunan pemeliharaan kantor1 Ls x 3.500.000,00 = 3.500.000,00"
1.20 . 1.20.26 . 02 . 22 . 5 . 2 . 2 . 35 ," Jasa Narasumber, Tenaga Ahli, Yuri, Entry Data, Petugas Fogging dan ",1500000,
1.20 . 1.20.26 . 02 . 22 . 5 . 2 . 2 . 35 . 06 , Jasa Tenaga Harian Lepas ,1500000," Honorarium tenaga harian
Upah tenaga pemeliharaan kantor1 Ls x 1.500.000,00 = 1.500.000,00"
1.20 . 1.20.26 . 02 . 24 , Pemeliharaan rutin/berkala kendaraan dinas/operasional ,127150000," Sumber Dana : 
Lokasi Kegiatan : Kabupaten Bantul
Keluaran : Kelancaran operasional kantor
Target: 24 Unit"
1.20 . 1.20.26 . 02 . 24 . 5 . 2 . 2 , Belanja Barang dan Jasa ,127150000,
1.20 . 1.20.26 . 02 . 24 . 5 . 2 . 2 . 05 , Belanja Perawatan Kendaraan Bermotor ,127150000,
1.20 . 1.20.26 . 02 . 24 . 5 . 2 . 2 . 05 . 01 , Belanja Jasa Service ,15000000," Belanja jasa service kendaraan dinas
Service mobil, dump truck, kendaraan roda 3 dan sepeda motor dinas 1 Ls x 15.000.000,00 = 15.000.000,00"
1.20 . 1.20.26 . 02 . 24 . 5 . 2 . 2 . 05 . 02 , Belanja Penggantian Suku Cadang ,10000000," Belanja penggantian suku cadang
Pembelian accu, ban dan onderdil lain untuk kendaraan dinas1 Ls x 10.000.000,00 = 10.000.000,00"
1.20 . 1.20.26 . 02 . 24 . 5 . 2 . 2 . 05 . 03 , Belanja Bahan Bakar Minyak/Gas Dan Pelumas ,93650000," Pembelian bahan bakar minyak dan pelumas
Pembelian BBM pertamax, solar, dan pelumas/oli1 Ls x 93.650.000,00 = 93.650.000,00"
1.20 . 1.20.26 . 02 . 24 . 5 . 2 . 2 . 05 . 04 , Belanja Jasa KIR ,500000," Belanja jasa KIR kendaraanBelanja jasa KIR kendaraan untuk Dump Truck1 Ls x 500.000,00 = 500.000,00"
1.20 . 1.20.26 . 02 . 24 . 5 . 2 . 2 . 05 . 07 , Belanja Surat Tanda Nomor Kendaraan ,7500000," Belanja surat tanda nomor kendaraanperpanjangan STNK kendaraan dinas1 Ls x 7.500.000,00 = 7.500.000,00"
1.20 . 1.20.26 . 02 . 24 . 5 . 2 . 2 . 05 . 11 , Belanja pengisian freon ,500000," Belanja pengisian freon1 Ls x 500.000,00 = 500.000,00"
1.20 . 1.20.26 . 02 . 30 , Pemeliharaan rutin/berkala peralatan dan perlengkapan kantor ,14250000," Sumber Dana : 
Lokasi Kegiatan : Kabupaten Bantul
Keluaran : Pemeliharaan AC, Komputer, Printer dll
Target: 1 Tahun"
1.20 . 1.20.26 . 02 . 30 . 5 . 2 . 2 , Belanja Barang dan Jasa ,12000000,
1.20 . 1.20.26 . 02 . 30 . 5 . 2 . 2 . 01 , Belanja Bahan Pakai Habis ,5000000,
1.20 . 1.20.26 . 02 . 30 . 5 . 2 . 2 . 01 . 09 ," Belanja pembelian bendera,papan nama ",4500000," Belanja papan nama pasar1 Ls x 4.500.000,00 = 4.500.000,00"
1.20 . 1.20.26 . 02 . 30 . 5 . 2 . 2 . 01 . 10 , Belanja pengisian freon ,500000," Belanja pengisian freon1 Ls x 500.000,00 = 500.000,00"
1.20 . 1.20.26 . 02 . 30 . 5 . 2 . 2 . 20 , Belanja Pemeliharaan ,7000000,
1.20 . 1.20.26 . 02 . 30 . 5 . 2 . 2 . 20 . 04 , Belanja Pemeliharan Peralatan dan Mesin ,7000000," Belanja pemeliharaan alat-alat kantor
Pemeliharaan komputer, printer, AC, mesin ketik dll1 Ls x 7.000.000,00 = 7.000.000,00"
1.20 . 1.20.26 . 02 . 30 . 5 . 2 . 3 , Belanja Modal ,2250000,
1.20 . 1.20.26 . 02 . 30 . 5 . 2 . 3 . 16 , Belanja Modal Peralatan dan Mesin - Pengadaan Alat-alat Bantu ,2250000,
1.20 . 1.20.26 . 02 . 30 . 5 . 2 . 3 . 16 . 05 , Belanja Modal Peralatan dan Mesin - Pengadaan Pompa ,2250000," Belanja modal peralatan pengadaan pompa
Belanja modal pengadaan pompa air3 buah x 750.000,00 = 2.250.000,00"
1.20 . 1.20.26 . 02 . 34 , Pengadaan peralatan dan perlengkapan kantor ,31050000," Sumber Dana : 
Lokasi Kegiatan : Kabupaten Bantul
Keluaran : Komputer, Printer dll
Target: 1 Tahun"
1.20 . 1.20.26 . 02 . 34 . 5 . 2 . 3 , Belanja Modal ,31050000,
1.20 . 1.20.26 . 02 . 34 . 5 . 2 . 3 . 27 , Belanja Modal Peralatan dan Mesin - Pengadaan Alat Kantor ,900000,
1.20 . 1.20.26 . 02 . 34 . 5 . 2 . 3 . 27 . 05 , Belanja Modal Peralatan dan Mesin - Pengadaan Alat Kantor ,900000," Belanja modal peralatan pengadaan alat kantor
Belanja modal pengadaan cash box1 Buah x 900.000,00 = 900.000,00"
1.20 . 1.20.26 . 02 . 34 . 5 . 2 . 3 . 29 , Belanja Modal Peralatan dan Mesin - Pengadaan Komputer ,30150000,
1.20 . 1.20.26 . 02 . 34 . 5 . 2 . 3 . 29 . 02 , Belanja Modal Peralatan dan Mesin - Pengadaan Personal Komputer ,30150000," Belanja modal pengadaan komputer dan printer
Pengadaan komputer4 Buah x 6.500.000,00 = 26.000.000,00
Pengadaan printer4 Buah x 850.000,00 = 3.400.000,00
Pejabat pembuat komitmen, Pejabat Pengadaan, dan penerima barang1 bjj x 750.000,00 = 750.000,00"
1.20 . 1.20.26 . 03 , Program peningkatan disiplin aparatur ,21700000,
1.20 . 1.20.26 . 03 . 03 , Pengadaan pakaian kerja lapangan ,21700000," Sumber Dana :
 Lokasi Kegiatan : Kabupaten Bantul
Keluaran : Pakaian kerja dan kelengkapan bagi tenaga kontrak
Target: 124 Stel"
1.20 . 1.20.26 . 03 . 03 . 5 . 2 . 2 , Belanja Barang dan Jasa ,21700000,
1.20 . 1.20.26 . 03 . 03 . 5 . 2 . 2 . 13 , Belanja Pakaian Kerja ,21700000,
1.20 . 1.20.26 . 03 . 03 . 5 . 2 . 2 . 13 . 01 , Belanja Pakaian Kerja Lapangan ,21700000," Belanja pakaian kerja lapangan
pengadaan pakaian dan kelengkapannya untuk tenaga kontrak di kantor dan pasar124 Orang x 175.000,00 = 21.700.000,00"
1.20 . 1.20.26 . 05 , Program Peningkatan Kapasitas Sumber Daya Aparatur ,35097500,
1.20 . 1.20.26 . 05 . 02 , Sosialisasi peraturan perundang-undangan ,9112500," Sumber Dana : 
Lokasi Kegiatan : Kabupaten Bantul
Keluaran : Pencapaian pemahaman peraturan perundang-undangan antara pemerintah dengan pedagang pasar
Target: 2 kali"
1.20 . 1.20.26 . 05 . 02 . 5 . 2 . 1 , Belanja Pegawai ,900000,
1.20 . 1.20.26 . 05 . 02 . 5 . 2 . 1 . 01 , Honorarium PNS ,900000,
1.20 . 1.20.26 . 05 . 02 . 5 . 2 . 1 . 01 . 01 , Honorarium Panitia Pelaksana Kegiatan ,900000," Honorarium panitia pelaksana tim sosialisasi Peraturan Perundang-undangan
Ketua (1 x 2)2 Ok x 90.000,00 = 180.000,00
Sekretaris (1 x 2)2 Ok x 80.000,00 = 160.000,00
Anggota (4 x 2)8 Ok x 70.000,00 = 560.000,00"
1.20 . 1.20.26 . 05 . 02 . 5 . 2 . 2 , Belanja Barang dan Jasa ,8212500,
1.20 . 1.20.26 . 05 . 02 . 5 . 2 . 2 . 01 , Belanja Bahan Pakai Habis ,1050000,
1.20 . 1.20.26 . 05 . 02 . 5 . 2 . 2 . 01 . 01 , Belanja Alat Tulis Kantor ,1050000," Belanja alat tulis kantor210 Paket x 5.000,00 = 1.050.000,00"
1.20 . 1.20.26 . 05 . 02 . 5 . 2 . 2 . 06 , Belanja Cetak dan Penggandaan ,937500,
1.20 . 1.20.26 . 05 . 02 . 5 . 2 . 2 . 06 . 02 , Belanja Penggandaan ,937500," Belanja penggandaan/fotocopy1 Ls x 937.500,00 = 937.500,00"
1.20 . 1.20.26 . 05 . 02 . 5 . 2 . 2 . 11 , Belanja Makanan dan Minuman ,4725000,
1.20 . 1.20.26 . 05 . 02 . 5 . 2 . 2 . 11 . 02 , Belanja Makanan Dan Minuman Rapat ,4725000," Makan minum rapat panitia dan peserta sosialisasi270 Oh x 17.500,00 = 4.725.000,00"
1.20 . 1.20.26 . 05 . 02 . 5 . 2 . 2 . 35 ," Jasa Narasumber, Tenaga Ahli, Yuri, Entry Data, Petugas Fogging dan Petugas Lapangan ",1500000,
1.20 . 1.20.26 . 05 . 02 . 5 . 2 . 2 . 35 . 01 , Jasa Nara Sumber/Moderator/Tenaga Ahli ,1500000," Honorarium tenaga narasumber/penceramah
honorarium tenaga narasumber/penceramah (3 x 2)6 Jpl x 250.000,00 = 1.500.000,00"
1.20 . 1.20.26 . 05 . 05 , Pendidikan dan pelatihan teknis ,25985000," Sumber Dana : 
Lokasi Kegiatan : Kabupaten Bantul
Keluaran : Peningkatan kapasitas SDM pengelola pasar dan petugas dana bergulir
Target: 30 orang"
1.20 . 1.20.26 . 05 . 05 . 5 . 2 . 1 , Belanja Pegawai ,1560000,
1.20 . 1.20.26 . 05 . 05 . 5 . 2 . 1 . 01 , Honorarium PNS ,1560000,
1.20 . 1.20.26 . 05 . 05 . 5 . 2 . 1 . 01 . 01 , Honorarium Panitia Pelaksana Kegiatan ,1560000," Honorarium panitia pelaksana kegiatan
Ketua (1 x 3)3 Ok x 90.000,00 = 270.000,00
Sekretaris (1 x 3)3 Ok x 80.000,00 = 240.000,00
Anggota (5 x 3)15 Ok x 70.000,00 = 1.050.000,00"
1.20 . 1.20.26 . 05 . 05 . 5 . 2 . 2 , Belanja Barang dan Jasa ,24425000,
1.20 . 1.20.26 . 05 . 05 . 5 . 2 . 2 . 01 , Belanja Bahan Pakai Habis ,450000,
1.20 . 1.20.26 . 05 . 05 . 5 . 2 . 2 . 01 . 01 , Belanja Alat Tulis Kantor ,450000," Belanja Alat Tulis Kantor30 Paket x 15.000,00 = 450.000,00"
1.20 . 1.20.26 . 05 . 05 . 5 . 2 . 2 . 02 , Belanja Bahan/Material ,2250000,
1.20 . 1.20.26 . 05 . 05 . 5 . 2 . 2 . 02 . 12 , Belanja alat-alat/perlengkapan ,2250000," Belanja perlengkapan pelatihanbelanja tas, kaos dll30 Paket x 75.000,00 = 2.250.000,00"
1.20 . 1.20.26 . 05 . 05 . 5 . 2 . 2 . 06 , Belanja Cetak dan Penggandaan ,300000,
1.20 . 1.20.26 . 05 . 05 . 5 . 2 . 2 . 06 . 02 , Belanja Penggandaan ,300000," Belanja penggandaan/fotocopy1 Ls x 300.000,00 = 300.000,00"
1.20 . 1.20.26 . 05 . 05 . 5 . 2 . 2 . 08 , Belanja Sewa Sarana Mobilitas ,3000000,
1.20 . 1.20.26 . 05 . 05 . 5 . 2 . 2 . 08 . 01 , Belanja Sewa Sarana Mobilitas Darat ,3000000," Belanja sewa kendaraan darat
Belanja sewa kendaraan darat bus1 Ls x 3.000.000,00 = 3.000.000,00"
1.20 . 1.20.26 . 05 . 05 . 5 . 2 . 2 . 11 , Belanja Makanan dan Minuman ,3125000,
1.20 . 1.20.26 . 05 . 05 . 5 . 2 . 2 . 11 . 05 , Belanja Makanan dan Minuman Pelaksanaan Kegiatan ,3125000," Belanja makan dan minum pelaksanaan kegiatan
Makan dan minum125 Oh x 17.500,00 = 2.187.500,00
snack dan minum125 Oh x 7.500,00 = 937.500,00"
1.20 . 1.20.26 . 05 . 05 . 5 . 2 . 2 . 15 , Belanja Perjalanan Dinas ,7500000,
1.20 . 1.20.26 . 05 . 05 . 5 . 2 . 2 . 15 . 02 , Belanja Perjalanan Dinas Luar Daerah ,7500000," Belanja perjalanan dinas luar daerah
Belanja perjalanan dinas luar daerah (uang saku, makan dll) 30 Ok x 250.000,00 = 7.500.000,00"
1.20 . 1.20.26 . 05 . 05 . 5 . 2 . 2 . 35 ," Jasa Narasumber, Tenaga Ahli, Yuri, Entry Data, Petugas Fogging dan Petugas Lapangan ",7800000,
1.20 . 1.20.26 . 05 . 05 . 5 . 2 . 2 . 35 . 01 , Jasa Nara Sumber/Moderator/Tenaga Ahli ,6000000," Belanja narasumber/moderator
belanja narasumber/moderator (12 x 2)24 Jpl x 250.000,00 = 6.000.000,00"
1.20 . 1.20.26 . 05 . 05 . 5 . 2 . 2 . 35 . 05 , Jasa Peserta Seminar/Simposium /Workshop/Sosialisasi ,1800000," Honorarium peserta pelatihan
Honorarium peserta pelatihan (30 x 2)60 Ok x 30.000,00 = 1.800.000,00"
2.06 . 1.20.26 . 15 , Program perlindungan konsumen dan pengamanan perdagangan ,35670000,
2.06 . 1.20.26 . 15 . 07 , Monitoring Keamanan Pasar ,8760000," Sumber Dana : 
Lokasi Kegiatan : Kabupaten Bantul
Keluaran : Memonitor keamanan pasar
Target: 1 Tahun"
2.06 . 1.20.26 . 15 . 07 . 5 . 2 . 1 , Belanja Pegawai ,7500000,
2.06 . 1.20.26 . 15 . 07 . 5 . 2 . 1 . 01 , Honorarium PNS ,7500000,
2.06 . 1.20.26 . 15 . 07 . 5 . 2 . 1 . 01 . 01 , Honorarium Panitia Pelaksana Kegiatan ,7500000," Honorarium panitia pelaksana kegiatan
Anggota (5 x 12)60 Ob x 75.000,00 = 4.500.000,00
Ketua (1 x 12)12 Ob x 150.000,00 = 1.800.000,00
Sekretaris (1 x 12)12 Ob x 100.000,00 = 1.200.000,00"
2.06 . 1.20.26 . 15 . 07 . 5 . 2 . 2 , Belanja Barang dan Jasa ,1260000,
2.06 . 1.20.26 . 15 . 07 . 5 . 2 . 2 . 11 , Belanja Makanan dan Minuman ,1260000,
2.06 . 1.20.26 . 15 . 07 . 5 . 2 . 2 . 11 . 05 , Belanja Makanan dan Minuman Pelaksanaan Kegiatan ,1260000," Belanja makan minum pelaksanaan72 Ok x 17.500,00 = 1.260.000,00"
2.06 . 1.20.26 . 15 . 08 , Pelatihan Pengendalian Keamanaan dan Kenyamanan Lingkungan di Pasar ,10630000," Sumber Dana : 
Lokasi Kegiatan : Kabupaten Bantul
Keluaran : Terlaksananya pelatihan bagi Petugas kebersihan dan keamanan pasar
Target: 2 paket"
2.06 . 1.20.26 . 15 . 08 . 5 . 2 . 1 , Belanja Pegawai ,2080000,
2.06 . 1.20.26 . 15 . 08 . 5 . 2 . 1 . 01 , Honorarium PNS ,2080000,
2.06 . 1.20.26 . 15 . 08 . 5 . 2 . 1 . 01 . 01 , Honorarium Panitia Pelaksana Kegiatan ,2080000," Honorarium panitia pelaksana kegiatan
Ketua (1 x 4)4 Oh x 90.000,00 = 360.000,00
Sekretaris (1 x 4)4 Oh x 80.000,00 = 320.000,00
Anggota (5 x 4)20 Oh x 70.000,00 = 1.400.000,00"
2.06 . 1.20.26 . 15 . 08 . 5 . 2 . 2 , Belanja Barang dan Jasa ,8550000,
2.06 . 1.20.26 . 15 . 08 . 5 . 2 . 2 . 06 , Belanja Cetak dan Penggandaan ,150000,
2.06 . 1.20.26 . 15 . 08 . 5 . 2 . 2 . 06 . 02 , Belanja Penggandaan ,150000," Belanja penggandaan/fotocopy1 Ls x 150.000,00 = 150.000,00"
2.06 . 1.20.26 . 15 . 08 . 5 . 2 . 2 . 11 , Belanja Makanan dan Minuman ,4800000,
2.06 . 1.20.26 . 15 . 08 . 5 . 2 . 2 . 11 . 05 , Belanja Makanan dan Minuman Pelaksanaan Kegiatan ,4800000," Belanja makan dan minum rapat pelaksanaan kegiatan320 Oh x 15.000,00 = 4.800.000,00"
2.06 . 1.20.26 . 15 . 08 . 5 . 2 . 2 . 35 ," Jasa Narasumber, Tenaga Ahli, Yuri, Entry Data, Petugas Fogging dan Petugas Lapangan ",3600000,
2.06 . 1.20.26 . 15 . 08 . 5 . 2 . 2 . 35 . 01 , Jasa Nara Sumber/Moderator/Tenaga Ahli ,3600000," Honorarium tenaga narasumber/instruktur
Honor tenaga narasumber/instruktur (4 x 4)16 Jpl x 225.000,00 = 3.600.000,00"
2.06 . 1.20.26 . 15 . 09 , Pengumpulan Penyusunan dan Verifikasi Data Pedagang ,16280000," Sumber Dana : 
Lokasi Kegiatan : Kabupaten Bantul
Keluaran : Pedagang pasar terib ijin
Target: 500 lembar ijin"
2.06 . 1.20.26 . 15 . 09 . 5 . 2 . 1 , Belanja Pegawai ,11700000,
2.06 . 1.20.26 . 15 . 09 . 5 . 2 . 1 . 01 , Honorarium PNS ,11700000,
2.06 . 1.20.26 . 15 . 09 . 5 . 2 . 1 . 01 . 01 , Honorarium Panitia Pelaksana Kegiatan ,11700000," Honorarium panitia pelaksana kegiatan
Ketua (1 x 12)12 Ob x 150.000,00 = 1.800.000,00
Sekretaris (1 x 12)12 Ob x 125.000,00 = 1.500.000,00
Anggota (7 x 12)84 Ob x 100.000,00 = 8.400.000,00"
2.06 . 1.20.26 . 15 . 09 . 5 . 2 . 2 , Belanja Barang dan Jasa ,4580000,
2.06 . 1.20.26 . 15 . 09 . 5 . 2 . 2 . 02 , Belanja Bahan/Material ,2580000,
2.06 . 1.20.26 . 15 . 09 . 5 . 2 . 2 . 02 . 18 , Belanja Bahan Percontohan ,2580000," Belanja bahan Id CardKertas PVC dll1 Ls x 2.580.000,00 = 2.580.000,00"
2.06 . 1.20.26 . 15 . 09 . 5 . 2 . 2 . 06 , Belanja Cetak dan Penggandaan ,2000000,
2.06 . 1.20.26 . 15 . 09 . 5 . 2 . 2 . 06 . 01 , Belanja Cetak ,2000000," Belanja cetak
belanja cetak blangko1 Ls x 2.000.000,00 = 2.000.000,00"
1.09 . 1.20.26 . 16 ," Program penataan penguasaan, pemilikan, penggunaan dan pemanfaatan tanah ",4322520100,
1.09 . 1.20.26 . 16 . 12 , Pengadaan tanah dari tanah kas desa ,4322520100," Sumber Dana : 
Lokasi Kegiatan : Kabupaten Bantul
Keluaran : Tanah lokasi pasar sebagai aset Pemerintah Daerah
Target: 2 Paket"
1.09 . 1.20.26 . 16 . 12 . 5 . 2 . 1 , Belanja Pegawai ,79080000,
1.09 . 1.20.26 . 16 . 12 . 5 . 2 . 1 . 01 , Honorarium PNS ,77650000,
1.09 . 1.20.26 . 16 . 12 . 5 . 2 . 1 . 01 . 02 , Honorarium Tim Pengadaan Barang Dan Jasa ,77650000," Honorarium Tim Perencanaan
Niten1 Bjj x 2.700.000,00 = 2.700.000,00
Ngipik1 Bjj x 2.700.000,00 = 2.700.000,00
Sorobayan1 Bjj x 2.700.000,00 = 2.700.000,00
Honorarium Tim Teknis Operasional
Niten1 bjj x 6.900.000,00 = 6.900.000,00
Ngipik1 bjj x 6.900.000,00 = 6.900.000,00
Sorobayan1 Bjj x 6.900.000,00 = 6.900.000,00
Honorarium Panitia Pengadaan Appraisal TKD
Niten1 bjj x 1.300.000,00 = 1.300.000,00
Sorobayan1 Bjj x 650.000,00 = 650.000,00
Honorarium Panitia Pengadaan Appraisal Tanah Pengganti
Ngipik1 bjj x 650.000,00 = 650.000,00
Niten1 bjj x 650.000,00 = 650.000,00
Honorarium Tim PersiapanSorobayan1 Bjj x 15.200.000,00 = 15.200.000,00
Niten1 Bjj x 15.200.000,00 = 15.200.000,00
Ngipik1 Bjj x 15.200.000,00 = 15.200.000,00"
1.09 . 1.20.26 . 16 . 12 . 5 . 2 . 1 . 03 , Uang Lembur ,1430000,
1.09 . 1.20.26 . 16 . 12 . 5 . 2 . 1 . 03 . 01 , Uang Lembur PNS ,1430000," Lembur PNS
Uang lembur PNS1 bjj x 1.430.000,00 = 1.430.000,00"
1.09 . 1.20.26 . 16 . 12 . 5 . 2 . 2 , Belanja Barang dan Jasa ,9640100,
1.09 . 1.20.26 . 16 . 12 . 5 . 2 . 2 . 01 , Belanja Bahan Pakai Habis ,408000,
1.09 . 1.20.26 . 16 . 12 . 5 . 2 . 2 . 01 . 01 , Belanja Alat Tulis Kantor ,300000," Belanja alat tulis kantor1 Ls x 300.000,00 = 300.000,00"
1.09 . 1.20.26 . 16 . 12 . 5 . 2 . 2 . 01 . 04 ," Belanja Perangko, Materai Dan Benda Pos ",108000," Belanja perangko, materai dll1 Ls x 108.000,00 = 108.000,00"
1.09 . 1.20.26 . 16 . 12 . 5 . 2 . 2 . 02 , Belanja Bahan/Material ,300000,
1.09 . 1.20.26 . 16 . 12 . 5 . 2 . 2 . 02 . 11 , Belanja Pilar ,300000," Belanja pilar/patok1 Ls x 300.000,00 = 300.000,00"
1.09 . 1.20.26 . 16 . 12 . 5 . 2 . 2 . 03 , Belanja Jasa Kantor ,2500000,
1.09 . 1.20.26 . 16 . 12 . 5 . 2 . 2 . 03 . 15 , Belanja Publikasi ,2500000," Belanja konsultasi publik1 Ls x 2.500.000,00 = 2.500.000,00"
1.09 . 1.20.26 . 16 . 12 . 5 . 2 . 2 . 06 , Belanja Cetak dan Penggandaan ,332100,
1.09 . 1.20.26 . 16 . 12 . 5 . 2 . 2 . 06 . 02 , Belanja Penggandaan ,332100," Belanja penggandaan/fotocopy1 Ls x 332.100,00 = 332.100,00"
1.09 . 1.20.26 . 16 . 12 . 5 . 2 . 2 . 11 , Belanja Makanan dan Minuman ,3600000,
1.09 . 1.20.26 . 16 . 12 . 5 . 2 . 2 . 11 . 04 , Belanja makanan dan minuman Lembur ,600000," Belanja makan minum lembur1 Ls x 600.000,00 = 600.000,00"
1.09 . 1.20.26 . 16 . 12 . 5 . 2 . 2 . 11 . 05 , Belanja Makanan dan Minuman Pelaksanaan Kegiatan ,3000000," Makan minum pelaksanaan kegiatan1 Ls x 3.000.000,00 = 3.000.000,00"
1.09 . 1.20.26 . 16 . 12 . 5 . 2 . 2 . 15 , Belanja Perjalanan Dinas ,2500000,
1.09 . 1.20.26 . 16 . 12 . 5 . 2 . 2 . 15 . 01 , Belanja Perjalanan Dinas Dalam Daerah ,2500000," Belanja perjalanan dinas dalam daerah
belanja perjalanan dinas dalam kabupaten dan dalam propinsi1 Bjj x 2.500.000,00 = 2.500.000,00"
1.09 . 1.20.26 . 16 . 12 . 5 . 2 . 3 , Belanja Modal ,4233800000,
1.09 . 1.20.26 . 16 . 12 . 5 . 2 . 3 . 11 , Belanja Modal Tanah - Pengadaan Tanah Untuk Bangunan Gedung ,4233800000,
1.09 . 1.20.26 . 16 . 12 . 5 . 2 . 3 . 11 . 02 , Belanja Modal Tanah - Pengadaan Tanah Untuk Bangunan Gedung Perdagangan/Perusahaan ,4233800000," Belanja Modal Pengadaan Tanah Pasar Niten
Belanja pelepasan tanah 4%1 Ls x 13.000.000,00 = 13.000.000,00
belanja ukur dan sertifikasi1 Ls x 2.400.000,00 = 2.400.000,00
belanja ganti rugi tanah kas desa (TKD)1 Ls x 325.000.000,00 = 325.000.000,00
belanja appraisal tanah kas desa (TKD)1 Ls x 15.000.000,00 = 15.000.000,00
belanja appraisal tanah pengganti1 Ls x 15.000.000,00 = 15.000.000,00
belanja sertifikasi tanah pengganti1 Ls x 2.400.000,00 = 2.400.000,00
Belanja Modal Pengadaan Tanah Pasar Ngipik
belanja appraisal tanah pengganti1 Ls x 30.000.000,00 = 30.000.000,00
belanja sertifikasi tanah pengganti1 Ls x 2.400.000,00 = 2.400.000,00
belanja ganti rugi tanah kas desa (TKD)1 Ls x 3.490.000.000,00 = 3.490.000.000,00
Belanja pelepasan tanah 4%1 Ls x 139.600.000,00 = 139.600.000,00
belanja ukur dan sertifikasi1 Ls x 2.400.000,00 = 2.400.000,00
Belanja Modal Pengadaan Tanah Pasar Sorobayan
Belanja sertifikasi tanah pengganti1 Ls x 2.400.000,00 = 2.400.000,00
Belanja ganti rugi TKD1 Ls x 170.000.000,00 = 170.000.000,00
Belanja pelepasan tanah 4%1 Ls x 6.800.000,00 = 6.800.000,00
Belanja ukur dan sertifikasi1 Ls x 2.400.000,00 = 2.400.000,00
Belanja appraisal TKD1 Ls x 15.000.000,00 = 15.000.000,00"
1.20 . 1.20.26 . 17 , Program peningkatan dan pengembangan pengelolaan keuangan daerah ,119902000,
1.20 . 1.20.26 . 17 . 19 , Intensifikasi dan ekstensifikasi sumber-sumber pendapatan daerah ,119902000," Sumber Dana : 
Lokasi Kegiatan : Kabupaten Bantul
Keluaran : Pelaksanaan pemungutan retribusi sesuai aturan
Target: 1 Tahun"
1.20 . 1.20.26 . 17 . 19 . 5 . 2 . 1 , Belanja Pegawai ,97284000,
1.20 . 1.20.26 . 17 . 19 . 5 . 2 . 1 . 01 , Honorarium PNS ,86160000,
1.20 . 1.20.26 . 17 . 19 . 5 . 2 . 1 . 01 . 01 , Honorarium Panitia Pelaksana Kegiatan ,86160000," Honorarium panitia pelaksana kegiatan
Ketua (1 x 12)12 Ob x 160.000,00 = 1.920.000,00
Sekretaris (1 x 12)12 Ob x 150.000,00 = 1.800.000,00
Anggota (15 x 12)180 Ob x 110.000,00 = 19.800.000,00
Anggota (87 x 12)1,044 Ob x 60.000,00 = 62.640.000,00"
1.20 . 1.20.26 . 17 . 19 . 5 . 2 . 1 . 03 , Uang Lembur ,11124000,
1.20 . 1.20.26 . 17 . 19 . 5 . 2 . 1 . 03 . 01 , Uang Lembur PNS ,11124000," Uang lembur
Golongan III (40 x 9)360 Oh x 15.000,00 = 5.400.000,00
Golongan II (51 x 9)459 Oh x 10.000,00 = 4.590.000,00
Golongan I (18 x 9)162 Oh x 7.000,00 = 1.134.000,00"
1.20 . 1.20.26 . 17 . 19 . 5 . 2 . 2 , Belanja Barang dan Jasa ,22618000,
1.20 . 1.20.26 . 17 . 19 . 5 . 2 . 2 . 01 , Belanja Bahan Pakai Habis ,250000,
1.20 . 1.20.26 . 17 . 19 . 5 . 2 . 2 . 01 . 01 , Belanja Alat Tulis Kantor ,250000," Belanja alat tulis kantor1 Ls x 250.000,00 = 250.000,00"
1.20 . 1.20.26 . 17 . 19 . 5 . 2 . 2 . 11 , Belanja Makanan dan Minuman ,10600000,
1.20 . 1.20.26 . 17 . 19 . 5 . 2 . 2 . 11 . 02 , Belanja Makanan Dan Minuman Rapat ,10600000," Belanja makan dan minum rapat
Jamuan rapat evaluasi pendapatan retribusi pasar424 Oh x 17.500,00 = 7.420.000,00
makan dan minum rapat evaluasi pendapatan retribusi pasar424 Oh x 7.500,00 = 3.180.000,00"
1.20 . 1.20.26 . 17 . 19 . 5 . 2 . 2 . 15 , Belanja Perjalanan Dinas ,11768000,
1.20 . 1.20.26 . 17 . 19 . 5 . 2 . 2 . 15 . 01 , Belanja Perjalanan Dinas Dalam Daerah ,11768000," Operasional peninjauan pasar se-Kabupaten Bantul
Golongan III, II, dan I1 Bjj x 11.768.000,00 = 11.768.000,00"
1.25 . 1.20.26 . 18 , Program kerjasama informasi dengan mas media ,3000000,
1.25 . 1.20.26 . 18 . 04 , Sosialisasi Program Kegiatan SKPD Melalui Media Massa ,3000000," Sumber Dana : 
Lokasi Kegiatan : Kabupaten Bantul
Keluaran : Pelaksanaan sosialisasi program kegiatan SKPD melalui media
Target: 6 kali"
1.25 . 1.20.26 . 18 . 04 . 5 . 2 . 2 , Belanja Barang dan Jasa ,3000000,
1.25 . 1.20.26 . 18 . 04 . 5 . 2 . 2 . 03 , Belanja Jasa Kantor ,2400000,
1.25 . 1.20.26 . 18 . 04 . 5 . 2 . 2 . 03 . 15 , Belanja Publikasi ,2400000," Belanja jasa publikasi
belanja jasa publikasi siaran radio6 Ok x 400.000,00 = 2.400.000,00"
1.25 . 1.20.26 . 18 . 04 . 5 . 2 . 2 . 35 ," Jasa Narasumber, Tenaga Ahli, Yuri, Entry Data, Petugas Fogging dan Petugas Lapangan ",600000,
1.25 . 1.20.26 . 18 . 04 . 5 . 2 . 2 . 35 . 01 , Jasa Nara Sumber/Moderator/Tenaga Ahli ,600000," Honorarium narasumber siaran radio
nonorarium narasumber siaran radio6 Ok x 100.000,00 = 600.000,00"
2.06 . 1.20.26 . 18 , Program peningkatan efisiensi perdagangan dalam negeri ,115525000,
2.06 . 1.20.26 . 18 . 10 , Promosi Pasar Tradisional ,79170000," Sumber Dana :
 Lokasi Kegiatan : Kabupaten Bantul
Keluaran : Promosi untuk pasar untuk mengenalkan pasar tradisional kepada masyarakat
Target: 12 bulan"
2.06 . 1.20.26 . 18 . 10 . 5 . 2 . 1 , Belanja Pegawai ,8870000,
2.06 . 1.20.26 . 18 . 10 . 5 . 2 . 1 . 01 , Honorarium PNS ,8870000,
2.06 . 1.20.26 . 18 . 10 . 5 . 2 . 1 . 01 . 01 , Honorarium Panitia Pelaksana Kegiatan ,8870000," Honorarium panitia pelaksana kegiatan Promosi Pasar
Anggota (15 x 1)15 Ob x 70.000,00 = 1.050.000,00
Ketua (1 x 12)12 Ob x 150.000,00 = 1.800.000,00
Sekretaris (1 x 12)12 Ob x 120.000,00 = 1.440.000,00
Anggota (2 x 12)24 Ob x 75.000,00 = 1.800.000,00
Honorarium kegiatan lomba pasar bersih
Anggota (10 x 5)50 Oh x 44.800,00 = 2.240.000,00
Ketua (1 x 5)5 Oh x 60.000,00 = 300.000,00
Sekretaris (1 x 5)5 Oh x 48.000,00 = 240.000,00"
2.06 . 1.20.26 . 18 . 10 . 5 . 2 . 2 , Belanja Barang dan Jasa ,70300000,
2.06 . 1.20.26 . 18 . 10 . 5 . 2 . 2 . 01 , Belanja Bahan Pakai Habis ,250000,
2.06 . 1.20.26 . 18 . 10 . 5 . 2 . 2 . 01 . 01 , Belanja Alat Tulis Kantor ,250000," Belanja alat tulis kantorkertas, pulpen dll1 Ls x 250.000,00 = 250.000,00"
2.06 . 1.20.26 . 18 . 10 . 5 . 2 . 2 . 02 , Belanja Bahan/Material ,900000,
2.06 . 1.20.26 . 18 . 10 . 5 . 2 . 2 . 02 . 07 , Belanja Cindera Mata ,900000," Belanja cindera mata pemenang lomba pasar bersih
Hadiah Tropy1 Ls x 750.000,00 = 750.000,00
Hadiah Piagam1 Ls x 150.000,00 = 150.000,00"
2.06 . 1.20.26 . 18 . 10 . 5 . 2 . 2 . 11 , Belanja Makanan dan Minuman ,2000000,
2.06 . 1.20.26 . 18 . 10 . 5 . 2 . 2 . 11 . 05 , Belanja Makanan dan Minuman Pelaksanaan Kegiatan ,2000000," Biaya makan dan minum rapat dan pelaksanaan kegiatan
Makan dan minum kegiatan promosi pasar dan lomba pasar bersih1 Ls x 2.000.000,00 = 2.000.000,00"
2.06 . 1.20.26 . 18 . 10 . 5 . 2 . 2 . 35 ," Jasa Narasumber, Tenaga Ahli, Yuri, Entry Data, Petugas Fogging dan Petugas Lapangan ",2100000,
2.06 . 1.20.26 . 18 . 10 . 5 . 2 . 2 . 35 . 02 , Jasa Yuri Perlombaan/Pelatih ,2100000," Honor Tim Penilai Lomba
Honor tim penilai (6 x 5)30 Oh x 70.000,00 = 2.100.000,00"
2.06 . 1.20.26 . 18 . 10 . 5 . 2 . 2 . 37 , Uang Untuk Diberikan Kepada Pihak Ketiga/Masyarakat ,40050000,
2.06 . 1.20.26 . 18 . 10 . 5 . 2 . 2 . 37 . 01 , Uang Untuk Diberikan Kepada Pihak Ketiga/Masyarakat ,40050000," Uang pembinaan untuk kelompok masyarakat
Uang pembinaan untuk APPSI pasar1 Bjj x 40.050.000,00 = 40.050.000,00"
2.06 . 1.20.26 . 18 . 10 . 5 . 2 . 2 . 38 , Belanja Jasa Pentas/Pertunjukan ,25000000,
2.06 . 1.20.26 . 18 . 10 . 5 . 2 . 2 . 38 . 01 , Belanja Jasa Pentas/Pertunjukan ,25000000," Belanja jasa pentas/pertunjukan
Belanja jasa pentas/pertunjukan kesenian, kerjasama dengan pihak terkait di pasar1 Ls x 25.000.000,00 = 25.000.000,00"
2.06 . 1.20.26 . 18 . 11 , Pengendalian dan pelaporan Pelaksanaan Dana Bergulir ,36355000," Sumber Dana :
 Lokasi Kegiatan : Kabupaten Bantul
Keluaran : Pelaksanaan pelaporan dengan baik dan benar
Target: 12 bulan"
2.06 . 1.20.26 . 18 . 11 . 5 . 2 . 1 , Belanja Pegawai ,31380000,
2.06 . 1.20.26 . 18 . 11 . 5 . 2 . 1 . 01 , Honorarium PNS ,29160000,
2.06 . 1.20.26 . 18 . 11 . 5 . 2 . 1 . 01 . 01 , Honorarium Panitia Pelaksana Kegiatan ,29160000," Honorarium petugas pendampingan
Ketua (1x12)12 Ob x 160.000,00 = 1.920.000,00
Sekretaris (1x12)12 Ob x 150.000,00 = 1.800.000,00
Anggota (5x12)60 Ob x 100.000,00 = 6.000.000,00
Anggota (12x12)144 Ob x 75.000,00 = 10.800.000,00
Anggota (12x12)144 Ob x 60.000,00 = 8.640.000,00"
2.06 . 1.20.26 . 18 . 11 . 5 . 2 . 1 . 03 , Uang Lembur ,2220000,
2.06 . 1.20.26 . 18 . 11 . 5 . 2 . 1 . 03 . 01 , Uang Lembur PNS ,2220000," Uang lembur PNS1 Bjj x 2.220.000,00 = 2.220.000,00"
2.06 . 1.20.26 . 18 . 11 . 5 . 2 . 2 , Belanja Barang dan Jasa ,4975000,
2.06 . 1.20.26 . 18 . 11 . 5 . 2 . 2 . 01 , Belanja Bahan Pakai Habis ,250000,
2.06 . 1.20.26 . 18 . 11 . 5 . 2 . 2 . 01 . 01 , Belanja Alat Tulis Kantor ,250000," Belanja alat tulis kantorKertas, pulpen dll1 Ls x 250.000,00 = 250.000,00"
2.06 . 1.20.26 . 18 . 11 . 5 . 2 . 2 . 11 , Belanja Makanan dan Minuman ,4725000,
2.06 . 1.20.26 . 18 . 11 . 5 . 2 . 2 . 11 . 05 , Belanja Makanan dan Minuman Pelaksanaan Kegiatan ,4725000," Belanja makan minum rapat pelaksanaan kegiatan
Makan dan minum rapat evaluasi dana bergulir270 Ok x 17.500,00 = 4.725.000,00"
2.06 . 1.20.26 . 20 , Program Pemberdayaan Pedagang ,148850000,
2.06 . 1.20.26 . 20 . 03 , Fasilitasi APPSI ,15350000," Sumber Dana :
 Lokasi Kegiatan : Kabupaten Bantul
Keluaran : Komunikasi antar pemerintah, pedagang dan asosiasi berjalan dengan baik
Target: 10 kali"
2.06 . 1.20.26 . 20 . 03 . 5 . 2 . 1 , Belanja Pegawai ,5650000,
2.06 . 1.20.26 . 20 . 03 . 5 . 2 . 1 . 01 , Honorarium PNS ,5650000,
2.06 . 1.20.26 . 20 . 03 . 5 . 2 . 1 . 01 . 01 , Honorarium Panitia Pelaksana Kegiatan ,5650000," Honor panitia pelaksana kegiatan
Ketua (1x10)10 Ok x 100.000,00 = 1.000.000,00
Sekretaris (1x10)10 Ok x 90.000,00 = 900.000,00
Anggota (5x10)50 Ok x 75.000,00 = 3.750.000,00"
2.06 . 1.20.26 . 20 . 03 . 5 . 2 . 2 , Belanja Barang dan Jasa ,9700000,
2.06 . 1.20.26 . 20 . 03 . 5 . 2 . 2 . 11 , Belanja Makanan dan Minuman ,7500000,
2.06 . 1.20.26 . 20 . 03 . 5 . 2 . 2 . 11 . 05 , Belanja Makanan dan Minuman Pelaksanaan Kegiatan ,7500000," Belanja makan dan minum1,000 Ok x 7.500,00 = 7.500.000,00"
2.06 . 1.20.26 . 20 . 03 . 5 . 2 . 2 . 35 ," Jasa Narasumber, Tenaga Ahli, Yuri, Entry Data, Petugas Fogging dan Petugas Lapangan ",2200000,
2.06 . 1.20.26 . 20 . 03 . 5 . 2 . 2 . 35 . 01 , Jasa Nara Sumber/Moderator/Tenaga Ahli ,2200000," Honorarium tenaga narasumber/penceramah
Honorarium tenaga narasumber/penceramah (1 x 11)11 Ok x 200.000,00 = 2.200.000,00"
2.06 . 1.20.26 . 20 . 04 , Pelatihan Pedagang Pasar ,133500000," Sumber Dana : 
Lokasi Kegiatan : Kabupaten Bantul
Keluaran : Peningkatan kualitas SDM pedagang pasar tradisional
Target: 15 kali"
2.06 . 1.20.26 . 20 . 04 . 5 . 2 . 1 , Belanja Pegawai ,9000000,
2.06 . 1.20.26 . 20 . 04 . 5 . 2 . 1 . 01 , Honorarium PNS ,9000000,
2.06 . 1.20.26 . 20 . 04 . 5 . 2 . 1 . 01 . 01 , Honorarium Panitia Pelaksana Kegiatan ,9000000," Honorarium panitia pelaksana kegiatan
Ketua (1 x 15)15 Ok x 125.000,00 = 1.875.000,00
Sekretaris (1 x 15)15 Ok x 100.000,00 = 1.500.000,00
Anggota (5 x 15)75 Ok x 75.000,00 = 5.625.000,00"
2.06 . 1.20.26 . 20 . 04 . 5 . 2 . 2 , Belanja Barang dan Jasa ,124500000,
2.06 . 1.20.26 . 20 . 04 . 5 . 2 . 2 . 01 , Belanja Bahan Pakai Habis ,5250000,
2.06 . 1.20.26 . 20 . 04 . 5 . 2 . 2 . 01 . 01 , Belanja Alat Tulis Kantor ,5250000," Belanja alat tulis kanto
rBuku, pulpen dll15 Paket x 350.000,00 = 5.250.000,00"
2.06 . 1.20.26 . 20 . 04 . 5 . 2 . 2 . 06 , Belanja Cetak dan Penggandaan ,3750000,
2.06 . 1.20.26 . 20 . 04 . 5 . 2 . 2 . 06 . 02 , Belanja Penggandaan ,3750000," Belanja penggandaan/foto copy1 Ls x 3.750.000,00 = 3.750.000,00"
2.06 . 1.20.26 . 20 . 04 . 5 . 2 . 2 . 11 , Belanja Makanan dan Minuman ,40500000,
2.06 . 1.20.26 . 20 . 04 . 5 . 2 . 2 . 11 . 05 , Belanja Makanan dan Minuman Pelaksanaan Kegiatan ,40500000," Belanja makan dan minum pelaksanaan kegiatan
minum dan snack pelaksanaan kegiatan1,620 Ok x 7.500,00 = 12.150.000,00
makan dan minum pelaksanaan kegiatan1,620 Ok x 17.500,00 = 28.350.000,00"
2.06 . 1.20.26 . 20 . 04 . 5 . 2 . 2 . 35 ," Jasa Narasumber, Tenaga Ahli, Yuri, Entry Data, Petugas Fogging dan Petugas Lapangan ",75000000,
2.06 . 1.20.26 . 20 . 04 . 5 . 2 . 2 . 35 . 01 , Jasa Nara Sumber/Moderator/Tenaga Ahli ,30000000," Honorarium tenaga instruktur/narasumber
Honorarium tenaga instruktur/narasumber (4 x 2 x 15)120 Jpl x 250.000,00 = 30.000.000,00"
2.06 . 1.20.26 . 20 . 04 . 5 . 2 . 2 . 35 . 05 , Jasa Peserta Seminar/Simposium /Workshop/Sosialisasi ,45000000," Honorarium peserta pelatihan
Honor untuk pedagang/peserta (750 x 2)1,500 Oh x 30.000,00 = 45.000.000,00"
1.06 . 1.20.26 . 21 , Program perencanaan pembangunan daerah ,9200000,
1.06 . 1.20.26 . 21 . 32 , Penyusunan Rencana Strategis (Renstra) SKPD ,4600000," Sumber Dana :
 Lokasi Kegiatan : Kabupaten Bantul
Keluaran : Dokumen Renstra SKPD
Target: 1 dokumen laporan"
1.06 . 1.20.26 . 21 . 32 . 5 . 2 . 1 , Belanja Pegawai ,3060000,
1.06 . 1.20.26 . 21 . 32 . 5 . 2 . 1 . 01 , Honorarium PNS ,2820000,
1.06 . 1.20.26 . 21 . 32 . 5 . 2 . 1 . 01 . 01 , Honorarium Panitia Pelaksana Kegiatan ,2820000," Honorarium panitia pelaksana kegiatan
Ketua (1 x 3)3 Ob x 150.000,00 = 450.000,00
Sekretaris (1 x 3)3 Ob x 140.000,00 = 420.000,00
Anggota (5 x 3)15 Ob x 130.000,00 = 1.950.000,00"
1.06 . 1.20.26 . 21 . 32 . 5 . 2 . 1 . 03 , Uang Lembur ,240000,
1.06 . 1.20.26 . 21 . 32 . 5 . 2 . 1 . 03 . 01 , Uang Lembur PNS ,240000," Uang lembur
Gol IV, III, dan II1 Bjj x 240.000,00 = 240.000,00"
1.06 . 1.20.26 . 21 . 32 . 5 . 2 . 2 , Belanja Barang dan Jasa ,1540000,
1.06 . 1.20.26 . 21 . 32 . 5 . 2 . 2 . 01 , Belanja Bahan Pakai Habis ,215000,
1.06 . 1.20.26 . 21 . 32 . 5 . 2 . 2 . 01 . 01 , Belanja Alat Tulis Kantor ,215000," Belanja alat tulis kantorKertas dll1 Ls x 215.000,00 = 215.000,00"
1.06 . 1.20.26 . 21 . 32 . 5 . 2 . 2 . 06 , Belanja Cetak dan Penggandaan ,450000,
1.06 . 1.20.26 . 21 . 32 . 5 . 2 . 2 . 06 . 02 , Belanja Penggandaan ,450000," Belanja penggandaan/foto copy1 Ls x 450.000,00 = 450.000,00"
1.06 . 1.20.26 . 21 . 32 . 5 . 2 . 2 . 11 , Belanja Makanan dan Minuman ,875000,
1.06 . 1.20.26 . 21 . 32 . 5 . 2 . 2 . 11 . 05 , Belanja Makanan dan Minuman Pelaksanaan Kegiatan ,875000," Belanja makan dan minum rapat
Jamuan rapat perencanaan dan evaluasi50 Ok x 17.500,00 = 875.000,00"
1.06 . 1.20.26 . 21 . 33 , Penyusunan Rencana Kerja (Renja) SKPD ,4600000," Sumber Dana : 
Lokasi Kegiatan : Kabupaten Bantul
Keluaran : Dokumen Renja SKPD
Target: 1 dokumen laporan"
1.06 . 1.20.26 . 21 . 33 . 5 . 2 . 1 , Belanja Pegawai ,3060000,
1.06 . 1.20.26 . 21 . 33 . 5 . 2 . 1 . 01 , Honorarium PNS ,2820000,
1.06 . 1.20.26 . 21 . 33 . 5 . 2 . 1 . 01 . 01 , Honorarium Panitia Pelaksana Kegiatan ,2820000," Honorarium panitia pelaksana kegiatan
Ketua (1 x 3)3 Ob x 150.000,00 = 450.000,00
Sekretaris (1 x 3)3 Ob x 140.000,00 = 420.000,00
Anggota (5 x 3)15 Ob x 130.000,00 = 1.950.000,00"
1.06 . 1.20.26 . 21 . 33 . 5 . 2 . 1 . 03 , Uang Lembur ,240000,
1.06 . 1.20.26 . 21 . 33 . 5 . 2 . 1 . 03 . 01 , Uang Lembur PNS ,240000," Uang lembur
Gol IV, III, dan II1 Bjj x 240.000,00 = 240.000,00"
1.06 . 1.20.26 . 21 . 33 . 5 . 2 . 2 , Belanja Barang dan Jasa ,1540000,
1.06 . 1.20.26 . 21 . 33 . 5 . 2 . 2 . 01 , Belanja Bahan Pakai Habis ,215000,
1.06 . 1.20.26 . 21 . 33 . 5 . 2 . 2 . 01 . 01 , Belanja Alat Tulis Kantor ,215000," Belanja alat tulis kantorKertas dll1 Ls x 215.000,00 = 215.000,00"
1.06 . 1.20.26 . 21 . 33 . 5 . 2 . 2 . 06 , Belanja Cetak dan Penggandaan ,450000,
1.06 . 1.20.26 . 21 . 33 . 5 . 2 . 2 . 06 . 02 , Belanja Penggandaan ,450000," Belanja penggandaan/foto copy1 Ls x 450.000,00 = 450.000,00"
1.06 . 1.20.26 . 21 . 33 . 5 . 2 . 2 . 11 , Belanja Makanan dan Minuman ,875000,
1.06 . 1.20.26 . 21 . 33 . 5 . 2 . 2 . 11 . 05 , Belanja Makanan dan Minuman Pelaksanaan Kegiatan ,875000," Belanja makan dan minum rapat
Jamuan rapat perencanaan dan evaluasi50 Ok x 17.500,00 = 875.000,00"
1.03 . 1.20.26 . 30 , Program pembangunan infrastruktur perdesaan ,210005000,
1.03 . 1.20.26 . 30 . 04 , Pembangunan pasar perdesaan ,42150000," Sumber Dana : 
Lokasi Kegiatan : Kabupaten Bantul
Keluaran : Perencanaan yang matang dalam pembangunan pasar
Target: 2 paket"
1.03 . 1.20.26 . 30 . 04 . 5 . 2 . 2 , Belanja Barang dan Jasa ,42150000,
1.03 . 1.20.26 . 30 . 04 . 5 . 2 . 2 . 06 , Belanja Cetak dan Penggandaan ,200000,
1.03 . 1.20.26 . 30 . 04 . 5 . 2 . 2 . 06 . 02 , Belanja Penggandaan ,200000," Belanja penggandaan/foto copy1 Ls x 200.000,00 = 200.000,00"
1.03 . 1.20.26 . 30 . 04 . 5 . 2 . 2 . 21 , Belanja Jasa Konsultansi ,41950000,
1.03 . 1.20.26 . 30 . 04 . 5 . 2 . 2 . 21 . 02 , Belanja Jasa Konsultansi Perencanaan ,41950000," Paket IPembuatan DED 
Pasar Pundong1 Ls x 25.000.000,00 = 25.000.000,00
Pejabat pembuat komitmen, pejabat pengadaan, dan pejabat penerima barang/hasil1 bjj x 975.000,00 = 975.000,00
Paket IIPembuatan DED Pasar Hewan Pandak1 Ls x 15.000.000,00 = 15.000.000,00
Pejabat pembuat komitmen, pejabat pengadaan, dan pejabat penerima barang/hasil1 bjj x 975.000,00 = 975.000,00"
1.03 . 1.20.26 . 30 . 07 , Rehabilitasi/pemeliharaan pasar perdesaan ,150000000," Sumber Dana :
 Lokasi Kegiatan : Kabupaten Bantul
Keluaran : Kenyamanan pengunjung dan pedagang pasar
Target: 1 Tahun"
1.03 . 1.20.26 . 30 . 07 . 5 . 2 . 1 , Belanja Pegawai ,8100000,
1.03 . 1.20.26 . 30 . 07 . 5 . 2 . 1 . 01 , Honorarium PNS ,8100000,
1.03 . 1.20.26 . 30 . 07 . 5 . 2 . 1 . 01 . 01 , Honorarium Panitia Pelaksana Kegiatan ,8100000," Honorarium tim pelaksana kegiatan swakelola
Ketua (1 x 12)12 Ob x 150.000,00 = 1.800.000,00
Sekretaris (1 x 12)12 Ob x 125.000,00 = 1.500.000,00
Anggota (4 x 12)48 Ob x 100.000,00 = 4.800.000,00"
1.03 . 1.20.26 . 30 . 07 . 5 . 2 . 2 , Belanja Barang dan Jasa ,141900000,
1.03 . 1.20.26 . 30 . 07 . 5 . 2 . 2 . 02 , Belanja Bahan/Material ,91900000,
1.03 . 1.20.26 . 30 . 07 . 5 . 2 . 2 . 02 . 01 , Belanja Bahan Baku Bangunan ,91900000," Belanja bahan bangunan
Bahan bangunan pemeliharaan sarana dan prasarana umum daerah/pasar1 Ls x 91.900.000,00 = 91.900.000,00"
1.03 . 1.20.26 . 30 . 07 . 5 . 2 . 2 . 35 ," Jasa Narasumber, Tenaga Ahli, Yuri, Entry Data, Petugas Fogging dan Petugas Lapangan ",50000000,
1.03 . 1.20.26 . 30 . 07 . 5 . 2 . 2 . 35 . 06 , Jasa Tenaga Harian Lepas ,50000000," Honorarium tenaga harian
Upah tenaga pemeliharaan sarana dan prasarana umum daerah/pasar1 Ls x 50.000.000,00 = 50.000.000,00"
1.03 . 1.20.26 . 30 . 09 , Pendampingan Penataan Pasar ,17855000," Sumber Dana :
 Lokasi Kegiatan : Kabupaten Bantul
Keluaran : Pengaturan pedagang pasca rehab/pembangunan
Target: 1 Tahun"
1.03 . 1.20.26 . 30 . 09 . 5 . 2 . 1 , Belanja Pegawai ,14730000,
1.03 . 1.20.26 . 30 . 09 . 5 . 2 . 1 . 01 , Honorarium PNS ,14730000,
1.03 . 1.20.26 . 30 . 09 . 5 . 2 . 1 . 01 . 01 , Honorarium Panitia Pelaksana Kegiatan ,14730000," Honorarium tim pelaksana kegiatan
Ketua (1 x 6)6 Ob x 130.000,00 = 780.000,00
Sekretaris (1 x 6)6 Ob x 125.000,00 = 750.000,00
Anggota (20 x 6)120 Ob x 110.000,00 = 13.200.000,00"
1.03 . 1.20.26 . 30 . 09 . 5 . 2 . 2 , Belanja Barang dan Jasa ,3125000,
1.03 . 1.20.26 . 30 . 09 . 5 . 2 . 2 . 01 , Belanja Bahan Pakai Habis ,500000,
1.03 . 1.20.26 . 30 . 09 . 5 . 2 . 2 . 01 . 01 , Belanja Alat Tulis Kantor ,500000," Belanja alat tulis kantor1 Ls x 500.000,00 = 500.000,00"
1.03 . 1.20.26 . 30 . 09 . 5 . 2 . 2 . 06 , Belanja Cetak dan Penggandaan ,1500000,
1.03 . 1.20.26 . 30 . 09 . 5 . 2 . 2 . 06 . 02 , Belanja Penggandaan ,1500000," Belanja penggandaan/foto copy1 Ls x 1.500.000,00 = 1.500.000,00"
1.03 . 1.20.26 . 30 . 09 . 5 . 2 . 2 . 11 , Belanja Makanan dan Minuman ,1125000,
1.03 . 1.20.26 . 30 . 09 . 5 . 2 . 2 . 11 . 05 , Belanja Makanan dan Minuman Pelaksanaan Kegiatan ,1125000," Belanja makan dan minum rapat pelaksanaan kegiatan
jamuan makan dan minum rapat pelaksanaan kegiatan1 Ls x 1.125.000,00 = 1.125.000,00"
 SURPLUS / (DEFISIT) -918^842^420^000.00,,-9188424200,
