Judul,Penjabaran Anggaran Pendaptan dan Belanja Daerah,,
Daerah,Kabupaten Bantul,,
Tahun,2015,,
Kode Organisasi,1.19.03,,
Organisasi,Badan Penanggulanagan Bencana,,
Kolom,4,,
No. Rekening,Uraian,Jumlah,Keterangan
1.19 . 1.19.03 . 00 . 00 . 5  , BELANJA  ,4709865180,
1.19 . 1.19.03 . 00 . 00 . 5 . 1  , BELANJA TIDAK LANGSUNG  ,1240924000,
1.19 . 1.19.03 . 00 . 00  , Non Kegiatan  ,1240924000, Sumber Dana : 
1.19 . 1.19.03 . 00 . 00 . 5 . 1 . 1  , Belanja Pegawai  ,1240924000,
1.19 . 1.19.03 . 00 . 00 . 5 . 1 . 1 . 01  , Belanja Gaji dan Tunjangan  ,1240924000,
1.19 . 1.19.03 . 00 . 00 . 5 . 1 . 1 . 01 . 01  , Gaji Pokok PNS/Uang Representasi  ,960928800," Gaji Pokok PNSGaji Pokok1 th x 960.928.800,00 = 960.928.800,00"
1.19 . 1.19.03 . 00 . 00 . 5 . 1 . 1 . 01 . 02  , Tunjangan Keluarga  ,91940030," Tunjangan Keluarga1 th x 91.940.030,00 = 91.940.030,00"
1.19 . 1.19.03 . 00 . 00 . 5 . 1 . 1 . 01 . 03  , Tunjangan Jabatan  ,47944000," Tunjangan Jabatan1 th x 47.944.000,00 = 47.944.000,00"
1.19 . 1.19.03 . 00 . 00 . 5 . 1 . 1 . 01 . 04  , Tunjangan Fungsional  ,0," Tunjangan Fungsional1 th x 0,00 = 0,00"
1.19 . 1.19.03 . 00 . 00 . 5 . 1 . 1 . 01 . 05  , Tunjangan Fungsional Umum  ,50255400," Tunjangan Fungsional Umum1 th x 50.255.400,00 = 50.255.400,00"
1.19 . 1.19.03 . 00 . 00 . 5 . 1 . 1 . 01 . 06  , Tunjangan Beras  ,68990480," Tunjangan Beras1 th x 68.990.480,00 = 68.990.480,00"
1.19 . 1.19.03 . 00 . 00 . 5 . 1 . 1 . 01 . 07  , Tunjangan PPh/Tunjangan Khusus  ,20848650," Tunjangan PPh/Tunjangan Khusus1 th x 20.848.650,00 = 20.848.650,00"
1.19 . 1.19.03 . 00 . 00 . 5 . 1 . 1 . 01 . 08  , Pembulatan Gaji  ,16640," Pembulatan Gaji1 th x 16.640,00 = 16.640,00"
1.19 . 1.19.03 . 00 . 00 . 5 . 1 . 1 . 01 . 09  , Iuran Asuransi Kesehatan  ,0," Iuran Asuransi Kesehatan
Iurang Asuransi Kesehatan BPJS1 th x 0,00 = 0,00
Iuran Asuransi Jaminan Kecelakaan Kerja BPJS1 th x 0,00 = 0,00
Iuran Jaminan Kematian BPJS1 th x 0,00 = 0,00"
1.19 . 1.19.03 . 01 . 01 . 5 . 2  , BELANJA LANGSUNG  ,3468941180,
1.19 . 1.19.03 . 01  , Program Pelayanan Administrasi Perkantoran  ,1621467680,
1.19 . 1.19.03 . 01 . 01  , Penyediaan jasa surat menyurat  ,3450000," Sumber Dana :
 Lokasi Kegiatan : Kabupaten Bantul
Keluaran : Kebutuhan Surat menyurat terpenuhi
Target: 1 Tahun"
1.19 . 1.19.03 . 01 . 01 . 5 . 2 . 2  , Belanja Barang dan Jasa  ,3450000,
1.19 . 1.19.03 . 01 . 01 . 5 . 2 . 2 . 01  , Belanja Bahan Pakai Habis  ,3450000,
1.19 . 1.19.03 . 01 . 01 . 5 . 2 . 2 . 01 . 04  ," Belanja Perangko, Materai Dan Benda Pos  ",3450000," Belanja perangko, materai dan benda pos lainnya
Materai500 lbr x 3.000,00 = 1.500.000,00
Materai325 lbr x 6.000,00 = 1.950.000,00"
1.19 . 1.19.03 . 01 . 02  ," Penyediaan jasa komunikasi, sumber daya air dan listrik  ",34800000," Sumber Dana : 
Keluaran : Kebutuhan Telepon, Air, Listrik terpenuhi
Target: 1 Tahun"
1.19 . 1.19.03 . 01 . 02 . 5 . 2 . 2  , Belanja Barang dan Jasa  ,34800000,
1.19 . 1.19.03 . 01 . 02 . 5 . 2 . 2 . 03  , Belanja Jasa Kantor  ,34800000,
1.19 . 1.19.03 . 01 . 02 . 5 . 2 . 2 . 03 . 01  , Belanja Telepon  ,18000000," Belanja Telepon12 Bln x 1.500.000,00 = 18.000.000,00"
1.19 . 1.19.03 . 01 . 02 . 5 . 2 . 2 . 03 . 02  , Belanja Air  ,3600000," Belanja Air12 Bln x 300.000,00 = 3.600.000,00"
1.19 . 1.19.03 . 01 . 02 . 5 . 2 . 2 . 03 . 03  , Belanja Listrik  ,7200000," Belanja Listrik12 Bln x 600.000,00 = 7.200.000,00"
1.19 . 1.19.03 . 01 . 02 . 5 . 2 . 2 . 03 . 20  , Belanja Sewa Frekuensi dan Pajak Radio  ,6000000," Belanja Sewa Frekuensi dan Pajak Radio1 Ls x 6.000.000,00 = 6.000.000,00"
1.19 . 1.19.03 . 01 . 06  , Penyediaan jasa pemeliharaan dan perizinan kendaraan  ,31900000," Sumber Dana :
 Lokasi Kegiatan : Kabupaten Bantul
Keluaran : Terpenuhinya perpanjangan STNK Kendaraan dinas/operasional
Target: 1 Tahun"
1.19 . 1.19.03 . 01 . 06 . 5 . 2 . 2  , Belanja Barang dan Jasa  ,31900000,
1.19 . 1.19.03 . 01 . 06 . 5 . 2 . 2 . 05  , Belanja Perawatan Kendaraan Bermotor  ,31900000,
1.19 . 1.19.03 . 01 . 06 . 5 . 2 . 2 . 05 . 05  , Belanja Pajak Kendaraan Bermotor  ,31900000," Belanja Pajak Kendaraan Bermotor
Belanja Perpanjangan STNK Roda 218 unit x 300.000,00 = 5.400.000,00
Belanja Perpanjangan STNK Roda 47 unit x 2.000.000,00 = 14.000.000,00
Belanja Perpanjangan STNK Roda 65 unit x 2.500.000,00 = 12.500.000,00"
1.19 . 1.19.03 . 01 . 07  , Penyediaan jasa administrasi keuangan  ,21737000," Sumber Dana : 
Lokasi Kegiatan : Kabupaten Bantul
Keluaran : Kinerja lebih optimal
Target: 100 %"
1.19 . 1.19.03 . 01 . 07 . 5 . 2 . 1  , Belanja Pegawai  ,20760000,
1.19 . 1.19.03 . 01 . 07 . 5 . 2 . 1 . 01  , Honorarium PNS  ,20760000,
1.19 . 1.19.03 . 01 . 07 . 5 . 2 . 1 . 01 . 06  , Honor Pengelola Keuangan dan Barang  ,20760000," Honor Pengelola Keuangan dan Barang
Honor Pengurus Barang Pembantu12 Ob x 100.000,00 = 1.200.000,00
Honor Penyimpan Barang12 Ob x 250.000,00 = 3.000.000,00
Honor Bendahara Pengeluaran12 Ob x 190.000,00 = 2.280.000,00
Honor Bendahara Peneluaran Pembantu12 Ob x 75.000,00 = 900.000,00
Honor Pengurus Barang12 Ob x 250.000,00 = 3.000.000,00
Honor PPK SKPD12 Ob x 215.000,00 = 2.580.000,00
Honor Pembantu PPK SKPD 2 org24 Ob x 130.000,00 = 3.120.000,00
Honor Pembuat Dokumen 3 org36 Ob x 130.000,00 = 4.680.000,00"
1.19 . 1.19.03 . 01 . 07 . 5 . 2 . 2  , Belanja Barang dan Jasa  ,977000,
1.19 . 1.19.03 . 01 . 07 . 5 . 2 . 2 . 01  , Belanja Bahan Pakai Habis  ,200000,
1.19 . 1.19.03 . 01 . 07 . 5 . 2 . 2 . 01 . 01  , Belanja Alat Tulis Kantor  ,200000," Belanja Alat Tulis Kantor1 Ls x 200.000,00 = 200.000,00"
1.19 . 1.19.03 . 01 . 07 . 5 . 2 . 2 . 06  , Belanja Cetak dan Penggandaan  ,150000,
1.19 . 1.19.03 . 01 . 07 . 5 . 2 . 2 . 06 . 02  , Belanja Penggandaan  ,150000," Belanja Penggandaan
Belanja Penggandaan / fotocopy1,000 Lbr x 150,00 = 150.000,00"
1.19 . 1.19.03 . 01 . 07 . 5 . 2 . 2 . 11  , Belanja Makanan dan Minuman  ,627000,
1.19 . 1.19.03 . 01 . 07 . 5 . 2 . 2 . 11 . 02  , Belanja Makanan Dan Minuman Rapat  ,627000," Belanja Makanan dan Minuman Rapat
Belanja Snack, makan dan minum 11 0rg x 2 kali22 ok x 28.500,00 = 627.000,00"
1.19 . 1.19.03 . 01 . 08  , Penyediaan jasa kebersihan kantor  ,17200000," Sumber Dana :
 Lokasi Kegiatan : Kabupaten Bantul
Keluaran : Peralatan dan alat kebersihan terpenuhi
Target: 1 Tahun"
1.19 . 1.19.03 . 01 . 08 . 5 . 2 . 1  , Belanja Pegawai  ,14400000,
1.19 . 1.19.03 . 01 . 08 . 5 . 2 . 1 . 02  , Honorarium Non PNS  ,14400000,
1.19 . 1.19.03 . 01 . 08 . 5 . 2 . 1 . 02 . 03  , Honorarium Pegawai Kontrak  ,14400000," Belanja Pegawai Kontrak
Belanja Petugas Kebersihan 2 org24 Ob x 600.000,00 = 14.400.000,00"
1.19 . 1.19.03 . 01 . 08 . 5 . 2 . 2  , Belanja Barang dan Jasa  ,2800000,
1.19 . 1.19.03 . 01 . 08 . 5 . 2 . 2 . 01  , Belanja Bahan Pakai Habis  ,2800000,
1.19 . 1.19.03 . 01 . 08 . 5 . 2 . 2 . 01 . 05  , Belanja Peralatan Kebersihan Dan Bahan Pembersih  ,2800000," Belanja Peralatan Kebersihan dan Bahan Pembersih1 Ls x 2.800.000,00 = 2.800.000,00"
1.19 . 1.19.03 . 01 . 10  , Penyediaan alat tulis kantor  ,20167680," Sumber Dana : 
Lokasi Kegiatan : Kabupaten Bantul
Keluaran : Kebutuhan ATK terpenuhi
Target: 1 Tahun"
1.19 . 1.19.03 . 01 . 10 . 5 . 2 . 2  , Belanja Barang dan Jasa  ,20167680,
1.19 . 1.19.03 . 01 . 10 . 5 . 2 . 2 . 01  , Belanja Bahan Pakai Habis  ,20167680,
1.19 . 1.19.03 . 01 . 10 . 5 . 2 . 2 . 01 . 01  , Belanja Alat Tulis Kantor  ,20167680," Belanja Alat Tulis Kantor1 Ls x 20.167.680,00 = 20.167.680,00"
1.19 . 1.19.03 . 01 . 11  , Penyediaan barang cetakan dan penggandaan  ,12650000," Sumber Dana : 
Lokasi Kegiatan : Kabupaten Bantul
Keluaran : Kebutuhan cetakan dan foto copy terpenuhi
Target: 1 Tahun"
1.19 . 1.19.03 . 01 . 11 . 5 . 2 . 2  , Belanja Barang dan Jasa  ,12650000,
1.19 . 1.19.03 . 01 . 11 . 5 . 2 . 2 . 06  , Belanja Cetak dan Penggandaan  ,12650000,
1.19 . 1.19.03 . 01 . 11 . 5 . 2 . 2 . 06 . 01  , Belanja Cetak  ,5000000,"Belanja Cetak1 Ls x 5.000.000,00 = 5.000.000,00"
1.19 . 1.19.03 . 01 . 11 . 5 . 2 . 2 . 06 . 02  , Belanja Penggandaan  ,7650000,"Belanja Penggandaan51,000 Lbr x 150,00 = 7.650.000,00"
1.19 . 1.19.03 . 01 . 12  , Penyediaan komponen instalasi listrik/penerangan bangunan kantor  ,10000000," Sumber Dana :
 Lokasi Kegiatan : Kabupaten Bantul
Keluaran : Kebutuhan alat-alat listrik terpenuhi
Target: 1 Tahun"
1.19 . 1.19.03 . 01 . 12 . 5 . 2 . 2  , Belanja Barang dan Jasa  ,10000000,
1.19 . 1.19.03 . 01 . 12 . 5 . 2 . 2 . 01  , Belanja Bahan Pakai Habis  ,10000000,
1.19 . 1.19.03 . 01 . 12 . 5 . 2 . 2 . 01 . 03  ," Belanja Alat Listrik Dan Elektronik (Lampu Pijar, Battery Kering)  ",10000000," Belanja Alat-alat Listrik dan Elektronik
Belanja alat-alat listrik1 Ls x 10.000.000,00 = 10.000.000,00"
1.19 . 1.19.03 . 01 . 15  , Penyediaan bahan bacaan dan peraturan perundang-undangan  ,4172000," Sumber Dana : 
Lokasi Kegiatan : Kabupaten Bantul
Keluaran : Kebutuhan bacaan terpenuhi
Target: 1 Tahun"
1.19 . 1.19.03 . 01 . 15 . 5 . 2 . 2  , Belanja Barang dan Jasa  ,3672000,
1.19 . 1.19.03 . 01 . 15 . 5 . 2 . 2 . 03  , Belanja Jasa Kantor  ,3672000,
1.19 . 1.19.03 . 01 . 15 . 5 . 2 . 2 . 03 . 05  , Belanja Surat Kabar/Majalah  ,3672000," Belanja Surat Kabar / Majalah
Belanja Surat Kabar/ Majalah12 Bln x 306.000,00 = 3.672.000,00"
1.19 . 1.19.03 . 01 . 15 . 5 . 2 . 3  , Belanja Modal  ,500000,
1.19 . 1.19.03 . 01 . 15 . 5 . 2 . 3 . 82  , Belanja Modal Aset Tetap Lainnya - Pengadaan Buku  ,500000,
1.19 . 1.19.03 . 01 . 15 . 5 . 2 . 3 . 82 . 01  , Belanja Modal Aset Tetap Lainnya - Pengadaan Buku Ilmu Pengetahuan Umum ,500000," Belanja modal pengadaan buku1 ls x 500.000,00 = 500.000,00"
1.19 . 1.19.03 . 01 . 16  , Penyediaan bahan logistik kantor  ,5000000," Sumber Dana : 
Lokasi Kegiatan : Kabupaten Bantul
Keluaran : Kabutuhan logistik terpenuhi
Target: 1 Tahun"
1.19 . 1.19.03 . 01 . 16 . 5 . 2 . 2  , Belanja Barang dan Jasa  ,5000000,
1.19 . 1.19.03 . 01 . 16 . 5 . 2 . 2 . 01  , Belanja Bahan Pakai Habis  ,3000000,
1.19 . 1.19.03 . 01 . 16 . 5 . 2 . 2 . 01 . 08  , Belanja Pengisian Tabung Gas  ,2000000," Belanja pengisian tabung gas1 ls x 2.000.000,00 = 2.000.000,00"
1.19 . 1.19.03 . 01 . 16 . 5 . 2 . 2 . 01 . 11  , Belanja Bahan medis (obat-obatan) habis pakai  ,1000000," Belanja bahan medis (obat-obatan)
Belanja obat-obatan1 Ls x 1.000.000,00 = 1.000.000,00"
1.19 . 1.19.03 . 01 . 16 . 5 . 2 . 2 . 11  , Belanja Makanan dan Minuman  ,2000000,
1.19 . 1.19.03 . 01 . 16 . 5 . 2 . 2 . 11 . 01  , Belanja Makanan Dan Minuman Harian Pegawai  ,2000000," Belanja Makanan dan Minuman Harian Pegawai
Belanja pengisian air minum (isi ulang), gula, teh, kopi, dll1 Ls x 2.000.000,00 = 2.000.000,00"
1.19 . 1.19.03 . 01 . 17  , Penyediaan makanan dan minuman  ,25055000," Sumber Dana : 
Lokasi Kegiatan : Kabupaten Bantul
Keluaran : Kebutuhan jamuan rapat, tamu dan operasional terpenuhi
Target: 1 Tahun"
1.19 . 1.19.03 . 01 . 17 . 5 . 2 . 2  , Belanja Barang dan Jasa  ,25055000,
1.19 . 1.19.03 . 01 . 17 . 5 . 2 . 2 . 11  , Belanja Makanan dan Minuman  ,25055000,
1.19 . 1.19.03 . 01 . 17 . 5 . 2 . 2 . 11 . 02  , Belanja Makanan Dan Minuman Rapat  ,5700000," Belanja Makan, Snack dan Minum Rapat200 Ok x 28.500,00 = 5.700.000,00"
1.19 . 1.19.03 . 01 . 17 . 5 . 2 . 2 . 11 . 03  , Belanja Makanan Dan Minuman Tamu  ,9975000," Belanja Makan, Snack dan Minum Tamu350 Ok x 28.500,00 = 9.975.000,00"
1.19 . 1.19.03 . 01 . 17 . 5 . 2 . 2 . 11 . 04  , Belanja makanan dan minuman Lembur  ,4000000," Belanja Makan dan Minum Lembur200 Ok x 20.000,00 = 4.000.000,00"
1.19 . 1.19.03 . 01 . 17 . 5 . 2 . 2 . 11 . 05  , Belanja Makanan dan Minuman Pelaksanaan Kegiatan  ,5380000," Belanja Makan dan Minum Pelaksanaan Kegiatan
Belanja Makan dan Minum Pelaksanaan Kegiatan :OperasionalUpacara - upacaraPembinaan200 Ok x 20.000,00 = 4.000.000,00
Belanja Penambah Daya Tahan Tubuh (PBK)276 Ok x 5.000,00 = 1.380.000,00"
1.19 . 1.19.03 . 01 . 18  , Rapat-rapat koordinasi dan konsultasi ke luar daerah  ,121000000," Sumber Dana : 
Lokasi Kegiatan : Luar Propinsi
Keluaran : Kerjasama lintas daerah/propinsi
Target: 1 Tahun"
1.19 . 1.19.03 . 01 . 18 . 5 . 2 . 2  , Belanja Barang dan Jasa  ,121000000,
1.19 . 1.19.03 . 01 . 18 . 5 . 2 . 2 . 15  , Belanja Perjalanan Dinas  ,121000000,
1.19 . 1.19.03 . 01 . 18 . 5 . 2 . 2 . 15 . 02  , Belanja Perjalanan Dinas Luar Daerah  ,121000000," Perjalanan Dinas ke DKI, Wil Jabodetabek dan atau Daerah diluar Pulau JawaTiket 1 Ls x 15.000.000,00 = 15.000.000,00
Gol IV 15 Oh x 1.700.000,00 = 25.500.000,00
Gol III 15 Oh x 1.550.000,00 = 23.250.000,00
Gol II 10 Oh x 1.425.000,00 = 14.250.000,00
Perjalanan Dinas di Pulau Jawa (di Luar DIY)Tiket1 Ls x 8.000.000,00 = 8.000.000,00
Gol III 20 Oh x 950.000,00 = 19.000.000,00
Gol II 20 Oh x 800.000,00 = 16.000.000,00"
1.19 . 1.19.03 . 01 . 19  , Rapat-rapat koordinasi dan konsultasi dalam daerah  ,9000000," Sumber Dana :
 Lokasi Kegiatan : Dalam Propinsi
Keluaran : Kerjasama antar daerah se - kab
Target: 1 Tahun"
1.19 . 1.19.03 . 01 . 19 . 5 . 2 . 2  , Belanja Barang dan Jasa  ,9000000,
1.19 . 1.19.03 . 01 . 19 . 5 . 2 . 2 . 15  , Belanja Perjalanan Dinas  ,9000000,
1.19 . 1.19.03 . 01 . 19 . 5 . 2 . 2 . 15 . 01  , Belanja Perjalanan Dinas Dalam Daerah  ,9000000," Perjalanan Dinas Dalam Kabupaten
Gol III 50 Oh x 40.000,00 = 2.000.000,00
Gol II 50 Oh x 30.000,00 = 1.500.000,00
Perjalanan Dinas di propinsi DIY (Luar kabupaten)
Gol II 50 Oh x 50.000,00 = 2.500.000,00
Gol III 50 Oh x 60.000,00 = 3.000.000,00"
1.19 . 1.19.03 . 01 . 22  , Penyediaan jasa tenaga teknis pendukung/tenaga perkantoran  ,1305336000," Sumber Dana : 
Lokasi Kegiatan : Kabupaten Bantul
Keluaran : Kebutuhan tenaga tehnis terpenuhi
Target: 1 Tahun"
1.19 . 1.19.03 . 01 . 22 . 5 . 2 . 1  , Belanja Pegawai  ,1305336000,
1.19 . 1.19.03 . 01 . 22 . 5 . 2 . 1 . 02  , Honorarium Non PNS  ,1305336000,
1.19 . 1.19.03 . 01 . 22 . 5 . 2 . 1 . 02 . 02  , Honorarium Pegawai Honorer/Tidak Tetap  ,68736000," Honorarium Pegawai Honorer / Tidak TetapSAR Parangtritis 5 org60 Ob x 1.145.600,00 = 68.736.000,00"
1.19 . 1.19.03 . 01 . 22 . 5 . 2 . 1 . 02 . 03  , Honorarium Pegawai Kontrak  ,1236600000," Honorarium Tenaga Tehnis Administrasi Keuangan12 Ob x 1.350.000,00 = 16.200.000,00
Honorarium Tenaga PusdalopsDanru Pusdalops 3 org36 Ob x 1.250.000,00 = 45.000.000,00
Admin Pusdalops 4 org48 Ob x 1.050.000,00 = 50.400.000,00
Tehnis Pusdalops 5 org60 Ob x 1.200.000,00 = 72.000.000,00
Honorarium Tenaga SARPetugas SAR 72 org864 Ob x 650.000,00 = 561.600.000,00
Honorarium Tenaga PBKDanru dan driver 8 org96 Ob x 1.250.000,00 = 120.000.000,00
Anggota PBK 15 org180 Ob x 1.200.000,00 = 216.000.000,00
Anggota PBK 3 org x 11 bln33 Ob x 1.200.000,00 = 39.600.000,00
Honorarium Tenaga TRCDanru TRC 1 or12 Ob x 1.250.000,00 = 15.000.000,00
Tehnis TRC 6 org72 Ob x 1.100.000,00 = 79.200.000,00
Honorarium Tenaga Penjaga TogorTehnis Penjaga Togor 3 org36 Ob x 600.000,00 = 21.600.000,00"
1.19 . 1.19.03 . 02  , Program Peningkatan Sarana dan Prasarana Aparatur  ,558500000,
1.19 . 1.19.03 . 02 . 24  , Pemeliharaan rutin/berkala kendaraan dinas/operasional  ,135000000," Sumber Dana : 
Lokasi Kegiatan : Kabupaten Bantul
Keluaran : Perawatan kendaraan terpenuhi
Target: 1 Tahun"
1.19 . 1.19.03 . 02 . 24 . 5 . 2 . 2  , Belanja Barang dan Jasa  ,135000000,
1.19 . 1.19.03 . 02 . 24 . 5 . 2 . 2 . 05  , Belanja Perawatan Kendaraan Bermotor  ,135000000,
1.19 . 1.19.03 . 02 . 24 . 5 . 2 . 2 . 05 . 01  , Belanja Jasa Service  ,7500000," Belanja jasa service
Belianja jasa service1 Ls x 7.500.000,00 = 7.500.000,00"
1.19 . 1.19.03 . 02 . 24 . 5 . 2 . 2 . 05 . 02  , Belanja Penggantian Suku Cadang  ,35000000," Belanja penggantian suku cadang1 Ls x 35.000.000,00 = 35.000.000,00"
1.19 . 1.19.03 . 02 . 24 . 5 . 2 . 2 . 05 . 03  , Belanja Bahan Bakar Minyak/Gas Dan Pelumas  ,92500000," Belanja Bahan Bakar Minyak/gas dan Pelumas
Belanja Pelumas1 Ls x 7.500.000,00 = 7.500.000,00Belanja BBM1 Ls x 85.000.000,00 = 85.000.000,00"
1.19 . 1.19.03 . 02 . 26  , Pemeliharaan rutin/berkala perlengkapan gedung kantor  ,30000000," Sumber Dana :
 Lokasi Kegiatan : Kabupaten Bantul
Keluaran : Pemeliharaan gedung terpenuhi
Target: 1 Tahun"
1.19 . 1.19.03 . 02 . 26 . 5 . 2 . 2  , Belanja Barang dan Jasa  ,30000000,
1.19 . 1.19.03 . 02 . 26 . 5 . 2 . 2 . 20  , Belanja Pemeliharaan  ,30000000,
1.19 . 1.19.03 . 02 . 26 . 5 . 2 . 2 . 20 . 05  , Belanja Pemeliharan Gedung dan Bangunan  ,30000000," Belanja Pemeliharaan gedung dan bangunan1 Ls x 30.000.000,00 = 30.000.000,00"
1.19 . 1.19.03 . 02 . 30  , Pemeliharaan rutin/berkala peralatan dan perlengkapan kantor  ,50000000," Sumber Dana : 
Lokasi Kegiatan : Kabupaten Bantul
Keluaran : Pemeliharaan EWS dan peralatan kantor terjaga
Target: 1 Tahun"
1.19 . 1.19.03 . 02 . 30 . 5 . 2 . 2  , Belanja Barang dan Jasa  ,50000000,
1.19 . 1.19.03 . 02 . 30 . 5 . 2 . 2 . 20  , Belanja Pemeliharaan  ,50000000,
1.19 . 1.19.03 . 02 . 30 . 5 . 2 . 2 . 20 . 04  , Belanja Pemeliharan Peralatan dan Mesin  ,50000000," Belanja Pemeliharaan Peralatan dan Mesin
Belanja pemeliharaan EWS (sku cadang dan service)1 Ls x 30.000.000,00 = 30.000.000,00
Belanja Pemeliharaan Peralatan dan Perlengkapan Kantor (Komputer, Printer, AC, Mebelair, dll)1 Ls x 20.000.000,00 = 20.000.000,00"
1.19 . 1.19.03 . 02 . 34  , Pengadaan peralatan dan perlengkapan kantor  ,343500000," Sumber Dana : 
Lokasi Kegiatan : Kabupaten Bantul
Keluaran : Kebutuhan sarana dan prasarana terpenuhi
Target: 1 Tahun"
1.19 . 1.19.03 . 02 . 34 . 5 . 2 . 2  , Belanja Barang dan Jasa  ,251000000,
1.19 . 1.19.03 . 02 . 34 . 5 . 2 . 2 . 02  , Belanja Bahan/Material  ,5000000,
1.19 . 1.19.03 . 02 . 34 . 5 . 2 . 2 . 02 . 07  , Belanja Cindera Mata  ,5000000," Belanja Cindera Mata1 Ls x 5.000.000,00 = 5.000.000,00"
1.19 . 1.19.03 . 02 . 34 . 5 . 2 . 2 . 23  , Belanja Barang Untuk Diserahkan kepada Masyarakat/Pihak Ketiga  ,176000000,
1.19 . 1.19.03 . 02 . 34 . 5 . 2 . 2 . 23 . 01  , Belanja Barang Yang Akan Diserahkan Kepada Masyarakat  ,176000000," Belanja Barang yang akan diserahkan kepada masyarakat
Belanja Gergaji mesin11 unit x 10.000.000,00 = 110.000.000,00
Belanja peralatan bendo, tali, dll1 ls x 66.000.000,00 = 66.000.000,00"
1.19 . 1.19.03 . 02 . 34 . 5 . 2 . 2 . 34  , Belanja Perlengkapan Penyelamatan  ,70000000,
1.19 . 1.19.03 . 02 . 34 . 5 . 2 . 2 . 34 . 01  , Belanja Perlengkapan TRC  ,20000000," Belanja Perlengkapan TRC1 Ls x 20.000.000,00 = 20.000.000,00"
1.19 . 1.19.03 . 02 . 34 . 5 . 2 . 2 . 34 . 02  , Belanja Perlengkapan SAR  ,20000000," Belanja Perlengkapan SAR1 Ls x 20.000.000,00 = 20.000.000,00"
1.19 . 1.19.03 . 02 . 34 . 5 . 2 . 2 . 34 . 03  , Belanja Perlengkapan PBK  ,30000000," Belanja Perlengkapan PBK1 Ls x 30.000.000,00 = 30.000.000,00"
1.19 . 1.19.03 . 02 . 34 . 5 . 2 . 3  , Belanja Modal  ,92500000,
1.19 . 1.19.03 . 02 . 34 . 5 . 2 . 3 . 28  , Belanja Modal Peralatan dan Mesin - Pengadaan Alat Rumah Tangga  ,38000000,
1.19 . 1.19.03 . 02 . 34 . 5 . 2 . 3 . 28 . 01  , Belanja Modal Peralatan dan Mesin - Pengadaan Meubelair  ,23000000," Belanja Modal Pengadaan Alat Rumah Tangga
Belanja Modal Pengadaan Tangga Aluminium1 Bh x 5.000.000,00 = 5.000.000,00
Rak Partisi1 Ls x 15.000.000,00 = 15.000.000,00Gordyn1 Ls x 3.000.000,00 = 3.000.000,00"
1.19 . 1.19.03 . 02 . 34 . 5 . 2 . 3 . 28 . 04  , Belanja Modal Peralatan dan Mesin - Pengadaan Alat Pendingin  ,15000000," Belanja Modal Pengadaan AC Mobil
Belanja Modal Pengadaan AC Mobil 2 unit2 unit x 7.500.000,00 = 15.000.000,00"
1.19 . 1.19.03 . 02 . 34 . 5 . 2 . 3 . 29  , Belanja Modal Peralatan dan Mesin - Pengadaan Komputer  ,26000000,
1.19 . 1.19.03 . 02 . 34 . 5 . 2 . 3 . 29 . 02  , Belanja Modal Peralatan dan Mesin - Pengadaan Personal Komputer  ,16000000," Belanja Modal Pengadaan Notebook/Laptop
Belanja Modal Pengadaan Laptop2 Unit x 8.000.000,00 = 16.000.000,00"
1.19 . 1.19.03 . 02 . 34 . 5 . 2 . 3 . 29 . 05  , Belanja Modal Peralatan dan Mesin - Pengadaan Peralatan Personal Komputer ,10000000," Belanja Modal Pengadaan Peralatan Komputer
HDD Eksternal1 Ls x 5.000.000,00 = 5.000.000,00
HDD Internal1 Ls x 5.000.000,00 = 5.000.000,00"
1.19 . 1.19.03 . 02 . 34 . 5 . 2 . 3 . 31  , Belanja Modal Peralatan dan Mesin - Pengadaan Alat Studio  ,15000000,
1.19 . 1.19.03 . 02 . 34 . 5 . 2 . 3 . 31 . 02  , Belanja Modal Peralatan dan Mesin - Pengadaan Peralatan Studio Video dan Film ,15000000," Belanja Modal Pengadaan Kamera1 unit x 15.000.000,00 = 15.000.000,00"
1.19 . 1.19.03 . 02 . 34 . 5 . 2 . 3 . 32  , Belanja Modal Peralatan dan Mesin - Pengadaan Alat Komunikasi  ,5000000,
1.19 . 1.19.03 . 02 . 34 . 5 . 2 . 3 . 32 . 06  , Belanja Modal Peralatan dan Mesin - Pengadaan Alat Komunikasi Sosial  ,5000000," Belanja Modal Pengadaan Sound System1 set x 5.000.000,00 = 5.000.000,00"
1.19 . 1.19.03 . 02 . 34 . 5 . 2 . 3 . 48  , Belanja Modal Peralatan dan Mesin -Pengadaan Alat Keamanan dan Perlindungan ,8500000,
1.19 . 1.19.03 . 02 . 34 . 5 . 2 . 3 . 48 . 01  , Belanja Modal Peralatan dan Mesin -Pengadaan Alat Bantu Kemanan  ,8500000," Belanja Modal Pengadaan Alat Bantu Keamanan
Belanja Modal Pengadaan Anhang1 Unit x 8.500.000,00 = 8.500.000,00"
1.19 . 1.19.03 . 03  , Program peningkatan disiplin aparatur  ,96075000,
1.19 . 1.19.03 . 03 . 03  , Pengadaan pakaian kerja lapangan  ,96075000," Sumber Dana : 
Lokasi Kegiatan : Kabupaten Bantul
Keluaran : Uniform petugas terpenuhi
Target: 1 Tahun"
1.19 . 1.19.03 . 03 . 03 . 5 . 2 . 2  , Belanja Barang dan Jasa  ,96075000,
1.19 . 1.19.03 . 03 . 03 . 5 . 2 . 2 . 13  , Belanja Pakaian Kerja  ,96075000,
1.19 . 1.19.03 . 03 . 03 . 5 . 2 . 2 . 13 . 01  , Belanja Pakaian Kerja Lapangan  ,96075000,"Belanja Pakaian Kerja Lapangan
Belanja pakaian kerja lapangan SAR79 Bh x 360.000,00 = 28.440.000,00
Belanja pakaian kerja lapangan TRC22 Bh x 360.000,00 = 7.920.000,00
Belanja pakaian kerja lapangan PBK27 Bh x 385.000,00 = 10.395.000,00
Belanja pakaian kerja lapangan Pusdalops12 Bh x 360.000,00 = 4.320.000,00
Belanja Pakaian KhususBelanja Pakaian Khusus Tahan Panas3 set x 15.000.000,00 = 45.000.000,00"
1.19 . 1.19.03 . 05  , Program Peningkatan Kapasitas Sumber Daya Aparatur  ,42120000,
1.19 . 1.19.03 . 05 . 01  , Pendidikan dan pelatihan formal  ,42120000," Sumber Dana : 
Lokasi Kegiatan : Kabupaten Bantul
Keluaran : Pelatihan berbasis perempuan
Target: 150 Peserta"
1.19 . 1.19.03 . 05 . 01 . 5 . 2 . 1  , Belanja Pegawai  ,870000,
1.19 . 1.19.03 . 05 . 01 . 5 . 2 . 1 . 01  , Honorarium PNS  ,870000,
1.19 . 1.19.03 . 05 . 01 . 5 . 2 . 1 . 01 . 01  , Honorarium Panitia Pelaksana Kegiatan  ,870000," Honorarium Panitia Pelaksana Kegiatan
Ketua1 ok x 90.000,00 = 90.000,00
Sekretaris1 ok x 80.000,00 = 80.000,00
Anggota10 ok x 70.000,00 = 700.000,00"
1.19 . 1.19.03 . 05 . 01 . 5 . 2 . 2  , Belanja Barang dan Jasa  ,41250000,
1.19 . 1.19.03 . 05 . 01 . 5 . 2 . 2 . 01  , Belanja Bahan Pakai Habis  ,2000000,
1.19 . 1.19.03 . 05 . 01 . 5 . 2 . 2 . 01 . 01  , Belanja Alat Tulis Kantor  ,2000000," Belanja Alat Tulis Kantor
Belanja ATK1 Ls x 500.000,00 = 500.000,00
Belanja Pelatihan Kits100 O/p x 15.000,00 = 1.500.000,00"
1.19 . 1.19.03 . 05 . 01 . 5 . 2 . 2 . 02  , Belanja Bahan/Material  ,4000000,
1.19 . 1.19.03 . 05 . 01 . 5 . 2 . 2 . 02 . 18  , Belanja Bahan Percontohan  ,4000000," Belanja Bahan Percontohan / Bahan Praktek1 Ls x 4.000.000,00 = 4.000.000,00"
1.19 . 1.19.03 . 05 . 01 . 5 . 2 . 2 . 03  , Belanja Jasa Kantor  ,150000,
1.19 . 1.19.03 . 05 . 01 . 5 . 2 . 2 . 03 . 14  , Belanja Dekorasi  ,150000," Belanja Dekorasi1 Keg x 150.000,00 = 150.000,00"
1.19 . 1.19.03 . 05 . 01 . 5 . 2 . 2 . 06  , Belanja Cetak dan Penggandaan  ,1125000,
1.19 . 1.19.03 . 05 . 01 . 5 . 2 . 2 . 06 . 02  , Belanja Penggandaan  ,1125000," Belanja Penggandaan7,500 Lbr x 150,00 = 1.125.000,00"
1.19 . 1.19.03 . 05 . 01 . 5 . 2 . 2 . 07  , Belanja Sewa Rumah/Gedung/Gudang/Parkir  ,2000000,
1.19 . 1.19.03 . 05 . 01 . 5 . 2 . 2 . 07 . 03  , Belanja Sewa Ruang Rapat/Pertemuan  ,2000000," Belanja Sewa Ruang Rapat/Pertemuan2 Ok x 1.000.000,00 = 2.000.000,00"
1.19 . 1.19.03 . 05 . 01 . 5 . 2 . 2 . 10  , Belanja Sewa Perlengkapan dan Peralatan Kantor  ,1000000,
1.19 . 1.19.03 . 05 . 01 . 5 . 2 . 2 . 10 . 01  , Belanja Sewa Meja Kursi  ,1000000," Belanja Sewa Meja Kursi2 Keg x 500.000,00 = 1.000.000,00"
1.19 . 1.19.03 . 05 . 01 . 5 . 2 . 2 . 11  , Belanja Makanan dan Minuman  ,10675000,
1.19 . 1.19.03 . 05 . 01 . 5 . 2 . 2 . 11 . 02  , Belanja Makanan Dan Minuman Rapat  ,1425000," Belanja Makanan dan Minuman Rapat
Belanja Makan, Snack dan Minum Rapat50 Ok x 28.500,00 = 1.425.000,00"
1.19 . 1.19.03 . 05 . 01 . 5 . 2 . 2 . 11 . 05  , Belanja Makanan dan Minuman Pelaksanaan Kegiatan  ,9250000," Belanja Makanan dan Minuman Pelaksanaan Kegiatan
Belanja Snack dan Minum 125 x 2 x 2 hari500 Ok x 8.500,00 = 4.250.000,00
Belanja Makan dan Minum 125 x 2 hari250 Ok x 20.000,00 = 5.000.000,00"
1.19 . 1.19.03 . 05 . 01 . 5 . 2 . 2 . 13  , Belanja Pakaian Kerja  ,7500000,
1.19 . 1.19.03 . 05 . 01 . 5 . 2 . 2 . 13 . 01  , Belanja Pakaian Kerja Lapangan  ,7500000," Belanja Pakaian Kera Lapangan
Belanja pengadaan kaos125 Bh x 60.000,00 = 7.500.000,00"
1.19 . 1.19.03 . 05 . 01 . 5 . 2 . 2 . 35  ," Jasa Narasumber, Tenaga Ahli, Yuri, Entry Data, Petugas Fogging dan Petugas Lapangan ",12800000,
1.19 . 1.19.03 . 05 . 01 . 5 . 2 . 2 . 35 . 01  , Jasa Nara Sumber/Moderator/Tenaga Ahli  ,6800000," Honorarium Nara Smber/ Moderator/ Tenaga Ahli
Honorarium Nara Sumber 4 org @ 2 jpl4 O/2jpl x 500.000,00 = 2.000.000,00
Honorarium Tenaga Ahli (Pelatih) 2 org @ 4 jpl x 2 hari4 Oh x 1.000.000,00 = 4.000.000,00
Honorarium Moderator 2 org @ 2 jpl x 2 hari4 Oh x 200.000,00 = 800.000,00"
1.19 . 1.19.03 . 05 . 01 . 5 . 2 . 2 . 35 . 05  , Jasa Peserta Seminar/Simposium /Workshop/Sosialisasi  ,6000000," Honorarium Peserta Pelatihan
Honorarium Peserta Pelatihan 100 org x 2 hari200 Oh x 30.000,00 = 6.000.000,00"
1.06 . 1.19.03 . 21  , Program perencanaan pembangunan daerah  ,10000000,
1.06 . 1.19.03 . 21 . 32  , Penyusunan Rencana Strategis (Renstra) SKPD  ,5000000," Sumber Dana : 
Lokasi Kegiatan : Kabupaten Bantul
Keluaran : Tersusunnya Dokumen Rencana Strategis SKPD
Target: 1 Tahun"
1.06 . 1.19.03 . 21 . 32 . 5 . 2 . 1  , Belanja Pegawai  ,2320000,
1.06 . 1.19.03 . 21 . 32 . 5 . 2 . 1 . 01  , Honorarium PNS  ,2320000,
1.06 . 1.19.03 . 21 . 32 . 5 . 2 . 1 . 01 . 01  , Honorarium Panitia Pelaksana Kegiatan  ,2320000," Honorarium Panitia Pelaksana Kegiatan
Pembina 1 org2 ob x 200.000,00 = 400.000,00
Pengarah 1 org2 ob x 180.000,00 = 360.000,00
Ketua 1 org2 ob x 170.000,00 = 340.000,00
Sekretaris 1 org2 ob x 160.000,00 = 320.000,00
Anggota 3 org6 ob x 150.000,00 = 900.000,00"
1.06 . 1.19.03 . 21 . 32 . 5 . 2 . 2  , Belanja Barang dan Jasa  ,2680000,
1.06 . 1.19.03 . 21 . 32 . 5 . 2 . 2 . 01  , Belanja Bahan Pakai Habis  ,231000,
1.06 . 1.19.03 . 21 . 32 . 5 . 2 . 2 . 01 . 01  , Belanja Alat Tulis Kantor  ,231000," Belanja Alat Tulis Kantor1 Ls x 231.000,00 = 231.000,00"
1.06 . 1.19.03 . 21 . 32 . 5 . 2 . 2 . 06  , Belanja Cetak dan Penggandaan  ,1050000,
1.06 . 1.19.03 . 21 . 32 . 5 . 2 . 2 . 06 . 02  , Belanja Penggandaan  ,1050000," Belanja Penggandaan7,000 Lbr x 150,00 = 1.050.000,00"
1.06 . 1.19.03 . 21 . 32 . 5 . 2 . 2 . 11  , Belanja Makanan dan Minuman  ,1399000,
1.06 . 1.19.03 . 21 . 32 . 5 . 2 . 2 . 11 . 02  , Belanja Makanan Dan Minuman Rapat  ,399000," Belanja Makanan dan Minuman Rapat
Belanja makan, snack dan minum rapat14 ok x 28.500,00 = 399.000,00"
1.06 . 1.19.03 . 21 . 32 . 5 . 2 . 2 . 11 . 04  , Belanja makanan dan minuman Lembur  ,1000000," Belanja Makanan dan Minuman Lembur
Belanja Makan dan Minum Lembur50 Ok x 20.000,00 = 1.000.000,00"
1.06 . 1.19.03 . 21 . 33  , Penyusunan Rencana Kerja (Renja) SKPD  ,5000000," Sumber Dana : 
Lokasi Kegiatan : Kabupaten Bantul
Keluaran : Tersusunnya Dokumen Rencana Kerja SKPD
Target: 1 Tahun"
1.06 . 1.19.03 . 21 . 33 . 5 . 2 . 1  , Belanja Pegawai  ,2320000,
1.06 . 1.19.03 . 21 . 33 . 5 . 2 . 1 . 01  , Honorarium PNS  ,2320000,
1.06 . 1.19.03 . 21 . 33 . 5 . 2 . 1 . 01 . 01  , Honorarium Panitia Pelaksana Kegiatan  ,2320000," Honorarium Panitia Pelaksana Kegiatan
Sekretaris 1 org2 ob x 160.000,00 = 320.000,00
Anggota 3 org6 ob x 150.000,00 = 900.000,00
Pengarah 1 org2 ob x 180.000,00 = 360.000,00
Pembina 1 org2 ob x 200.000,00 = 400.000,00
Ketua 1 org2 ob x 170.000,00 = 340.000,00"
1.06 . 1.19.03 . 21 . 33 . 5 . 2 . 2  , Belanja Barang dan Jasa  ,2680000,
1.06 . 1.19.03 . 21 . 33 . 5 . 2 . 2 . 01  , Belanja Bahan Pakai Habis  ,231000,
1.06 . 1.19.03 . 21 . 33 . 5 . 2 . 2 . 01 . 01  , Belanja Alat Tulis Kantor  ,231000," Belanja Alat Tulis Kantor1 Ls x 231.000,00 = 231.000,00"
1.06 . 1.19.03 . 21 . 33 . 5 . 2 . 2 . 06  , Belanja Cetak dan Penggandaan  ,1050000,
1.06 . 1.19.03 . 21 . 33 . 5 . 2 . 2 . 06 . 02  , Belanja Penggandaan  ,1050000," Belanja Penggandaan7,000 Lbr x 150,00 = 1.050.000,00"
1.06 . 1.19.03 . 21 . 33 . 5 . 2 . 2 . 11  , Belanja Makanan dan Minuman  ,1399000,
1.06 . 1.19.03 . 21 . 33 . 5 . 2 . 2 . 11 . 02  , Belanja Makanan Dan Minuman Rapat  ,399000," Belanja Makanan dan Minuman Rapat
Belanja Makan, Snack dan Minm Rapat14 Ok x 28.500,00 = 399.000,00"
1.06 . 1.19.03 . 21 . 33 . 5 . 2 . 2 . 11 . 04  , Belanja makanan dan minuman Lembur  ,1000000," Belanja Makanan dan Minuman Lembur
Belanja Makan dan Minum Lembur50 Ok x 20.000,00 = 1.000.000,00"
1.19 . 1.19.03 . 22  , Program pencegahan dini dan penanggulangan korban bencana alam  ,1140778500,
1.19 . 1.19.03 . 22 . 01  , Pemantauan dan penyebarluasan informasi potensi bencana alam  ,103687500," Sumber Dana : 
Lokasi Kegiatan : Kabupaten Bantul
Keluaran : Pemantauan dan penyebarluasan informasi bencana
Target: 1 Tahun"
1.19 . 1.19.03 . 22 . 01 . 5 . 2 . 2  , Belanja Barang dan Jasa  ,103687500,
1.19 . 1.19.03 . 22 . 01 . 5 . 2 . 2 . 01  , Belanja Bahan Pakai Habis  ,350000,
1.19 . 1.19.03 . 22 . 01 . 5 . 2 . 2 . 01 . 01  , Belanja Alat Tulis Kantor  ,350000," Belanja Alat Tulis Kantor1 Ls x 350.000,00 = 350.000,00"
1.19 . 1.19.03 . 22 . 01 . 5 . 2 . 2 . 03  , Belanja Jasa Kantor  ,26000000,
1.19 . 1.19.03 . 22 . 01 . 5 . 2 . 2 . 03 . 15  , Belanja Publikasi  ,26000000," Belanja PublikasiPublikasi Bantul Radio1 Ls x 6.000.000,00 = 6.000.000,00
Bantul ExpoSewa Stand, Dokumentasi,Dekorasi, Sewa Peralatan, Makan Minum Petugas Piket, dll1 Ls x 10.000.000,00 = 10.000.000,00
KarnavalDokumentasi,Dekorasi,Sewa Peralatan, Makan Minum Operasional, dll1 Ls x 5.000.000,00 = 5.000.000,00
Spanduk, leaflet, dll1 Ls x 5.000.000,00 = 5.000.000,00"
1.19 . 1.19.03 . 22 . 01 . 5 . 2 . 2 . 06  , Belanja Cetak dan Penggandaan  ,2750000,
1.19 . 1.19.03 . 22 . 01 . 5 . 2 . 2 . 06 . 01  , Belanja Cetak  ,2000000," Belanja Cetak Kegiatan Pengadaan Tenaga Kontrak
Belanja cetak LJK, Co card, dll1 Ls x 2.000.000,00 = 2.000.000,00"
1.19 . 1.19.03 . 22 . 01 . 5 . 2 . 2 . 06 . 02  , Belanja Penggandaan  ,750000," Belanja Penggandaan/Foto copy Kegiatan
 Pengadaan Tenaga Kontrak5,000 Lbr x 150,00 = 750.000,00"
1.19 . 1.19.03 . 22 . 01 . 5 . 2 . 2 . 11  , Belanja Makanan dan Minuman  ,41697500,
1.19 . 1.19.03 . 22 . 01 . 5 . 2 . 2 . 11 . 02  , Belanja Makanan Dan Minuman Rapat  ,2137500," Belanja Makanan dan Minuman Rapat Kegiatan Pengadaan Tenaga kontrak
Belanja Makan, Snack dan Minum pelaksanaan Kegiatan75 Ok x 28.500,00 = 2.137.500,00"
1.19 . 1.19.03 . 22 . 01 . 5 . 2 . 2 . 11 . 05  , Belanja Makanan dan Minuman Pelaksanaan Kegiatan  ,39560000," Belanja Makanan dan Minuman Pelaksanaan Kegiatan
Belanja Makan dan Minum Evakuasi1,000 Ok x 20.000,00 = 20.000.000,00
Belanja Makan dan Minum Operasional (PAM, Kerja Bakti, dll)750 Ok x 20.000,00 = 15.000.000,00
Belanja Makan, Snack dan Minum Kegiatan Pengadaan Tenaga Kontrak160 Ok x 28.500,00 = 4.560.000,00"
1.19 . 1.19.03 . 22 . 01 . 5 . 2 . 2 . 35  ," Jasa Narasumber, Tenaga Ahli, Yuri, Entry Data, Petugas Fogging dan Petugas Lapangan ",32890000,
1.19 . 1.19.03 . 22 . 01 . 5 . 2 . 2 . 35 . 01  , Jasa Nara Sumber/Moderator/Tenaga Ahli  ,2890000," Honorarium Narasumber/Tenaga Ahli Pengadaan Tenaga KontrakAssesor3 Ok x 150.000,00 = 450.000,00
Pewawancara4 Ok x 200.000,00 = 800.000,00
Petugas Pengesahan Kartu Ujian 4 org x 1 hari4 oh x 80.000,00 = 320.000,00
Petugas Pengawas Ujian 5 org x 1 hari5 oh x 80.000,00 = 400.000,00
Petugas Penyusun Naskah Ujian 3 org x 2 materi6 ok x 100.000,00 = 600.000,00
Petugas LJK Hasil Ujian 4 org x 1 hari4 oh x 80.000,00 = 320.000,00"
1.19 . 1.19.03 . 22 . 01 . 5 . 2 . 2 . 35 . 09  , Jasa Petugas Lapangan  ,30000000," Honorarium Petugas Lapangan TRC
Honor petugas TRC 10 0rg x 12 bln120 Ob x 250.000,00 = 30.000.000,00"
1.19 . 1.19.03 . 22 . 05  , Peningkatan ketrampilan dan kualitas penanggulangan bencana alam  ,148217500," Sumber Dana : 
Lokasi Kegiatan : Kabupaten Bantul
Keluaran : Ketrampilan dan kualitas penanggulangan bencana lebih meningkat
Target: 1 Keg"
1.19 . 1.19.03 . 22 . 05 . 5 . 2 . 1  , Belanja Pegawai  ,520000,
1.19 . 1.19.03 . 22 . 05 . 5 . 2 . 1 . 01  , Honorarium PNS  ,520000,
1.19 . 1.19.03 . 22 . 05 . 5 . 2 . 1 . 01 . 01  , Honorarium Panitia Pelaksana Kegiatan  ,520000," Honorarium Panitia Pelaksana Kegiatan
Ketua1 Ok x 90.000,00 = 90.000,00
Sekretaris1 Ok x 80.000,00 = 80.000,00
Anggota5 Ok x 70.000,00 = 350.000,00"
1.19 . 1.19.03 . 22 . 05 . 5 . 2 . 2  , Belanja Barang dan Jasa  ,147697500,
1.19 . 1.19.03 . 22 . 05 . 5 . 2 . 2 . 01  , Belanja Bahan Pakai Habis  ,8550000,
1.19 . 1.19.03 . 22 . 05 . 5 . 2 . 2 . 01 . 01  , Belanja Alat Tulis Kantor  ,8550000," Belanja Alat Tulis Kantor1 Ls x 300.000,00 = 300.000,00
Belanja Seminar kit 50 peserta x 11 desa550 o/p x 15.000,00 = 8.250.000,00"
1.19 . 1.19.03 . 22 . 05 . 5 . 2 . 2 . 03  , Belanja Jasa Kantor  ,1650000,
1.19 . 1.19.03 . 22 . 05 . 5 . 2 . 2 . 03 . 14  , Belanja Dekorasi  ,1650000," Belanja Dekorasi
Belanja Dekorasi 11 desa11 Ls x 150.000,00 = 1.650.000,00"
1.19 . 1.19.03 . 22 . 05 . 5 . 2 . 2 . 07  , Belanja Sewa Rumah/Gedung/Gudang/Parkir  ,5500000,
1.19 . 1.19.03 . 22 . 05 . 5 . 2 . 2 . 07 . 03  , Belanja Sewa Ruang Rapat/Pertemuan  ,5500000," Belanja sewa ruang rapat/pertemuan
Belanja sewa ruang rapat/ pertemuan 11 pertemuan11 Ok x 500.000,00 = 5.500.000,00"
1.19 . 1.19.03 . 22 . 05 . 5 . 2 . 2 . 11  , Belanja Makanan dan Minuman  ,29447500,
1.19 . 1.19.03 . 22 . 05 . 5 . 2 . 2 . 11 . 02  , Belanja Makanan Dan Minuman Rapat  ,570000," Belanja Makanan dan Minuman Rapat
Belanja Makan, Snack dan Minum Rapat20 Ok x 28.500,00 = 570.000,00"
1.19 . 1.19.03 . 22 . 05 . 5 . 2 . 2 . 11 . 05  , Belanja Makanan dan Minuman Pelaksanaan Kegiatan  ,28877500," Belanja Makanan dan Minuman Pelaksanaan Kegiatan
Belanja Snack dan Minum Pelaksanaan Kegiatan Binjas1,000 Ok x 8.500,00 = 8.500.000,00
Belanja Makan, Snack dan Minum Pelaksanaan Kegiatan Peningkatan Ketrampilan dan Kualitas PB 65 org x 11 desa715 Ok x 28.500,00 = 20.377.500,00"
1.19 . 1.19.03 . 22 . 05 . 5 . 2 . 2 . 13  , Belanja Pakaian Kerja  ,42900000,
1.19 . 1.19.03 . 22 . 05 . 5 . 2 . 2 . 13 . 01  , Belanja Pakaian Kerja Lapangan  ,42900000," Belanja Pakaian Kerja Lapangan (kaos)
Belanja pakaian kaos 65 org x 11 desa715 buah x 60.000,00 = 42.900.000,00"
1.19 . 1.19.03 . 22 . 05 . 5 . 2 . 2 . 35  ," Jasa Narasumber, Tenaga Ahli, Yuri, Entry Data, Petugas Fogging dan Petugas Lapangan ",59650000,
1.19 . 1.19.03 . 22 . 05 . 5 . 2 . 2 . 35 . 01  , Jasa Nara Sumber/Moderator/Tenaga Ahli  ,41500000," Honorarium Nara Sumber/Moderator/Tenaga Ahli
Honorarium Instruktur Binjas12 Bln x 250.000,00 = 3.000.000,00
Honorarium Narasumber Tingkat Lokal 2 org x 11 desa22 ok x 1.500.000,00 = 33.000.000,00
Honorarium Narasumber Lainnya 1 org x 11 desa11 ok x 500.000,00 = 5.500.000,00"
1.19 . 1.19.03 . 22 . 05 . 5 . 2 . 2 . 35 . 05  , Jasa Peserta Seminar/Simposium /Workshop/Sosialisasi  ,18150000," Honorarium peserta pelatihan
Honorarium peserta pelatihan 50 org x 11 desa605 ok x 30.000,00 = 18.150.000,00"
1.19 . 1.19.03 . 22 . 13  , Fasilitasi pemantauan dan penyaluran bantuan bencana alam  ,319725000," Sumber Dana : 
Lokasi Kegiatan : Kabupaten Bantul
Keluaran : Penyaluran Bantuan Terfasilitasi
Target: 100 %"
1.19 . 1.19.03 . 22 . 13 . 5 . 2 . 1  , Belanja Pegawai  ,1475000,
1.19 . 1.19.03 . 22 . 13 . 5 . 2 . 1 . 01  , Honorarium PNS  ,1475000,
1.19 . 1.19.03 . 22 . 13 . 5 . 2 . 1 . 01 . 02  , Honorarium Tim Pengadaan Barang Dan Jasa  ,1475000," Honorarium Tim Pengadaan Barang dan Jasa 
Pengadaan Bahan BangunanPejabat Pembuat Komitmen1 o/p x 350.000,00 = 350.000,00
Pejabat Pengadaan Barang dan Jasa1 o/p x 300.000,00 = 300.000,00
Pejabat Penerima Hasil Pekerjaan1 o/p x 225.000,00 = 225.000,00
Honorarium Tim Pengadaan Barang dan Jasa
 Pengadaan Bahan MakananPejabat Pembuat Komitmen1 o/p x 250.000,00 = 250.000,00
Pejabat Pengadaan1 o/p x 200.000,00 = 200.000,00
Pejabat Penerima Hasil Pekerjaan1 o/p x 150.000,00 = 150.000,00"
1.19 . 1.19.03 . 22 . 13 . 5 . 2 . 2  , Belanja Barang dan Jasa  ,318250000,
1.19 . 1.19.03 . 22 . 13 . 5 . 2 . 2 . 01  , Belanja Bahan Pakai Habis  ,500000,
1.19 . 1.19.03 . 22 . 13 . 5 . 2 . 2 . 01 . 01  , Belanja Alat Tulis Kantor  ,500000," Belanja Alat Tulis Kantor1 Ls x 500.000,00 = 500.000,00"
1.19 . 1.19.03 . 22 . 13 . 5 . 2 . 2 . 02  , Belanja Bahan/Material  ,297000000,
1.19 . 1.19.03 . 22 . 13 . 5 . 2 . 2 . 02 . 01  , Belanja Bahan Baku Bangunan  ,210000000," Belanja Bahan Baku Bangunan
Pasir, Semen, Kayu, Batu bata, Seng, dll10 Paket x 5.000.000,00 = 50.000.000,00
Bronjong1 Ls x 160.000.000,00 = 160.000.000,00"
1.19 . 1.19.03 . 22 . 13 . 5 . 2 . 2 . 02 . 08  , Belanja Bahan Makanan  ,37000000," Belanja Bahan MakananBeras, Mie Instan, Gula pasir, Telur, Minyak Goreng, Kecap, Sarden, dll200 Paket x 185.000,00 = 37.000.000,00"
1.19 . 1.19.03 . 22 . 13 . 5 . 2 . 2 . 02 . 14  , Belanja Air Bersih  ,50000000," Belanja Air Bersih
Belanja Bantuan Air Bersih1 Ls x 50.000.000,00 = 50.000.000,00"
1.19 . 1.19.03 . 22 . 13 . 5 . 2 . 2 . 06  , Belanja Cetak dan Penggandaan  ,750000,
1.19 . 1.19.03 . 22 . 13 . 5 . 2 . 2 . 06 . 02  , Belanja Penggandaan  ,750000," Belanja Penggandaan5,000 Lbr x 150,00 = 750.000,00"
1.19 . 1.19.03 . 22 . 13 . 5 . 2 . 2 . 11  , Belanja Makanan dan Minuman  ,20000000,
1.19 . 1.19.03 . 22 . 13 . 5 . 2 . 2 . 11 . 05  , Belanja Makanan dan Minuman Pelaksanaan Kegiatan  ,20000000," Belanja Makanan dan Minuman Pelaksanaan Kegiatan
Belanja Makan dan Minum operasional (Pendistribusian bantuan, Pengambilan logistik, Droping air, dll)1,000 Ok x 20.000,00 = 20.000.000,00"
1.19 . 1.19.03 . 22 . 15  , Pengembangan desa siaga bencana  ,46485000," Sumber Dana : 
Lokasi Kegiatan : Kabupaten Bantul
Keluaran : Desa Wukirsari dan Jatimulyo
Target: 1 Keg"
1.19 . 1.19.03 . 22 . 15 . 5 . 2 . 2  , Belanja Barang dan Jasa  ,46485000,
1.19 . 1.19.03 . 22 . 15 . 5 . 2 . 2 . 01  , Belanja Bahan Pakai Habis  ,2750000,
1.19 . 1.19.03 . 22 . 15 . 5 . 2 . 2 . 01 . 01  , Belanja Alat Tulis Kantor  ,2750000," Belanja Alat Tulis Kantor
Belanja ATK1 Ls x 500.000,00 = 500.000,00
Belanja Seminar Kits150 O/p x 15.000,00 = 2.250.000,00"
1.19 . 1.19.03 . 22 . 15 . 5 . 2 . 2 . 02  , Belanja Bahan/Material  ,3000000,
1.19 . 1.19.03 . 22 . 15 . 5 . 2 . 2 . 02 . 18  , Belanja Bahan Percontohan  ,3000000," Belanja Bahan Percontohan/ Bahan Praktek
Belanja Bahan Percontohan / Bahan Praktek1 Ls x 3.000.000,00 = 3.000.000,00"
1.19 . 1.19.03 . 22 . 15 . 5 . 2 . 2 . 03  , Belanja Jasa Kantor  ,600000,
1.19 . 1.19.03 . 22 . 15 . 5 . 2 . 2 . 03 . 14  , Belanja Dekorasi  ,600000," Belanja Dekorasi2 Keg x 300.000,00 = 600.000,00"
1.19 . 1.19.03 . 22 . 15 . 5 . 2 . 2 . 06  , Belanja Cetak dan Penggandaan  ,750000,
1.19 . 1.19.03 . 22 . 15 . 5 . 2 . 2 . 06 . 02  , Belanja Penggandaan  ,750000," Belanja Penggandaan5,000 Lbr x 150,00 = 750.000,00"
1.19 . 1.19.03 . 22 . 15 . 5 . 2 . 2 . 07  , Belanja Sewa Rumah/Gedung/Gudang/Parkir  ,1000000,
1.19 . 1.19.03 . 22 . 15 . 5 . 2 . 2 . 07 . 02  , Belanja Sewa Gedung/Kantor/Tempat  ,1000000," Belanja Sewa Gedung/Tempat
Belanja sewa gedung2 Keg x 500.000,00 = 1.000.000,00"
1.19 . 1.19.03 . 22 . 15 . 5 . 2 . 2 . 10  , Belanja Sewa Perlengkapan dan Peralatan Kantor  ,600000,
1.19 . 1.19.03 . 22 . 15 . 5 . 2 . 2 . 10 . 01  , Belanja Sewa Meja Kursi  ,600000," Belanja Sewa Meja Kursi2 Keg x 300.000,00 = 600.000,00"
1.19 . 1.19.03 . 22 . 15 . 5 . 2 . 2 . 11  , Belanja Makanan dan Minuman  ,11685000,
1.19 . 1.19.03 . 22 . 15 . 5 . 2 . 2 . 11 . 02  , Belanja Makanan Dan Minuman Rapat  ,855000," Belanja Makanan dan Minuman Rapat
Belanja Makan, Snack dan Minum Rapat30 Ok x 28.500,00 = 855.000,00"
1.19 . 1.19.03 . 22 . 15 . 5 . 2 . 2 . 11 . 05  , Belanja Makanan dan Minuman Pelaksanaan Kegiatan  ,10830000," Belanja Makanan dan Minuman Pelaksanaan Kegiatan
Belanja Makan, Snack dan Minum Pelaksanaan Kegiatan380 Ok x 28.500,00 = 10.830.000,00"
1.19 . 1.19.03 . 22 . 15 . 5 . 2 . 2 . 13  , Belanja Pakaian Kerja  ,11400000,
1.19 . 1.19.03 . 22 . 15 . 5 . 2 . 2 . 13 . 01  , Belanja Pakaian Kerja Lapangan  ,11400000," Belanja Pakaian Kerja Lapangan
Belanja pakaian kaos190 Bh x 60.000,00 = 11.400.000,00"
1.19 . 1.19.03 . 22 . 15 . 5 . 2 . 2 . 35  ," Jasa Narasumber, Tenaga Ahli, Yuri, Entry Data, Petugas Fogging dan Petugas Lapangan ",14700000,
1.19 . 1.19.03 . 22 . 15 . 5 . 2 . 2 . 35 . 01  , Jasa Nara Sumber/Moderator/Tenaga Ahli  ,7200000," Honorarium Nara Sumber/Moderator/Tenaga Ahli
Honorarium Nara Sumber 2 org/2jpl x 2 hr x 2 desa6 O/jpl x 500.000,00 = 3.000.000,00
Honorarium Fasilitator 2 org/2jpl x 2 hr x 2 desa6 O/jpl x 500.000,00 = 3.000.000,00
Honorarium Moderator 2 org/2jpl x 2 hr x 2 desa6 O/jpl x 200.000,00 = 1.200.000,00"
1.19 . 1.19.03 . 22 . 15 . 5 . 2 . 2 . 35 . 05  , Jasa Peserta Seminar/Simposium /Workshop/Sosialisasi  ,7500000," Honorarium Peserta
Honorarium Peserta 75 org x 2 hr x 2 desa300 Ok x 25.000,00 = 7.500.000,00"
1.19 . 1.19.03 . 22 . 18  , Gladi posko dan gladi lapang  ,71332500," Sumber Dana : 
Lokasi Kegiatan : Kabupaten Bantul
Keluaran : Simulasi bencana
Target: 500 Masyarakat"
1.19 . 1.19.03 . 22 . 18 . 5 . 2 . 1  , Belanja Pegawai  ,1570000,
1.19 . 1.19.03 . 22 . 18 . 5 . 2 . 1 . 01  , Honorarium PNS  ,1570000,
1.19 . 1.19.03 . 22 . 18 . 5 . 2 . 1 . 01 . 01  , Honorarium Panitia Pelaksana Kegiatan  ,1570000," Honorarium Panitia Pelaksana Kegiatan
Ketua1 Ok x 90.000,00 = 90.000,00
Sekretaris1 Ok x 80.000,00 = 80.000,00
Anggota20 Ok x 70.000,00 = 1.400.000,00"
1.19 . 1.19.03 . 22 . 18 . 5 . 2 . 2  , Belanja Barang dan Jasa  ,69762500,
1.19 . 1.19.03 . 22 . 18 . 5 . 2 . 2 . 01  , Belanja Bahan Pakai Habis  ,400000,
1.19 . 1.19.03 . 22 . 18 . 5 . 2 . 2 . 01 . 01  , Belanja Alat Tulis Kantor  ,400000," Belanja Alat Tulis Kantor1 Ls x 400.000,00 = 400.000,00"
1.19 . 1.19.03 . 22 . 18 . 5 . 2 . 2 . 02  , Belanja Bahan/Material  ,3000000,
1.19 . 1.19.03 . 22 . 18 . 5 . 2 . 2 . 02 . 18  , Belanja Bahan Percontohan  ,3000000," Belanja Bahan Percontohan / Bahan Praktek
Belanja bahan percontohan/ bahan praktek1 Ls x 3.000.000,00 = 3.000.000,00"
1.19 . 1.19.03 . 22 . 18 . 5 . 2 . 2 . 03  , Belanja Jasa Kantor  ,1450000,
1.19 . 1.19.03 . 22 . 18 . 5 . 2 . 2 . 03 . 14  , Belanja Dekorasi  ,450000," Belanja Dekorasi3 Keg x 150.000,00 = 450.000,00"
1.19 . 1.19.03 . 22 . 18 . 5 . 2 . 2 . 03 . 15  , Belanja Publikasi  ,1000000," Belanja Publikasi1 Ls x 1.000.000,00 = 1.000.000,00"
1.19 . 1.19.03 . 22 . 18 . 5 . 2 . 2 . 06  , Belanja Cetak dan Penggandaan  ,1125000,
1.19 . 1.19.03 . 22 . 18 . 5 . 2 . 2 . 06 . 02  , Belanja Penggandaan  ,1125000," Belanja Penggandaan7,500 Lbr x 150,00 = 1.125.000,00"
1.19 . 1.19.03 . 22 . 18 . 5 . 2 . 2 . 07  , Belanja Sewa Rumah/Gedung/Gudang/Parkir  ,1000000,
1.19 . 1.19.03 . 22 . 18 . 5 . 2 . 2 . 07 . 03  , Belanja Sewa Ruang Rapat/Pertemuan  ,1000000," Belanja Sewa Ruang Rapat/pertemuan2 Keg x 500.000,00 = 1.000.000,00"
1.19 . 1.19.03 . 22 . 18 . 5 . 2 . 2 . 10  , Belanja Sewa Perlengkapan dan Peralatan Kantor  ,600000,
1.19 . 1.19.03 . 22 . 18 . 5 . 2 . 2 . 10 . 01  , Belanja Sewa Meja Kursi  ,600000," Belanja Sewa Meja Kursi2 Keg x 300.000,00 = 600.000,00"
1.19 . 1.19.03 . 22 . 18 . 5 . 2 . 2 . 11  , Belanja Makanan dan Minuman  ,42037500,
1.19 . 1.19.03 . 22 . 18 . 5 . 2 . 2 . 11 . 02  , Belanja Makanan Dan Minuman Rapat  ,2137500," Belanja Makanan dan Minuman Rapat
Belanja Makan, Snack dan Minum Rapat75 Ok x 28.500,00 = 2.137.500,00"
1.19 . 1.19.03 . 22 . 18 . 5 . 2 . 2 . 11 . 05  , Belanja Makanan dan Minuman Pelaksanaan Kegiatan  ,39900000," Belanja Makanan dan Minuman Pelaksanaan Kegiatan
Belanja Makan, Snack dan Minum Pelaksanaan kegiatan Sosialisasi550 Ok x 28.500,00 = 15.675.000,00
Belanja Makan, Snack dan Minum Pelaksanaan kegiatan Gladi Posko150 Ok x 28.500,00 = 4.275.000,00
Belanja Makan, Snack dan Minum Pelaksanaan kegiatan Gladi Lapang700 Ok x 28.500,00 = 19.950.000,00"
1.19 . 1.19.03 . 22 . 18 . 5 . 2 . 2 . 35  ," Jasa Narasumber, Tenaga Ahli, Yuri, Entry Data, Petugas Fogging dan Petugas Lapangan ",20150000,
1.19 . 1.19.03 . 22 . 18 . 5 . 2 . 2 . 35 . 01  , Jasa Nara Sumber/Moderator/Tenaga Ahli  ,6400000," Honorarium Nara Sumber/Moderator/Tenaga Ahli
Honorarium Nara Sumber 2 org/2 jpl x 4 keg8 O/jpl x 800.000,00 = 6.400.000,00"
1.19 . 1.19.03 . 22 . 18 . 5 . 2 . 2 . 35 . 05  , Jasa Peserta Seminar/Simposium /Workshop/Sosialisasi  ,13750000," Honorarium Peserta
Honorarium Peserta Gladi Lapang550 Ok x 25.000,00 = 13.750.000,00"
1.19 . 1.19.03 . 22 . 19  , Fasilitasi dan Koordinasi penanganan kerusakan infrastruktur  ,12125000," Sumber Dana : 
Lokasi Kegiatan : Kabupaten Bantul
Keluaran : Koordinasi penanganan kerusakan infrastruktur
Target: 1 Tahun"
1.19 . 1.19.03 . 22 . 19 . 5 . 2 . 2  , Belanja Barang dan Jasa  ,12125000,
1.19 . 1.19.03 . 22 . 19 . 5 . 2 . 2 . 01  , Belanja Bahan Pakai Habis  ,1000000,
1.19 . 1.19.03 . 22 . 19 . 5 . 2 . 2 . 01 . 01  , Belanja Alat Tulis Kantor  ,1000000," Belanja Alat Tulis Kantor1 ls x 1.000.000,00 = 1.000.000,00"
1.19 . 1.19.03 . 22 . 19 . 5 . 2 . 2 . 06  , Belanja Cetak dan Penggandaan  ,4000000,
1.19 . 1.19.03 . 22 . 19 . 5 . 2 . 2 . 06 . 01  , Belanja Cetak  ,2500000," Belanja Cetak1 Ls x 2.500.000,00 = 2.500.000,00"
1.19 . 1.19.03 . 22 . 19 . 5 . 2 . 2 . 06 . 02  , Belanja Penggandaan  ,1500000," Belanja penggandaan10,000 Lbr x 150,00 = 1.500.000,00"
1.19 . 1.19.03 . 22 . 19 . 5 . 2 . 2 . 11  , Belanja Makanan dan Minuman  ,7125000,
1.19 . 1.19.03 . 22 . 19 . 5 . 2 . 2 . 11 . 02  , Belanja Makanan Dan Minuman Rapat  ,1425000," Belanja Makanan dan Minuman Rapat
Belanja Makan, Snack dan Minum Rapat50 Ok x 28.500,00 = 1.425.000,00"
1.19 . 1.19.03 . 22 . 19 . 5 . 2 . 2 . 11 . 05  , Belanja Makanan dan Minuman Pelaksanaan Kegiatan  ,5700000," Belanja Makanan dan Minuman Pelaksanaan Kegiatan
Belanja Makan, Snack dan Minum Kegiatan Sosialisasi200 Ok x 28.500,00 = 5.700.000,00"
1.19 . 1.19.03 . 22 . 21  , Penyusunan rencana operasi kedaruratan  ,27227500," Sumber Dana : 
Lokasi Kegiatan : Kabupaten Bantul
Keluaran : Disusunnya Dokumen Rencana Operasi Kedaduratan Bencana Banjir
Target: 1 Dokumen"
1.19 . 1.19.03 . 22 . 21 . 5 . 2 . 2  , Belanja Barang dan Jasa  ,27227500,
1.19 . 1.19.03 . 22 . 21 . 5 . 2 . 2 . 01  , Belanja Bahan Pakai Habis  ,900000,
1.19 . 1.19.03 . 22 . 21 . 5 . 2 . 2 . 01 . 01  , Belanja Alat Tulis Kantor  ,900000," Belanja Alat tulis kantor1 Ls x 300.000,00 = 300.000,00
Belanja Seminar kit40 O/p x 15.000,00 = 600.000,00"
1.19 . 1.19.03 . 22 . 21 . 5 . 2 . 2 . 03  , Belanja Jasa Kantor  ,150000,
1.19 . 1.19.03 . 22 . 21 . 5 . 2 . 2 . 03 . 14  , Belanja Dekorasi  ,150000," Belanja Dekorasi1 Keg x 150.000,00 = 150.000,00"
1.19 . 1.19.03 . 22 . 21 . 5 . 2 . 2 . 07  , Belanja Sewa Rumah/Gedung/Gudang/Parkir  ,6000000,
1.19 . 1.19.03 . 22 . 21 . 5 . 2 . 2 . 07 . 03  , Belanja Sewa Ruang Rapat/Pertemuan  ,6000000," Belanja Sewa Ruang Rapat/Pertemuan6 Keg x 1.000.000,00 = 6.000.000,00"
1.19 . 1.19.03 . 22 . 21 . 5 . 2 . 2 . 10  , Belanja Sewa Perlengkapan dan Peralatan Kantor  ,3000000,
1.19 . 1.19.03 . 22 . 21 . 5 . 2 . 2 . 10 . 01  , Belanja Sewa Meja Kursi  ,3000000," Belanja Sewa Meja Kursi6 Keg x 500.000,00 = 3.000.000,00"
1.19 . 1.19.03 . 22 . 21 . 5 . 2 . 2 . 11  , Belanja Makanan dan Minuman  ,8977500,
1.19 . 1.19.03 . 22 . 21 . 5 . 2 . 2 . 11 . 02  , Belanja Makanan Dan Minuman Rapat  ,427500," Belanja Makanan dan Minuman Rapat
Belanja Makan, Snack dan Minum15 Ok x 28.500,00 = 427.500,00"
1.19 . 1.19.03 . 22 . 21 . 5 . 2 . 2 . 11 . 05  , Belanja Makanan dan Minuman Pelaksanaan Kegiatan  ,8550000," Belanja Makanan dan Minuman Pelaksanaan Kegiatan
Belanja Makan, Snack dan Minum 50 org x 6 FGD300 Ok x 28.500,00 = 8.550.000,00"
1.19 . 1.19.03 . 22 . 21 . 5 . 2 . 2 . 35  ," Jasa Narasumber, Tenaga Ahli, Yuri, Entry Data, Petugas Fogging dan Petugas Lapangan ",8200000,
1.19 . 1.19.03 . 22 . 21 . 5 . 2 . 2 . 35 . 01  , Jasa Nara Sumber/Moderator/Tenaga Ahli  ,2200000," Honorarium Nara Sumber/Moderator/Tenaga Ahli
Honorarium Nara Sumber tingkat lokal 1 org/2 jpl1 O/jpl x 1.000.000,00 = 1.000.000,00
Honorarium Nara Sumber Lainnya 2org/2 jpl2 O/jpl x 500.000,00 = 1.000.000,00
Honorarium Moderator 1 org/2 jpl1 O/jpl x 200.000,00 = 200.000,00"
1.19 . 1.19.03 . 22 . 21 . 5 . 2 . 2 . 35 . 05  , Jasa Peserta Seminar/Simposium /Workshop/Sosialisasi  ,6000000," honorarium Peserta240 Ok x 25.000,00 = 6.000.000,00"
1.19 . 1.19.03 . 22 . 22  , Pengembangan budaya sadar bencana  ,28318500," Sumber Dana : 
Lokasi Kegiatan : Kabupaten Bantul
Keluaran : Pengembangan budaya sadar bencana bagi siswa
Target: 1 Keg"
1.19 . 1.19.03 . 22 . 22 . 5 . 2 . 2  , Belanja Barang dan Jasa  ,28318500,
1.19 . 1.19.03 . 22 . 22 . 5 . 2 . 2 . 01  , Belanja Bahan Pakai Habis  ,3300000,
1.19 . 1.19.03 . 22 . 22 . 5 . 2 . 2 . 01 . 01  , Belanja Alat Tulis Kantor  ,3300000," Belanja Alat Tulis Kantor1 Ls x 300.000,00 = 300.000,00
Belanja Seminar Kit200 O/p x 15.000,00 = 3.000.000,00"
1.19 . 1.19.03 . 22 . 22 . 5 . 2 . 2 . 03  , Belanja Jasa Kantor  ,150000,
1.19 . 1.19.03 . 22 . 22 . 5 . 2 . 2 . 03 . 14  , Belanja Dekorasi  ,150000," Belanja Dekorasi1 Keg x 150.000,00 = 150.000,00"
1.19 . 1.19.03 . 22 . 22 . 5 . 2 . 2 . 06  , Belanja Cetak dan Penggandaan  ,1600000,
1.19 . 1.19.03 . 22 . 22 . 5 . 2 . 2 . 06 . 01  , Belanja Cetak  ,1000000," Belanja Cetak1 Ls x 1.000.000,00 = 1.000.000,00"
1.19 . 1.19.03 . 22 . 22 . 5 . 2 . 2 . 06 . 02  , Belanja Penggandaan  ,600000," Belanja Penggandaan4,000 Lbr x 150,00 = 600.000,00"
1.19 . 1.19.03 . 22 . 22 . 5 . 2 . 2 . 07  , Belanja Sewa Rumah/Gedung/Gudang/Parkir  ,1000000,
1.19 . 1.19.03 . 22 . 22 . 5 . 2 . 2 . 07 . 03  , Belanja Sewa Ruang Rapat/Pertemuan  ,1000000," Belanja Sewa Ruang Rapat/Pertemuan1 Keg x 1.000.000,00 = 1.000.000,00"
1.19 . 1.19.03 . 22 . 22 . 5 . 2 . 2 . 10  , Belanja Sewa Perlengkapan dan Peralatan Kantor  ,500000,
1.19 . 1.19.03 . 22 . 22 . 5 . 2 . 2 . 10 . 01  , Belanja Sewa Meja Kursi  ,500000," Belanja Sewa Meja Kursi1 Keg x 500.000,00 = 500.000,00"
1.19 . 1.19.03 . 22 . 22 . 5 . 2 . 2 . 11  , Belanja Makanan dan Minuman  ,6868500,
1.19 . 1.19.03 . 22 . 22 . 5 . 2 . 2 . 11 . 02  , Belanja Makanan Dan Minuman Rapat  ,598500," Belanja Makanan dan Minuman Rapat
Belanja Makan, Snack dan Minum Rapat21 Ok x 28.500,00 = 598.500,00"
1.19 . 1.19.03 . 22 . 22 . 5 . 2 . 2 . 11 . 05  , Belanja Makanan dan Minuman Pelaksanaan Kegiatan  ,6270000," Belanja Makanan dan Minuman Pelaksanaan Kegiatan
Belanja Makan, Snack dan Minum Pelaksanaan Kegiatan220 Ok x 28.500,00 = 6.270.000,00"
1.19 . 1.19.03 . 22 . 22 . 5 . 2 . 2 . 13  , Belanja Pakaian Kerja  ,13200000,
1.19 . 1.19.03 . 22 . 22 . 5 . 2 . 2 . 13 . 01  , Belanja Pakaian Kerja Lapangan  ,13200000," Belanja Pakaian Kerja Lapangan
Belanja kaos220 Bh x 60.000,00 = 13.200.000,00"
1.19 . 1.19.03 . 22 . 22 . 5 . 2 . 2 . 35  ," Jasa Narasumber, Tenaga Ahli, Yuri, Entry Data, Petugas Fogging dan Petugas Lapangan ",1700000,
1.19 . 1.19.03 . 22 . 22 . 5 . 2 . 2 . 35 . 01  , Jasa Nara Sumber/Moderator/Tenaga Ahli  ,1700000," Belanja Nara Sumber/Moderator/ Tenaga Ahli
Honorarium Narasumber 3 org/2jpl3 O/jpl x 500.000,00 = 1.500.000,00
Honorarium Moderator 1 org/2jpl1 O/jpl x 200.000,00 = 200.000,00"
1.19 . 1.19.03 . 22 . 23  , Pembuatan Dokumen Rencana Aksi Daerah (RAD) dan Kontijensi Plan  ,117147500," Sumber Dana :
 Lokasi Kegiatan : Kabupaten Bantul
Keluaran : Dokumen Rencana Kontijensi Longsor
Target: 1 Dokumen"
1.19 . 1.19.03 . 22 . 23 . 5 . 2 . 1  , Belanja Pegawai  ,1395000,
1.19 . 1.19.03 . 22 . 23 . 5 . 2 . 1 . 01  , Honorarium PNS  ,1395000,
1.19 . 1.19.03 . 22 . 23 . 5 . 2 . 1 . 01 . 01  , Honorarium Panitia Pelaksana Kegiatan  ,520000," Honorarium Panitia Pelaksana Kegiatan
Ketua1 Ok x 90.000,00 = 90.000,00
Sekretaris1 ok x 80.000,00 = 80.000,00
Anggota5 Ok x 70.000,00 = 350.000,00"
1.19 . 1.19.03 . 22 . 23 . 5 . 2 . 1 . 01 . 02  , Honorarium Tim Pengadaan Barang Dan Jasa  ,875000," Honorarium Tim Pengadaan Barang dan Jasa
Pejabat Pembuat Komitmen1 O/p x 350.000,00 = 350.000,00
Pejabat Pengadaan Barang dan Jasa1 O/p x 300.000,00 = 300.000,00
Pejabat Penerima hasil Pekerjaan1 O/p x 225.000,00 = 225.000,00"
1.19 . 1.19.03 . 22 . 23 . 5 . 2 . 2  , Belanja Barang dan Jasa  ,115752500,
1.19 . 1.19.03 . 22 . 23 . 5 . 2 . 2 . 01  , Belanja Bahan Pakai Habis  ,1250000,
1.19 . 1.19.03 . 22 . 23 . 5 . 2 . 2 . 01 . 01  , Belanja Alat Tulis Kantor  ,1250000," Belanja Alat Tulis Kantor Penyusunan Rencana Aksi Daerah
Belanja Alat Tulis kantor1 Ls x 650.000,00 = 650.000,00
Belanja Seminar kit40 O/p x 15.000,00 = 600.000,00"
1.19 . 1.19.03 . 22 . 23 . 5 . 2 . 2 . 06  , Belanja Cetak dan Penggandaan  ,1500000,
1.19 . 1.19.03 . 22 . 23 . 5 . 2 . 2 . 06 . 02  , Belanja Penggandaan  ,1500000," Belanja Penggandaan10,000 Lbr x 150,00 = 1.500.000,00"
1.19 . 1.19.03 . 22 . 23 . 5 . 2 . 2 . 07  , Belanja Sewa Rumah/Gedung/Gudang/Parkir  ,1000000,
1.19 . 1.19.03 . 22 . 23 . 5 . 2 . 2 . 07 . 03  , Belanja Sewa Ruang Rapat/Pertemuan  ,1000000," Belanja sewa ruang rapat/pertemuan
Belanja sewa ruang rapat/pertemuan penyusunan Rencana Aksi Daerah1 Ok x 1.000.000,00 = 1.000.000,00"
1.19 . 1.19.03 . 22 . 23 . 5 . 2 . 2 . 11  , Belanja Makanan dan Minuman  ,4702500,
1.19 . 1.19.03 . 22 . 23 . 5 . 2 . 2 . 11 . 02  , Belanja Makanan Dan Minuman Rapat  ,855000," Belanja Makanan dan Minuman Rapat
Belanja Makan, Snack dan Minum Rapat30 Ok x 28.500,00 = 855.000,00"
1.19 . 1.19.03 . 22 . 23 . 5 . 2 . 2 . 11 . 05  , Belanja Makanan dan Minuman Pelaksanaan Kegiatan  ,3847500," Belanja makan, snack dan minum pelaksanaan kegiatan Penyusunan Rencana Aksi Daerah
Belanja makan, snack dan minum pelaksanaan kegiatan 45 org x 3 FGD135 ok x 28.500,00 = 3.847.500,00"
1.19 . 1.19.03 . 22 . 23 . 5 . 2 . 2 . 21  , Belanja Jasa Konsultansi  ,100000000,
1.19 . 1.19.03 . 22 . 23 . 5 . 2 . 2 . 21 . 01  , Belanja Jasa Konsultansi Penelitian  ,100000000," Belanja Jasa Konsultansi Penelitian
Belanja jasa konsultansi pembuatan Dokumen Kajian Akademis Persiapan Perda Pemadam Kebakaran1 paket x 50.000.000,00 = 50.000.000,00
Belanja jasa konsultansi Penyusunan Draft Perda Peran Serta Lembaga Usaha Penyelenggaraan Penanggulangan Bencana1 paket x 50.000.000,00 = 50.000.000,00"
1.19 . 1.19.03 . 22 . 23 . 5 . 2 . 2 . 35  ," Jasa Narasumber, Tenaga Ahli, Yuri, Entry Data, Petugas Fogging dan Petugas Lapangan ",7300000,
1.19 . 1.19.03 . 22 . 23 . 5 . 2 . 2 . 35 . 01  , Jasa Nara Sumber/Moderator/Tenaga Ahli  ,4600000," Honorarium Nara Sumber/Moderator/Tenaga Ahli Penyusunan Rencana Aksi Daerah
Honorarium Narasumber 2 org/2jpl x 3 FGD pembuatan kontijensi6 Ok x 500.000,00 = 3.000.000,00
Honorarium Narasumber 1 org/2jpl x 3 FGD3 Ok x 200.000,00 = 600.000,00
Honorarium Narasumber 1 org/2jpl x 3 FGD1 Ok x 1.000.000,00 = 1.000.000,00"
1.19 . 1.19.03 . 22 . 23 . 5 . 2 . 2 . 35 . 05  , Jasa Peserta Seminar/Simposium /Workshop/Sosialisasi  ,2700000," Honorarium Peserta Penyusunan Rencana Aksi Daerah
Honorarium Peserta 30 org x 3 FGD90 Ok x 30.000,00 = 2.700.000,00"
1.19 . 1.19.03 . 22 . 25  , Relokasi korban bencana alam  ,116005000," Sumber Dana : 
Lokasi Kegiatan : Kabupaten Bantul
Keluaran : Terpenuhinya tempat tinggal korban bencana
Target: 1 Tahun"
1.19 . 1.19.03 . 22 . 25 . 5 . 2 . 2  , Belanja Barang dan Jasa  ,116005000,
1.19 . 1.19.03 . 22 . 25 . 5 . 2 . 2 . 01  , Belanja Bahan Pakai Habis  ,1000000,
1.19 . 1.19.03 . 22 . 25 . 5 . 2 . 2 . 01 . 01  , Belanja Alat Tulis Kantor  ,1000000," Belanja Alat Tulis Kantor1 Ls x 1.000.000,00 = 1.000.000,00"
1.19 . 1.19.03 . 22 . 25 . 5 . 2 . 2 . 02  , Belanja Bahan/Material  ,105000000,
1.19 . 1.19.03 . 22 . 25 . 5 . 2 . 2 . 02 . 01  , Belanja Bahan Baku Bangunan  ,105000000," Belanja Bahan Baku Bangunan6 KK x 17.500.000,00 = 105.000.000,00"
1.19 . 1.19.03 . 22 . 25 . 5 . 2 . 2 . 06  , Belanja Cetak dan Penggandaan  ,600000,
1.19 . 1.19.03 . 22 . 25 . 5 . 2 . 2 . 06 . 02  , Belanja Penggandaan  ,600000," Belanja Penggandaan4,000 Lbr x 150,00 = 600.000,00"
1.19 . 1.19.03 . 22 . 25 . 5 . 2 . 2 . 11  , Belanja Makanan dan Minuman  ,9405000,
1.19 . 1.19.03 . 22 . 25 . 5 . 2 . 2 . 11 . 02  , Belanja Makanan Dan Minuman Rapat  ,855000," Belanja Makanan dan Minuman Rapat
Belanja Makan, Snack dan Minum Rapat30 Ok x 28.500,00 = 855.000,00"
1.19 . 1.19.03 . 22 . 25 . 5 . 2 . 2 . 11 . 05  , Belanja Makanan dan Minuman Pelaksanaan Kegiatan  ,8550000," Belanja Makanan dan Minuman Pelaksanaan Kegiatan
Belanja Makan, Snack dan Minum Pelaksanaan kegiatan Sosialisasi300 Ok x 28.500,00 = 8.550.000,00"
1.19 . 1.19.03 . 22 . 27  , Penyelenggaraan posko pengendalian bencana  ,33750000," Sumber Dana : 
Lokasi Kegiatan : Kabupaten Bantul
Keluaran : Penyediaan Posko Siaga darurat
Target: 30 Hari"
1.19 . 1.19.03 . 22 . 27 . 5 . 2 . 2  , Belanja Barang dan Jasa  ,33750000,
1.19 . 1.19.03 . 22 . 27 . 5 . 2 . 2 . 06  , Belanja Cetak dan Penggandaan  ,450000,
1.19 . 1.19.03 . 22 . 27 . 5 . 2 . 2 . 06 . 02  , Belanja Penggandaan  ,450000," Belanja Penggandaan3,000 Lbr x 150,00 = 450.000,00"
1.19 . 1.19.03 . 22 . 27 . 5 . 2 . 2 . 11  , Belanja Makanan dan Minuman  ,7200000,
1.19 . 1.19.03 . 22 . 27 . 5 . 2 . 2 . 11 . 05  , Belanja Makanan dan Minuman Pelaksanaan Kegiatan  ,7200000," Belanja Makanan dan Minuman Pelaksanaan Kegiatan
Belanja Makan dan Minum operasional360 Ok x 20.000,00 = 7.200.000,00"
1.19 . 1.19.03 . 22 . 27 . 5 . 2 . 2 . 35  ," Jasa Narasumber, Tenaga Ahli, Yuri, Entry Data, Petugas Fogging dan Petugas Lapangan ",26100000,
1.19 . 1.19.03 . 22 . 27 . 5 . 2 . 2 . 35 . 09  , Jasa Petugas Lapangan  ,26100000," Honor Petugas Lapangan
Ketua 1 x 30 hari kedaruratan30 oh x 90.000,00 = 2.700.000,00
Sekretaris 1 x 30 hari kedaruratan30 oh x 80.000,00 = 2.400.000,00
Anggota 10 x 30 hari kedaruratan300 oh x 70.000,00 = 21.000.000,00"
1.19 . 1.19.03 . 22 . 29  , Penguatan kapasitas satgas BPBD  ,10925000," Sumber Dana :
 Lokasi Kegiatan : Kabupaten Bantul
Keluaran : Meningkatnya Kapasitas Satgas
Target: 1 Keg"
1.19 . 1.19.03 . 22 . 29 . 5 . 2 . 1  , Belanja Pegawai  ,520000,
1.19 . 1.19.03 . 22 . 29 . 5 . 2 . 1 . 01  , Honorarium PNS  ,520000,
1.19 . 1.19.03 . 22 . 29 . 5 . 2 . 1 . 01 . 01  , Honorarium Panitia Pelaksana Kegiatan  ,520000," Honorarium Panitia Pelaksana Kegiatan
Ketua1 Ok x 90.000,00 = 90.000,00
Sekretaris1 Ok x 80.000,00 = 80.000,00
Anggota5 Ok x 70.000,00 = 350.000,00"
1.19 . 1.19.03 . 22 . 29 . 5 . 2 . 2  , Belanja Barang dan Jasa  ,10405000,
1.19 . 1.19.03 . 22 . 29 . 5 . 2 . 2 . 01  , Belanja Bahan Pakai Habis  ,1050000,
1.19 . 1.19.03 . 22 . 29 . 5 . 2 . 2 . 01 . 01  , Belanja Alat Tulis Kantor  ,1050000," Belanja Alat tulis Kantor1 Ls x 300.000,00 = 300.000,00
Belanja Pelatihan kit50 O/p x 15.000,00 = 750.000,00"
1.19 . 1.19.03 . 22 . 29 . 5 . 2 . 2 . 02  , Belanja Bahan/Material  ,3000000,
1.19 . 1.19.03 . 22 . 29 . 5 . 2 . 2 . 02 . 18  , Belanja Bahan Percontohan  ,3000000," Belanja Bahan Percontohan
Belanja Bahan Praktek1 Ls x 3.000.000,00 = 3.000.000,00"
1.19 . 1.19.03 . 22 . 29 . 5 . 2 . 2 . 03  , Belanja Jasa Kantor  ,150000,
1.19 . 1.19.03 . 22 . 29 . 5 . 2 . 2 . 03 . 14  , Belanja Dekorasi  ,150000," Belanja Dekorasi1 Keg x 150.000,00 = 150.000,00"
1.19 . 1.19.03 . 22 . 29 . 5 . 2 . 2 . 11  , Belanja Makanan dan Minuman  ,3705000,
1.19 . 1.19.03 . 22 . 29 . 5 . 2 . 2 . 11 . 02  , Belanja Makanan Dan Minuman Rapat  ,855000," Belanja Makanan dan Minuman Rapat
Belanja Makan, Snack dan Minum Rapat30 Ok x 28.500,00 = 855.000,00"
1.19 . 1.19.03 . 22 . 29 . 5 . 2 . 2 . 11 . 05  , Belanja Makanan dan Minuman Pelaksanaan Kegiatan  ,2850000," Belanja makan, snack dan minum pelaksanaan kegiatan
Belanja makan, snack dan minum 50 org x 2 hr100 ok x 28.500,00 = 2.850.000,00"
1.19 . 1.19.03 . 22 . 29 . 5 . 2 . 2 . 35  ," Jasa Narasumber, Tenaga Ahli, Yuri, Entry Data, Petugas Fogging dan Petugas Lapangan ",2500000,
1.19 . 1.19.03 . 22 . 29 . 5 . 2 . 2 . 35 . 01  , Jasa Nara Sumber/Moderator/Tenaga Ahli  ,2500000," BeLanja Narasumber/Moderator/Tenaga Ahli
Belanja Narasumber 1 org / 2 jpl1 o/jpl x 500.000,00 = 500.000,00
Belanja Instruktur Pelatihan 2 org/ 2jpl x 2 hr x4 o/jpl x 500.000,00 = 2.000.000,00"
1.19 . 1.19.03 . 22 . 30  , Kajian resiko bencana  ,22355000," Sumber Dana : 
Lokasi Kegiatan : Kabupaten Bantul
Keluaran : Dokumen Kajian Resiko Bencana
Target: 1 Dokumen"
1.19 . 1.19.03 . 22 . 30 . 5 . 2 . 2  , Belanja Barang dan Jasa  ,22355000,
1.19 . 1.19.03 . 22 . 30 . 5 . 2 . 2 . 01  , Belanja Bahan Pakai Habis  ,300000,
1.19 . 1.19.03 . 22 . 30 . 5 . 2 . 2 . 01 . 01  , Belanja Alat Tulis Kantor  ,300000," Belanja Alat Tulis Kantor1 Ls x 300.000,00 = 300.000,00"
1.19 . 1.19.03 . 22 . 30 . 5 . 2 . 2 . 03  , Belanja Jasa Kantor  ,150000,
1.19 . 1.19.03 . 22 . 30 . 5 . 2 . 2 . 03 . 14  , Belanja Dekorasi  ,150000," Belanja Dekorasi1 Keg x 150.000,00 = 150.000,00"
1.19 . 1.19.03 . 22 . 30 . 5 . 2 . 2 . 06  , Belanja Cetak dan Penggandaan  ,1500000,
1.19 . 1.19.03 . 22 . 30 . 5 . 2 . 2 . 06 . 02  , Belanja Penggandaan  ,1500000," Belanja Penggandaan
Belanja Pengandaan10,000 Lbr x 150,00 = 1.500.000,00"
1.19 . 1.19.03 . 22 . 30 . 5 . 2 . 2 . 11  , Belanja Makanan dan Minuman  ,9405000,
1.19 . 1.19.03 . 22 . 30 . 5 . 2 . 2 . 11 . 02  , Belanja Makanan Dan Minuman Rapat  ,855000," Belanja Makanan dan Minuman Rapat
Belanja Makan, Snack dan Minum Rapat30 Ok x 28.500,00 = 855.000,00"
1.19 . 1.19.03 . 22 . 30 . 5 . 2 . 2 . 11 . 05  , Belanja Makanan dan Minuman Pelaksanaan Kegiatan  ,8550000," Belanja Makanan dan Minuman Pelaksanaan Kegiatan
Belanja Makan, Snack dan Minum Sosialisasi150 Ok x 28.500,00 = 4.275.000,00
Belanja Makan, Snack dan Minum FGD150 Ok x 28.500,00 = 4.275.000,00"
1.19 . 1.19.03 . 22 . 30 . 5 . 2 . 2 . 35  ," Jasa Narasumber, Tenaga Ahli, Yuri, Entry Data, Petugas Fogging dan Petugas Lapangan ",11000000,
1.19 . 1.19.03 . 22 . 30 . 5 . 2 . 2 . 35 . 01  , Jasa Nara Sumber/Moderator/Tenaga Ahli  ,11000000," Honorarium Nara Sumber/Moderator/ Tenaga Ahli
Honorarium Surveyor 10 org10 Ok x 1.000.000,00 = 10.000.000,00
Honorarium Pengolah Data 2 org2 Ok x 500.000,00 = 1.000.000,00"
1.19 . 1.19.03 . 22 . 31  , Penyusunan standar operasional dan prosedur  ,9802500," Sumber Dana :
 Lokasi Kegiatan : Kabupaten Bantul
Keluaran : Penyusunan SOP Kebencanaan
Target: 1 Keg"
1.19 . 1.19.03 . 22 . 31 . 5 . 2 . 2  , Belanja Barang dan Jasa  ,9802500,
1.19 . 1.19.03 . 22 . 31 . 5 . 2 . 2 . 01  , Belanja Bahan Pakai Habis  ,1425000,
1.19 . 1.19.03 . 22 . 31 . 5 . 2 . 2 . 01 . 01  , Belanja Alat Tulis Kantor  ,1425000," Belanja Alat Tulis Kantor1 Ls x 300.000,00 = 300.000,00
Belanja Seminar Kit75 Ok x 15.000,00 = 1.125.000,00"
1.19 . 1.19.03 . 22 . 31 . 5 . 2 . 2 . 03  , Belanja Jasa Kantor  ,150000,
1.19 . 1.19.03 . 22 . 31 . 5 . 2 . 2 . 03 . 14  , Belanja Dekorasi  ,150000," Belanja Dekorasi1 Keg x 150.000,00 = 150.000,00"
1.19 . 1.19.03 . 22 . 31 . 5 . 2 . 2 . 06  , Belanja Cetak dan Penggandaan  ,1500000,
1.19 . 1.19.03 . 22 . 31 . 5 . 2 . 2 . 06 . 02  , Belanja Penggandaan  ,1500000," Belanja Penggandaan10,000 Lbr x 150,00 = 1.500.000,00"
1.19 . 1.19.03 . 22 . 31 . 5 . 2 . 2 . 07  , Belanja Sewa Rumah/Gedung/Gudang/Parkir  ,1000000,
1.19 . 1.19.03 . 22 . 31 . 5 . 2 . 2 . 07 . 03  , Belanja Sewa Ruang Rapat/Pertemuan  ,1000000," Belanja Sewa Ruang Rapat/Pertemuan1 Ok x 1.000.000,00 = 1.000.000,00"
1.19 . 1.19.03 . 22 . 31 . 5 . 2 . 2 . 10  , Belanja Sewa Perlengkapan dan Peralatan Kantor  ,500000,
1.19 . 1.19.03 . 22 . 31 . 5 . 2 . 2 . 10 . 01  , Belanja Sewa Meja Kursi  ,500000," Belanja Sewa Meja Kursi1 Keg x 500.000,00 = 500.000,00"
1.19 . 1.19.03 . 22 . 31 . 5 . 2 . 2 . 11  , Belanja Makanan dan Minuman  ,3277500,
1.19 . 1.19.03 . 22 . 31 . 5 . 2 . 2 . 11 . 02  , Belanja Makanan Dan Minuman Rapat  ,855000," Belanja Makanan dan Minuman Rapat
Belanja makan, snack dan minum rapat30 Ok x 28.500,00 = 855.000,00"
1.19 . 1.19.03 . 22 . 31 . 5 . 2 . 2 . 11 . 05  , Belanja Makanan dan Minuman Pelaksanaan Kegiatan  ,2422500," Belanja Makanan dan Minuman Pelaksanaan Kegiatan
Belanja Makan, Snack dan Minum Pelaksanaan Kegiatan85 Ok x 28.500,00 = 2.422.500,00"
1.19 . 1.19.03 . 22 . 31 . 5 . 2 . 2 . 35  ," Jasa Narasumber, Tenaga Ahli, Yuri, Entry Data, Petugas Fogging dan Petugas Lapangan ",1950000,
1.19 . 1.19.03 . 22 . 31 . 5 . 2 . 2 . 35 . 01  , Jasa Nara Sumber/Moderator/Tenaga Ahli  ,1950000," Honorarium Narasumber/Moderator/Tenaga Ahli
Belanja Narasumber 1 org/2 jpl1 o/jpl x 750.000,00 = 750.000,00
Belanja Narasumber 2 org/2 jpl2 O/jpl x 500.000,00 = 1.000.000,00
Belanja Moderator 1 org/2 jpl1 O/jpl x 200.000,00 = 200.000,00"
1.19 . 1.19.03 . 22 . 32  , Penguatan FPRB  ,25075000," Sumber Dana : 
Lokasi Kegiatan : Kabupaten Bantul
Keluaran : Terfasilitasinya Forum Pengurangan Resiko Bencana
Target: 1 Keg"
1.19 . 1.19.03 . 22 . 32 . 5 . 2 . 2  , Belanja Barang dan Jasa  ,25075000,
1.19 . 1.19.03 . 22 . 32 . 5 . 2 . 2 . 01  , Belanja Bahan Pakai Habis  ,3275000,
1.19 . 1.19.03 . 22 . 32 . 5 . 2 . 2 . 01 . 01  , Belanja Alat Tulis Kantor  ,3275000," Belanja Alat Tulis Kantor1 Ls x 500.000,00 = 500.000,00
Belanja seminar kit185 Ok x 15.000,00 = 2.775.000,00"
1.19 . 1.19.03 . 22 . 32 . 5 . 2 . 2 . 03  , Belanja Jasa Kantor  ,150000,
1.19 . 1.19.03 . 22 . 32 . 5 . 2 . 2 . 03 . 14  , Belanja Dekorasi  ,150000," Belanja Dekorasi1 Keg x 150.000,00 = 150.000,00"
1.19 . 1.19.03 . 22 . 32 . 5 . 2 . 2 . 06  , Belanja Cetak dan Penggandaan  ,750000,
1.19 . 1.19.03 . 22 . 32 . 5 . 2 . 2 . 06 . 02  , Belanja Penggandaan  ,750000," Belanja Penggandaan5,000 Lbr x 150,00 = 750.000,00"
1.19 . 1.19.03 . 22 . 32 . 5 . 2 . 2 . 07  , Belanja Sewa Rumah/Gedung/Gudang/Parkir  ,1000000,
1.19 . 1.19.03 . 22 . 32 . 5 . 2 . 2 . 07 . 03  , Belanja Sewa Ruang Rapat/Pertemuan  ,1000000," Belanja sewa ruang rapat/pertemuan1 Keg x 1.000.000,00 = 1.000.000,00"
1.19 . 1.19.03 . 22 . 32 . 5 . 2 . 2 . 10  , Belanja Sewa Perlengkapan dan Peralatan Kantor  ,500000,
1.19 . 1.19.03 . 22 . 32 . 5 . 2 . 2 . 10 . 01  , Belanja Sewa Meja Kursi  ,500000," Belanja Sewa Meja Kursi1 Keg x 500.000,00 = 500.000,00"
1.19 . 1.19.03 . 22 . 32 . 5 . 2 . 2 . 11  , Belanja Makanan dan Minuman  ,5700000,
1.19 . 1.19.03 . 22 . 32 . 5 . 2 . 2 . 11 . 05  , Belanja Makanan dan Minuman Pelaksanaan Kegiatan  ,5700000," Belanja Makanan dan Minuman Pelaksanaan Kegiatan
Belanja Makan, Snack dan Minum Pelaksanaan Kegiatan200 Ok x 28.500,00 = 5.700.000,00"
1.19 . 1.19.03 . 22 . 32 . 5 . 2 . 2 . 13  , Belanja Pakaian Kerja  ,12000000,
1.19 . 1.19.03 . 22 . 32 . 5 . 2 . 2 . 13 . 01  , Belanja Pakaian Kerja Lapangan  ,12000000," Belanja Pakaian Kerja Lapangan
Belanja kaos200 Bh x 60.000,00 = 12.000.000,00"
1.19 . 1.19.03 . 22 . 32 . 5 . 2 . 2 . 35  ," Jasa Narasumber, Tenaga Ahli, Yuri, Entry Data, Petugas Fogging dan Petugas Lapangan ",1700000,
1.19 . 1.19.03 . 22 . 32 . 5 . 2 . 2 . 35 . 01  , Jasa Nara Sumber/Moderator/Tenaga Ahli  ,1700000," Honorarium Nara Sumber/Moderator/Tenaga Ahli
Honorarium Narasumber 3 org/2jpl3 O/jpl x 500.000,00 = 1.500.000,00
Honorarium Moderator 1 org/2jpl1 O/jpl x 200.000,00 = 200.000,00"
1.19 . 1.19.03 . 22 . 35  , Peringatan Hari PRB  ,48600000," Sumber Dana : 
Lokasi Kegiatan : Kabupaten Bantul
Keluaran : Gelar Budaya Siaga
Target: 100 %"
1.19 . 1.19.03 . 22 . 35 . 5 . 2 . 2  , Belanja Barang dan Jasa  ,48600000,
1.19 . 1.19.03 . 22 . 35 . 5 . 2 . 2 . 03  , Belanja Jasa Kantor  ,300000,
1.19 . 1.19.03 . 22 . 35 . 5 . 2 . 2 . 03 . 14  , Belanja Dekorasi  ,300000," Belanja Dekorasi
Belanja dekorasi Keg Gelar Budaya1 Keg x 150.000,00 = 150.000,00
Belanja dekorasi Keg Refleksi1 Keg x 150.000,00 = 150.000,00"
1.19 . 1.19.03 . 22 . 35 . 5 . 2 . 2 . 10  , Belanja Sewa Perlengkapan dan Peralatan Kantor  ,23500000,
1.19 . 1.19.03 . 22 . 35 . 5 . 2 . 2 . 10 . 05  , Belanja Sewa Tenda  ,10000000," Belanja sewa tenda1 Ls x 10.000.000,00 = 10.000.000,00"
1.19 . 1.19.03 . 22 . 35 . 5 . 2 . 2 . 10 . 07  , Belanja Sewa Sound System  ,3500000," Belanja Sewa Sound system1 Ls x 3.500.000,00 = 3.500.000,00"
1.19 . 1.19.03 . 22 . 35 . 5 . 2 . 2 . 10 . 12  , Belanja sewa peralatan dan perlengkapan kesenian/lomba  ,10000000," Belanja Sewa peralatan dan perlengkapan kesenian1 Ls x 10.000.000,00 = 10.000.000,00"
1.19 . 1.19.03 . 22 . 35 . 5 . 2 . 2 . 11  , Belanja Makanan dan Minuman  ,22800000,
1.19 . 1.19.03 . 22 . 35 . 5 . 2 . 2 . 11 . 05  , Belanja Makanan dan Minuman Pelaksanaan Kegiatan  ,22800000," Belanja Makanan dan Minuman Pelaksanaan Kegiatan
Belanja Makan, Snack dan Minum Pelaksanaan Kegiatan Apel Siaga (Refleksi)300 Ok x 28.500,00 = 8.550.000,00
Belanja Makan, Snack dan Minum Pelaksanaan Kegiatan Gelar Budaya Siaga500 Ok x 28.500,00 = 14.250.000,00"
1.19 . 1.19.03 . 22 . 35 . 5 . 2 . 2 . 35  ," Jasa Narasumber, Tenaga Ahli, Yuri, Entry Data, Petugas Fogging dan Petugas Lapangan ",2000000,
1.19 . 1.19.03 . 22 . 35 . 5 . 2 . 2 . 35 . 01  , Jasa Nara Sumber/Moderator/Tenaga Ahli  ,2000000," Honorarium Nara Sumber/Moderator/Tenaga Ahli
Honorarium Tenaga Ahli (Dalang) 1 org x 8 jpl8 O/jpl x 250.000,00 = 2.000.000,00"
,SURPLUS / (DEFISIT)  ,-4709865180,
